u,v
0,37
0,51
0,129
0,94
0,191
0,183
0,175
0,172
0,71
0,168
0,162
0,160
0,46
0,143
0,119
0,117
0,88
0,33
0,130
0,180
0,83
0,82
0,156
0,159
0,62
0,188
0,44
0,85
0,38
0,186
0,89
0,42
0,113
0,116
0,19
0,17
0,154
0,60
0,14
0,103
0,176
0,79
0,126
0,105
0,11
0,10
0,121
0,74
0,195
0,98
0,4
0,199
0,5
0,142
0,189
0,163
0,170
0,73
0,100
0,150
0,53
0,30
1,37
1,112
1,137
1,91
1,188
1,181
1,179
1,172
1,171
1,170
1,168
1,165
1,162
1,158
1,156
1,155
1,151
1,147
1,30
1,127
1,120
1,115
1,7
1,104
1,102
1,197
1,3
1,100
1,142
1,192
1,95
1,89
1,78
1,63
1,56
1,145
1,195
1,98
1,4
1,148
1,38
1,135
1,88
1,41
1,132
1,35
1,126
1,32
1,70
1,93
1,24
1,19
1,66
1,114
1,20
1,77
1,60
1,131
1,108
1,14
1,72
1,146
1,49
1,97
2,112
2,137
2,195
2,193
2,176
2,174
2,169
2,166
2,152
2,151
2,146
2,143
2,135
2,113
2,109
2,184
2,87
2,127
2,80
2,64
2,60
2,186
2,89
2,139
2,42
2,32
2,28
2,125
2,78
2,128
2,31
2,199
2,5
2,52
2,76
2,29
2,25
2,90
2,43
2,114
2,164
2,117
2,20
2,22
2,10
2,57
2,178
2,81
2,131
2,11
2,65
2,18
2,100
2,53
2,7
2,21
2,168
2,24
2,181
2,84
2,167
2,70
2,23
3,180
3,34
3,99
3,196
3,187
3,86
3,183
3,177
3,172
3,168
3,161
3,132
3,107
3,149
3,5
3,102
3,148
3,101
3,91
3,188
3,141
3,165
3,24
3,69
3,65
3,53
3,33
3,120
3,26
3,15
3,178
3,81
3,105
3,108
3,11
3,106
3,9
3,39
3,157
3,63
3,155
3,14
3,29
3,190
3,12
3,92
3,45
3,142
3,195
4,51
4,193
4,186
4,168
4,69
4,166
4,161
4,154
4,147
4,14
4,111
4,109
4,104
4,149
4,5
4,102
4,35
4,132
4,85
4,30
4,127
4,177
4,80
4,75
4,163
4,66
4,43
4,40
4,83
4,36
4,27
4,76
4,126
4,29
4,190
4,9
4,116
4,157
4,16
4,39
4,162
4,68
4,142
4,45
4,46
4,141
4,117
4,23
5,144
5,71
5,195
5,188
5,185
5,184
5,181
5,177
5,173
5,172
5,167
5,165
5,154
5,148
5,143
5,136
5,135
5,133
5,130
5,127
5,125
5,20
5,117
5,19
5,116
5,115
5,107
5,196
5,92
5,176
5,79
5,61
5,54
5,40
5,114
5,67
5,164
5,42
5,16
5,113
5,66
5,62
5,112
5,15
5,9
5,106
5,59
5,12
5,102
5,152
5,55
5,29
5,93
5,190
5,150
5,53
5,6
5,27
5,170
5,73
5,197
5,48
5,72
5,25
5,131
5,105
5,11
6,67
6,122
6,129
6,187
6,183
6,181
6,177
6,176
6,175
6,172
6,170
6,167
6,166
6,165
6,162
6,159
6,34
6,131
6,125
6,124
6,115
6,10
6,107
6,195
6,98
6,182
6,85
6,72
6,157
6,63
6,58
6,155
6,111
6,14
6,158
6,61
6,51
6,148
6,198
6,101
6,54
6,100
6,53
6,46
6,33
6,130
6,83
6,36
6,26
6,57
6,9
6,56
6,45
6,22
6,37
6,134
6,40
6,161
6,64
6,17
6,199
6,126
6,105
6,12
7,34
7,137
7,129
7,197
7,194
7,175
7,174
7,169
7,166
7,161
7,159
7,155
7,153
7,151
7,149
7,22
7,119
7,117
7,115
7,11
7,108
7,104
7,101
7,145
7,98
7,92
7,89
7,28
7,172
7,75
7,90
7,43
7,85
7,38
7,81
7,178
7,74
7,163
7,19
7,16
7,63
7,111
7,17
7,177
7,80
7,126
7,105
7,143
7,96
7,73
7,82
7,35
7,106
7,12
7,192
7,95
8,94
8,150
8,134
8,37
8,98
8,195
8,86
8,183
8,158
8,152
8,140
8,135
8,28
8,125
8,20
8,117
8,154
8,107
8,104
8,102
8,100
8,192
8,97
8,180
8,83
8,77
8,76
8,122
8,25
8,72
8,19
8,116
8,22
8,69
8,47
8,133
8,40
8,74
8,33
8,21
8,160
8,157
8,16
8,156
8,109
8,15
8,48
8,52
8,190
9,94
9,37
9,195
9,186
9,176
9,174
9,156
9,142
9,135
9,36
9,133
9,128
9,127
9,124
9,57
9,154
9,107
9,199
9,102
9,101
9,92
9,184
9,87
9,84
9,179
9,82
9,78
9,76
9,20
9,117
9,70
9,44
9,141
9,47
9,143
9,46
9,164
9,113
9,66
9,19
9,75
9,190
9,103
9,15
9,120
9,73
9,130
9,83
10,91
10,180
10,67
10,37
10,110
10,129
10,195
10,185
10,82
10,179
10,167
10,139
10,33
10,130
10,124
10,116
10,158
10,111
10,105
10,176
10,115
10,165
10,68
10,57
10,154
10,60
10,197
10,100
10,103
10,150
10,53
10,192
10,183
10,89
10,66
10,43
10,178
10,181
10,40
10,56
10,128
10,75
10,96
10,99
10,190
10,24
10,142
10,48
10,141
11,67
11,150
11,144
11,110
11,129
11,193
11,191
11,186
11,185
11,174
11,173
11,162
11,160
11,141
11,131
11,130
11,125
11,22
11,119
11,20
11,117
11,107
11,102
11,195
11,98
11,85
11,79
11,172
11,75
11,64
11,59
11,46
11,35
11,29
11,118
11,24
11,114
11,42
11,19
11,41
11,18
11,109
11,15
11,120
11,26
11,147
11,50
11,16
11,39
11,45
11,101
11,52
11,95
11,48
11,189
11,178
11,49
12,94
12,150
12,144
12,195
12,183
12,172
12,166
12,162
12,160
12,158
12,156
12,155
12,149
12,141
12,132
12,13
12,110
12,106
12,102
12,90
12,185
12,88
12,87
12,84
12,180
12,83
12,79
12,77
12,70
12,165
12,68
12,161
12,64
12,60
12,151
12,54
12,24
12,121
12,171
12,74
12,27
12,48
12,119
12,25
12,118
12,15
12,42
12,19
12,26
12,100
12,39
12,96
12,190
12,147
12,45
12,148
12,28
12,146
13,94
13,187
13,181
13,179
13,177
13,174
13,154
13,151
13,122
13,140
13,132
13,134
13,37
13,137
13,111
13,105
13,104
13,100
13,98
13,85
13,83
13,78
13,74
13,199
13,70
13,166
13,69
13,162
13,65
13,64
13,63
13,60
13,155
13,58
13,150
13,53
13,129
13,146
13,49
13,145
13,48
13,44
13,38
13,31
13,28
13,121
13,24
13,116
13,19
13,18
13,189
13,81
13,178
13,29
13,126
13,118
13,30
13,120
13,23
13,112
14,192
14,94
14,191
14,187
14,183
14,172
14,71
14,168
14,166
14,158
14,152
14,46
14,143
14,31
14,128
14,114
14,105
14,189
14,92
14,89
14,132
14,182
14,85
14,83
14,179
14,82
14,80
14,74
14,18
14,115
14,68
14,66
14,106
14,156
14,59
14,184
14,87
14,40
14,78
14,64
14,60
14,84
14,104
14,198
14,98
14,103
14,97
14,50
14,145
14,23
14,120
14,26
14,16
14,39
14,117
15,180
15,67
15,150
15,144
15,122
15,37
15,71
15,195
15,194
15,188
15,185
15,177
15,170
15,147
15,35
15,132
15,23
15,120
15,115
15,114
15,16
15,113
15,107
15,191
15,131
15,84
15,78
15,196
15,102
15,149
15,52
15,87
15,137
15,40
15,36
15,33
15,121
15,74
15,27
15,159
15,62
15,198
15,135
15,182
15,116
15,69
15,117
15,55
15,152
15,58
15,179
15,82
15,153
15,93
15,189
15,197
15,118
16,67
16,137
16,129
16,197
16,194
16,191
16,187
16,170
16,168
16,167
16,166
16,132
16,131
16,123
16,106
16,95
16,180
16,83
16,82
16,128
16,81
16,174
16,77
16,75
16,161
16,113
16,163
16,66
16,65
16,146
16,49
16,21
16,63
16,17
16,24
16,93
16,27
16,50
16,62
16,183
16,86
16,39
16,138
16,23
16,139
16,45
16,155
16,151
16,57
17,150
17,137
17,199
17,196
17,184
17,183
17,179
17,174
17,161
17,160
17,146
17,42
17,139
17,134
17,105
17,48
17,145
17,98
17,81
17,113
17,66
17,65
17,62
17,142
17,189
17,89
17,61
17,132
17,135
17,38
17,107
17,60
17,59
17,130
17,36
17,79
17,32
17,21
17,118
17,24
17,22
17,182
17,115
17,114
17,20
17,97
17,147
17,50
17,120
17,73
17,46
18,91
18,34
18,51
18,197
18,186
18,181
18,179
18,177
18,169
18,71
18,168
18,165
18,150
18,53
18,49
18,146
18,127
18,124
18,121
18,106
18,104
18,149
18,102
18,142
18,95
18,90
18,134
18,184
18,87
18,86
18,167
18,70
18,19
18,116
18,163
18,166
18,69
18,161
18,64
18,63
18,109
18,62
18,58
18,193
18,96
18,132
18,38
18,83
18,36
18,28
18,20
18,182
18,78
18,31
18,25
18,170
18,73
19,99
19,137
19,51
19,71
19,193
19,91
19,188
19,186
19,185
19,177
19,176
19,171
19,165
19,162
19,156
19,151
19,143
19,142
19,136
19,131
19,123
19,20
19,117
19,113
19,194
19,97
19,92
19,37
19,134
19,87
19,86
19,85
19,82
19,81
19,25
19,172
19,75
19,63
19,109
19,62
19,61
19,107
19,60
19,146
19,49
19,83
19,36
19,27
19,119
19,144
19,47
19,138
19,43
19,161
19,64
19,197
19,100
19,53
20,144
20,71
20,192
20,91
20,188
20,185
20,184
20,183
20,68
20,165
20,155
20,117
20,156
20,109
20,51
20,148
20,101
20,187
20,90
20,82
20,179
20,85
20,181
20,84
20,180
20,83
20,176
20,76
20,115
20,113
20,66
20,56
20,69
20,22
20,96
20,99
20,196
20,190
20,64
20,135
20,138
20,41
20,46
20,57
20,31
20,145
20,28
20,199
20,122
20,25
20,195
21,122
21,137
21,197
21,191
21,188
21,186
21,63
21,160
21,155
21,153
21,151
21,47
21,23
21,120
21,107
21,98
21,77
21,174
21,80
21,75
21,168
21,74
21,65
21,43
21,35
21,132
21,85
21,38
21,69
21,22
21,96
21,99
21,196
21,93
21,190
21,142
21,189
21,103
21,62
21,138
21,70
21,118
21,147
21,53
21,124
21,30
21,158
21,111
21,178
22,94
22,51
22,129
22,197
22,194
22,192
22,187
22,186
22,175
22,170
22,166
22,162
22,160
22,136
22,135
22,133
22,116
22,145
22,98
22,87
22,85
22,82
22,127
22,80
22,27
22,124
22,174
22,77
22,68
22,159
22,62
22,158
22,61
22,58
22,140
22,143
22,46
22,171
22,74
22,167
22,70
22,24
22,44
22,66
22,149
22,102
22,104
22,198
22,84
22,178
22,110
22,119
22,169
22,72
22,25
22,193
22,96
22,99
23,144
23,37
23,129
23,197
23,194
23,192
23,177
23,176
23,173
23,169
23,167
23,67
23,164
23,49
23,146
23,142
23,141
23,125
23,61
23,158
23,111
23,198
23,101
23,87
23,86
23,75
23,74
23,68
23,62
23,159
23,65
23,59
23,193
23,96
23,113
23,163
23,66
23,43
23,88
23,138
23,41
23,178
23,102
23,55
23,77
23,30
23,93
23,155
23,154
23,107
23,60
23,151
24,150
24,144
24,137
24,172
24,171
24,164
24,160
24,149
24,148
24,147
24,28
24,125
24,124
24,123
24,109
24,98
24,134
24,184
24,87
24,183
24,86
24,113
24,66
24,65
24,136
24,42
24,182
24,170
24,73
24,158
24,157
24,151
24,57
24,197
24,59
24,96
24,45
24,80
24,128
24,81
24,103
25,91
25,34
25,129
25,193
25,187
25,181
25,177
25,173
25,171
25,168
25,162
25,156
25,152
25,53
25,145
25,139
25,136
25,120
25,157
25,110
25,97
25,191
25,86
25,125
25,78
25,198
25,57
25,147
25,100
25,138
25,44
25,169
25,75
25,123
25,29
25,46
25,116
25,163
25,99
25,114
25,159
25,179
25,82
25,81
25,153
26,112
26,184
26,80
26,177
26,167
26,165
26,67
26,161
26,151
26,149
26,98
26,195
26,148
26,117
26,111
26,96
26,94
26,191
26,97
26,74
26,166
26,69
26,86
26,183
26,39
26,136
26,89
26,66
26,152
26,34
26,175
26,153
26,56
26,103
26,180
26,133
26,157
26,63
26,124
26,30
26,95
26,72
26,155
27,94
27,34
27,137
27,51
27,82
27,179
27,168
27,165
27,187
27,140
27,139
27,134
27,133
27,115
27,108
27,105
27,104
27,101
27,96
27,89
27,78
27,72
27,158
27,64
27,153
27,56
27,47
27,29
27,126
27,32
27,182
27,73
27,97
27,50
27,30
27,65
27,160
27,62
27,196
28,144
28,37
28,199
28,195
28,194
28,170
28,162
28,161
28,157
28,136
28,125
28,123
28,121
28,117
28,115
28,108
28,105
28,183
28,86
28,82
28,75
28,119
28,169
28,72
28,85
28,38
28,79
28,127
28,33
28,43
28,140
28,46
28,41
28,138
28,66
28,90
28,149
28,139
28,142
28,45
28,81
28,192
28,95
28,48
28,189
28,168
28,96
29,34
29,37
29,137
29,51
29,194
29,193
29,191
29,186
29,184
29,177
29,175
29,173
29,70
29,167
29,159
29,59
29,156
29,149
29,116
29,113
29,101
29,183
29,86
29,79
29,164
29,68
29,63
29,60
29,90
29,43
29,42
29,33
29,130
29,36
29,179
29,82
29,35
29,195
29,98
29,50
29,171
29,30
29,81
29,103
29,142
29,192
29,95
29,189
29,196
29,166
29,72
29,122
30,94
30,91
30,188
30,187
30,175
30,71
30,168
30,167
30,154
30,152
30,52
30,149
30,131
30,124
30,114
30,113
30,107
30,143
30,193
30,96
30,89
30,87
30,85
30,179
30,82
30,128
30,81
30,76
30,65
30,63
30,108
30,158
30,61
30,98
30,48
30,116
30,163
30,103
30,121
30,97
30,50
30,73
30,75
30,196
30,115
30,118
30,68
30,139
30,45
31,180
31,122
31,37
31,51
31,172
31,69
31,166
31,162
31,153
31,146
31,145
31,136
31,133
31,124
31,123
31,71
31,168
31,121
31,111
31,105
31,85
31,34
31,131
31,178
31,84
31,79
31,70
31,138
31,41
31,60
31,151
31,198
31,116
31,43
31,140
31,143
31,46
31,160
31,66
31,40
31,120
31,73
31,142
31,192
31,95
31,189
32,192
32,167
32,164
32,156
32,151
32,134
32,131
32,162
32,115
32,107
32,199
32,152
32,105
32,52
32,78
32,74
32,61
32,82
32,59
32,184
32,43
32,102
32,173
32,126
32,79
32,174
32,80
32,33
32,118
32,50
32,46
33,51
33,193
33,183
33,173
33,172
33,170
33,166
33,165
33,162
33,155
33,153
33,145
33,131
33,127
33,121
33,196
33,192
33,95
33,139
33,92
33,40
33,90
33,186
33,89
33,161
33,44
33,37
33,134
33,87
33,130
33,133
33,36
33,57
33,126
33,70
33,190
33,93
33,143
33,50
33,147
33,123
33,85
33,38
33,39
33,102
33,55
33,194
34,180
34,99
34,187
34,184
34,181
34,179
34,174
34,172
34,168
34,166
34,158
34,157
34,146
34,136
34,131
34,37
34,121
34,120
34,119
34,117
34,116
34,113
34,137
34,98
34,192
34,95
34,191
34,89
34,80
34,175
34,78
34,70
34,67
34,164
34,63
34,58
34,52
34,129
34,44
34,140
34,43
34,41
34,35
34,122
34,115
34,100
34,189
34,178
34,103
34,112
35,112
35,196
35,94
35,188
35,185
35,184
35,173
35,160
35,183
35,136
35,133
35,130
35,127
35,96
35,172
35,78
35,171
35,77
35,189
35,95
35,72
35,134
35,87
35,111
35,64
35,62
35,92
35,46
35,74
35,115
35,57
35,198
35,145
35,155
35,61
35,123
35,148
35,70
36,94
36,180
36,199
36,173
36,171
36,164
36,161
36,157
36,152
36,149
36,139
36,125
36,117
36,108
36,107
36,198
36,101
36,134
36,87
36,82
36,79
36,75
36,72
36,168
36,66
36,156
36,59
36,58
36,48
36,145
36,98
36,192
36,95
36,47
36,44
36,57
36,84
36,56
36,147
36,100
36,88
36,41
36,63
36,109
37,67
37,122
37,196
37,185
37,177
37,159
37,153
37,140
37,136
37,134
37,133
37,132
37,131
37,168
37,71
37,124
37,123
37,121
37,117
37,114
37,109
37,108
37,96
37,95
37,90
37,89
37,87
37,86
37,79
37,77
37,173
37,76
37,171
37,74
37,169
37,72
37,167
37,70
37,66
37,63
37,158
37,61
37,57
37,53
37,149
37,52
37,49
37,48
37,46
37,137
37,40
37,38
37,116
37,110
37,107
37,105
37,195
37,194
37,97
37,198
37,189
37,103
37,55
37,50
37,112
38,129
38,188
38,185
38,183
38,175
38,161
38,160
38,155
38,143
38,142
38,139
38,135
38,132
38,130
38,106
38,102
38,96
38,187
38,90
38,85
38,77
38,76
38,72
38,114
38,67
38,164
38,109
38,62
38,61
38,101
38,151
38,54
38,154
38,57
38,126
38,118
38,60
38,134
38,138
38,44
38,147
38,50
38,51
38,148
38,172
38,75
38,137
38,40
38,197
38,100
38,53
38,93
38,95
38,56
38,80
39,99
39,137
39,179
39,149
39,136
39,180
39,133
39,168
39,121
39,115
39,114
39,156
39,109
39,195
39,101
39,100
39,135
39,88
39,165
39,155
39,108
39,61
39,47
39,140
39,46
39,40
39,81
39,153
39,106
39,177
39,83
39,198
39,197
39,103
39,199
39,75
39,190
39,95
39,51
40,99
40,122
40,137
40,191
40,181
40,174
40,167
40,164
40,154
40,151
40,145
40,127
40,125
40,121
40,120
40,115
40,114
40,186
40,89
40,87
40,179
40,82
40,173
40,76
40,75
40,171
40,74
40,168
40,65
40,107
40,60
40,96
40,190
40,49
40,46
40,90
40,43
40,85
40,182
40,178
40,56
40,103
40,92
40,45
40,104
40,80
40,78
40,128
40,108
40,158
40,61
40,52
40,197
40,100
40,135
40,98
40,73
41,91
41,99
41,150
41,144
41,137
41,194
41,185
41,181
41,173
41,169
41,166
41,135
41,132
41,128
41,71
41,168
41,121
41,116
41,113
41,109
41,108
41,52
41,149
41,199
41,102
41,139
41,189
41,92
41,90
41,184
41,87
41,86
41,79
41,115
41,68
41,65
41,172
41,75
41,44
41,118
41,103
41,130
41,77
41,161
41,117
41,164
41,70
41,46
42,91
42,122
42,110
42,51
42,129
42,71
42,193
42,186
42,185
42,184
42,177
42,158
42,151
42,147
42,146
42,134
42,131
42,127
42,117
42,115
42,113
42,132
42,182
42,85
42,130
42,83
42,179
42,82
42,125
42,78
42,72
42,111
42,64
42,159
42,62
42,106
42,59
42,138
42,44
42,135
42,199
42,52
42,123
42,143
42,46
42,194
42,63
42,152
42,55
42,57
42,142
42,145
42,48
42,98
43,180
43,112
43,199
43,197
43,194
43,187
43,184
43,177
43,149
43,133
43,82
43,179
43,132
43,120
43,116
43,111
43,107
43,84
43,159
43,62
43,47
43,126
43,103
43,186
43,139
43,92
43,45
43,74
43,185
43,138
43,117
43,115
43,104
43,65
43,160
43,50
43,98
43,99
44,180
44,112
44,129
44,199
44,195
44,184
44,175
44,167
44,166
44,159
44,153
44,148
44,143
44,125
44,111
44,109
44,100
44,133
44,183
44,86
44,82
44,123
44,173
44,76
44,75
44,68
44,113
44,66
44,107
44,60
44,58
44,57
44,52
44,178
44,140
44,93
44,119
44,139
44,45
44,135
44,108
44,158
44,61
44,106
44,59
44,65
44,55
44,48
45,144
45,122
45,129
45,193
45,187
45,186
45,173
45,172
45,67
45,164
45,63
45,160
45,136
45,135
45,127
45,121
45,158
45,111
45,192
45,95
45,141
45,92
45,85
45,84
45,77
45,65
45,180
45,83
45,60
45,176
45,179
45,82
45,81
45,146
45,52
45,147
45,197
45,100
45,73
45,97
46,94
46,99
46,150
46,144
46,193
46,177
46,174
46,168
46,164
46,162
46,158
46,155
46,154
46,148
46,147
46,146
46,135
46,115
46,199
46,102
46,101
46,97
46,85
46,171
46,74
46,70
46,63
46,60
46,156
46,59
46,149
46,52
46,118
46,89
46,139
46,88
46,136
46,82
46,78
46,72
46,84
46,178
46,111
46,119
46,75
46,125
46,161
46,64
46,100
46,117
46,153
46,56
46,73
46,98
47,91
47,184
47,174
47,173
47,172
47,147
47,139
47,116
47,157
47,108
47,98
47,95
47,191
47,186
47,89
47,82
47,121
47,74
47,118
47,158
47,111
47,64
47,58
47,190
47,120
47,73
47,130
47,57
47,126
47,160
47,113
47,66
47,88
47,182
47,115
47,72
47,65
47,78
48,194
48,179
48,168
48,161
48,145
48,127
48,125
48,123
48,121
48,141
48,92
48,86
48,85
48,72
48,117
48,167
48,70
48,165
48,68
48,58
48,155
48,108
48,61
48,49
48,118
48,50
48,89
48,154
48,130
48,63
48,111
48,81
48,77
48,148
48,54
48,56
49,150
49,144
49,122
49,112
49,110
49,196
49,91
49,188
49,187
49,184
49,183
49,68
49,165
49,151
49,135
49,177
49,130
49,73
49,170
49,123
49,108
49,97
49,142
49,195
49,98
49,95
49,78
49,171
49,124
49,77
49,65
49,162
49,115
49,59
49,178
49,81
49,152
49,58
49,159
49,167
49,126
49,103
49,164
50,199
50,194
50,185
50,86
50,183
50,75
50,172
50,166
50,162
50,147
50,134
50,159
50,191
50,189
50,92
50,169
50,167
50,70
50,155
50,58
50,148
50,54
50,95
50,138
50,66
50,55
50,79
50,123
50,132
50,120
50,73
50,121
50,178
50,57
51,180
51,144
51,137
51,193
51,191
51,177
51,176
51,173
51,172
51,171
51,167
51,154
51,152
51,147
51,146
51,141
51,140
51,132
51,131
51,168
51,71
51,121
51,109
51,95
51,90
51,89
51,88
51,72
51,64
51,62
51,59
51,58
51,130
51,128
51,124
51,119
51,115
51,182
51,126
51,93
51,73
51,101
52,180
52,71
52,195
52,193
52,181
52,177
52,174
52,173
52,169
52,166
52,165
52,164
52,155
52,145
52,132
52,130
52,120
52,119
52,116
52,115
52,114
52,191
52,187
52,90
52,82
52,74
52,70
52,66
52,157
52,60
52,151
52,104
52,198
52,143
52,112
52,65
52,136
52,89
52,63
52,87
52,105
52,175
52,78
52,129
52,161
52,64
52,88
52,182
52,199
52,102
52,99
53,144
53,71
53,185
53,184
53,172
53,165
53,147
53,140
53,92
53,186
53,89
53,83
53,124
53,174
53,77
53,121
53,74
53,116
53,69
53,64
53,62
53,59
53,58
53,107
53,60
53,104
53,198
53,61
53,85
53,79
53,126
53,56
53,196
53,190
53,119
53,72
53,97
53,148
53,138
53,141
54,150
54,112
54,110
54,191
54,179
54,177
54,174
54,166
54,159
54,136
54,130
54,127
54,172
54,125
54,169
54,121
54,115
54,108
54,145
54,98
54,138
54,91
54,188
54,90
54,173
54,76
54,164
54,70
54,113
54,163
54,66
54,134
54,87
54,64
54,63
54,56
54,104
54,198
54,142
54,95
54,116
54,194
54,97
54,73
54,146
54,199
54,181
54,84
54,92
55,94
55,150
55,181
55,170
55,169
55,160
55,157
55,148
55,147
55,180
55,133
55,128
55,124
55,121
55,68
55,131
55,178
55,118
55,138
55,119
55,88
55,112
55,65
55,61
55,156
55,198
55,67
55,161
55,149
55,102
55,79
55,116
55,187
55,93
56,112
56,194
56,77
56,174
56,164
56,159
56,125
56,105
56,102
56,145
56,98
56,86
56,81
56,171
56,170
56,76
56,165
56,68
56,64
56,107
56,60
56,79
56,126
56,147
56,100
56,150
56,134
56,87
56,59
56,177
56,118
56,69
56,113
56,66
56,190
57,94
57,112
57,110
57,71
57,199
57,195
57,185
57,183
57,179
57,177
57,174
57,162
57,161
57,158
57,153
57,148
57,145
57,140
57,134
57,108
57,92
57,128
57,81
57,176
57,79
57,125
57,78
57,75
57,72
57,103
57,73
57,147
57,135
57,85
57,182
57,188
57,136
57,157
57,60
57,83
57,96
58,195
58,186
58,185
58,174
58,173
58,171
58,169
58,161
58,155
58,153
58,152
58,125
58,123
58,121
58,120
58,111
58,105
58,104
58,101
58,87
58,86
58,179
58,82
58,113
58,66
58,63
58,131
58,178
58,80
58,126
58,100
58,118
58,67
58,164
58,182
58,68
58,112
58,142
58,95
58,108
58,158
58,61
58,109
58,130
58,75
59,94
59,91
59,196
59,193
59,174
59,173
59,172
59,166
59,162
59,155
59,154
59,151
59,148
59,147
59,119
59,106
59,104
59,102
59,97
59,192
59,95
59,92
59,187
59,90
59,87
59,86
59,85
59,129
59,82
59,80
59,71
59,168
59,111
59,161
59,64
59,109
59,159
59,62
59,103
59,153
59,150
59,146
59,136
59,139
59,125
59,78
59,143
59,117
59,70
59,60
59,180
59,83
60,94
60,91
60,112
60,185
60,174
60,166
60,160
60,155
60,135
60,124
60,107
60,86
60,178
60,81
60,169
60,72
60,114
60,65
60,73
60,156
60,198
60,154
60,92
60,132
60,125
60,163
60,66
60,116
60,184
60,87
60,108
60,117
60,195
60,96
61,94
61,196
61,187
61,186
61,185
61,172
61,170
61,161
61,156
61,141
61,128
61,119
61,115
61,109
61,189
61,92
61,83
61,177
61,80
61,123
61,76
61,79
61,126
61,118
61,142
61,95
61,133
61,198
61,155
61,102
61,124
61,113
61,116
61,137
61,85
62,91
62,180
62,144
62,110
62,196
62,184
62,183
62,177
62,170
62,159
62,157
62,154
62,149
62,133
62,120
62,107
62,105
62,96
62,123
62,173
62,76
62,72
62,140
62,93
62,179
62,82
62,128
62,141
62,194
62,182
62,162
62,65
62,64
62,95
62,189
62,145
62,195
62,98
62,69
63,91
63,180
63,71
63,193
63,192
63,186
63,184
63,183
63,179
63,173
63,167
63,166
63,165
63,154
63,141
63,108
63,104
63,98
63,80
63,176
63,79
63,125
63,78
63,75
63,121
63,74
63,72
63,64
63,190
63,182
63,105
63,145
63,181
63,84
63,134
63,118
63,197
63,120
63,123
63,139
63,66
63,162
63,65
63,127
64,112
64,137
64,110
64,91
64,188
64,184
64,170
64,166
64,67
64,164
64,145
64,149
64,199
64,102
64,88
64,86
64,130
64,180
64,83
64,177
64,80
64,78
64,72
64,162
64,115
64,165
64,68
64,159
64,103
64,191
64,74
64,161
64,114
64,136
64,113
64,81
64,99
64,196
64,190
65,94
65,91
65,71
65,184
65,181
65,170
65,169
65,164
65,155
65,154
65,153
65,143
65,140
65,132
65,131
65,123
65,114
65,108
65,101
65,89
65,86
65,179
65,82
65,128
65,81
65,69
65,102
65,98
65,165
65,68
65,142
65,137
65,90
65,117
65,121
65,74
65,109
65,97
65,144
66,112
66,137
66,110
66,192
66,173
66,168
66,67
66,164
66,161
66,159
66,158
66,152
66,131
66,124
66,123
66,119
66,113
66,106
66,186
66,89
66,88
66,87
66,80
66,79
66,107
66,157
66,105
66,199
66,83
66,133
66,151
66,175
66,78
66,120
66,170
66,73
66,69
66,75
66,125
66,153
67,188
67,186
67,185
67,165
67,162
67,160
67,149
67,147
67,141
67,110
67,124
67,134
67,117
67,137
67,195
67,98
67,97
67,95
67,94
67,191
67,90
67,87
67,82
67,79
67,75
67,70
67,129
67,150
67,123
67,199
67,190
67,92
67,189
67,152
68,99
68,199
68,192
68,185
68,167
68,165
68,159
68,151
68,148
68,139
68,136
68,133
68,125
68,115
68,109
68,100
68,189
68,92
68,90
68,87
68,86
68,180
68,83
68,81
68,79
68,75
68,171
68,74
68,103
68,146
68,182
68,77
68,76
68,116
68,69
68,117
68,155
68,114
68,131
68,84
68,98
69,144
69,129
69,192
69,186
69,184
69,183
69,181
69,173
69,171
69,161
69,160
69,158
69,157
69,155
69,139
69,136
69,134
69,132
69,128
69,111
69,101
69,191
69,83
69,179
69,82
69,127
69,80
69,77
69,72
69,93
69,190
69,178
69,70
69,140
69,112
69,88
69,182
69,150
69,78
69,194
69,97
69,73
69,145
70,91
70,150
70,110
70,129
70,191
70,175
70,171
70,154
70,139
70,120
70,113
70,111
70,104
70,89
70,181
70,84
70,83
70,81
70,79
70,118
70,106
70,98
70,97
70,116
70,163
70,127
70,80
70,146
70,196
70,173
70,76
70,135
70,182
70,189
70,96
71,137
71,129
71,197
71,191
71,188
71,186
71,184
71,179
71,175
71,173
71,171
71,159
71,153
71,152
71,151
71,147
71,143
71,140
71,134
71,133
71,125
71,124
71,105
71,95
71,92
71,185
71,88
71,183
71,86
71,79
71,72
71,156
71,149
71,117
71,115
71,190
71,85
71,182
71,138
72,99
72,192
72,186
72,179
72,175
72,173
72,169
72,165
72,164
72,158
72,152
72,149
72,148
72,147
72,124
72,119
72,114
72,105
72,98
72,90
72,86
72,81
72,193
72,96
72,93
72,190
72,176
72,79
72,126
72,159
72,104
72,100
72,189
72,116
72,166
72,135
72,83
72,120
72,73
72,102
72,121
72,172
72,75
72,191
73,180
73,122
73,112
73,110
73,196
73,193
73,191
73,188
73,185
73,183
73,181
73,177
73,132
73,127
73,167
73,120
73,164
73,117
73,162
73,115
73,108
73,106
73,105
73,147
73,100
73,90
73,176
73,82
73,119
73,146
73,92
73,124
73,194
73,165
73,103
74,122
74,197
74,196
74,181
74,175
74,173
74,169
74,168
74,167
74,166
74,164
74,158
74,157
74,148
74,147
74,146
74,128
74,127
74,125
74,124
74,107
74,105
74,104
74,98
74,189
74,92
74,135
74,88
74,86
74,85
74,178
74,140
74,160
74,126
74,118
74,120
74,108
74,102
74,143
74,117
74,106
74,101
75,180
75,199
75,197
75,196
75,194
75,187
75,170
75,159
75,158
75,156
75,151
75,146
75,140
75,128
75,121
75,120
75,116
75,111
75,92
75,89
75,179
75,82
75,81
75,80
75,175
75,78
75,190
75,118
75,105
75,88
75,135
75,84
75,125
75,169
75,101
75,198
75,115
75,127
75,147
76,180
76,172
76,169
76,168
76,153
76,146
76,142
76,128
76,119
76,111
76,92
76,88
76,129
76,176
76,82
76,126
76,118
76,117
76,156
76,197
76,196
76,148
76,90
76,91
76,181
76,108
76,179
76,124
76,143
76,96
77,112
77,192
77,183
77,172
77,171
77,169
77,168
77,133
77,114
77,160
77,113
77,197
77,142
77,95
77,139
77,90
77,117
77,82
77,179
77,157
78,94
78,150
78,110
78,199
78,192
78,186
78,185
78,181
78,175
78,173
78,170
78,169
78,168
78,152
78,147
78,131
78,124
78,123
78,117
78,197
78,100
78,145
78,98
78,97
78,133
78,86
78,85
78,80
78,118
78,163
78,156
78,154
78,172
78,146
78,149
78,96
78,166
78,93
78,79
78,87
78,111
78,109
78,112
78,108
78,179
78,82
79,94
79,91
79,110
79,176
79,173
79,172
79,170
79,166
79,149
79,141
79,139
79,134
79,133
79,107
79,136
79,89
79,96
79,93
79,190
79,95
79,189
79,140
79,169
79,117
79,115
79,113
79,153
79,135
79,130
79,180
79,83
79,102
79,152
79,125
79,99
79,196
79,105
80,180
80,112
80,187
80,185
80,183
80,177
80,173
80,169
80,168
80,157
80,147
80,146
80,141
80,133
80,130
80,123
80,119
80,107
80,102
80,95
80,188
80,182
80,103
80,125
80,116
80,106
80,156
80,105
80,155
80,145
80,98
80,134
80,158
80,164
80,178
80,167
80,193
80,96
81,91
81,150
81,194
81,187
81,185
81,181
81,177
81,176
81,170
81,160
81,147
81,140
81,128
81,120
81,116
81,109
81,106
81,94
81,191
81,87
81,85
81,83
81,82
81,138
81,104
81,139
81,142
81,124
81,162
81,133
81,86
81,189
81,143
81,169
81,172
82,99
82,193
82,192
82,185
82,184
82,183
82,165
82,164
82,154
82,153
82,151
82,147
82,134
82,132
82,128
82,123
82,115
82,181
82,84
82,190
82,175
82,156
82,155
82,98
82,148
82,138
82,172
82,125
82,113
82,109
82,108
82,90
82,140
82,127
82,104
82,119
82,191
83,144
83,112
83,137
83,110
83,129
83,186
83,183
83,179
83,175
83,173
83,172
83,159
83,157
83,147
83,146
83,143
83,120
83,105
83,198
83,101
83,97
83,142
83,192
83,95
83,187
83,90
83,135
83,88
83,131
83,181
83,84
83,188
83,138
83,140
83,93
83,114
83,158
83,156
83,197
83,100
83,165
83,139
83,166
84,144
84,99
84,196
84,194
84,96
84,193
84,185
84,174
84,170
84,112
84,159
84,151
84,180
84,133
84,132
84,131
84,121
84,192
84,98
84,87
84,184
84,90
84,189
84,169
84,162
84,130
84,108
84,125
85,122
85,112
85,199
85,184
85,183
85,181
85,165
85,164
85,153
85,151
85,147
85,146
85,141
85,136
85,133
85,132
85,120
85,196
85,91
85,188
85,138
85,118
85,121
85,92
85,189
85,145
85,125
85,175
85,89
85,139
85,113
85,116
85,100
85,124
85,198
85,101
85,104
85,154
85,105
85,148
86,180
86,112
86,129
86,192
86,172
86,166
86,160
86,158
86,132
86,131
86,130
86,109
86,108
86,101
86,100
86,92
86,89
86,184
86,87
86,96
86,190
86,128
86,110
86,157
86,147
86,123
86,161
86,118
86,142
86,145
87,144
87,194
87,188
87,170
87,166
87,147
87,142
87,111
87,102
87,100
87,95
87,138
87,126
87,165
87,101
87,196
87,156
87,133
87,103
87,116
87,124
87,105
87,118
87,168
87,96
87,190
88,122
88,197
88,188
88,183
88,177
88,167
88,161
88,157
88,154
88,135
88,109
88,104
88,148
88,101
88,195
88,98
88,97
88,131
88,178
88,126
88,130
88,133
88,180
88,168
88,121
88,163
88,146
88,138
88,141
88,140
88,93
88,142
88,95
88,189
89,191
89,181
89,177
89,170
89,159
89,154
89,153
89,151
89,146
89,130
89,125
89,114
89,92
89,131
89,178
89,163
89,138
89,103
89,133
89,113
89,145
89,127
89,121
89,108
89,95
89,143
89,167
89,141
89,194
89,140
89,93
90,195
90,187
90,186
90,184
90,175
90,173
90,164
90,149
90,142
90,140
90,133
90,111
90,100
90,92
90,104
90,198
90,181
90,180
90,120
90,162
90,148
90,114
90,123
90,153
91,94
91,186
91,171
91,165
91,153
91,148
91,110
91,134
91,130
91,125
91,124
91,119
91,114
91,113
91,109
91,105
91,97
91,199
91,167
91,151
91,139
91,150
91,122
91,197
91,189
91,182
91,178
92,94
92,129
92,196
92,179
92,174
92,167
92,164
92,162
92,161
92,155
92,143
92,131
92,178
92,118
92,186
92,133
92,132
92,108
92,104
92,97
92,100
92,95
92,189
92,165
92,139
92,154
92,128
92,157
92,134
92,148
93,188
93,184
93,151
93,143
93,140
93,170
93,123
93,108
93,107
93,101
93,118
93,166
93,161
93,114
93,174
93,131
93,179
93,150
93,103
93,128
93,163
93,142
94,193
94,191
94,184
94,179
94,171
94,170
94,169
94,164
94,161
94,160
94,155
94,147
94,141
94,110
94,134
94,117
94,114
94,113
94,107
94,104
94,100
94,98
94,192
94,95
94,196
94,99
94,150
94,124
94,123
94,119
94,105
94,189
94,163
94,138
94,118
94,103
94,152
94,112
95,112
95,137
95,194
95,192
95,173
95,171
95,115
95,104
95,102
95,147
95,100
95,176
95,109
95,158
95,106
95,156
95,133
95,152
95,195
96,150
96,144
96,112
96,199
96,197
96,193
96,187
96,186
96,172
96,170
96,168
96,162
96,160
96,149
96,147
96,145
96,143
96,142
96,108
96,182
96,141
96,191
96,125
96,151
96,154
96,117
96,116
97,99
97,137
97,110
97,129
97,181
97,177
97,170
97,157
97,154
97,132
97,131
97,127
97,115
97,109
97,107
97,104
97,146
97,118
97,175
97,106
97,156
97,140
97,143
97,121
97,124
97,120
97,111
97,100
97,151
97,149
97,113
97,189
97,117
97,195
98,180
98,122
98,129
98,199
98,184
98,176
98,166
98,155
98,142
98,136
98,135
98,134
98,128
98,114
98,185
98,178
98,181
98,171
98,119
98,117
98,159
98,103
98,153
98,190
98,111
98,105
98,124
98,127
98,191
98,144
98,195
98,116
98,143
99,196
99,191
99,173
99,172
99,171
99,168
99,158
99,154
99,142
99,110
99,133
99,130
99,127
99,121
99,120
99,109
99,108
99,102
99,194
99,181
99,179
99,169
99,150
99,119
99,107
99,100
99,190
99,163
100,112
100,197
100,193
100,191
100,181
100,179
100,172
100,166
100,162
100,161
100,156
100,147
100,136
100,131
100,128
100,122
100,111
100,126
100,141
100,133
100,107
100,110
100,130
100,180
100,103
100,104
100,102
100,155
100,106
100,192
100,195
101,144
101,188
101,187
101,172
101,167
101,156
101,142
101,124
101,119
101,104
101,102
101,138
101,184
101,177
101,130
101,132
101,128
101,117
101,161
101,169
101,148
102,150
102,144
102,188
102,181
102,173
102,151
102,141
102,140
102,128
102,123
102,120
102,178
102,118
102,121
102,169
102,164
102,108
102,199
102,149
102,177
102,130
102,117
102,116
102,105
102,126
102,135
102,109
103,180
103,122
103,192
103,183
103,181
103,176
103,172
103,169
103,168
103,148
103,132
103,119
103,113
103,109
103,178
103,138
103,145
103,167
103,123
103,106
103,151
103,136
103,137
103,111
103,124
104,180
104,144
104,129
104,186
104,172
104,168
104,159
104,127
104,124
104,111
104,154
104,107
104,198
104,131
104,178
104,135
104,185
104,171
104,119
104,152
104,149
104,137
104,108
104,167
104,192
105,122
105,186
105,185
105,181
105,179
105,167
105,161
105,158
105,156
105,154
105,140
105,133
105,124
105,106
105,145
105,134
105,184
105,132
105,130
105,127
105,177
105,109
105,155
105,176
105,107
105,146
105,160
105,108
105,197
106,144
106,196
106,184
106,181
106,177
106,162
106,151
106,172
106,125
106,190
106,178
106,116
106,163
106,118
106,152
106,147
106,138
106,157
106,133
106,142
106,192
106,179
106,168
106,193
107,110
107,196
107,193
107,192
107,185
107,170
107,161
107,158
107,155
107,152
107,148
107,145
107,143
107,136
107,129
107,182
107,116
107,163
107,177
107,109
107,159
107,157
107,147
107,197
107,150
107,114
107,115
107,111
107,194
108,150
108,122
108,196
108,192
108,177
108,176
108,167
108,161
108,159
108,156
108,147
108,132
108,115
108,126
108,199
108,175
108,162
108,148
108,135
108,182
108,124
108,120
108,121
108,160
109,144
109,129
109,197
109,193
109,184
109,169
109,167
109,164
109,160
109,147
109,134
109,124
109,163
109,125
109,165
109,128
109,155
109,132
109,135
109,130
109,149
109,199
109,118
109,168
109,190
110,150
110,192
110,181
110,179
110,177
110,171
110,169
110,164
110,157
110,156
110,153
110,149
110,147
110,143
110,140
110,134
110,125
110,116
110,115
110,113
110,111
110,188
110,183
110,180
110,175
110,167
110,151
110,129
110,119
110,178
111,112
111,137
111,199
111,193
111,171
111,168
111,165
111,158
111,143
111,131
111,128
111,154
111,134
111,141
111,152
111,125
111,163
111,140
111,164
111,188
111,162
111,115
111,172
112,194
112,187
112,171
112,169
112,164
112,159
112,145
112,139
112,134
112,131
112,120
112,117
112,116
112,157
112,129
112,123
112,196
112,195
113,180
113,195
113,181
113,171
113,169
113,166
113,164
113,149
113,147
113,140
113,139
113,134
113,131
113,127
113,125
113,120
113,119
113,116
113,194
113,132
113,176
113,153
113,138
113,141
113,161
113,123
113,117
113,167
113,118
113,158
114,197
114,193
114,192
114,185
114,184
114,181
114,179
114,173
114,171
114,170
114,168
114,161
114,160
114,147
114,125
114,164
114,117
114,187
114,136
114,124
114,166
114,158
114,199
114,132
114,196
114,154
114,155
114,142
115,180
115,122
115,191
115,188
115,177
115,174
115,173
115,171
115,155
115,152
115,142
115,130
115,127
115,125
115,119
115,146
115,139
115,137
115,134
115,158
115,151
115,199
115,189
115,192
115,195
116,180
116,129
116,186
116,185
116,179
116,176
116,174
116,173
116,171
116,159
116,158
116,152
116,139
116,136
116,131
116,189
116,138
116,172
116,122
116,123
116,124
116,125
116,156
116,145
116,165
117,150
117,192
117,188
117,177
117,169
117,166
117,154
117,151
117,148
117,134
117,127
117,118
117,194
117,174
117,173
117,156
117,170
117,157
117,190
117,146
118,137
118,192
118,191
118,177
118,176
118,157
118,154
118,148
118,146
118,142
118,120
118,198
118,138
118,139
118,133
118,183
118,168
118,145
118,167
118,144
118,143
118,182
118,135
118,123
118,126
118,164
119,122
119,197
119,193
119,192
119,187
119,185
119,184
119,183
119,172
119,171
119,168
119,166
119,165
119,160
119,155
119,146
119,135
119,134
119,133
119,130
119,128
119,121
119,198
119,120
119,158
119,131
119,145
119,141
119,194
119,140
119,179
119,156
119,138
119,127
119,177
119,123
120,150
120,129
120,186
120,184
120,181
120,179
120,176
120,162
120,156
120,154
120,148
120,145
120,140
120,123
120,198
120,182
120,132
120,130
120,159
120,194
120,134
120,137
120,141
120,144
120,142
121,180
121,122
121,197
121,195
121,191
121,184
121,183
121,179
121,175
121,174
121,173
121,170
121,167
121,161
121,151
121,163
121,155
121,178
121,169
121,147
121,189
121,141
121,144
121,160
121,134
121,137
121,127
121,154
121,156
122,150
122,144
122,193
122,187
122,186
122,183
122,181
122,177
122,175
122,173
122,165
122,164
122,161
122,156
122,154
122,153
122,151
122,136
122,133
122,132
122,125
122,123
122,129
122,138
122,142
123,137
123,197
123,193
123,173
123,165
123,161
123,156
123,151
123,148
123,145
123,139
123,135
123,134
123,124
123,126
123,199
123,190
123,187
123,177
123,133
123,183
123,143
123,189
123,138
123,162
123,136
124,196
124,193
124,186
124,183
124,179
124,177
124,174
124,172
124,167
124,155
124,151
124,147
124,143
124,142
124,136
124,131
124,141
124,184
124,168
124,157
124,173
124,125
125,195
125,194
125,185
125,184
125,174
125,166
125,162
125,152
125,147
125,136
125,132
125,128
125,190
125,178
125,171
125,164
125,138
125,141
125,186
125,160
125,193
125,196
125,151
125,154
126,188
126,186
126,171
126,167
126,161
126,158
126,156
126,136
126,130
126,198
126,185
126,138
126,159
126,144
126,155
126,173
126,132
126,170
126,147
126,142
126,195
126,127
127,150
127,192
127,185
127,184
127,170
127,154
127,173
127,136
127,186
127,146
127,181
127,137
127,195
127,189
127,164
128,180
128,188
128,179
128,174
128,161
128,138
128,158
128,148
128,163
128,192
128,134
128,135
128,157
128,199
129,137
129,196
129,188
129,184
129,175
129,164
129,160
129,159
129,154
129,140
129,134
129,133
129,132
129,130
129,195
129,199
129,166
129,139
129,163
129,142
130,193
130,184
130,179
130,173
130,172
130,165
130,157
130,140
130,178
130,148
130,190
130,146
130,142
130,186
130,132
130,176
131,150
131,144
131,172
131,170
131,169
131,167
131,154
131,145
131,158
131,135
131,165
131,160
131,186
131,156
131,157
131,147
131,142
132,137
132,196
132,193
132,191
132,186
132,177
132,175
132,171
132,161
132,154
132,152
132,190
132,189
132,188
132,133
132,183
132,166
132,182
132,142
132,170
132,194
132,157
133,180
133,150
133,137
133,172
133,171
133,168
133,161
133,160
133,157
133,153
133,147
133,135
133,178
133,163
133,149
133,152
134,197
134,192
134,187
134,181
134,170
134,167
134,164
134,162
134,161
134,146
134,142
134,145
134,188
134,157
134,160
134,179
134,136
134,149
135,144
135,197
135,193
135,168
135,164
135,147
135,190
135,143
135,138
135,139
135,185
135,142
135,148
135,167
136,194
136,184
136,152
136,189
136,170
136,154
136,197
136,173
136,176
136,146
136,163
136,188
136,162
136,179
137,150
137,197
137,187
137,184
137,172
137,169
137,166
137,160
137,151
137,149
137,146
137,168
137,148
137,180
137,161
137,158
137,195
137,198
137,182
138,193
138,176
138,155
138,154
138,142
138,140
138,198
138,153
138,145
138,169
138,165
138,172
139,194
139,191
139,188
139,187
139,184
139,179
139,152
139,149
139,142
139,176
139,165
139,151
139,198
139,153
139,180
139,190
139,169
139,158
140,144
140,184
140,183
140,181
140,177
140,175
140,173
140,170
140,168
140,157
140,155
140,154
140,153
140,143
140,141
140,186
140,178
140,172
140,162
140,151
140,180
140,150
140,149
140,199
140,161
141,180
141,188
141,183
141,179
141,170
141,162
141,148
141,169
141,166
141,186
141,182
141,161
141,164
141,142
141,177
141,152
141,198
141,196
141,165
141,145
142,188
142,179
142,168
142,167
142,165
142,161
142,160
142,159
142,148
142,145
142,190
142,173
142,158
142,162
142,195
142,197
143,144
143,197
143,188
143,187
143,184
143,164
143,157
143,149
143,182
143,154
143,145
143,199
143,170
143,171
143,163
143,191
144,186
144,185
144,170
144,160
144,158
144,156
144,147
144,145
144,181
144,162
144,178
145,180
145,191
145,185
145,181
145,172
145,170
145,164
145,154
145,161
145,146
145,177
145,148
145,160
146,193
146,192
146,161
146,155
146,198
146,188
146,182
146,172
146,162
146,177
146,189
147,199
147,191
147,188
147,187
147,186
147,176
147,174
147,173
147,168
147,166
147,162
147,160
147,157
147,155
147,151
147,163
147,183
147,179
147,152
147,197
147,169
147,198
148,186
148,183
148,162
148,160
148,153
148,149
148,178
148,163
148,198
148,189
148,165
148,156
148,197
148,168
149,150
149,188
149,186
149,171
149,168
149,164
149,162
149,165
149,166
149,167
149,153
150,186
150,177
150,172
150,170
150,159
150,158
150,193
150,188
150,167
150,151
151,180
151,191
151,185
151,183
151,177
151,175
151,173
151,158
151,155
151,152
151,171
151,199
151,194
151,162
151,172
152,180
152,170
152,161
152,153
152,198
152,199
152,155
152,183
152,167
153,177
153,195
153,187
153,162
153,176
153,179
153,199
153,185
153,172
153,167
153,170
154,196
154,192
154,184
154,183
154,173
154,166
154,164
154,158
154,155
154,163
154,167
154,159
154,182
154,199
155,196
155,194
155,193
155,183
155,174
155,163
155,189
155,162
155,156
155,179
156,196
156,183
156,176
156,171
156,166
156,165
156,161
156,178
156,197
156,184
156,179
156,158
157,192
157,187
157,184
157,181
157,176
157,172
157,170
157,163
157,171
157,165
158,194
158,191
158,179
158,176
158,168
158,167
158,165
158,162
158,160
158,159
158,177
158,163
159,197
159,196
159,185
159,184
159,176
159,168
159,161
159,181
159,180
159,169
159,160
159,191
160,199
160,192
160,187
160,184
160,177
160,175
160,168
160,167
160,165
160,162
160,189
160,178
160,193
160,163
161,180
161,195
161,191
161,187
161,177
161,174
161,170
161,198
162,186
162,185
162,183
162,176
162,166
162,164
162,163
162,189
162,187
162,198
162,195
163,199
163,191
163,184
163,181
163,174
163,173
163,169
163,189
163,178
163,194
163,182
163,171
163,188
164,197
164,194
164,191
164,185
164,181
164,175
164,166
164,165
164,178
164,177
164,169
164,196
165,196
165,194
165,193
165,188
165,185
165,183
165,173
165,198
166,173
166,170
166,176
166,197
166,169
166,196
167,194
167,187
167,184
167,183
167,169
167,168
167,198
167,185
167,171
168,199
168,192
168,187
168,176
168,172
168,169
168,184
168,196
169,197
169,195
169,187
169,179
169,196
169,171
169,173
170,197
170,188
170,187
170,174
170,186
170,184
170,176
170,195
170,199
171,199
171,183
171,198
171,189
171,181
172,188
172,186
172,182
172,183
172,174
172,198
172,175
172,179
173,195
173,188
173,179
173,198
173,187
173,176
174,199
174,197
174,185
174,184
174,186
174,178
174,181
174,192
174,190
175,191
175,177
175,176
176,180
176,187
176,186
176,189
177,193
177,192
177,179
177,199
177,185
177,186
177,194
178,180
178,194
178,189
178,186
178,181
179,184
179,181
179,180
179,189
179,195
180,191
180,183
180,199
181,188
181,184
181,189
181,195
181,194
181,186
181,182
181,196
182,197
182,185
182,198
182,183
182,193
183,187
183,185
183,191
184,193
184,198
184,195
184,190
185,197
185,193
185,192
185,187
185,189
186,197
186,195
186,190
186,196
187,196
187,188
187,190
187,197
188,199
188,190
188,195
189,193
189,192
189,191
190,193
190,199
191,194
192,196
193,194
193,197
195,199
195,197
195,196
196,198
196,197
198,199
200,307
200,236
200,281
200,358
200,261
200,243
200,355
200,327
200,321
200,335
200,238
200,384
200,374
200,367
200,365
200,318
200,316
200,216
200,313
200,312
200,214
200,311
200,304
200,204
200,301
200,299
200,292
200,212
200,356
200,259
200,303
200,256
200,349
200,255
200,336
200,239
200,357
200,392
200,345
200,201
200,298
200,344
200,247
200,383
200,334
200,240
200,283
200,375
200,372
200,253
200,276
200,231
200,249
200,300
200,203
201,236
201,366
201,269
201,275
201,358
201,348
201,251
201,302
201,208
201,349
201,296
201,343
201,387
201,340
201,242
201,339
201,317
201,216
201,313
201,304
201,241
201,385
201,288
201,332
201,274
201,268
201,248
201,206
201,253
201,324
201,230
201,357
201,306
201,212
201,229
201,370
201,383
201,291
201,240
201,337
201,374
201,233
201,278
201,231
201,325
201,217
201,264
201,287
201,301
201,254
202,366
202,386
202,293
202,236
202,397
202,300
202,290
202,261
202,215
202,238
202,398
202,392
202,287
202,384
202,380
202,350
202,345
202,344
202,234
202,331
202,226
202,323
202,305
202,294
202,264
202,262
202,242
202,233
202,365
202,318
202,271
202,224
202,317
202,223
202,206
202,396
202,299
202,346
202,205
202,288
202,382
202,310
202,216
202,377
202,225
202,319
202,214
202,375
202,265
202,218
202,240
202,207
202,349
202,255
202,277
202,227
202,324
202,291
203,307
203,386
203,236
203,366
203,269
203,275
203,348
203,341
203,296
203,241
203,392
203,389
203,290
203,387
203,284
203,381
203,270
203,367
203,349
203,238
203,335
203,334
203,332
203,234
203,331
203,221
203,318
203,317
203,316
203,312
203,309
203,306
203,396
203,299
203,286
203,271
203,311
203,264
203,354
203,257
203,256
203,255
203,350
203,253
203,246
203,342
203,245
203,233
203,230
203,260
203,310
203,213
203,375
203,278
203,231
203,228
203,325
203,369
203,272
203,319
203,313
203,216
203,283
203,377
203,308
203,266
203,263
203,360
203,291
203,329
203,223
203,320
203,297
203,390
203,298
203,287
203,373
203,276
203,301
203,351
203,254
203,294
203,247
204,395
204,354
204,333
204,281
204,261
204,209
204,368
204,227
204,221
204,389
204,384
204,268
204,365
204,248
204,345
204,332
204,231
204,328
204,326
204,309
204,340
204,390
204,383
204,286
204,274
204,363
204,219
204,316
204,349
204,352
204,255
204,250
204,289
204,242
204,253
204,394
204,206
204,385
204,288
204,285
204,382
204,323
204,370
204,294
204,220
204,314
204,361
204,245
204,337
204,362
204,329
204,372
204,278
204,353
204,233
204,307
204,210
205,354
205,269
205,358
205,302
205,281
205,263
205,321
205,389
205,379
205,369
205,345
205,365
205,318
205,313
205,214
205,311
205,309
205,209
205,306
205,239
205,336
205,289
205,283
205,233
205,270
205,223
205,347
205,394
205,206
205,346
205,287
205,384
205,337
205,256
205,304
205,210
205,372
205,325
205,319
205,331
205,334
205,237
205,305
205,258
205,255
205,352
205,349
205,324
205,381
205,343
206,284
206,293
206,354
206,269
206,300
206,290
206,263
206,251
206,241
206,209
206,355
206,327
206,238
206,388
206,384
206,369
206,365
206,363
206,351
206,349
206,343
206,339
206,328
206,305
206,207
206,304
206,391
206,294
206,274
206,256
206,250
206,235
206,233
206,368
206,271
206,224
206,357
206,260
206,213
206,259
206,212
206,394
206,229
206,370
206,283
206,377
206,289
206,286
206,383
206,267
206,317
206,220
206,314
206,214
206,308
206,375
206,319
206,225
206,399
206,226
206,398
206,239
206,362
206,265
206,218
206,315
207,391
207,354
207,373
207,290
207,281
207,211
207,238
207,398
207,384
207,253
207,350
207,342
207,239
207,336
207,214
207,311
207,243
207,340
207,382
207,262
207,371
207,277
207,230
207,321
207,224
207,223
207,310
207,213
207,349
207,283
207,377
207,263
207,360
207,357
207,306
207,259
207,353
207,240
207,352
207,394
207,297
207,220
207,273
207,370
207,232
207,347
207,351
207,210
207,372
207,325
207,226
208,333
208,269
208,300
208,397
208,348
208,399
208,211
208,215
208,356
208,385
208,243
208,384
208,364
208,363
208,398
208,351
208,336
208,246
208,261
208,358
208,214
208,311
208,264
208,217
208,260
208,213
208,346
208,249
208,293
208,390
208,231
208,245
208,360
208,237
208,355
208,377
208,283
208,281
208,375
208,230
208,226
208,323
208,276
208,326
208,232
208,265
208,218
208,271
208,224
209,396
209,386
209,293
209,236
209,373
209,399
209,261
209,358
209,348
209,230
209,327
209,227
209,389
209,243
209,384
209,268
209,365
209,252
209,349
209,336
209,326
209,322
209,317
209,215
209,212
209,309
209,288
209,210
209,257
209,246
209,300
209,347
209,253
209,362
209,245
209,319
209,222
209,353
209,259
209,260
209,213
209,235
209,298
209,330
209,377
209,267
209,234
209,375
210,284
210,269
210,330
210,285
210,378
210,300
210,243
210,327
210,234
210,221
210,389
210,371
210,347
210,356
210,309
210,286
210,379
210,368
210,271
210,265
210,257
210,280
210,377
210,333
210,213
210,246
210,270
210,317
210,223
210,361
210,222
210,360
210,306
210,256
210,353
210,352
210,258
210,244
210,373
210,276
210,273
210,370
210,326
210,232
210,392
210,226
210,240
210,299
210,302
210,237
211,236
211,358
211,348
211,302
211,397
211,300
211,296
211,281
211,215
211,270
211,321
211,324
211,227
211,389
211,388
211,374
211,372
211,351
211,347
211,344
211,288
211,385
211,338
211,331
211,350
211,303
211,266
211,363
211,316
211,343
211,249
211,280
211,377
211,283
211,286
211,383
211,335
211,265
211,263
211,357
211,255
211,232
211,311
211,214
211,396
211,299
211,217
211,287
211,240
211,267
211,320
212,275
212,302
212,296
212,290
212,252
212,251
212,243
212,215
212,230
212,327
212,335
212,238
212,379
212,363
212,345
212,339
212,334
212,234
212,328
212,225
212,322
212,317
212,310
212,326
212,279
212,221
212,268
212,273
212,250
212,219
212,235
212,255
212,353
212,371
212,373
212,276
212,301
212,254
212,278
212,350
212,303
212,260
212,214
212,283
212,343
212,390
212,271
212,244
212,388
212,294
213,396
213,236
213,285
213,399
213,302
213,243
213,356
213,238
213,221
213,387
213,381
213,374
213,275
213,372
213,351
213,347
213,342
213,322
213,220
213,317
213,312
213,311
213,306
213,294
213,288
213,309
213,359
213,262
213,260
213,248
213,235
213,368
213,271
213,224
213,360
213,219
213,292
213,278
213,375
213,315
213,362
213,339
213,242
213,383
213,319
213,308
213,384
213,287
213,229
213,370
213,276
213,257
213,231
213,230
213,324
213,355
213,258
213,397
214,354
214,285
214,397
214,376
214,252
214,241
214,321
214,227
214,380
214,369
214,268
214,365
214,332
214,323
214,310
214,304
214,303
214,284
214,381
214,372
214,313
214,266
214,265
214,260
214,248
214,339
214,242
214,233
214,239
214,377
214,245
214,319
214,222
214,240
214,337
214,282
214,329
214,384
214,287
214,255
214,253
214,217
214,374
214,277
214,230
214,398
214,301
214,249
214,396
214,299
214,341
214,244
214,364
214,223
214,294
215,236
215,275
215,397
215,378
215,281
215,261
215,252
215,338
215,241
215,356
215,230
215,327
215,321
215,238
215,389
215,341
215,388
215,359
215,339
215,385
215,326
215,322
215,350
215,303
215,256
215,237
215,282
215,223
215,217
215,290
215,337
215,336
215,383
215,357
215,345
215,298
215,287
215,278
215,362
215,304
215,271
215,343
216,366
216,236
216,333
216,302
216,251
216,270
216,221
216,365
216,364
216,363
216,243
216,340
216,334
216,328
216,326
216,225
216,322
216,316
216,313
216,309
216,304
216,371
216,274
216,265
216,350
216,353
216,256
216,342
216,245
216,289
216,242
216,330
216,233
216,352
216,255
216,385
216,288
216,382
216,306
216,325
216,230
216,324
216,320
216,319
216,308
216,329
216,283
216,249
216,390
216,395
216,298
216,373
216,276
216,337
216,338
216,388
216,291
216,250
217,236
217,354
217,373
217,275
217,399
217,378
217,358
217,341
217,300
217,321
217,221
217,398
217,296
217,393
217,389
217,364
217,246
217,343
217,332
217,231
217,328
217,326
217,311
217,299
217,277
217,371
217,274
217,260
217,259
217,247
217,245
217,242
217,283
217,377
217,350
217,253
217,394
217,238
217,335
217,382
217,370
217,314
217,361
217,360
217,331
217,237
217,272
217,349
217,254
217,287
217,218
217,309
217,262
217,355
217,258
217,268
217,362
217,295
218,386
218,236
218,354
218,366
218,269
218,296
218,290
218,281
218,243
218,356
218,389
218,369
218,345
218,225
218,322
218,310
218,304
218,301
218,295
218,332
218,382
218,375
218,278
218,274
218,309
218,262
218,260
218,343
218,246
218,381
218,237
218,327
218,230
218,224
218,220
218,317
218,223
218,328
218,319
218,308
218,238
218,335
218,288
218,364
218,267
218,311
218,240
218,287
218,323
218,370
218,232
218,396
218,299
218,355
218,258
218,390
218,346
219,236
219,285
219,378
219,348
219,302
219,261
219,252
219,356
219,321
219,385
219,284
219,381
219,335
219,229
219,326
219,225
219,322
219,312
219,294
219,274
219,318
219,271
219,268
219,266
219,256
219,293
219,390
219,249
219,336
219,289
219,339
219,242
219,290
219,387
219,246
219,317
219,320
219,223
219,250
219,298
219,269
219,319
219,375
219,273
219,323
219,276
219,230
219,245
219,262
219,377
219,314
220,366
220,386
220,354
220,333
220,376
220,399
220,302
220,290
220,263
220,261
220,252
220,251
220,241
220,355
220,389
220,277
220,374
220,340
220,339
220,335
220,238
220,379
220,332
220,234
220,328
220,326
220,311
220,296
220,393
220,299
220,288
220,278
220,274
220,222
220,239
220,283
220,377
220,276
220,370
220,365
220,271
220,224
220,265
220,362
220,357
220,306
220,259
220,353
220,301
220,244
220,381
220,240
220,287
220,272
220,228
221,391
221,386
221,275
221,261
221,290
221,243
221,356
221,281
221,331
221,234
221,393
221,367
221,343
221,338
221,322
221,303
221,295
221,229
221,326
221,279
221,277
221,313
221,266
221,253
221,370
221,319
221,222
221,339
221,306
221,353
221,344
221,397
221,297
221,231
221,377
221,380
221,283
221,264
221,235
221,287
221,307
222,366
222,396
222,397
222,378
222,341
222,280
222,263
222,261
222,251
222,368
222,393
222,290
222,387
222,270
222,367
222,365
222,247
222,344
222,237
222,334
222,231
222,328
222,313
222,311
222,398
222,301
222,385
222,288
222,286
222,279
222,357
222,260
222,343
222,293
222,390
222,249
222,339
222,292
222,245
222,362
222,310
222,234
222,331
222,305
222,355
222,258
222,255
222,352
222,283
222,267
222,298
222,230
222,370
222,373
222,276
222,351
222,278
223,330
223,341
223,296
223,263
223,241
223,321
223,238
223,385
223,384
223,374
223,367
223,252
223,349
223,340
223,326
223,317
223,316
223,310
223,392
223,295
223,381
223,371
223,274
223,268
223,365
223,318
223,271
223,315
223,283
223,282
223,235
223,370
223,337
223,312
223,262
223,308
223,396
223,299
223,369
223,325
223,228
223,386
223,289
223,242
223,256
223,353
223,398
223,301
223,254
223,350
223,303
223,375
223,397
224,391
224,376
224,296
224,243
224,356
224,398
224,387
224,384
224,284
224,381
224,350
224,239
224,336
224,332
224,313
224,305
224,389
224,392
224,295
224,282
224,371
224,277
224,365
224,271
224,349
224,255
224,347
224,250
224,343
224,249
224,388
224,247
224,353
224,231
224,325
224,260
224,283
224,254
224,238
224,335
224,382
224,338
224,244
224,225
224,345
224,395
224,298
225,373
225,330
225,300
225,290
225,261
225,327
225,393
225,384
225,380
225,369
225,364
225,349
225,309
225,386
225,289
225,363
225,316
225,268
225,254
225,351
225,257
225,248
225,246
225,360
225,306
225,353
225,319
225,297
225,346
225,285
225,382
225,341
225,244
225,229
225,273
225,370
225,279
225,232
225,367
225,226
225,240
225,239
225,312
225,265
225,310
225,298
225,355
225,258
225,318
225,396
226,366
226,399
226,241
226,327
226,324
226,227
226,234
226,328
226,270
226,364
226,317
226,303
226,392
226,295
226,278
226,273
226,271
226,266
226,359
226,265
226,260
226,235
226,288
226,382
226,377
226,361
226,371
226,245
226,336
226,383
226,291
226,346
226,249
226,293
226,390
226,272
226,298
226,301
226,304
226,276
226,307
226,393
226,240
227,293
227,354
227,358
227,296
227,280
227,356
227,327
227,270
227,380
227,387
227,340
227,315
227,301
227,398
227,254
227,351
227,304
227,335
227,238
227,285
227,382
227,274
227,264
227,350
227,256
227,392
227,395
227,298
227,372
227,231
227,370
227,376
227,279
227,232
227,291
227,341
227,244
227,383
227,260
227,234
227,375
227,355
227,344
227,250
227,271
228,284
228,236
228,333
228,358
228,296
228,368
228,327
228,321
228,301
228,398
228,385
228,367
228,268
228,365
228,276
228,326
228,322
228,363
228,316
228,294
228,293
228,390
228,282
228,278
228,361
228,264
228,362
228,265
228,289
228,242
228,374
228,233
228,377
228,349
228,352
228,255
228,323
228,370
228,313
228,360
228,306
228,353
228,317
228,300
228,297
228,392
228,345
228,298
228,253
228,346
229,396
229,366
229,269
229,285
229,399
229,302
229,281
229,321
229,392
229,359
229,339
229,318
229,317
229,303
229,294
229,289
229,331
229,282
229,279
229,375
229,278
229,274
229,257
229,390
229,249
229,246
229,324
229,230
229,374
229,233
229,394
229,297
229,385
229,338
229,341
229,244
229,370
229,306
229,353
229,357
229,260
229,310
229,380
229,334
229,287
229,395
230,284
230,366
230,269
230,376
230,341
230,302
230,280
230,321
230,393
230,392
230,385
230,364
230,351
230,238
230,335
230,334
230,332
230,328
230,326
230,315
230,294
230,340
230,293
230,390
230,286
230,271
230,250
230,347
230,394
230,388
230,291
230,316
230,289
230,242
230,310
230,260
230,357
230,308
230,309
230,256
230,265
230,301
230,283
230,272
230,397
230,300
230,395
231,366
231,284
231,280
231,358
231,261
231,252
231,251
231,243
231,356
231,234
231,277
231,374
231,270
231,367
231,351
231,334
231,364
231,317
231,288
231,266
231,265
231,246
231,390
231,395
231,298
231,283
231,276
231,370
231,324
231,232
231,274
231,244
231,389
231,365
231,260
231,346
231,255
231,247
231,344
231,383
231,316
232,395
232,284
232,391
232,236
232,269
232,300
232,261
232,251
232,398
232,345
232,317
232,316
232,311
232,295
232,292
232,277
232,365
232,368
232,271
232,350
232,353
232,256
232,249
232,247
232,237
232,347
232,297
232,394
232,286
232,383
232,259
232,308
232,320
232,352
232,235
232,329
232,380
232,283
232,272
232,254
232,325
232,288
232,382
232,244
232,307
232,240
233,284
233,391
233,386
233,348
233,280
233,241
233,398
233,367
233,270
233,364
233,350
233,349
233,285
233,235
233,332
233,234
233,328
233,309
233,399
233,305
233,286
233,343
233,246
233,282
233,360
233,290
233,337
233,283
233,325
233,264
233,287
233,323
233,276
233,345
233,395
233,298
233,273
233,261
233,249
234,395
234,366
234,354
234,333
234,399
234,358
234,281
234,252
234,270
234,238
234,392
234,389
234,340
234,331
234,301
234,289
234,264
234,262
234,250
234,347
234,253
234,396
234,390
234,375
234,256
234,353
234,297
234,287
234,321
234,274
234,273
234,314
234,241
234,288
234,382
234,315
234,268
234,346
234,303
235,354
235,285
235,300
235,290
235,378
235,281
235,263
235,251
235,393
235,381
235,339
235,311
235,309
235,305
235,295
235,335
235,288
235,332
235,313
235,266
235,359
235,312
235,265
235,344
235,297
235,347
235,250
235,268
235,337
235,314
235,283
235,380
235,239
235,355
235,308
235,270
235,326
235,253
235,276
235,301
235,254
236,366
236,378
236,348
236,290
236,263
236,241
236,393
236,381
236,372
236,369
236,351
236,350
236,345
236,344
236,340
236,336
236,335
236,323
236,317
236,311
236,306
236,304
236,295
236,292
236,282
236,274
236,268
236,262
236,260
236,249
236,316
236,310
236,396
236,299
236,394
236,390
236,337
236,320
236,308
236,364
236,267
237,396
237,354
237,358
237,348
237,300
237,290
237,241
237,238
237,392
237,369
237,364
237,351
237,345
237,342
237,243
237,340
237,336
237,398
237,301
237,339
237,389
237,292
237,286
237,331
237,275
237,372
237,371
237,274
237,318
237,271
237,365
237,268
237,353
237,256
237,250
237,293
237,390
237,249
237,294
237,247
237,382
237,333
237,283
237,280
237,377
237,308
237,305
237,355
237,258
237,291
237,316
237,264
237,240
237,312
237,255
237,259
237,309
237,359
237,262
237,279
237,394
237,278
237,325
238,284
238,293
238,290
238,355
238,296
238,393
238,388
238,385
238,379
238,270
238,367
238,364
238,359
238,254
238,351
238,340
238,335
238,322
238,310
238,342
238,295
238,292
238,332
238,273
238,239
238,346
238,329
238,319
238,244
238,380
238,283
238,331
238,318
238,321
238,361
238,353
238,298
238,253
238,397
238,323
238,276
239,395
239,366
239,275
239,348
239,261
239,241
239,327
239,270
239,389
239,388
239,365
239,248
239,345
239,247
239,344
239,243
239,340
239,334
239,331
239,328
239,322
239,262
239,359
239,312
239,383
239,286
239,326
239,376
239,279
239,266
239,264
239,309
239,260
239,245
239,336
239,377
239,325
239,255
239,324
239,369
239,272
239,364
239,267
239,305
239,258
239,282
239,294
239,318
239,373
239,276
239,306
239,353
240,284
240,391
240,354
240,333
240,366
240,269
240,281
240,263
240,368
240,270
240,388
240,380
240,379
240,275
240,372
240,371
240,369
240,365
240,350
240,334
240,323
240,318
240,311
240,386
240,289
240,277
240,357
240,260
240,246
240,394
240,335
240,288
240,382
240,377
240,259
240,353
240,346
240,361
240,314
240,248
240,345
240,298
240,305
240,355
240,258
240,279
240,293
240,390
240,396
240,278
240,375
240,362
240,265
240,304
240,295
240,325
240,307
241,307
241,293
241,378
241,358
241,348
241,341
241,302
241,280
241,243
241,388
241,290
241,387
241,381
241,365
241,363
241,398
241,351
241,252
241,349
241,335
241,375
241,278
241,262
241,359
241,312
241,362
241,265
241,260
241,256
241,342
241,245
241,242
241,396
241,299
241,346
241,276
241,361
241,267
241,347
241,253
241,394
241,272
241,300
241,367
242,269
242,348
242,251
242,321
242,393
242,387
242,379
242,374
242,367
242,351
242,350
242,252
242,349
242,328
242,323
242,312
242,309
242,301
242,299
242,339
242,389
242,292
242,371
242,274
242,247
242,293
242,390
242,246
242,394
242,325
242,383
242,313
242,360
242,291
242,305
242,258
242,287
242,357
242,283
242,315
242,365
242,268
242,362
242,295
242,395
243,366
243,269
243,373
243,330
243,399
243,358
243,378
243,281
243,270
243,385
243,338
243,326
243,317
243,316
243,295
243,282
243,250
243,249
243,389
243,292
243,245
243,289
243,383
243,375
243,361
243,360
243,384
243,337
243,319
243,307
243,283
243,352
243,258
243,306
243,356
243,259
243,353
243,371
243,277
243,324
243,325
243,257
244,396
244,354
244,269
244,378
244,397
244,300
244,296
244,290
244,252
244,367
244,270
244,348
244,298
244,277
244,374
244,266
244,363
244,264
244,260
244,292
244,245
244,287
244,326
244,373
244,276
244,353
244,345
244,324
244,283
244,278
244,375
244,329
244,261
244,372
244,325
244,255
244,371
244,351
244,307
245,395
245,307
245,284
245,391
245,386
245,293
245,366
245,269
245,275
245,263
245,355
245,393
245,388
245,290
245,387
245,379
245,367
245,359
245,345
245,339
245,328
245,317
245,312
245,306
245,326
245,279
245,274
245,357
245,260
245,249
245,297
245,394
245,278
245,375
245,268
245,362
245,325
245,323
245,320
245,397
245,373
245,276
245,337
245,288
245,382
245,316
245,319
245,311
245,286
245,310
245,272
245,398
245,351
245,254
245,255
246,395
246,396
246,285
246,399
246,378
246,376
246,296
246,280
246,263
246,261
246,384
246,363
246,345
246,340
246,317
246,309
246,295
246,291
246,388
246,294
246,286
246,282
246,274
246,253
246,268
246,362
246,353
246,319
246,338
246,267
246,351
246,370
246,312
246,381
246,264
246,346
246,255
246,357
246,289
246,339
246,389
246,292
246,344
247,391
247,399
247,302
247,281
247,270
247,393
247,385
247,379
247,359
247,351
247,349
247,347
247,343
247,338
247,332
247,317
247,309
247,306
247,322
247,274
247,362
247,265
247,260
247,255
247,298
247,320
247,344
247,297
247,334
247,287
247,382
247,267
247,329
247,370
247,336
247,289
247,383
247,299
247,346
247,268
247,313
247,263
247,360
247,337
247,311
247,305
247,258
248,280
248,327
248,368
248,321
248,388
248,369
248,367
248,339
248,332
248,281
248,328
248,301
248,342
248,295
248,266
248,257
248,314
248,361
248,288
248,357
248,300
248,253
248,276
248,334
248,380
248,324
248,261
248,271
248,376
248,282
248,315
248,268
248,392
249,395
249,386
249,275
249,378
249,302
249,300
249,296
249,290
249,271
249,368
249,392
249,379
249,371
249,328
249,312
249,286
249,278
249,264
249,309
249,262
249,257
249,250
249,394
249,297
249,326
249,276
249,288
249,382
249,267
249,329
249,367
249,273
249,283
249,308
249,292
249,266
249,252
249,349
250,307
250,391
250,354
250,366
250,269
250,302
250,290
250,378
250,281
250,393
250,351
250,252
250,349
250,342
250,340
250,335
250,334
250,326
250,317
250,315
250,292
250,278
250,273
250,265
250,361
250,264
250,357
250,260
250,256
250,394
250,314
250,289
250,383
250,360
250,291
250,343
250,329
250,306
250,365
250,398
250,274
250,276
250,277
251,327
251,384
251,381
251,369
251,253
251,350
251,343
251,338
251,332
251,378
251,331
251,270
251,364
251,317
251,311
251,393
251,299
251,300
251,394
251,319
251,375
251,377
251,283
251,258
251,282
251,255
251,279
251,360
251,314
251,275
251,372
251,295
251,298
251,308
251,310
252,391
252,378
252,327
252,296
252,393
252,290
252,384
252,276
252,371
252,302
252,349
252,334
252,331
252,295
252,383
252,286
252,315
252,268
252,260
252,309
252,353
252,259
252,394
252,370
252,338
252,341
252,375
252,313
252,261
252,301
252,254
253,307
253,284
253,354
253,399
253,321
253,393
253,387
253,372
253,365
253,359
253,351
253,349
253,340
253,339
253,306
253,326
253,279
253,277
253,352
253,255
253,293
253,390
253,264
253,361
253,363
253,266
253,263
253,360
253,305
253,337
253,286
253,398
253,301
253,395
253,298
253,295
253,384
253,287
253,288
253,338
253,335
253,273
253,320
253,300
253,297
253,322
253,276
253,328
254,307
254,368
254,387
254,287
254,384
254,374
254,274
254,371
254,272
254,369
254,350
254,304
254,386
254,289
254,255
254,390
254,263
254,360
254,282
254,329
254,308
254,300
254,297
254,373
254,276
254,361
254,364
254,267
254,338
254,291
254,342
254,326
254,319
254,353
254,321
254,280
254,377
254,333
255,293
255,281
255,261
255,368
255,327
255,296
255,393
255,388
255,290
255,387
255,380
255,374
255,367
255,363
255,257
255,323
255,379
255,282
255,304
255,280
255,377
255,375
255,268
255,362
255,263
255,360
255,337
255,320
255,287
255,347
255,306
255,259
255,395
255,298
255,348
255,319
255,369
255,272
255,343
255,299
255,357
255,399
255,339
256,354
256,333
256,373
256,275
256,378
256,355
256,393
256,384
256,367
256,365
256,349
256,344
256,334
256,323
256,315
256,342
256,392
256,295
256,339
256,292
256,273
256,357
256,260
256,343
256,390
256,383
256,377
256,346
256,337
256,288
256,328
256,375
256,297
256,374
256,277
256,327
256,310
256,266
256,360
256,353
256,309
256,300
256,274
256,308
257,284
257,293
257,330
257,358
257,341
257,378
257,281
257,392
257,276
257,268
257,365
257,267
257,364
257,328
257,313
257,311
257,306
257,305
257,301
257,396
257,299
257,290
257,387
257,389
257,292
257,282
257,278
257,362
257,265
257,260
257,333
257,319
257,262
257,308
257,337
257,338
257,291
257,303
257,349
257,344
257,298
257,304
257,307
258,366
258,285
258,378
258,376
258,397
258,300
258,358
258,261
258,355
258,393
258,389
258,388
258,387
258,326
258,313
258,342
258,295
258,322
258,371
258,274
258,309
258,262
258,306
258,259
258,280
258,377
258,265
258,362
258,324
258,345
258,298
258,370
258,276
258,267
258,294
258,337
258,260
258,357
258,386
258,289
258,286
258,383
258,282
258,329
258,363
258,384
258,287
258,351
259,395
259,396
259,293
259,354
259,333
259,330
259,285
259,275
259,399
259,302
259,300
259,261
259,392
259,389
259,385
259,283
259,380
259,374
259,344
259,339
259,313
259,351
259,304
259,336
259,289
259,375
259,278
259,271
259,347
259,303
259,394
259,377
259,369
259,272
259,355
259,331
259,324
259,326
259,398
259,301
259,363
259,316
260,293
260,269
260,376
260,348
260,399
260,302
260,280
260,356
260,296
260,393
260,392
260,387
260,359
260,351
260,350
260,340
260,339
260,332
260,313
260,309
260,289
260,282
260,372
260,362
260,272
260,361
260,314
260,364
260,267
260,355
260,349
260,341
260,286
260,300
260,347
260,389
260,292
260,316
260,312
260,321
260,306
260,278
260,308
261,307
261,293
261,354
261,269
261,358
261,296
261,290
261,281
261,327
261,389
261,374
261,371
261,365
261,363
261,344
261,332
261,331
261,326
261,318
261,311
261,310
261,382
261,381
261,282
261,322
261,370
261,373
261,276
261,305
261,352
261,336
261,377
261,380
261,283
261,295
261,345
261,291
261,315
261,314
261,267
261,298
261,343
262,269
262,378
262,296
262,393
262,388
262,381
262,347
262,345
262,340
262,338
262,332
262,326
262,315
262,277
262,369
262,322
262,335
262,288
262,382
262,323
262,370
262,354
262,305
262,343
262,396
262,375
262,398
262,304
262,264
262,361
262,270
262,263
262,357
262,313
263,366
263,391
263,348
263,327
263,321
263,351
263,336
263,331
263,369
263,322
263,311
263,303
263,286
263,365
263,271
263,382
263,362
263,266
263,360
263,357
263,337
263,381
263,287
263,267
263,277
263,324
263,301
263,388
263,290
263,387
263,373
263,276
263,394
263,345
263,395
263,298
263,397
264,269
264,302
264,298
264,393
264,364
264,359
264,351
264,350
264,339
264,334
264,282
264,379
264,332
264,305
264,371
264,277
264,382
264,280
264,377
264,361
264,306
264,353
264,291
264,370
264,276
264,300
264,297
264,319
264,362
264,375
265,386
265,269
265,296
265,393
265,389
265,284
265,381
265,374
265,359
265,345
265,342
265,331
265,311
265,350
265,303
265,274
265,315
265,268
265,362
265,360
265,377
265,361
265,314
265,388
265,291
265,335
265,305
265,352
265,329
265,327
265,320
265,357
265,293
265,390
265,278
265,372
266,395
266,366
266,354
266,333
266,275
266,348
266,284
266,381
266,374
266,392
266,345
266,332
266,359
266,312
266,304
266,331
266,274
266,296
266,390
266,324
266,320
266,310
266,325
266,303
266,394
266,380
266,339
266,389
266,292
266,342
266,272
266,375
266,285
266,382
266,268
266,338
267,391
267,285
267,341
267,296
267,290
267,356
267,392
267,381
267,379
267,365
267,342
267,317
267,311
267,306
267,374
267,277
267,322
267,349
267,286
267,383
267,325
267,276
267,283
267,355
267,346
267,301
267,293
267,390
267,361
267,340
267,287
267,335
267,385
267,288
267,304
267,366
267,269
267,350
267,303
267,394
268,366
268,307
268,293
268,285
268,397
268,348
268,368
268,380
268,374
268,367
268,359
268,351
268,343
268,338
268,335
268,323
268,309
268,305
268,326
268,376
268,279
268,274
268,297
268,394
268,377
268,363
268,396
268,299
268,389
268,292
268,289
268,336
268,322
268,340
268,295
268,272
269,366
269,284
269,387
269,384
269,351
269,331
269,317
269,315
269,318
269,271
269,311
269,359
269,277
269,313
269,342
269,298
269,347
269,394
269,293
269,390
269,339
269,383
269,305
269,352
269,325
269,320
269,276
269,314
269,338
269,334
269,376
269,279
269,307
269,344
270,396
270,275
270,296
270,281
270,356
270,321
270,389
270,373
270,276
270,350
270,339
270,331
270,322
270,318
270,306
270,295
270,383
270,288
270,382
270,362
270,324
270,308
270,377
270,380
270,283
270,323
270,338
270,341
270,352
270,375
270,346
270,310
270,330
271,373
271,285
271,399
271,378
271,348
271,368
271,355
271,388
271,381
271,380
271,374
271,371
271,367
271,347
271,334
271,328
271,315
271,305
271,391
271,294
271,289
271,335
271,385
271,288
271,395
271,298
271,310
271,357
271,360
271,327
271,316
271,320
271,306
271,353
271,356
271,343
271,390
271,273
271,344
271,342
271,392
271,295
271,345
272,293
272,330
272,290
272,374
272,359
272,342
272,336
272,332
272,322
272,317
272,302
272,298
272,329
272,324
272,385
272,338
272,291
272,315
272,348
272,287
272,308
273,366
273,396
273,354
273,348
273,290
273,281
273,321
273,296
273,393
273,388
273,288
273,385
273,384
273,364
273,349
273,331
273,359
273,312
273,305
273,295
273,289
273,379
273,282
273,279
273,274
273,377
273,375
273,360
273,324
273,320
273,308
273,345
273,298
273,363
273,344
273,353
273,325
273,351
273,365
273,394
274,284
274,397
274,281
274,280
274,327
274,387
274,374
274,367
274,345
274,336
274,335
274,323
274,322
274,311
274,299
274,306
274,353
274,383
274,286
274,329
274,324
274,283
274,362
274,365
274,355
274,292
274,375
274,398
274,301
274,351
274,361
274,317
274,360
274,363
274,295
275,358
275,341
275,302
275,296
275,348
275,387
275,374
275,371
275,369
275,367
275,365
275,345
275,335
275,326
275,323
275,322
275,318
275,317
275,316
275,305
275,304
275,303
275,392
275,295
275,294
275,286
275,282
275,363
275,309
275,299
275,375
275,353
275,346
275,319
275,308
275,298
275,394
275,297
275,388
275,291
275,276
275,300
276,395
276,333
276,376
276,348
276,296
276,290
276,281
276,280
276,389
276,388
276,379
276,322
276,315
276,309
276,375
276,362
276,337
276,311
276,358
276,305
276,300
276,382
276,320
276,313
276,353
276,354
277,395
277,330
277,285
277,358
277,398
277,388
277,387
277,363
277,349
277,336
277,313
277,312
277,288
277,380
277,377
277,344
277,297
277,372
277,356
277,325
277,350
277,329
277,338
277,318
277,310
277,334
277,296
277,390
278,284
278,285
278,378
278,348
278,355
278,327
278,321
278,385
278,379
278,372
278,371
278,363
278,351
278,328
278,318
278,311
278,310
278,301
278,294
278,279
278,289
278,383
278,360
278,352
278,346
278,312
278,304
278,354
278,338
278,291
278,314
278,395
278,298
278,356
278,343
278,300
279,396
279,285
279,385
279,359
279,350
279,343
279,342
279,340
279,335
279,373
279,326
279,318
279,294
279,336
279,289
279,394
279,299
279,346
279,372
279,363
279,375
279,284
279,297
279,392
279,366
279,315
279,367
279,314
279,306
280,284
280,399
280,300
280,378
280,281
280,388
280,385
280,367
280,345
280,296
280,343
280,318
280,317
280,292
280,360
280,310
280,357
280,368
280,321
280,324
280,371
280,305
280,327
280,342
280,340
280,329
280,325
280,316
280,373
281,284
281,396
281,348
281,341
281,397
281,300
281,327
281,296
281,393
281,332
281,340
281,339
281,292
281,383
281,286
281,336
281,361
281,324
281,291
281,322
281,371
281,345
281,317
281,344
281,334
281,384
281,287
281,380
281,283
281,315
281,362
281,373
281,398
281,346
281,399
282,391
282,285
282,376
282,302
282,296
282,392
282,381
282,379
282,338
282,326
282,336
282,289
282,335
282,385
282,288
282,361
282,346
282,325
282,324
282,311
282,352
282,301
282,337
282,374
282,345
282,395
282,298
282,323
282,344
282,297
282,358
282,309
282,318
282,377
282,380
282,283
283,284
283,391
283,396
283,354
283,296
283,393
283,363
283,359
283,351
283,350
283,349
283,338
283,336
283,331
283,322
283,310
283,295
283,385
283,288
283,285
283,382
283,286
283,371
283,298
283,348
283,291
283,340
283,339
283,377
283,321
283,317
283,379
283,356
283,305
283,304
283,297
283,357
283,302
284,290
284,378
284,296
284,393
284,388
284,374
284,369
284,364
284,359
284,347
284,340
284,332
284,306
284,288
284,286
284,376
284,398
284,342
284,327
284,360
284,330
284,324
284,320
284,329
284,300
285,290
285,327
285,392
285,384
285,369
285,344
285,339
285,328
285,312
285,309
285,306
285,305
285,303
285,289
285,288
285,379
285,311
285,382
285,362
285,357
285,353
285,329
285,324
285,320
285,319
285,314
285,322
286,395
286,366
286,386
286,333
286,348
286,393
286,392
286,387
286,379
286,334
286,322
286,317
286,311
286,306
286,335
286,385
286,288
286,383
286,323
286,370
286,315
286,362
286,337
286,329
286,378
286,305
286,350
286,324
286,292
286,349
286,377
286,345
286,344
286,397
287,366
287,373
287,348
287,389
287,381
287,379
287,367
287,345
287,331
287,326
287,304
287,353
287,337
287,305
287,308
287,330
287,338
287,388
287,291
287,315
287,361
287,359
287,312
287,309
287,302
287,343
288,330
288,399
288,296
288,355
288,381
288,371
288,363
288,349
288,340
288,339
288,326
288,312
288,301
288,299
288,391
288,294
288,386
288,289
288,383
288,382
288,362
288,353
288,291
288,368
288,332
288,357
288,314
288,333
288,342
288,375
288,305
288,352
289,366
289,374
289,336
289,303
289,291
289,356
289,298
289,384
289,340
289,328
289,296
289,393
289,346
289,371
289,324
289,398
290,395
290,391
290,386
290,302
290,327
290,296
290,393
290,388
290,384
290,379
290,365
290,363
290,343
290,340
290,328
290,323
290,322
290,311
290,377
290,375
290,352
290,325
290,324
290,373
290,310
290,357
290,396
290,299
290,397
290,381
290,330
290,342
290,316
290,341
290,314
290,313
290,346
290,394
291,366
291,333
291,399
291,389
291,381
291,374
291,365
291,345
291,338
291,322
291,309
291,347
291,394
291,362
291,352
291,346
291,329
291,358
291,354
291,398
291,301
291,324
291,359
291,319
291,320
291,396
291,377
291,310
291,357
291,342
291,295
292,395
292,333
292,373
292,399
292,302
292,327
292,381
292,365
292,335
292,312
292,310
292,301
292,342
292,295
292,323
292,370
292,380
292,328
292,372
292,325
292,350
292,294
292,305
292,352
292,363
292,340
292,326
292,338
293,386
293,378
293,376
293,348
293,300
293,358
293,355
293,296
293,393
293,388
293,385
293,379
293,374
293,363
293,359
293,366
293,345
293,338
293,335
293,331
293,326
293,313
293,312
293,295
293,301
293,398
293,350
293,339
293,334
293,354
293,303
293,333
293,390
293,361
293,352
293,346
293,369
294,366
294,393
294,341
294,388
294,367
294,363
294,342
294,359
294,312
294,377
294,315
294,362
294,314
294,373
294,326
294,372
294,345
294,298
294,313
294,344
294,399
295,386
295,341
295,300
295,392
295,381
295,372
295,369
295,336
295,331
295,309
295,301
295,396
295,299
295,370
295,353
295,325
295,324
295,388
295,371
295,362
295,365
295,303
295,394
295,350
295,337
295,340
295,383
295,308
295,358
295,335
295,332
296,396
296,376
296,302
296,393
296,384
296,381
296,371
296,350
296,331
296,301
296,298
296,386
296,375
296,312
296,308
296,363
296,314
296,364
296,306
296,397
297,327
297,365
297,342
297,338
297,335
297,381
297,334
297,309
297,305
297,357
297,325
297,320
297,308
297,330
297,377
297,373
297,375
297,341
297,366
297,323
298,307
298,378
298,327
298,398
298,371
298,366
298,364
298,359
298,342
298,340
298,326
298,311
298,310
298,299
298,375
298,361
298,337
298,324
298,390
298,383
298,386
298,379
298,358
298,354
298,341
298,377
298,348
298,394
298,360
298,357
298,313
298,369
298,322
298,320
298,312
299,358
299,356
299,367
299,364
299,363
299,351
299,347
299,338
299,334
299,331
299,328
299,370
299,360
299,357
299,353
299,346
299,329
299,324
299,320
299,319
299,342
299,337
299,372
299,362
299,365
299,345
299,348
299,317
299,304
299,354
299,305
299,397
300,354
300,397
300,376
300,399
300,302
300,381
300,371
300,365
300,364
300,344
300,339
300,317
300,315
300,309
300,360
300,332
300,306
300,396
300,341
300,331
300,355
300,345
300,322
300,350
300,324
300,301
301,396
301,399
301,378
301,321
301,398
301,384
301,372
301,363
301,351
301,344
301,338
301,322
301,318
301,315
301,311
301,303
301,390
301,389
301,392
301,395
301,339
301,306
301,353
301,356
301,377
301,354
301,394
301,350
301,327
301,371
301,323
301,364
301,317
301,329
301,316
302,376
302,341
302,392
302,371
302,365
302,364
302,345
302,340
302,326
302,315
302,312
302,339
302,363
302,316
302,357
302,393
302,335
302,382
302,399
302,323
302,370
302,314
302,329
302,379
303,366
303,396
303,373
303,378
303,368
303,327
303,393
303,389
303,387
303,385
303,379
303,374
303,372
303,350
303,344
303,335
303,390
303,329
303,319
303,340
303,336
303,383
303,360
303,363
303,362
303,310
303,315
303,306
303,309
303,351
303,375
303,316
304,366
304,397
304,392
304,379
304,371
304,367
304,365
304,363
304,350
304,344
304,328
304,364
304,317
304,305
304,335
304,382
304,370
304,362
304,329
304,319
304,361
304,313
304,353
304,334
304,384
304,359
304,380
304,310
304,399
305,386
305,348
305,341
305,356
305,327
305,393
305,392
305,374
305,369
305,367
305,351
305,349
305,347
305,345
305,306
305,396
305,357
305,325
305,339
305,389
305,335
305,385
305,373
305,320
305,358
305,362
305,336
305,384
305,331
305,321
305,344
305,359
305,322
305,372
305,346
305,365
306,366
306,391
306,396
306,333
306,373
306,358
306,341
306,356
306,392
306,359
306,351
306,349
306,345
306,339
306,328
306,316
306,382
306,377
306,393
306,326
306,376
306,318
306,368
306,317
306,367
306,310
306,357
306,352
306,355
306,399
307,397
307,356
307,374
307,372
307,365
307,318
307,313
307,398
307,354
307,396
307,390
307,362
307,357
307,337
307,329
307,308
307,392
307,320
307,344
308,396
308,373
308,399
308,341
308,327
308,321
308,393
308,372
308,369
308,349
308,336
308,328
308,309
308,335
308,382
308,377
308,352
308,337
308,343
308,390
308,397
308,350
308,310
308,334
308,326
309,391
309,354
309,378
309,348
309,385
309,372
309,371
309,367
309,359
309,347
309,345
309,338
309,331
309,328
309,317
309,316
309,360
309,337
309,325
309,394
309,388
309,362
309,346
309,399
309,344
309,343
309,383
309,339
309,329
309,312
309,315
309,311
309,398
309,322
310,391
310,354
310,399
310,376
310,356
310,380
310,335
310,322
310,311
310,394
310,336
310,383
310,357
310,346
310,327
310,371
310,324
310,345
311,333
311,378
311,368
311,327
311,393
311,389
311,367
311,365
311,347
311,317
311,377
311,375
311,315
311,362
311,319
311,314
311,358
311,344
311,379
311,349
311,397
311,346
311,316
311,366
311,354
311,352
312,393
312,384
312,379
312,332
312,394
312,377
312,375
312,361
312,392
312,320
312,360
312,331
312,381
312,387
312,340
312,364
312,376
312,344
313,366
313,376
313,398
313,379
313,359
313,339
313,338
313,335
313,381
313,334
313,375
313,320
313,345
313,387
313,323
313,373
313,354
313,369
313,322
313,329
313,342
313,357
313,363
313,316
314,395
314,397
314,393
314,387
314,374
314,369
314,364
314,351
314,386
314,339
314,338
314,383
314,361
314,371
314,324
314,332
314,396
314,325
314,381
314,334
314,377
314,347
314,341
314,388
315,330
315,348
315,321
315,393
315,392
315,389
315,380
315,379
315,374
315,366
315,364
315,363
315,339
315,338
315,343
315,390
315,382
315,361
315,325
315,349
315,384
315,328
315,378
315,319
315,358
315,391
315,318
315,322
315,394
315,370
316,373
316,355
316,392
316,385
316,384
316,380
316,363
316,342
316,338
316,335
316,334
316,394
316,343
316,390
316,377
316,375
316,323
316,370
316,361
316,346
316,399
316,340
316,369
316,325
316,372
316,339
316,319
317,391
317,355
317,393
317,392
317,389
317,385
317,374
317,363
317,351
317,349
317,338
317,334
317,331
317,318
317,362
317,324
317,378
317,371
317,369
317,397
317,340
317,322
317,372
317,360
317,326
317,320
317,380
317,370
318,358
318,392
318,389
318,387
318,385
318,369
318,350
318,336
318,327
318,374
318,372
318,324
318,334
318,370
318,341
318,343
318,391
318,355
318,332
319,373
319,356
319,327
319,392
319,384
319,381
319,380
319,374
319,371
319,369
319,342
319,331
319,328
319,382
319,363
319,351
319,338
319,388
319,359
319,347
319,344
319,377
319,333
320,333
320,330
320,356
320,398
320,387
320,374
320,363
320,322
320,383
320,382
320,362
320,372
320,325
320,344
320,394
320,338
320,386
320,326
321,366
321,333
321,376
321,368
321,398
321,385
321,363
321,340
321,337
321,330
321,348
321,389
321,358
321,355
321,394
321,371
322,354
322,399
322,376
322,348
322,384
322,363
322,349
322,345
322,342
322,383
322,382
322,346
322,337
322,387
322,375
322,369
322,336
322,358
322,332
322,335
322,352
323,366
323,386
323,354
323,373
323,376
323,358
323,355
323,385
323,372
323,342
323,340
323,331
323,326
323,382
323,371
323,324
323,389
323,364
323,396
323,379
323,350
323,374
323,330
323,383
323,381
324,366
324,391
324,354
324,373
324,358
324,348
324,398
324,393
324,381
324,380
324,365
324,351
324,347
324,332
324,375
324,362
324,361
324,370
324,360
324,355
324,388
324,341
324,337
324,336
324,353
324,369
324,371
324,346
325,398
325,372
325,351
325,350
325,345
325,340
325,394
325,390
325,389
325,384
325,364
325,336
325,383
325,334
325,357
325,395
325,344
325,397
326,366
326,378
326,392
326,374
326,369
326,344
326,343
326,338
326,394
326,390
326,383
326,375
326,360
326,357
326,352
326,385
326,381
326,376
326,327
326,329
326,340
326,395
326,398
327,396
327,354
327,373
327,399
327,356
327,388
327,384
327,367
327,365
327,363
327,332
327,328
327,390
327,382
327,377
327,362
327,329
327,398
327,394
327,337
327,375
327,345
327,348
327,349
328,366
328,376
328,392
328,388
328,384
328,380
328,379
328,331
328,382
328,352
328,329
328,362
328,396
328,340
328,342
328,371
328,389
328,361
328,359
329,389
329,365
329,337
329,375
329,349
329,346
329,359
329,399
329,352
329,392
329,395
329,373
330,395
330,333
330,378
330,389
330,371
330,359
330,342
330,335
330,383
330,382
330,370
330,360
330,352
330,337
331,354
331,376
331,398
331,387
331,385
331,369
331,349
331,382
331,392
331,364
331,363
331,377
331,380
331,352
331,375
331,399
331,343
332,386
332,354
332,399
332,376
332,389
332,372
332,364
332,340
332,338
332,343
332,390
332,369
332,347
332,363
332,342
332,395
332,379
332,374
332,378
332,365
333,366
333,399
333,393
333,374
333,372
333,369
333,350
333,349
333,347
333,336
333,356
333,398
333,382
333,362
333,357
333,373
334,391
334,398
334,393
334,387
334,385
334,384
334,371
334,369
334,367
334,364
334,347
334,340
334,337
334,361
334,350
334,342
334,346
334,370
334,375
334,366
335,391
335,348
335,341
335,355
335,393
335,388
335,381
335,380
335,369
335,345
335,337
335,342
335,389
335,368
335,362
335,365
335,361
335,347
335,350
335,360
335,382
335,352
336,373
336,364
336,351
336,394
336,370
336,337
336,372
336,392
336,340
336,378
336,357
336,379
336,358
336,350
336,349
337,397
337,341
337,393
337,388
337,369
337,365
337,351
337,390
337,340
337,384
337,381
337,349
337,352
337,339
337,355
337,379
337,399
337,377
338,373
338,399
338,376
338,341
338,381
338,371
338,366
338,343
338,396
338,344
338,394
338,389
338,384
338,379
338,369
338,370
338,349
338,345
338,340
338,360
339,354
339,373
339,376
339,358
339,348
339,393
339,388
339,371
339,369
339,364
339,390
339,361
339,353
339,342
339,362
339,360
339,363
340,391
340,396
340,354
340,373
340,355
340,363
340,394
340,361
340,352
340,346
340,387
340,376
340,365
340,347
340,395
340,398
340,377
341,373
341,348
341,369
341,343
341,360
341,365
341,353
341,399
341,375
341,378
341,384
341,354
341,393
341,358
341,356
342,386
342,354
342,366
342,399
342,356
342,393
342,374
342,372
342,367
342,383
342,375
342,363
342,391
342,361
342,382
342,385
342,359
342,365
343,396
343,378
343,356
343,398
343,371
343,369
343,379
343,359
343,372
343,347
343,376
343,374
343,395
343,358
343,399
343,363
344,381
344,369
344,364
344,398
344,378
344,350
344,390
344,351
344,354
345,366
345,348
345,387
345,381
345,380
345,369
345,364
345,347
345,390
345,352
345,399
345,370
345,362
345,384
345,383
345,391
345,394
346,395
346,354
346,373
346,397
346,348
346,356
346,393
346,392
346,374
346,370
346,352
346,383
346,379
346,382
346,378
346,361
346,396
346,359
347,398
347,389
347,369
347,363
347,394
347,362
347,392
347,381
347,366
347,365
347,375
347,393
347,399
347,371
347,353
347,350
348,376
348,356
348,393
348,389
348,387
348,371
348,370
348,373
348,367
348,349
349,393
349,389
349,363
349,351
349,375
349,361
349,374
349,357
349,380
349,396
349,395
350,386
350,372
350,369
350,365
350,359
350,377
350,360
350,389
350,383
350,382
350,361
350,374
350,362
350,353
350,396
351,373
351,376
351,368
351,384
351,369
351,364
351,363
351,396
351,380
351,365
351,361
351,360
351,397
351,357
352,396
352,366
352,397
352,383
352,361
352,358
352,369
352,372
352,364
352,385
352,359
352,378
352,393
352,399
353,388
353,381
353,374
353,369
353,364
353,394
353,377
353,392
353,370
353,396
353,372
353,357
353,362
354,366
354,378
354,358
354,368
354,387
354,385
354,379
354,372
354,359
354,383
354,377
354,362
354,395
354,388
355,391
355,356
355,393
355,371
355,382
355,397
355,378
355,359
355,358
355,396
355,386
355,388
356,391
356,378
356,387
356,381
356,382
356,370
356,390
356,383
356,371
356,362
357,373
357,374
357,372
357,369
357,364
357,363
357,375
357,387
357,359
357,399
357,383
357,380
358,384
358,361
358,383
358,365
358,382
358,370
359,366
359,392
359,385
359,371
359,367
359,361
359,375
359,376
360,386
360,393
360,388
360,387
360,385
360,384
360,381
360,380
360,374
360,394
360,390
360,362
360,361
361,373
361,376
361,387
361,367
361,370
361,378
361,382
361,398
362,366
362,386
362,397
362,387
362,384
362,379
362,369
362,394
362,377
362,383
362,378
362,373
362,371
362,398
363,388
363,369
363,377
363,387
363,381
363,365
363,385
364,391
364,386
364,384
364,380
364,374
364,372
364,369
364,365
364,397
364,395
364,393
365,386
365,373
365,393
365,384
365,374
365,383
365,377
365,375
365,399
365,392
365,370
365,397
365,394
365,381
365,372
366,399
366,380
366,372
366,393
366,396
366,386
366,394
367,371
367,394
367,381
367,382
367,369
367,373
367,388
367,391
368,390
369,373
369,398
369,393
369,384
369,380
369,371
369,394
369,383
369,382
370,378
370,387
370,384
370,380
370,374
370,394
370,375
371,381
371,394
371,390
371,385
371,382
371,377
371,375
371,398
371,378
372,388
372,387
372,394
372,399
373,378
373,388
373,387
373,385
373,374
373,377
374,399
374,378
374,392
374,387
374,380
374,382
374,377
374,388
374,386
374,394
375,388
375,381
375,390
375,383
375,382
375,394
375,397
376,391
376,393
376,388
376,382
376,395
376,386
376,385
376,387
377,399
377,393
377,385
377,381
377,382
377,391
377,390
377,388
377,380
377,379
377,397
378,391
378,386
378,388
378,387
378,384
379,391
379,397
379,393
379,387
379,392
379,383
379,390
380,395
380,399
380,381
381,395
381,391
381,398
381,383
381,399
382,392
382,389
382,388
382,384
382,399
382,398
383,388
384,397
384,392
384,389
384,385
384,386
384,390
384,396
385,391
385,399
385,394
385,390
386,391
386,387
386,398
386,397
387,391
387,396
387,393
388,391
389,396
389,394
389,390
390,391
390,393
390,394
391,392
391,398
393,395
393,396
393,399
394,396
394,398
395,398
396,399
396,398
397,399
397,398
400,595
400,579
400,578
400,561
400,544
400,433
400,587
400,572
400,562
400,586
400,442
400,539
400,440
400,537
400,528
400,526
400,570
400,426
400,523
400,425
400,522
400,557
400,460
400,413
400,510
400,593
400,452
400,596
400,499
400,585
400,491
400,555
400,411
400,508
400,485
400,568
400,521
400,474
400,566
400,469
400,502
400,550
400,456
400,581
400,472
400,403
400,436
400,444
400,541
400,494
400,512
400,420
400,552
401,599
401,496
401,565
401,560
401,489
401,480
401,438
401,433
401,424
401,518
401,421
401,417
401,584
401,567
401,554
401,552
401,549
401,442
401,539
401,437
401,534
401,431
401,528
401,418
401,515
401,559
401,512
401,482
401,451
401,548
401,525
401,478
401,541
401,447
401,494
401,545
401,448
401,446
401,434
401,547
401,406
401,570
401,526
401,429
401,585
401,588
401,491
401,419
401,516
401,422
401,410
401,504
401,412
401,536
401,420
401,573
401,479
401,456
401,449
401,403
402,531
402,527
402,595
402,551
402,487
402,441
402,419
402,409
402,592
402,493
402,590
402,581
402,577
402,443
402,540
402,569
402,522
402,465
402,562
402,418
402,515
402,555
402,411
402,508
402,532
402,582
402,485
402,576
402,579
402,482
402,525
402,478
402,564
402,467
402,463
402,426
402,523
402,429
402,547
402,406
402,453
402,448
402,567
402,470
402,541
402,447
402,449
402,546
402,502
402,405
402,452
402,412
402,574
402,477
402,408
402,445
402,422
402,552
402,432
402,410
403,557
403,476
403,580
403,428
403,579
403,561
403,487
403,468
403,438
403,527
403,430
403,418
403,496
403,593
403,592
403,493
403,590
403,484
403,581
403,577
403,553
403,586
403,442
403,539
403,441
403,538
403,533
403,511
403,488
403,532
403,485
403,528
403,578
403,478
403,474
403,469
403,566
403,472
403,477
403,598
403,454
403,564
403,420
403,517
403,470
403,545
403,448
403,588
403,541
403,447
403,450
403,547
403,406
403,523
403,429
403,563
403,504
403,457
403,411
403,473
403,471
403,509
403,415
404,543
404,595
404,594
404,583
404,463
404,560
404,551
404,500
404,430
404,596
404,588
404,559
404,458
404,555
404,507
404,554
404,539
404,436
404,533
404,558
404,511
404,490
404,441
404,488
404,579
404,485
404,564
404,470
404,405
404,452
404,450
404,471
404,542
404,448
404,440
404,412
404,459
404,577
404,548
404,526
404,432
404,411
404,563
404,516
404,422
404,420
404,449
405,439
405,531
405,496
405,557
405,514
405,476
405,561
405,503
405,500
405,438
405,424
405,421
405,409
405,592
405,585
405,582
405,473
405,570
405,465
405,562
405,555
405,549
405,539
405,534
405,436
405,533
405,431
405,528
405,513
405,497
405,475
405,512
405,576
405,579
405,482
405,577
405,477
405,525
405,478
405,426
405,427
405,501
405,516
405,469
405,443
405,540
405,446
405,564
405,423
405,487
405,584
405,526
405,432
405,550
405,456
405,410
405,541
405,494
405,542
405,448
405,596
406,599
406,557
406,514
406,476
406,501
406,578
406,565
406,545
406,535
406,520
406,503
406,487
406,480
406,461
406,419
406,496
406,593
406,493
406,590
406,589
406,588
406,586
406,488
406,585
406,562
406,554
406,526
406,519
406,513
406,462
406,559
406,415
406,512
406,455
406,552
406,408
406,505
406,504
406,494
406,490
406,435
406,532
406,485
406,451
406,469
406,543
406,446
406,454
406,572
406,431
406,567
406,473
406,568
406,427
406,484
406,553
406,459
406,483
406,436
406,449
406,594
406,497
406,555
406,508
406,414
406,539
406,445
406,595
407,599
407,518
407,501
407,477
407,574
407,530
407,503
407,580
407,486
407,579
407,438
407,591
407,581
407,573
407,569
407,469
407,566
407,467
407,564
407,562
407,514
407,417
407,558
407,461
407,555
407,549
407,446
407,540
407,415
407,512
407,510
407,411
407,505
407,521
407,498
407,563
407,422
407,442
407,536
407,529
407,507
407,557
407,460
407,495
407,590
407,449
407,499
407,453
407,488
408,481
408,530
408,507
408,468
408,514
408,417
408,416
408,593
408,494
408,591
408,564
408,538
408,581
408,534
408,526
408,425
408,522
408,465
408,562
408,418
408,515
408,558
408,511
408,504
408,588
408,537
408,490
408,431
408,528
408,455
408,552
408,411
408,458
408,453
408,451
408,466
408,563
408,516
408,422
408,445
408,571
408,477
408,454
408,567
408,473
408,427
408,409
408,459
408,413
408,436
408,540
408,446
408,452
409,557
409,476
409,580
409,428
409,598
409,597
409,595
409,578
409,545
409,507
409,503
409,592
409,586
409,485
409,582
409,576
409,467
409,564
409,565
409,468
409,562
409,462
409,559
409,552
409,537
409,528
409,430
409,504
409,461
409,508
409,532
409,417
409,561
409,464
409,453
409,427
409,521
409,593
409,599
409,452
409,426
409,523
409,571
409,477
409,596
409,446
409,447
409,436
409,519
409,425
409,520
409,484
409,415
410,496
410,543
410,527
410,466
410,579
410,574
410,560
410,545
410,577
410,480
410,419
410,515
410,418
410,575
410,554
410,553
410,540
410,484
410,581
410,437
410,534
410,533
410,572
410,525
410,521
410,467
410,564
410,517
410,562
410,415
410,509
410,414
410,411
410,508
410,502
410,472
410,584
410,490
410,450
410,547
410,453
410,539
410,442
410,483
410,451
410,435
410,471
410,493
410,590
410,552
410,445
411,531
411,518
411,428
411,565
411,544
411,462
411,433
411,419
411,416
411,590
411,585
411,576
411,570
411,568
411,567
411,558
411,522
411,422
411,519
411,562
411,515
411,495
411,432
411,529
411,482
411,528
411,478
411,477
411,474
411,440
411,537
411,443
411,460
411,463
411,455
411,429
411,526
411,452
411,553
411,412
411,413
411,555
411,508
411,414
411,596
411,449
411,548
411,483
411,436
411,445
411,563
411,423
412,439
412,481
412,527
412,466
412,594
412,583
412,598
412,551
412,524
412,520
412,424
412,585
412,577
412,570
412,418
412,559
412,546
412,515
412,555
412,508
412,599
412,505
412,566
412,472
412,467
412,463
412,510
412,417
412,464
412,581
412,440
412,460
412,427
412,540
412,517
412,590
412,448
412,531
412,484
412,556
412,415
413,493
413,514
413,501
413,583
413,481
413,578
413,545
413,487
413,424
413,516
413,419
413,589
413,576
413,478
413,575
413,569
413,559
413,558
413,554
413,416
413,510
413,556
413,509
413,502
413,498
413,532
413,485
413,484
413,572
413,467
413,555
413,458
413,427
413,450
413,445
413,443
413,489
413,536
413,442
413,567
413,426
413,517
413,566
413,425
413,414
413,421
413,562
413,515
413,588
414,496
414,506
414,444
414,597
414,480
414,462
414,441
414,438
414,418
414,416
414,586
414,474
414,571
414,459
414,556
414,431
414,528
414,458
414,555
414,508
414,596
414,599
414,502
414,591
414,494
414,488
414,482
414,469
414,505
414,427
414,498
414,451
414,584
414,443
414,510
414,463
414,534
414,440
414,512
414,465
414,536
414,442
414,497
414,450
414,426
414,436
414,448
414,425
414,456
414,504
414,475
415,599
415,496
415,476
415,579
415,578
415,551
415,487
415,441
415,438
415,576
415,571
415,444
415,541
415,539
415,533
415,531
415,434
415,575
415,528
415,428
415,525
415,469
415,566
415,519
415,416
415,513
415,509
415,508
415,449
415,546
415,499
415,495
415,490
415,483
415,568
415,471
415,563
415,419
415,516
415,465
415,459
415,451
415,450
415,570
415,473
415,427
415,456
415,432
415,504
415,510
415,560
415,463
415,440
415,503
415,429
416,439
416,599
416,531
416,496
416,493
416,506
416,580
416,597
416,595
416,487
416,482
416,579
416,535
416,438
416,433
416,573
416,542
416,444
416,541
416,538
416,537
416,470
416,517
416,555
416,508
416,475
416,558
416,464
416,503
416,550
416,456
416,520
416,426
416,449
416,488
416,418
416,465
416,583
416,489
416,442
416,544
416,450
416,556
416,460
416,505
416,587
416,540
416,446
416,576
417,493
417,514
417,501
417,545
417,535
417,433
417,530
417,500
417,586
417,556
417,555
417,457
417,554
417,537
417,536
417,581
417,437
417,534
417,477
417,574
417,527
417,430
417,523
417,485
417,505
417,529
417,579
417,482
417,568
417,474
417,425
417,422
417,519
417,473
417,465
417,551
417,481
417,578
417,469
417,478
417,456
417,452
417,524
417,515
417,423
418,518
418,496
418,444
418,583
418,561
418,551
418,545
418,524
418,500
418,433
418,430
418,582
418,467
418,564
418,556
418,439
418,536
418,533
418,529
418,596
418,499
418,525
418,478
418,475
418,451
418,440
418,577
418,483
418,507
418,554
418,460
418,458
418,555
418,437
418,510
418,526
418,479
418,456
418,502
418,472
418,449
418,424
418,471
418,539
418,445
419,496
419,466
419,561
419,530
419,587
419,568
419,562
419,559
419,558
419,451
419,548
419,576
419,432
419,529
419,480
419,430
419,467
419,564
419,420
419,517
419,508
419,492
419,485
419,473
419,425
419,472
419,507
419,460
419,498
419,488
419,442
419,494
419,574
419,477
419,431
419,509
419,526
419,550
419,456
420,439
420,599
420,493
420,514
420,476
420,578
420,561
420,545
420,544
420,535
420,503
420,461
420,596
420,591
420,586
420,585
420,584
420,576
420,564
420,453
420,550
420,546
420,540
420,538
420,533
420,531
420,434
420,431
420,528
420,526
420,511
420,459
420,556
420,509
420,458
420,555
420,508
420,537
420,587
420,490
420,471
420,510
420,463
420,554
420,460
420,553
420,505
420,525
420,575
420,478
420,455
420,474
420,598
420,451
420,465
420,513
420,539
420,442
420,473
420,497
420,542
420,445
420,469
420,423
420,495
421,531
421,518
421,493
421,594
421,583
421,574
421,530
421,480
421,563
421,485
421,582
421,473
421,570
421,558
421,455
421,552
421,548
421,581
421,534
421,508
421,595
421,498
421,545
421,448
421,495
421,438
421,528
421,567
421,510
421,463
421,554
421,460
421,452
421,549
421,499
421,599
421,494
421,443
421,547
421,453
421,442
421,422
421,469
421,517
421,423
421,529
421,482
421,459
422,496
422,493
422,543
422,535
422,520
422,565
422,468
422,592
422,582
422,467
422,564
422,554
422,536
422,525
422,513
422,556
422,509
422,456
422,553
422,440
422,537
422,490
422,585
422,488
422,573
422,479
422,466
422,563
422,516
422,469
422,559
422,562
422,465
422,561
422,464
422,552
422,455
422,498
422,451
422,445
422,472
422,473
422,426
422,450
422,453
422,435
422,596
422,544
422,447
423,496
423,481
423,428
423,597
423,583
423,574
423,560
423,520
423,577
423,480
423,558
423,461
423,596
423,584
423,441
423,582
423,566
423,466
423,563
423,459
423,556
423,536
423,533
423,529
423,539
423,492
423,585
423,491
423,530
423,580
423,483
423,470
423,456
423,474
423,521
423,545
423,498
423,452
423,429
423,591
423,497
423,522
423,454
423,562
423,453
424,543
424,466
424,551
424,438
424,433
424,592
424,535
424,582
424,487
424,581
424,570
424,552
424,539
424,528
424,526
424,555
424,508
424,495
424,531
424,437
424,484
424,517
424,471
424,467
424,455
424,475
424,452
424,436
424,483
424,507
424,554
424,460
424,447
424,431
424,427
425,518
425,527
425,466
425,598
425,597
425,583
425,579
425,481
425,578
425,574
425,561
425,503
425,565
425,468
425,462
425,531
425,434
425,433
425,596
425,496
425,593
425,493
425,590
425,490
425,587
425,488
425,585
425,571
425,569
425,562
425,556
425,546
425,536
425,533
425,432
425,529
425,521
425,566
425,519
425,516
425,456
425,553
425,451
425,498
425,440
425,537
425,443
425,582
425,485
425,458
425,479
425,550
425,453
425,463
425,558
425,534
425,572
425,478
425,473
425,450
425,513
426,496
426,493
426,597
426,579
426,480
426,461
426,438
426,531
426,434
426,584
426,582
426,564
426,559
426,536
426,532
426,529
426,430
426,573
426,526
426,525
426,473
426,570
426,523
426,515
426,513
426,542
426,592
426,495
426,510
426,463
426,528
426,458
426,456
426,598
426,454
426,599
426,452
426,596
426,449
426,595
426,498
426,451
426,569
426,554
426,436
426,580
426,483
426,539
426,492
426,494
426,594
426,540
426,446
426,471
427,518
427,493
427,476
427,501
427,466
427,595
427,561
427,560
427,507
427,597
427,500
427,489
427,589
427,585
427,582
427,575
427,474
427,571
427,564
427,445
427,542
427,531
427,434
427,528
427,510
427,432
427,529
427,482
427,475
427,472
427,516
427,469
427,559
427,465
427,554
427,457
427,456
427,453
427,534
427,440
427,546
427,499
427,502
427,452
427,429
427,459
427,556
427,509
427,557
427,460
427,541
427,447
427,471
427,454
428,476
428,574
428,560
428,544
428,480
428,535
428,438
428,433
428,506
428,593
428,591
428,590
428,589
428,586
428,584
428,582
428,570
428,569
428,568
428,558
428,542
428,538
428,529
428,526
428,525
428,521
428,516
428,505
428,499
428,497
428,592
428,495
428,490
428,576
428,479
428,475
428,474
428,566
428,469
428,458
428,453
428,442
428,436
428,435
429,514
429,501
429,583
429,561
429,503
429,496
429,593
429,592
429,591
429,588
429,581
429,571
429,568
429,541
429,533
429,532
429,527
429,430
429,523
429,519
429,515
429,559
429,512
429,508
429,595
429,498
429,537
429,490
429,585
429,488
429,483
429,482
429,525
429,475
429,564
429,467
429,457
429,554
429,557
429,460
429,556
429,459
429,456
429,431
429,478
429,432
429,454
429,500
429,450
429,521
429,449
429,448
429,552
429,539
429,492
429,445
429,543
429,446
430,439
430,599
430,496
430,580
430,466
430,595
430,579
430,535
430,524
430,507
430,503
430,583
430,486
430,434
430,488
430,585
430,484
430,581
430,459
430,556
430,555
430,547
430,573
430,526
430,472
430,569
430,522
430,521
430,516
430,505
430,504
430,537
430,587
430,490
430,431
430,528
430,460
430,586
430,492
430,445
430,513
430,558
430,574
430,477
430,572
430,525
430,452
430,549
430,455
430,594
430,497
430,597
430,500
430,473
430,517
430,470
430,447
431,506
431,501
431,466
431,583
431,565
431,561
431,597
431,500
431,487
431,438
431,530
431,433
431,593
431,592
431,589
431,562
431,559
431,558
431,536
431,528
431,509
431,525
431,478
431,521
431,474
431,472
431,467
431,453
431,550
431,456
431,469
431,540
431,446
431,459
431,483
431,436
431,435
431,455
431,476
431,573
431,432
431,546
431,596
431,499
431,452
431,570
431,523
431,471
431,508
431,477
431,451
432,493
432,506
432,543
432,580
432,520
432,507
432,503
432,468
432,494
432,591
432,488
432,585
432,480
432,577
432,575
432,571
432,563
432,559
432,554
432,553
432,550
432,547
432,589
432,542
432,437
432,534
432,533
432,504
432,482
432,467
432,552
432,455
432,451
432,498
432,569
432,475
432,570
432,526
432,517
432,588
432,476
432,573
432,568
432,524
432,556
432,546
432,599
433,599
433,518
433,493
433,444
433,466
433,583
433,561
433,594
433,500
433,468
433,585
433,461
433,458
433,555
433,526
433,523
433,521
433,516
433,509
433,504
433,449
433,546
433,499
433,490
433,484
433,498
433,475
433,557
433,460
433,503
433,550
433,456
433,455
433,571
433,477
433,436
433,519
433,435
433,542
433,487
433,440
433,514
434,439
434,531
434,506
434,481
434,565
434,500
434,489
434,487
434,438
434,591
434,585
434,564
434,562
434,555
434,456
434,553
434,451
434,548
434,527
434,558
434,511
434,510
434,498
434,477
434,504
434,457
434,576
434,479
434,587
434,543
434,446
434,442
434,539
434,445
434,581
434,534
434,440
434,435
434,570
434,453
434,566
434,449
434,588
434,541
434,544
434,447
434,589
435,493
435,506
435,579
435,574
435,561
435,520
435,500
435,487
435,438
435,589
435,489
435,586
435,577
435,571
435,562
435,555
435,552
435,550
435,593
435,546
435,540
435,440
435,537
435,536
435,533
435,526
435,568
435,521
435,513
435,511
435,510
435,451
435,548
435,454
435,447
435,494
435,507
435,504
435,528
435,531
435,578
435,516
435,469
435,553
435,459
435,522
435,525
435,592
435,498
435,581
435,450
435,503
436,531
436,496
436,493
436,557
436,527
436,583
436,524
436,500
436,489
436,462
436,535
436,438
436,584
436,480
436,577
436,474
436,571
436,564
436,459
436,556
436,445
436,542
436,484
436,581
436,534
436,523
436,558
436,511
436,497
436,578
436,512
436,465
436,510
436,463
436,482
436,456
436,553
436,539
436,573
436,479
436,550
436,506
436,541
436,447
436,555
436,596
436,547
436,473
436,598
436,599
436,552
437,527
437,481
437,578
437,561
437,545
437,530
437,489
437,593
437,474
437,571
437,563
437,559
437,462
437,556
437,555
437,554
437,443
437,540
437,538
437,534
437,533
437,535
437,438
437,532
437,472
437,569
437,522
437,465
437,562
437,515
437,513
437,504
437,570
437,473
437,595
437,495
437,541
437,447
437,494
437,471
437,479
437,455
437,523
437,453
437,514
437,511
437,439
437,536
437,442
438,557
438,444
438,501
438,598
438,574
438,535
438,503
438,489
438,462
438,591
438,584
438,582
438,466
438,563
438,442
438,539
438,538
438,581
438,534
438,513
438,511
438,479
438,456
438,452
438,500
438,547
438,450
438,495
438,595
438,498
438,545
438,448
438,587
438,543
438,446
438,439
438,536
438,529
438,528
438,578
438,475
438,572
438,451
438,518
438,555
438,453
439,595
439,514
439,486
439,461
439,580
439,587
439,584
439,581
439,573
439,568
439,566
439,564
439,556
439,555
439,549
439,539
439,538
439,532
439,496
439,515
439,510
439,596
439,499
439,495
439,591
439,494
439,492
439,588
439,491
439,475
439,473
439,560
439,463
439,453
439,534
440,557
440,476
440,574
440,560
440,507
440,487
440,486
440,468
440,581
440,577
440,474
440,571
440,567
440,564
440,558
440,550
440,549
440,444
440,541
440,538
440,536
440,533
440,532
440,531
440,515
440,501
440,595
440,498
440,478
440,512
440,465
440,556
440,459
440,551
440,454
440,569
440,504
440,446
440,588
440,508
440,448
441,599
441,493
441,557
441,514
441,476
441,543
441,595
441,497
441,594
441,583
441,579
441,598
441,551
441,524
441,487
441,468
441,490
441,587
441,577
441,478
441,575
441,472
441,569
441,554
441,550
441,559
441,512
441,578
441,484
441,508
441,505
441,499
441,447
441,544
441,450
441,560
441,513
441,537
441,545
441,448
441,495
441,586
441,492
441,470
441,588
442,493
442,514
442,506
442,476
442,501
442,578
442,574
442,560
442,551
442,530
442,503
442,489
442,487
442,593
442,591
442,577
442,571
442,563
442,547
442,538
442,534
442,526
442,519
442,512
442,558
442,511
442,509
442,575
442,478
442,455
442,548
442,451
442,528
442,513
442,533
442,459
442,554
442,570
442,444
442,541
442,594
442,447
442,589
442,542
442,562
442,550
442,456
442,543
442,446
443,531
443,557
443,514
443,506
443,444
443,466
443,598
443,579
443,530
443,524
443,520
443,507
443,500
443,480
443,593
443,586
443,585
443,576
443,575
443,562
443,559
443,554
443,553
443,453
443,550
443,513
443,510
443,509
443,502
443,594
443,497
443,538
443,491
443,587
443,490
443,532
443,485
443,578
443,508
443,458
443,522
443,475
443,546
443,596
443,499
443,452
443,494
443,544
443,447
443,581
443,484
443,451
443,564
443,467
443,515
443,495
443,448
443,516
443,469
443,540
443,446
443,459
444,531
444,518
444,598
444,579
444,574
444,500
444,486
444,462
444,535
444,489
444,586
444,584
444,577
444,575
444,568
444,563
444,461
444,558
444,534
444,532
444,529
444,528
444,526
444,516
444,515
444,593
444,499
444,488
444,483
444,472
444,469
444,561
444,464
444,463
444,457
444,455
444,446
444,539
444,511
445,557
445,597
445,595
445,579
445,578
445,561
445,544
445,530
445,583
445,486
445,593
445,589
445,586
445,582
445,581
445,576
445,572
445,567
445,566
445,563
445,462
445,559
445,461
445,558
445,556
445,554
445,548
445,540
445,536
445,529
445,526
445,522
445,513
445,510
445,509
445,508
445,501
445,598
445,588
445,491
445,490
445,488
445,525
445,478
445,564
445,467
445,458
445,599
445,502
445,552
445,455
445,569
445,472
445,596
445,499
445,449
445,547
445,550
445,453
445,477
445,473
445,521
445,474
445,549
445,452
445,523
445,507
445,531
445,580
445,483
446,518
446,496
446,557
446,580
446,594
446,583
446,530
446,524
446,507
446,597
446,500
446,468
446,462
446,461
446,596
446,592
446,587
446,584
446,581
446,572
446,563
446,562
446,554
446,541
446,526
446,516
446,513
446,509
446,508
446,552
446,505
446,540
446,590
446,589
446,492
446,579
446,482
446,470
446,467
446,511
446,561
446,464
446,459
446,506
446,456
446,498
446,545
446,448
446,536
446,560
446,463
446,473
446,599
446,502
446,525
446,478
446,547
446,503
446,573
446,451
446,522
447,496
447,501
447,560
447,520
447,486
447,468
447,589
447,586
447,584
447,569
447,467
447,564
447,457
447,554
447,540
447,539
447,519
447,508
447,552
447,505
447,549
447,502
447,525
447,478
447,473
447,456
447,511
447,464
447,459
447,477
447,522
447,521
447,597
447,563
447,516
447,529
447,495
447,448
447,568
447,471
448,557
448,506
448,476
448,580
448,594
448,579
448,545
448,524
448,565
448,468
448,590
448,586
448,575
448,567
448,525
448,569
448,522
448,504
448,578
448,526
448,576
448,479
448,574
448,477
448,465
448,511
448,561
448,464
448,463
448,553
448,459
448,552
448,455
448,454
448,537
448,585
448,488
448,449
448,546
448,452
448,535
448,451
448,458
448,555
448,508
448,500
448,505
448,544
448,592
448,495
449,514
449,506
449,580
449,561
449,507
449,461
449,593
449,584
449,577
449,572
449,474
449,571
449,566
449,564
449,562
449,456
449,553
449,533
449,526
449,516
449,508
449,502
449,499
449,497
449,537
449,490
449,488
449,463
449,460
449,568
449,498
449,501
449,451
449,539
449,542
449,550
449,541
449,591
449,494
449,495
449,545
450,476
450,481
450,594
450,565
450,560
450,524
450,520
450,487
450,480
450,461
450,593
450,592
450,589
450,462
450,559
450,587
450,540
450,489
450,586
450,539
450,536
450,526
450,467
450,564
450,517
450,511
450,505
450,582
450,538
450,488
450,521
450,474
450,571
450,574
450,477
450,548
450,454
450,547
450,453
450,452
450,523
450,588
450,491
450,563
450,519
450,533
450,504
450,501
450,528
450,554
451,594
451,574
451,565
451,551
451,544
451,524
451,461
451,496
451,593
451,587
451,581
451,476
451,573
451,466
451,563
451,553
451,538
451,523
451,595
451,498
451,494
451,589
451,492
451,585
451,488
451,474
451,471
451,561
451,464
451,552
451,555
451,458
451,590
451,543
451,546
451,570
451,473
451,469
451,519
451,512
451,495
451,508
451,499
451,452
452,531
452,476
452,580
452,574
452,560
452,507
452,503
452,489
452,486
452,468
452,462
452,496
452,593
452,588
452,587
452,584
452,581
452,577
452,469
452,566
452,534
452,576
452,529
452,528
452,522
452,512
452,508
452,504
452,546
452,499
452,466
452,563
452,467
452,456
452,553
452,459
452,458
452,506
452,598
452,542
452,537
452,518
452,561
452,464
452,514
452,478
452,473
452,521
452,474
452,592
452,495
453,543
453,481
453,466
453,597
453,565
453,503
453,496
453,593
453,592
453,588
453,584
453,575
453,555
453,541
453,538
453,536
453,533
453,529
453,510
453,509
453,456
453,553
453,595
453,498
453,571
453,477
453,523
453,467
453,564
453,470
453,532
453,472
453,469
453,515
453,454
453,525
453,549
454,514
454,501
454,598
454,595
454,583
454,481
454,578
454,574
454,551
454,535
454,524
454,503
454,586
454,489
454,493
454,590
454,585
454,558
454,461
454,555
454,455
454,552
454,539
454,537
454,513
454,499
454,474
454,464
454,557
454,460
454,475
454,572
454,525
454,478
454,549
454,502
454,576
454,463
454,522
454,520
454,473
454,471
454,589
454,495
454,469
455,531
455,476
455,543
455,481
455,466
455,501
455,598
455,594
455,574
455,561
455,524
455,507
455,489
455,487
455,461
455,596
455,593
455,589
455,587
455,480
455,577
455,576
455,575
455,566
455,559
455,541
455,537
455,529
455,509
455,540
455,485
455,473
455,458
455,545
455,536
455,533
455,550
455,456
455,517
455,470
455,548
455,525
455,526
455,491
455,562
455,516
455,522
455,475
455,503
456,506
456,476
456,580
456,466
456,501
456,598
456,507
456,500
456,487
456,565
456,468
456,593
456,592
456,586
456,585
456,582
456,576
456,559
456,556
456,542
456,537
456,534
456,529
456,515
456,589
456,492
456,504
456,457
456,599
456,502
456,550
456,541
456,578
456,478
456,474
456,519
456,472
456,516
456,465
456,594
456,520
456,595
456,509
456,463
457,506
457,565
457,466
457,560
457,520
457,543
457,487
457,562
457,556
457,461
457,555
457,549
457,542
457,484
457,523
457,505
457,551
457,504
457,541
457,494
457,539
457,492
457,491
457,591
457,497
457,474
457,595
457,478
457,550
457,526
457,481
457,577
457,483
457,532
458,518
458,496
458,493
458,543
458,580
458,527
458,595
458,579
458,481
458,578
458,544
458,503
458,489
458,462
458,461
458,473
458,570
458,557
458,460
458,550
458,540
458,534
458,576
458,529
458,476
458,573
458,526
458,522
458,521
458,516
458,511
458,509
458,505
458,501
458,599
458,502
458,546
458,497
458,495
458,592
458,542
458,467
458,538
458,584
458,554
458,519
459,599
459,496
459,514
459,476
459,481
459,507
459,468
459,587
459,489
459,586
459,585
459,584
459,469
459,566
459,461
459,558
459,533
459,512
459,505
459,504
459,548
459,501
459,497
459,491
459,582
459,485
459,473
459,592
459,495
459,545
459,517
459,470
459,536
459,546
459,523
459,498
459,516
459,543
459,518
459,556
459,571
459,525
460,493
460,514
460,561
460,545
460,544
460,520
460,487
460,486
460,461
460,588
460,586
460,582
460,577
460,576
460,575
460,554
460,547
460,540
460,536
460,533
460,526
460,563
460,516
460,511
460,555
460,508
460,497
460,488
460,484
460,483
460,529
460,482
460,481
460,578
460,571
460,477
460,548
460,551
460,517
460,470
460,467
460,465
460,473
460,524
460,510
461,493
461,514
461,527
461,545
461,480
461,468
461,462
461,593
461,592
461,487
461,584
461,569
461,568
461,556
461,555
461,529
461,525
461,516
461,515
461,513
461,546
461,499
461,591
461,494
461,490
461,485
461,484
461,483
461,511
461,561
461,464
461,463
461,552
461,505
461,498
461,567
461,473
461,576
461,479
461,539
461,547
461,572
461,475
461,503
462,599
462,514
462,476
462,527
462,597
462,578
462,574
462,544
462,520
462,507
462,486
462,590
462,584
462,478
462,575
462,562
462,558
462,548
462,541
462,536
462,517
462,504
462,592
462,495
462,490
462,523
462,552
462,555
462,567
462,473
462,497
462,547
462,539
462,492
462,543
462,538
462,491
462,576
462,482
462,480
462,577
462,522
462,525
462,596
462,499
463,496
463,506
463,476
463,597
463,594
463,560
463,524
463,489
463,486
463,585
463,471
463,568
463,558
463,554
463,539
463,576
463,529
463,478
463,575
463,528
463,526
463,523
463,513
463,512
463,494
463,485
463,522
463,475
463,551
463,543
463,552
463,505
463,483
463,545
463,566
463,520
463,473
463,592
463,598
464,481
464,527
464,466
464,544
464,590
464,582
464,571
464,472
464,569
464,547
464,533
464,482
464,579
464,532
464,575
464,528
464,526
464,517
464,515
464,509
464,596
464,502
464,567
464,473
464,467
464,465
464,484
464,555
464,501
464,598
464,592
464,539
464,492
464,491
464,504
464,503
464,550
465,476
465,527
465,598
465,565
465,489
465,592
465,591
465,588
465,517
465,515
465,504
465,537
465,490
465,535
465,488
465,485
465,525
465,478
465,569
465,475
465,514
465,529
465,482
465,593
465,581
465,534
465,571
465,574
465,477
465,510
465,590
466,544
466,500
466,489
466,487
466,480
466,468
466,535
466,530
466,591
466,587
466,576
466,570
466,569
466,566
466,562
466,558
466,539
466,532
466,525
466,523
466,516
466,515
466,499
466,498
466,594
466,497
466,590
466,483
466,579
466,482
466,476
466,573
466,561
466,552
466,548
466,522
466,509
467,518
467,527
467,594
467,578
467,574
467,503
467,583
467,486
467,468
467,590
467,487
467,584
467,582
467,576
467,571
467,471
467,568
467,562
467,555
467,528
467,519
467,510
467,502
467,542
467,495
467,484
467,577
467,580
467,483
467,554
467,543
467,550
467,505
467,523
467,511
467,561
468,518
468,493
468,557
468,501
468,579
468,578
468,561
468,560
468,520
468,486
468,495
468,592
468,562
468,597
468,500
468,547
468,538
468,532
468,529
468,525
468,559
468,512
468,577
468,483
468,587
468,490
468,555
468,522
468,475
468,546
468,499
468,517
468,470
468,544
468,471
468,542
468,582
469,527
469,578
469,574
469,565
469,561
469,544
469,530
469,507
469,487
469,496
469,593
469,493
469,590
469,587
469,577
469,570
469,549
469,542
469,540
469,526
469,517
469,539
469,492
469,585
469,538
469,491
469,553
469,556
469,576
469,529
469,474
469,515
469,518
469,558
469,546
469,499
469,519
469,472
469,597
469,498
469,541
469,594
470,599
470,518
470,493
470,514
470,476
470,583
470,520
470,574
470,480
470,496
470,593
470,584
470,555
470,588
470,541
470,529
470,528
470,563
470,516
470,556
470,509
470,501
470,498
470,580
470,483
470,572
470,478
470,549
470,524
470,547
470,533
470,587
470,540
470,472
470,471
471,557
471,594
471,524
471,596
471,473
471,570
471,563
471,554
471,546
471,540
471,533
471,576
471,529
471,519
471,513
471,555
471,508
471,495
471,522
471,475
471,585
471,491
471,530
471,577
471,483
471,501
471,521
471,504
472,476
472,501
472,578
472,545
472,544
472,530
472,489
472,486
472,582
472,566
472,562
472,556
472,548
472,540
472,536
472,522
472,508
472,549
472,502
472,495
472,482
472,564
472,533
472,483
472,568
472,571
472,516
472,553
472,561
472,538
472,512
472,497
472,500
472,479
472,504
472,491
472,539
472,541
473,583
473,545
473,535
473,524
473,507
473,487
473,588
473,581
473,577
473,576
473,575
473,567
473,564
473,554
473,547
473,546
473,537
473,528
473,527
473,526
473,517
473,512
473,504
473,592
473,495
473,485
473,482
473,522
473,475
473,508
473,557
473,505
473,555
473,552
473,543
473,534
473,492
473,513
473,597
473,500
474,531
474,518
474,543
474,481
474,565
474,544
474,530
474,487
474,486
474,480
474,596
474,593
474,591
474,588
474,489
474,586
474,585
474,575
474,573
474,567
474,556
474,523
474,510
474,542
474,495
474,571
474,477
474,546
474,539
474,497
474,568
474,524
474,563
474,516
474,517
474,595
474,498
474,534
474,580
474,483
474,555
474,508
474,505
475,531
475,496
475,476
475,543
475,501
475,481
475,583
475,520
475,507
475,503
475,500
475,489
475,591
475,588
475,584
475,582
475,567
475,566
475,559
475,556
475,554
475,550
475,538
475,522
475,517
475,505
475,504
475,595
475,498
475,497
475,495
475,540
475,492
475,484
475,483
475,529
475,482
475,528
475,560
475,477
475,548
475,526
475,479
475,537
475,490
475,523
475,570
475,599
476,531
476,578
476,565
476,535
476,520
476,507
476,487
476,580
476,598
476,501
476,590
476,573
476,568
476,564
476,563
476,559
476,558
476,554
476,546
476,533
476,523
476,515
476,513
476,505
476,496
476,593
476,499
476,491
476,490
476,581
476,484
476,575
476,478
476,553
476,539
476,537
476,527
476,524
476,503
477,493
477,481
477,565
477,561
477,503
477,592
477,591
477,581
477,577
477,553
477,537
477,533
477,526
477,519
477,595
477,498
477,587
477,529
477,482
477,522
477,513
477,597
477,547
477,527
477,530
477,558
477,511
477,528
477,501
477,598
477,589
477,545
478,531
478,527
478,565
478,545
478,520
478,489
478,593
478,591
478,585
478,582
478,577
478,575
478,570
478,568
478,563
478,562
478,555
478,538
478,521
478,513
478,490
478,482
478,576
478,479
478,510
478,509
478,590
478,492
478,546
478,522
478,558
478,519
478,597
478,541
478,544
478,495
478,595
479,518
479,496
479,514
479,579
479,565
479,560
479,544
479,503
479,500
479,487
479,596
479,592
479,589
479,587
479,582
479,571
479,568
479,558
479,550
479,549
479,546
479,537
479,536
479,534
479,533
479,529
479,526
479,562
479,515
479,513
479,509
479,553
479,531
479,523
479,566
479,519
479,569
479,591
479,494
479,483
479,552
479,505
479,538
479,491
479,516
479,497
479,493
479,590
480,531
480,557
480,506
480,527
480,561
480,560
480,593
480,493
480,590
480,534
480,575
480,528
480,525
480,499
480,586
480,492
480,585
480,488
480,523
480,484
480,555
480,508
480,497
480,584
480,513
480,482
480,577
480,518
480,485
480,556
480,503
480,517
480,520
480,495
480,595
481,599
481,518
481,493
481,506
481,543
481,580
481,578
481,560
481,524
481,503
481,487
481,592
481,489
481,586
481,585
481,576
481,566
481,564
481,563
481,549
481,542
481,539
481,538
481,533
481,528
481,525
481,519
481,515
481,513
481,512
481,598
481,492
481,490
481,485
481,581
481,484
481,557
481,556
481,534
481,527
482,493
482,583
482,578
482,551
482,520
482,588
482,587
482,541
482,586
482,539
482,575
482,528
482,517
482,553
482,488
482,485
482,484
482,566
482,559
482,511
482,543
482,577
482,483
482,522
482,572
482,523
482,525
482,573
482,557
482,509
482,546
482,599
482,596
483,518
483,496
483,493
483,543
483,595
483,561
483,487
483,584
483,484
483,581
483,577
483,571
483,563
483,553
483,548
483,542
483,502
483,596
483,499
483,491
483,587
483,490
483,485
483,526
483,521
483,560
483,589
483,492
483,520
483,503
483,570
483,512
483,519
483,508
483,556
484,514
484,560
484,544
484,489
484,586
484,566
484,559
484,556
484,596
484,549
484,588
484,541
484,521
484,515
484,510
484,498
484,508
484,504
484,582
484,587
484,529
484,528
484,553
484,569
484,591
484,594
484,497
485,493
485,557
485,527
485,574
485,545
485,544
485,530
485,520
485,507
485,489
485,592
485,591
485,587
485,582
485,575
485,573
485,568
485,556
485,548
485,540
485,534
485,526
485,569
485,522
485,552
485,505
485,559
485,512
485,549
485,599
485,502
485,550
485,510
485,560
485,511
485,503
485,498
485,501
485,566
485,519
485,594
485,497
485,597
485,500
485,529
485,553
485,589
485,492
486,599
486,531
486,578
486,527
486,574
486,551
486,520
486,592
486,575
486,558
486,542
486,562
486,515
486,492
486,582
486,488
486,566
486,536
486,524
486,588
487,506
487,561
487,551
487,520
487,489
487,586
487,567
487,559
487,533
487,522
487,519
487,564
487,517
487,513
487,493
487,590
487,492
487,526
487,554
487,538
487,536
487,504
487,531
487,525
487,556
487,503
487,499
487,599
488,543
488,561
488,524
488,489
488,582
488,577
488,569
488,562
488,558
488,556
488,550
488,540
488,536
488,534
488,521
488,517
488,505
488,596
488,499
488,541
488,494
488,533
488,529
488,579
488,595
488,498
488,542
488,559
488,512
488,590
488,497
488,597
489,518
489,514
489,506
489,543
489,501
489,579
489,561
489,530
489,496
489,593
489,591
489,588
489,567
489,562
489,540
489,523
489,584
489,490
489,582
489,551
489,538
489,553
489,532
489,521
489,576
489,529
489,528
489,531
490,599
490,496
490,557
490,578
490,574
490,535
490,596
490,585
490,576
490,575
490,542
490,534
490,532
490,521
490,511
490,553
490,548
490,494
490,590
490,559
490,562
490,509
490,582
490,569
490,503
490,519
490,589
490,492
490,516
491,531
491,493
491,557
491,543
491,598
491,579
491,561
491,582
491,576
491,572
491,524
491,571
491,546
491,540
491,534
491,523
491,553
491,556
491,575
491,588
491,591
491,494
491,558
491,551
491,596
491,515
491,586
491,539
491,589
491,492
491,538
492,506
492,595
492,560
492,535
492,524
492,507
492,500
492,592
492,590
492,589
492,586
492,581
492,571
492,562
492,553
492,546
492,541
492,536
492,526
492,521
492,566
492,519
492,512
492,510
492,584
492,533
492,525
492,567
492,582
492,556
492,577
492,522
492,550
492,511
492,561
493,496
493,578
493,561
493,560
493,545
493,544
493,598
493,530
493,591
493,590
493,589
493,577
493,570
493,569
493,559
493,556
493,548
493,546
493,536
493,525
493,513
493,512
493,599
493,502
493,498
493,495
493,579
493,574
493,567
493,555
493,533
493,532
493,522
493,503
493,499
494,557
494,501
494,579
494,565
494,544
494,535
494,589
494,577
494,570
494,566
494,559
494,556
494,552
494,550
494,539
494,536
494,534
494,517
494,516
494,553
494,497
494,510
494,560
494,537
494,533
494,546
494,562
494,518
494,499
494,522
495,557
495,543
495,580
495,501
495,527
495,595
495,579
495,561
495,560
495,596
495,496
495,593
495,591
495,588
495,586
495,584
495,582
495,581
495,566
495,562
495,547
495,536
495,529
495,517
495,516
495,512
495,511
495,555
495,508
495,549
495,502
495,521
495,569
495,565
495,509
495,542
495,572
496,531
496,579
496,578
496,565
496,591
496,570
496,564
496,563
496,554
496,541
496,538
496,537
496,532
496,529
496,528
496,593
496,580
496,566
496,556
496,555
496,527
496,512
496,511
496,599
496,502
496,498
497,595
497,583
497,520
497,592
497,591
497,576
497,563
497,586
497,539
497,528
497,599
497,502
497,548
497,532
497,556
497,505
497,555
497,527
497,507
497,557
497,508
497,546
498,557
498,514
498,527
498,501
498,598
498,594
498,583
498,565
498,507
498,503
498,592
498,591
498,588
498,587
498,576
498,556
498,504
498,502
498,574
498,522
498,568
498,521
498,575
498,528
498,578
498,564
498,519
498,562
498,515
498,547
499,531
499,543
499,579
499,544
499,507
499,589
499,576
499,575
499,567
499,503
499,550
499,538
499,522
499,519
499,510
499,599
499,502
499,530
499,592
499,515
499,518
499,572
499,521
499,570
499,555
499,508
499,563
500,557
500,578
500,544
500,535
500,507
500,581
500,548
500,531
500,516
500,510
500,508
500,505
500,504
500,589
500,519
500,562
500,543
500,584
500,577
500,528
500,524
500,599
500,558
500,514
501,557
501,506
501,597
501,583
501,530
501,520
501,565
501,514
501,589
501,586
501,558
501,540
501,533
501,522
501,521
501,517
501,516
501,515
501,513
501,592
501,582
501,569
501,561
501,552
501,551
501,539
501,537
501,526
501,524
501,504
501,503
502,599
502,557
502,597
502,594
502,520
502,596
502,582
502,524
502,571
502,569
502,556
502,553
502,533
502,528
502,526
502,544
502,570
502,523
502,548
502,590
502,568
502,559
502,508
502,540
502,543
503,598
503,560
503,545
503,544
503,592
503,591
503,589
503,581
503,569
503,566
503,563
503,562
503,539
503,533
503,512
503,553
503,506
503,593
503,580
503,511
503,561
503,543
503,505
503,519
503,546
503,508
503,582
504,580
504,583
504,587
504,586
504,566
504,555
504,539
504,538
504,525
504,523
504,515
504,519
504,569
504,511
504,561
504,556
504,545
504,550
504,527
504,549
504,508
504,572
504,546
505,531
505,557
505,598
505,595
505,578
505,530
505,524
505,507
505,596
505,592
505,587
505,586
505,584
505,581
505,577
505,575
505,566
505,554
505,539
505,517
505,562
505,515
505,550
505,582
505,523
505,521
505,567
505,547
505,544
505,548
505,522
505,597
506,518
506,579
506,561
506,535
506,580
506,587
506,586
506,584
506,582
506,581
506,573
506,572
506,559
506,558
506,547
506,542
506,537
506,519
506,525
506,553
506,540
506,539
506,511
507,557
507,514
507,580
507,583
507,560
507,520
507,591
507,564
507,562
507,555
507,541
507,533
507,525
507,517
507,508
507,597
507,532
507,522
507,572
507,570
507,550
507,596
507,540
507,539
507,589
507,595
507,512
508,527
508,595
508,583
508,561
508,530
508,590
508,588
508,586
508,584
508,575
508,567
508,562
508,558
508,550
508,541
508,539
508,533
508,525
508,523
508,517
508,581
508,580
508,557
508,596
508,545
508,540
508,526
508,546
508,543
509,574
509,551
509,596
509,593
509,590
509,588
509,581
509,577
509,575
509,566
509,559
509,548
509,585
509,538
509,542
509,529
509,564
509,517
509,558
509,550
509,569
509,521
509,586
509,536
509,556
509,597
510,599
510,543
510,574
510,560
510,530
510,520
510,593
510,584
510,571
510,569
510,563
510,552
510,526
510,523
510,519
510,546
510,596
510,572
510,524
510,515
510,539
510,589
510,528
510,537
510,557
510,529
510,591
511,583
511,561
511,551
511,585
511,581
511,573
511,520
511,567
511,564
511,558
511,523
511,535
511,537
511,589
511,542
511,552
511,576
511,529
511,528
511,591
511,597
511,596
511,549
511,530
512,557
512,527
512,597
512,545
512,544
512,535
512,530
512,591
512,586
512,585
512,576
512,573
512,572
512,568
512,556
512,549
512,537
512,533
512,516
512,554
512,550
512,566
512,553
512,555
512,560
512,581
512,523
512,548
512,542
512,595
512,589
512,541
512,594
513,597
513,545
513,544
513,591
513,590
513,558
513,554
513,552
513,526
513,576
513,572
513,524
513,595
513,539
513,529
513,532
513,565
513,547
513,561
513,593
513,599
514,594
514,561
514,544
514,590
514,587
514,577
514,573
514,558
514,542
514,519
514,581
514,562
514,557
514,549
514,526
515,557
515,597
515,594
515,551
515,545
515,530
515,524
515,520
515,556
515,539
515,522
515,521
515,517
515,596
515,592
515,563
515,523
515,547
515,537
515,553
515,589
516,531
516,594
516,579
516,565
516,520
516,590
516,586
516,582
516,577
516,575
516,534
516,559
516,526
516,549
516,543
516,584
516,537
516,550
516,530
516,527
516,598
516,568
517,595
517,544
517,530
517,587
517,576
517,575
517,569
517,567
517,548
517,532
517,525
517,519
517,555
517,542
517,592
517,541
517,590
517,534
517,584
517,579
517,578
517,563
517,561
517,527
517,562
517,559
517,526
518,579
518,560
518,597
518,535
518,590
518,584
518,577
518,573
518,569
518,568
518,540
518,539
518,538
518,537
518,557
518,580
518,576
518,556
518,555
518,595
519,557
519,527
519,579
519,551
519,581
519,572
519,569
519,567
519,562
519,554
519,553
519,549
519,533
519,529
519,522
519,521
519,598
519,537
519,584
519,563
519,541
519,556
519,538
519,576
520,531
520,598
520,597
520,578
520,545
520,593
520,589
520,581
520,555
520,552
520,542
520,558
520,599
520,554
520,553
520,547
520,544
520,569
521,531
521,543
521,583
521,565
521,535
521,581
521,569
521,568
521,563
521,558
521,547
521,589
521,584
521,580
521,586
521,544
521,529
521,566
521,546
521,596
522,597
522,530
522,593
522,592
522,590
522,576
522,573
522,567
522,566
522,564
522,563
522,550
522,547
522,541
522,539
522,538
522,584
522,525
522,549
522,537
522,533
522,572
522,598
522,545
523,531
523,543
523,583
523,551
523,592
523,591
523,590
523,542
523,537
523,534
523,552
523,549
523,599
523,538
523,588
523,576
523,564
523,550
523,571
523,559
523,525
523,556
523,560
523,530
523,541
524,551
524,581
524,572
524,555
524,546
524,560
524,586
524,535
524,564
524,568
524,565
524,530
525,531
525,580
525,598
525,593
525,591
525,590
525,582
525,577
525,552
525,584
525,543
525,541
525,576
525,548
525,539
525,589
525,555
525,545
526,579
526,596
526,588
526,587
526,586
526,569
526,567
526,564
526,559
526,553
526,550
526,534
526,533
526,582
526,561
526,557
526,595
526,527
526,543
527,599
527,543
527,598
527,579
527,530
527,591
527,590
527,577
527,576
527,573
527,569
527,568
527,554
527,549
527,542
527,541
527,540
527,539
527,538
527,537
527,528
527,595
527,582
527,575
527,566
527,555
527,596
528,531
528,557
528,580
528,551
528,593
528,591
528,590
528,582
528,568
528,559
528,555
528,554
528,550
528,534
528,547
528,595
528,577
528,546
528,599
528,549
528,536
528,586
528,594
528,564
529,599
529,597
529,594
529,583
529,545
529,596
529,577
529,573
529,570
529,569
529,556
529,538
529,537
529,586
529,581
529,576
529,549
529,541
529,565
529,532
529,535
529,560
530,594
530,583
530,579
530,578
530,551
530,545
530,535
530,585
530,556
530,555
530,540
530,536
530,586
530,564
530,562
530,558
531,594
531,574
531,551
531,545
531,597
531,580
531,591
531,589
531,586
531,585
531,584
531,582
531,570
531,569
531,563
531,556
531,555
531,550
531,548
531,539
531,536
531,534
531,573
531,593
531,557
531,588
531,575
531,571
531,537
531,599
532,557
532,561
532,596
532,592
532,587
532,542
532,541
532,586
532,539
532,574
532,537
532,583
532,581
532,553
532,543
532,590
533,543
533,579
533,565
533,551
533,545
533,544
533,535
533,592
533,582
533,564
533,555
533,538
533,537
533,541
533,585
533,536
533,534
533,546
534,580
534,597
534,561
534,560
534,596
534,589
534,584
534,581
534,569
534,548
534,547
534,539
534,553
534,590
534,587
534,552
534,599
534,538
534,588
534,571
535,599
535,594
535,583
535,551
535,545
535,544
535,591
535,564
535,562
535,556
535,555
535,549
535,536
535,576
535,568
535,586
535,558
535,547
535,577
536,565
536,561
536,545
536,590
536,588
536,581
536,572
536,570
536,569
536,562
536,550
536,578
536,576
536,556
536,553
536,584
536,598
536,595
537,598
537,560
537,592
537,582
537,581
537,553
537,547
537,538
537,562
537,590
538,580
538,598
538,583
538,574
538,560
538,545
538,592
538,590
538,581
538,568
538,567
538,555
538,539
538,553
538,546
538,596
538,576
538,569
538,562
538,565
538,578
538,586
538,549
539,543
539,589
539,587
539,584
539,572
539,564
539,556
539,553
539,550
539,549
539,579
539,571
539,569
539,588
539,541
539,559
539,594
539,547
539,598
539,546
540,595
540,594
540,578
540,545
540,593
540,589
540,577
540,576
540,575
540,562
540,559
540,547
540,542
540,588
540,586
540,564
540,549
540,553
540,548
541,557
541,583
541,578
541,551
541,545
541,592
541,590
541,588
541,587
541,577
541,573
541,555
541,589
541,585
541,576
541,566
541,563
541,594
542,543
542,597
542,596
542,575
542,572
542,553
542,578
542,589
542,577
542,563
542,562
542,584
542,561
542,599
542,574
542,582
543,594
543,578
543,574
543,565
543,545
543,544
543,597
543,591
543,587
543,577
543,576
543,546
543,599
543,588
543,585
543,580
543,579
543,570
543,564
543,560
543,555
543,598
544,598
544,595
544,583
544,574
544,593
544,576
544,571
544,569
544,550
544,581
544,573
544,566
544,557
544,578
544,568
544,545
544,561
545,551
545,593
545,589
545,587
545,584
545,577
545,566
545,559
545,554
545,553
545,550
545,547
545,575
545,569
545,558
545,560
546,595
546,574
546,593
546,572
546,567
546,564
546,559
546,547
546,594
546,556
547,598
547,578
547,590
547,587
547,584
547,576
547,571
547,566
547,559
547,553
547,552
547,558
547,561
547,554
547,555
547,592
547,567
548,597
548,574
548,593
548,588
548,582
548,567
548,563
548,587
548,564
548,591
548,579
548,577
548,592
549,557
549,597
549,596
549,591
549,590
549,589
549,588
549,575
549,568
549,567
549,554
549,570
549,559
549,551
549,593
549,576
549,592
549,566
549,563
549,564
550,557
550,584
550,570
550,569
550,568
550,567
550,556
550,589
550,596
550,594
551,594
551,591
551,589
551,564
551,555
551,588
551,577
551,562
551,557
551,598
551,560
551,553
552,580
552,598
552,583
552,591
552,582
552,569
552,560
552,558
552,587
553,595
553,594
553,560
553,573
553,572
553,559
553,555
553,591
553,579
553,587
553,576
553,580
553,569
553,593
554,599
554,596
554,593
554,592
554,591
554,587
554,577
554,571
554,566
554,555
554,584
554,560
555,579
555,593
555,588
555,582
555,576
555,573
555,571
555,592
555,599
556,579
556,578
556,565
556,561
556,593
556,587
556,559
556,598
556,595
556,563
556,571
556,569
556,580
556,584
557,582
557,563
557,573
557,596
557,588
557,576
557,567
557,592
557,584
558,599
558,595
558,579
558,561
558,596
558,593
558,589
558,587
558,586
558,573
558,569
558,568
558,585
558,576
558,563
558,566
558,560
559,580
559,594
559,583
559,573
559,570
559,569
559,566
559,564
559,585
559,581
559,562
559,579
560,599
560,597
560,561
560,584
560,569
560,564
560,598
560,582
560,580
560,562
560,577
560,581
561,595
561,591
561,587
561,576
561,568
561,574
561,597
561,566
561,590
561,594
562,579
562,593
562,584
562,572
562,571
562,589
562,576
562,565
562,564
562,596
562,586
562,590
562,594
563,599
563,589
563,573
563,571
563,570
563,580
563,596
563,564
563,590
563,597
564,580
564,583
564,593
564,592
564,591
564,590
564,587
564,586
564,585
564,581
564,576
564,571
564,569
564,595
565,579
565,578
565,574
565,581
565,569
565,597
565,566
565,599
565,580
566,599
566,580
566,598
566,587
566,584
566,577
566,567
566,576
566,578
566,594
566,597
567,591
567,587
567,577
567,576
567,595
567,578
567,596
567,590
567,581
567,569
568,580
568,595
568,578
568,581
568,585
568,579
568,587
568,594
569,580
569,598
569,591
569,589
569,588
569,586
569,575
569,571
569,582
570,580
570,571
570,597
570,576
570,588
570,575
570,592
571,592
571,587
571,586
571,585
571,577
572,582
572,573
572,595
572,586
573,593
573,586
573,584
573,575
573,591
573,592
573,587
573,577
573,585
573,588
574,597
574,594
574,579
574,582
574,584
574,583
574,589
574,581
575,597
575,594
575,577
575,583
575,582
575,584
575,587
576,597
576,583
576,579
576,578
576,589
576,582
576,581
576,577
576,590
576,586
577,587
577,584
577,582
577,591
577,579
577,596
578,580
578,592
578,582
578,581
579,595
579,583
579,581
579,598
579,597
579,594
580,599
580,598
580,595
581,587
581,586
581,585
581,596
582,597
582,591
582,590
582,587
583,596
583,592
583,591
583,589
583,588
584,587
584,585
584,586
584,592
585,589
585,595
585,587
586,587
586,594
586,589
587,597
587,591
587,589
587,588
588,591
588,589
589,591
590,598
591,592
592,598
592,597
594,597
594,599
596,599
597,598
600,696
600,726
600,779
600,755
600,710
600,691
600,676
600,670
600,763
600,666
600,652
600,644
600,736
600,639
600,631
600,702
600,799
600,787
600,758
600,777
600,633
600,730
600,675
600,722
600,708
600,601
600,698
600,795
600,654
600,798
600,701
600,624
600,721
600,641
600,673
600,615
600,709
600,663
600,753
600,706
600,660
600,727
600,771
600,695
600,747
600,650
600,791
600,700
600,603
600,704
600,635
600,743
600,602
600,621
601,679
601,696
601,606
601,636
601,726
601,792
601,788
601,786
601,778
601,764
601,760
601,728
601,725
601,714
601,686
601,664
601,752
601,655
601,653
601,741
601,644
601,642
601,699
601,602
601,796
601,785
601,685
601,782
601,639
601,780
601,680
601,777
601,771
601,763
601,758
601,659
601,756
601,704
601,607
601,651
601,748
601,637
601,630
601,727
601,723
601,722
601,708
601,604
601,698
601,693
601,684
601,660
601,678
601,797
601,609
601,676
601,773
601,632
601,621
601,619
601,618
601,635
601,732
601,713
601,616
601,740
601,643
601,717
601,620
601,751
601,799
601,658
601,692
601,794
602,774
602,696
602,688
602,765
602,760
602,691
602,690
602,761
602,664
602,655
602,650
602,644
602,611
602,762
602,780
602,636
602,733
602,732
602,627
602,721
602,657
602,754
602,707
602,795
602,698
602,689
602,684
602,678
602,775
602,634
602,681
602,632
602,659
602,784
602,643
602,798
602,676
602,773
602,625
602,672
602,790
602,618
602,617
602,614
602,716
602,619
602,654
602,699
602,796
602,608
602,794
602,720
602,623
602,763
602,622
603,729
603,649
603,778
603,764
603,759
603,716
603,713
603,710
603,702
603,691
603,676
603,661
603,645
603,639
603,705
603,611
603,699
603,793
603,754
603,707
603,761
603,620
603,667
603,612
603,659
603,672
603,677
603,771
603,741
603,788
603,647
603,624
603,643
603,767
603,617
603,656
603,703
603,728
603,634
603,610
603,633
604,741
604,626
604,636
604,668
604,765
604,761
604,760
604,728
604,716
604,669
604,652
604,605
604,772
604,756
604,748
604,684
604,781
604,637
604,635
604,732
604,797
604,703
604,791
604,697
604,787
604,693
604,739
604,789
604,692
604,783
604,689
604,779
604,670
604,767
604,673
604,625
604,672
604,775
604,634
604,729
604,632
604,624
604,763
604,622
604,784
604,740
604,643
604,620
604,713
604,616
604,683
604,660
604,708
604,614
604,720
604,623
604,612
604,621
604,751
604,610
604,796
604,608
605,729
605,682
605,788
605,760
605,742
605,725
605,716
605,761
605,617
605,714
605,702
605,787
605,690
605,680
605,668
605,765
605,768
605,671
605,715
605,662
605,759
605,665
605,656
605,686
605,639
605,793
605,785
605,771
605,629
605,767
605,646
605,743
605,660
605,657
605,754
605,707
605,734
605,637
605,684
605,685
605,709
605,706
605,641
605,766
605,672
605,773
605,778
605,681
605,745
605,651
606,649
606,699
606,778
606,765
606,759
606,742
606,740
606,719
606,714
606,713
606,788
606,691
606,675
606,669
606,655
606,652
606,613
606,611
606,607
606,787
606,783
606,782
606,780
606,773
606,770
606,762
606,758
606,754
606,753
606,743
606,739
606,733
606,627
606,724
606,712
606,707
606,703
606,701
606,793
606,790
606,693
606,678
606,672
606,667
606,660
606,659
606,634
606,730
606,633
606,797
606,725
606,628
606,621
606,717
606,620
607,774
607,688
607,734
607,687
607,766
607,761
607,742
607,728
607,719
607,713
607,700
607,768
607,671
607,670
607,650
607,646
607,613
607,652
607,793
607,686
607,783
607,770
607,763
607,780
607,733
607,724
607,627
607,721
607,698
607,685
607,684
607,740
607,643
607,750
607,703
607,609
607,773
607,632
607,789
607,695
607,672
607,712
607,715
607,618
607,722
607,628
607,663
607,714
607,617
607,657
607,634
607,681
607,776
607,635
607,612
607,661
607,711
607,614
607,705
607,608
608,719
608,671
608,669
608,666
608,676
608,629
608,799
608,699
608,793
608,644
608,785
608,737
608,784
608,769
608,707
608,627
608,721
608,698
608,742
608,789
608,695
608,739
608,646
608,693
608,703
608,704
608,657
608,681
608,634
608,773
608,632
608,635
608,661
608,614
608,685
608,732
608,711
608,758
608,617
608,662
608,618
608,795
608,748
609,696
609,649
609,687
609,726
609,747
609,713
609,727
609,630
609,677
609,661
609,799
609,702
609,655
609,745
609,651
609,645
609,798
609,787
609,763
609,779
609,776
609,753
609,673
609,767
609,768
609,624
609,721
609,617
609,703
609,790
609,743
609,791
609,697
609,672
609,769
609,795
609,654
609,789
609,623
609,719
609,732
609,778
609,731
609,662
610,734
610,699
610,726
610,768
610,761
610,755
610,728
610,725
610,705
610,669
610,753
610,656
610,638
610,799
610,789
610,780
610,775
610,674
610,771
610,660
610,757
610,752
610,655
610,749
610,672
610,769
610,722
610,613
610,754
610,707
610,632
610,635
610,682
610,779
610,697
610,627
610,721
610,798
610,704
610,706
610,612
610,719
610,622
610,712
610,642
610,689
610,643
610,773
610,667
610,621
610,787
610,693
610,647
610,711
610,614
610,651
611,688
611,649
611,726
611,786
611,768
611,764
611,761
611,759
611,755
611,747
611,742
611,728
611,720
611,799
611,702
611,691
611,670
611,765
611,743
611,646
611,639
611,734
611,637
611,705
611,789
611,678
611,775
611,674
611,771
611,769
611,797
611,750
611,782
611,685
611,635
611,732
611,613
611,657
611,754
611,707
611,698
611,680
611,777
611,683
611,627
611,729
611,632
611,669
611,622
611,784
611,643
611,620
611,618
611,641
611,713
611,716
611,619
611,625
611,727
612,729
612,741
612,630
612,726
612,786
612,764
612,761
612,759
612,746
612,645
612,742
612,700
612,671
612,669
612,665
612,749
612,652
612,750
612,796
612,785
612,641
612,738
612,724
612,673
612,770
612,723
612,661
612,711
612,614
612,708
612,798
612,704
612,651
612,698
612,735
612,615
612,709
612,663
612,781
612,640
612,775
612,634
612,633
612,675
612,625
612,722
612,619
612,650
612,744
612,720
613,774
613,696
613,699
613,636
613,794
613,766
613,761
613,760
613,725
613,720
613,717
613,705
613,691
613,690
613,773
613,676
613,765
613,653
613,749
613,652
613,743
613,646
613,739
613,642
613,639
613,644
613,785
613,781
613,776
613,775
613,772
613,753
613,747
613,650
613,694
613,791
613,744
613,742
613,645
613,692
613,633
613,730
613,680
613,727
613,771
613,724
613,712
613,721
613,795
613,698
613,792
613,695
613,648
613,641
613,713
613,616
613,672
613,758
613,714
613,617
613,673
614,682
614,649
614,741
614,788
614,768
614,759
614,752
614,747
614,719
614,717
614,702
614,700
614,762
614,665
614,664
614,646
614,639
614,780
614,669
614,763
614,641
614,738
614,724
614,723
614,721
614,718
614,707
614,637
614,684
614,764
614,667
614,784
614,643
614,713
614,616
614,760
614,663
614,640
614,659
614,633
614,730
614,685
614,720
614,623
614,778
614,681
614,796
614,749
614,670
614,767
614,673
614,698
614,694
614,745
614,648
614,790
615,760
615,752
615,745
615,640
615,737
615,677
615,671
615,646
615,645
615,735
615,638
615,629
615,798
615,777
615,763
615,758
615,749
615,727
615,721
615,708
615,707
615,786
615,689
615,731
615,684
615,790
615,673
615,667
615,776
615,779
615,753
615,659
615,654
615,729
615,632
615,695
615,618
615,641
615,619
615,778
615,681
615,710
615,616
615,744
615,697
615,628
615,698
616,688
616,741
616,734
616,792
616,788
616,768
616,736
616,717
616,797
616,700
616,761
616,664
616,793
616,784
616,676
616,773
616,728
616,631
616,772
616,629
616,770
616,762
616,735
616,798
616,795
616,698
616,694
616,689
616,744
616,697
616,624
616,721
616,674
616,703
616,754
616,657
616,654
616,622
616,666
616,619
616,618
616,707
616,705
616,799
616,658
616,635
616,789
616,706
616,683
616,623
617,774
617,626
617,687
617,794
617,778
617,764
617,747
617,767
617,670
617,763
617,666
617,736
617,642
617,676
617,629
617,720
617,669
617,751
617,691
617,641
617,738
617,733
617,771
617,724
617,706
617,703
617,685
617,735
617,710
617,663
617,781
617,640
617,701
617,632
617,712
617,620
617,702
617,696
617,793
617,789
617,648
617,722
617,625
617,769
617,672
618,711
618,679
618,696
618,682
618,741
618,626
618,768
618,765
618,752
618,747
618,742
618,725
618,720
618,717
618,716
618,715
618,710
618,700
618,676
618,666
618,664
618,661
618,642
618,762
618,647
618,744
618,657
618,754
618,707
618,743
618,646
618,693
618,735
618,732
618,685
618,681
618,724
618,627
618,674
618,667
618,757
618,663
618,672
618,699
618,740
618,643
618,706
618,659
618,772
618,678
618,632
618,637
618,684
618,798
618,701
618,749
618,633
618,695
619,729
619,741
619,788
619,766
619,760
619,747
619,742
619,719
619,716
619,714
619,700
619,675
619,671
619,665
619,656
619,655
619,646
619,638
619,631
619,627
619,694
619,791
619,687
619,784
619,676
619,773
619,749
619,739
619,738
619,637
619,634
619,731
619,625
619,722
619,712
619,708
619,786
619,689
619,699
619,673
619,667
619,776
619,706
619,659
619,698
619,795
619,748
619,798
619,701
619,654
619,640
619,662
619,657
619,693
619,789
620,711
620,696
620,682
620,741
620,626
620,636
620,794
620,778
620,764
620,680
620,743
620,646
620,698
620,795
620,780
620,772
620,629
620,673
620,770
620,762
620,749
620,773
620,798
620,657
620,704
620,664
620,641
620,771
620,674
620,791
620,694
620,745
620,648
620,689
620,643
620,640
620,722
620,622
620,719
620,672
620,669
620,747
621,711
621,729
621,688
621,682
621,636
621,792
621,742
621,725
621,719
621,716
621,715
621,700
621,788
621,691
621,690
621,671
621,670
621,741
621,644
621,655
621,796
621,795
621,739
621,642
621,686
621,783
621,684
621,781
621,765
621,762
621,627
621,721
621,650
621,694
621,791
621,794
621,697
621,735
621,641
621,731
621,706
621,777
621,683
621,663
621,708
621,759
621,662
621,657
621,704
621,658
621,745
621,648
621,673
621,693
621,774
621,677
621,771
621,740
621,643
622,729
622,682
622,764
622,690
622,774
622,680
622,779
622,638
622,785
622,676
622,770
622,762
622,756
622,780
622,733
622,730
622,765
622,718
622,697
622,646
622,693
622,688
622,735
622,704
622,681
622,648
622,625
622,689
622,761
622,754
622,660
622,731
622,703
622,705
622,701
622,654
622,771
622,724
622,632
623,687
623,794
623,786
623,768
623,752
623,745
623,720
623,716
623,714
623,713
623,772
623,770
623,761
623,664
623,758
623,656
623,753
623,744
623,630
623,727
623,677
623,724
623,624
623,721
623,779
623,775
623,634
623,778
623,681
623,795
623,701
623,751
623,654
623,782
623,735
623,641
623,781
623,737
623,640
623,657
623,773
623,632
623,695
623,672
623,693
623,790
623,743
623,711
623,708
623,777
623,683
623,787
623,694
624,679
624,726
624,682
624,779
624,778
624,766
624,765
624,747
624,725
624,714
624,772
624,675
624,666
624,655
624,646
624,645
624,790
624,782
624,780
624,661
624,758
624,656
624,753
624,751
624,723
624,703
624,701
624,795
624,698
624,637
624,684
624,744
624,794
624,697
624,674
624,635
624,644
624,688
624,785
624,738
624,754
624,660
624,708
624,662
624,748
624,718
624,625
624,672
624,767
625,668
625,696
625,734
625,636
625,786
625,682
625,779
625,764
625,760
625,759
625,725
625,719
625,714
625,783
625,686
625,774
625,677
625,676
625,656
625,752
625,655
625,653
625,652
625,798
625,650
625,791
625,789
625,777
625,738
625,729
625,632
625,758
625,782
625,735
625,712
625,743
625,627
625,674
625,654
625,631
625,772
625,775
625,678
625,716
625,634
625,651
625,739
625,693
626,774
626,734
626,687
626,737
626,725
626,717
626,699
626,666
626,646
626,642
626,696
626,790
626,726
626,773
626,769
626,763
626,668
626,762
626,757
626,732
626,718
626,708
626,707
626,706
626,798
626,704
626,674
626,673
626,719
626,672
626,654
626,634
626,750
626,797
626,667
626,759
626,665
626,664
626,758
626,636
626,651
627,774
627,668
627,696
627,734
627,630
627,794
627,768
627,761
627,759
627,742
627,720
627,717
627,714
627,702
627,784
627,670
627,669
627,750
627,653
627,651
627,650
627,631
627,685
627,782
627,754
627,788
627,691
627,741
627,644
627,738
627,723
627,721
627,638
627,732
627,751
627,704
627,778
627,681
627,673
627,789
627,792
627,695
627,647
627,694
627,722
627,633
627,667
627,666
627,655
627,665
627,769
627,795
628,774
628,649
628,741
628,636
628,794
628,779
628,778
628,737
628,720
628,716
628,714
628,705
628,787
628,690
628,670
628,758
628,661
628,631
628,702
628,655
628,796
628,696
628,793
628,788
628,691
628,785
628,685
628,782
628,754
628,750
628,650
628,791
628,744
628,724
628,727
628,704
628,693
628,692
628,689
628,674
628,795
628,654
628,683
628,730
628,634
628,731
628,684
628,662
628,722
629,682
629,768
629,765
629,760
629,720
629,700
629,630
629,677
629,670
629,792
629,651
629,642
629,686
629,639
629,637
629,692
629,739
629,750
629,704
629,763
629,741
629,788
629,694
629,770
629,678
629,632
629,758
629,735
629,761
629,789
629,695
629,766
629,672
629,663
629,652
629,793
629,737
629,784
630,774
630,688
630,734
630,792
630,788
630,747
630,737
630,719
630,717
630,714
630,713
630,710
630,761
630,664
630,653
630,652
630,642
630,728
630,631
630,796
630,789
630,784
630,776
630,675
630,772
630,770
630,767
630,753
630,748
630,727
630,702
630,799
630,721
630,704
630,697
630,689
630,685
630,781
630,684
630,681
630,764
630,667
630,660
630,756
630,659
630,657
630,654
630,648
630,744
630,647
630,634
630,720
630,706
630,703
630,795
630,698
631,679
631,792
631,766
631,761
631,760
631,759
631,755
631,745
631,742
631,720
631,715
631,788
631,691
631,686
631,768
631,671
631,655
631,652
631,646
631,642
631,656
631,700
631,797
631,685
631,782
631,683
631,780
631,770
631,763
631,688
631,785
631,738
631,712
631,684
631,771
631,724
631,678
631,764
631,667
631,659
631,706
631,730
631,660
631,640
631,798
631,657
631,681
631,732
631,635
631,716
631,713
631,791
631,794
631,697
631,675
631,725
632,711
632,679
632,766
632,759
632,713
632,686
632,747
632,650
632,702
632,799
632,791
632,787
632,781
632,780
632,753
632,653
632,750
632,642
632,739
632,727
632,718
632,708
632,697
632,782
632,785
632,779
632,772
632,678
632,767
632,654
632,751
632,657
632,634
632,652
632,749
632,705
632,709
632,712
632,795
632,698
632,715
632,771
632,724
632,648
632,743
632,793
632,699
632,758
633,729
633,696
633,649
633,779
633,766
633,759
633,752
633,705
633,702
633,788
633,691
633,686
633,749
633,652
633,651
633,673
633,770
633,769
633,750
633,743
633,732
633,709
633,704
633,795
633,654
633,701
633,697
633,744
633,647
633,694
633,641
633,700
633,674
633,692
633,789
633,695
633,781
633,737
633,640
633,712
633,707
633,730
633,683
633,645
633,739
634,711
634,668
634,687
634,794
634,747
634,746
634,761
634,714
634,677
634,686
634,783
634,777
634,673
634,770
634,757
634,659
634,756
634,739
634,733
634,703
634,684
634,753
634,772
634,775
634,678
634,773
634,768
634,674
634,727
634,798
634,704
634,728
634,681
634,658
634,745
634,651
634,699
634,719
634,695
634,795
635,682
635,768
635,765
635,747
635,742
635,736
635,725
635,710
635,677
635,766
635,669
635,666
635,665
635,664
635,749
635,652
635,644
635,791
635,690
635,787
635,781
635,676
635,773
635,739
635,780
635,733
635,637
635,731
635,713
635,663
635,727
635,658
635,746
635,786
635,689
635,784
635,643
635,641
635,772
635,728
635,647
635,662
635,798
635,751
635,657
635,722
635,651
635,750
635,653
635,703
635,797
636,729
636,649
636,792
636,779
636,768
636,766
636,764
636,761
636,759
636,719
636,715
636,714
636,691
636,686
636,680
636,675
636,670
636,665
636,650
636,646
636,710
636,790
636,789
636,688
636,785
636,687
636,784
636,773
636,763
636,758
636,754
636,753
636,653
636,750
636,652
636,749
636,748
636,738
636,799
636,723
636,709
636,708
636,791
636,694
636,781
636,684
636,663
636,660
636,658
636,648
636,740
636,643
636,722
636,796
637,668
637,699
637,786
637,764
637,761
637,747
637,720
637,715
637,717
637,670
637,700
637,653
637,644
637,642
637,638
637,773
637,771
637,769
637,752
637,655
637,749
637,723
637,789
637,695
637,663
637,690
637,740
637,643
637,727
637,798
637,751
637,704
637,778
637,681
637,693
637,744
637,647
637,671
637,791
637,794
637,697
637,777
638,729
638,741
638,788
638,742
638,702
638,677
638,675
638,670
638,715
638,651
638,739
638,642
638,652
638,696
638,793
638,787
638,784
638,776
638,725
638,775
638,678
638,707
638,704
638,728
638,681
638,705
638,755
638,658
638,756
638,709
638,710
638,663
638,640
638,789
638,745
638,648
638,792
638,695
638,672
638,746
638,721
638,713
638,700
639,682
639,687
639,786
639,766
639,667
639,764
639,736
639,725
639,719
639,737
639,690
639,666
639,656
639,651
639,655
639,796
639,781
639,780
639,675
639,769
639,661
639,758
639,738
639,641
639,735
639,677
639,771
639,724
639,723
639,707
639,685
639,681
639,755
639,658
639,700
639,744
639,740
639,693
639,794
640,679
640,668
640,696
640,734
640,794
640,792
640,682
640,779
640,760
640,747
640,719
640,716
640,710
640,691
640,686
640,753
640,656
640,796
640,787
640,784
640,762
640,754
640,731
640,701
640,743
640,717
640,667
640,641
640,680
640,727
640,770
640,723
640,712
640,756
640,709
640,713
640,706
640,711
640,761
640,664
640,692
641,682
641,788
641,786
641,766
641,752
641,747
641,649
641,746
641,725
641,716
641,713
641,690
641,765
641,665
641,642
641,797
641,796
641,696
641,793
641,687
641,784
641,773
641,772
641,757
641,751
641,749
641,743
641,723
641,712
641,703
641,748
641,798
641,701
641,698
641,693
641,781
641,684
641,780
641,683
641,767
641,673
641,672
641,648
641,662
641,667
641,740
641,643
641,737
641,758
641,714
641,659
641,754
641,791
641,694
641,794
641,681
642,696
642,649
642,755
642,742
642,737
642,716
642,652
642,650
642,799
642,797
642,644
642,785
642,784
642,683
642,780
642,776
642,680
642,727
642,718
642,706
642,732
642,685
642,778
642,681
642,674
642,790
642,743
642,694
642,792
642,695
642,648
642,654
642,653
642,676
642,665
642,663
642,758
642,798
643,679
643,682
643,761
643,752
643,691
643,671
643,646
643,796
643,777
643,773
643,670
643,767
643,656
643,653
643,750
643,739
643,738
643,732
643,723
643,769
643,722
643,754
643,707
643,697
643,772
643,678
643,663
643,709
643,662
643,681
643,762
643,708
643,798
643,735
643,712
643,731
643,711
643,695
644,711
644,679
644,682
644,687
644,786
644,778
644,668
644,765
644,664
644,761
644,746
644,737
644,710
644,686
644,675
644,670
644,716
644,669
644,666
644,661
644,747
644,653
644,795
644,791
644,787
644,773
644,691
644,738
644,732
644,724
644,718
644,709
644,754
644,707
644,674
644,699
644,720
644,673
644,727
644,751
644,704
644,659
644,692
644,794
645,679
645,668
645,729
645,696
645,794
645,786
645,766
645,761
645,736
645,713
645,691
645,773
645,676
645,665
645,758
645,661
645,702
645,655
645,646
645,690
645,687
645,784
645,767
645,763
645,735
645,674
645,721
645,753
645,706
645,662
645,654
645,748
645,727
645,677
645,750
645,678
645,775
645,681
645,705
645,658
645,772
645,742
645,789
645,792
645,695
645,650
645,791
646,768
646,761
646,747
646,746
646,740
646,720
646,719
646,710
646,691
646,686
646,797
646,782
646,680
646,777
646,775
646,769
646,762
646,744
646,755
646,658
646,742
646,648
646,706
646,753
646,660
646,661
646,716
646,657
646,713
646,702
646,655
646,696
646,793
647,711
647,729
647,688
647,649
647,741
647,788
647,786
647,759
647,725
647,714
647,702
647,690
647,772
647,675
647,758
647,661
647,752
647,655
647,652
647,790
647,789
647,782
647,664
647,656
647,797
647,750
647,739
647,733
647,773
647,724
647,721
647,748
647,651
647,795
647,698
647,791
647,694
647,667
647,709
647,663
647,754
647,660
647,734
647,704
647,776
647,767
647,673
647,723
647,654
647,715
647,777
647,718
647,672
648,688
648,734
648,786
648,768
648,752
648,745
648,716
648,715
648,702
648,670
648,666
648,650
648,696
648,793
648,790
648,687
648,784
648,680
648,777
648,749
648,727
648,722
648,718
648,712
648,751
648,704
648,797
648,703
648,695
648,673
648,754
648,660
648,707
648,731
648,684
648,732
648,748
648,701
648,678
648,686
648,783
648,717
648,698
648,661
649,696
649,764
649,752
649,740
649,737
649,728
649,705
649,686
649,765
649,661
649,796
649,791
649,679
649,776
649,675
649,772
649,771
649,770
649,769
649,753
649,751
649,749
649,798
649,727
649,723
649,712
649,709
649,708
649,704
649,698
649,697
649,695
649,693
649,785
649,685
649,683
649,778
649,681
649,754
649,657
649,741
649,744
649,738
649,711
650,679
650,668
650,688
650,682
650,726
650,792
650,786
650,759
650,755
650,737
650,720
650,715
650,705
650,788
650,691
650,690
650,686
650,768
650,671
650,670
650,666
650,656
650,653
650,651
650,799
650,793
650,791
650,684
650,781
650,777
650,659
650,756
650,738
650,727
650,724
650,723
650,706
650,693
650,731
650,654
650,751
650,704
650,657
650,795
650,742
650,782
650,722
650,673
650,745
650,729
650,794
651,682
651,741
651,699
651,788
651,766
651,765
651,746
651,745
651,742
651,737
651,725
651,720
651,717
651,705
651,686
651,677
651,676
651,670
651,653
651,652
651,798
651,787
651,784
651,684
651,781
651,674
651,771
651,758
651,757
651,718
651,712
651,795
651,698
651,739
651,789
651,692
651,689
651,748
651,654
651,709
651,662
651,704
651,727
651,723
651,726
651,678
651,775
651,776
651,753
651,772
651,721
651,793
652,711
652,734
652,745
652,742
652,737
652,717
652,713
652,702
652,686
652,677
652,676
652,768
652,671
652,661
652,656
652,653
652,694
652,791
652,784
652,780
652,777
652,738
652,712
652,704
652,703
652,693
652,790
652,743
652,793
652,690
652,787
652,764
652,667
652,756
652,759
652,662
652,660
652,771
652,674
652,794
652,782
652,786
652,689
652,732
652,772
652,678
652,726
652,727
652,673
653,696
653,788
653,764
653,655
653,752
653,720
653,715
653,669
653,666
653,702
653,798
653,780
653,678
653,775
653,758
653,750
653,734
653,695
653,684
653,755
653,708
653,756
653,662
653,654
653,724
653,791
653,741
653,735
653,736
653,690
653,784
653,771
653,727
653,679
653,776
653,754
654,711
654,734
654,788
654,759
654,752
654,710
654,665
654,784
654,782
654,776
654,670
654,767
654,749
654,733
654,723
654,721
654,664
654,695
654,678
654,775
654,778
654,681
654,750
654,693
654,694
654,794
654,753
654,659
654,727
654,772
654,773
654,725
654,686
654,783
654,666
654,716
654,742
654,669
655,679
655,687
655,792
655,786
655,779
655,766
655,759
655,752
655,747
655,737
655,720
655,714
655,690
655,665
655,795
655,785
655,783
655,680
655,771
655,666
655,763
655,735
655,709
655,707
655,663
655,656
655,703
655,751
655,657
655,700
655,790
655,693
655,743
655,739
655,683
655,780
655,731
655,697
655,675
656,679
656,794
656,788
656,682
656,779
656,765
656,761
656,719
656,714
656,705
656,669
656,665
656,692
656,789
656,690
656,787
656,753
656,738
656,735
656,727
656,721
656,703
656,701
656,775
656,681
656,658
656,747
656,737
656,685
656,709
656,662
656,772
656,728
656,694
656,666
656,751
656,670
656,777
656,672
656,790
657,679
657,741
657,788
657,761
657,760
657,745
657,742
657,719
657,710
657,666
657,661
657,797
657,793
657,784
657,783
657,782
657,781
657,775
657,754
657,739
657,735
657,732
657,727
657,673
657,770
657,723
657,791
657,694
657,786
657,689
657,670
657,767
657,744
657,747
657,729
657,659
657,730
657,790
657,693
657,762
657,717
657,675
657,772
657,709
657,662
657,713
657,724
657,748
657,798
657,701
657,796
658,711
658,679
658,687
658,786
658,737
658,700
658,746
658,796
658,716
658,669
658,701
658,798
658,702
658,777
658,758
658,693
658,790
658,743
658,738
658,732
658,779
658,748
658,782
658,673
658,695
658,672
658,663
658,756
658,662
658,780
658,733
658,692
658,740
658,727
658,677
658,765
659,688
659,682
659,726
659,768
659,765
659,761
659,725
659,720
659,680
659,669
659,796
659,793
659,784
659,776
659,773
659,673
659,770
659,769
659,754
659,753
659,741
659,739
659,780
659,733
659,758
659,711
659,786
659,689
659,732
659,782
659,685
659,772
659,678
659,674
659,757
659,663
659,744
659,667
659,798
659,701
659,716
659,709
660,774
660,741
660,755
660,740
660,737
660,720
660,717
660,665
660,796
660,785
660,775
660,773
660,770
660,664
660,758
660,757
660,782
660,735
660,724
660,754
660,707
660,786
660,689
660,667
660,731
660,708
660,662
660,787
660,693
660,777
660,725
660,739
660,692
660,716
660,669
661,679
661,699
661,726
661,794
661,788
661,766
661,747
661,746
661,728
661,714
661,710
661,705
661,677
661,761
661,664
661,782
661,781
661,673
661,770
661,790
661,743
661,732
661,777
661,730
661,721
661,786
661,689
661,760
661,663
661,704
661,698
661,696
661,793
661,749
661,789
661,745
661,667
661,756
661,709
661,662
661,686
661,780
661,736
661,768
661,671
661,797
661,715
662,729
662,794
662,786
662,779
662,765
662,760
662,759
662,752
662,736
662,714
662,713
662,787
662,686
662,783
662,677
662,676
662,773
662,758
662,724
662,709
662,706
662,798
662,701
662,790
662,693
662,732
662,685
662,681
662,708
662,754
662,751
662,750
662,746
662,683
662,718
662,762
662,785
662,674
662,698
662,799
662,722
662,725
663,687
663,792
663,745
663,740
663,787
663,775
663,680
663,772
663,756
663,751
663,738
663,688
663,782
663,735
663,722
663,721
663,692
663,749
663,694
663,783
663,684
663,755
663,732
663,752
663,771
663,715
663,711
664,779
664,671
664,768
664,766
664,760
664,747
664,728
664,772
664,675
664,765
664,799
664,787
664,665
664,762
664,758
664,753
664,749
664,745
664,698
664,735
664,785
664,673
664,711
664,764
664,667
664,691
664,786
664,689
664,709
664,704
664,694
664,790
664,699
665,668
665,765
665,794
665,747
665,710
665,791
665,781
665,780
665,773
665,767
665,763
665,753
665,749
665,741
665,694
665,685
665,771
665,724
665,711
665,713
665,666
665,736
665,704
665,681
665,729
665,688
666,734
666,687
666,765
666,752
666,715
666,714
666,713
666,796
666,669
666,782
666,773
666,769
666,756
666,753
666,739
666,731
666,771
666,724
666,745
666,698
666,759
666,798
666,702
666,747
666,700
666,695
666,681
666,794
667,779
667,778
667,759
667,747
667,725
667,719
667,799
667,796
667,795
667,785
667,690
667,784
667,783
667,773
667,767
667,710
667,757
667,750
667,723
667,722
667,697
667,692
667,693
667,780
667,724
667,677
667,771
667,782
667,716
667,706
667,730
667,708
667,709
667,798
668,711
668,768
668,752
668,740
668,725
668,713
668,710
668,705
668,687
668,699
668,690
668,787
668,777
668,772
668,769
668,763
668,753
668,744
668,739
668,738
668,730
668,708
668,704
668,693
668,692
668,682
668,737
669,734
669,794
669,786
669,779
669,766
669,761
669,747
669,746
669,745
669,719
669,715
669,676
669,793
669,678
669,775
669,733
669,675
669,722
669,742
669,789
669,695
669,735
669,700
669,703
669,750
669,701
669,714
669,702
669,799
669,758
670,679
670,729
670,682
670,779
670,714
670,713
670,784
670,671
670,783
670,777
670,771
670,720
670,767
670,763
670,735
670,727
670,676
670,773
670,704
670,748
670,742
670,737
670,721
670,738
670,675
670,722
670,794
670,705
670,731
670,734
671,774
671,699
671,794
671,788
671,768
671,766
671,765
671,736
671,728
671,781
671,773
671,770
671,751
671,732
671,680
671,727
671,724
671,703
671,745
671,698
671,692
671,789
671,792
671,695
671,739
671,693
671,702
671,791
671,719
671,672
671,779
671,683
671,737
671,713
671,709
671,731
672,711
672,679
672,766
672,747
672,742
672,740
672,737
672,716
672,691
672,688
672,785
672,674
672,771
672,756
672,722
672,689
672,772
672,678
672,702
672,799
672,782
672,685
672,744
672,701
672,798
672,751
672,795
672,676
672,770
672,791
672,697
672,777
672,730
673,729
673,688
673,682
673,734
673,687
673,726
673,765
673,746
673,740
673,714
673,713
673,705
673,680
673,796
673,791
673,781
673,679
673,776
673,773
673,770
673,693
673,790
673,743
673,733
673,732
673,718
673,689
673,761
673,697
673,782
673,704
673,775
673,727
673,741
673,708
673,755
673,706
673,756
673,721
674,774
674,729
674,696
674,688
674,734
674,687
674,761
674,752
674,747
674,728
674,700
674,675
674,783
674,776
674,773
674,767
674,724
674,708
674,754
674,707
674,701
674,697
674,741
674,694
674,693
674,781
674,684
674,683
674,778
674,681
674,678
674,692
674,742
674,689
674,753
674,706
674,756
674,718
674,712
674,704
674,795
674,698
674,725
675,711
675,729
675,696
675,726
675,792
675,778
675,768
675,765
675,740
675,714
675,700
675,791
675,737
675,687
675,784
675,783
675,781
675,679
675,776
675,771
675,769
675,762
675,757
675,795
675,748
675,770
675,723
675,712
675,709
675,706
675,704
675,754
675,764
675,708
675,780
675,707
675,678
675,713
675,763
676,711
676,682
676,734
676,778
676,764
676,755
676,747
676,717
676,680
676,687
676,784
676,773
676,751
676,780
676,733
676,721
676,706
676,750
676,703
676,701
676,684
676,714
676,709
676,759
676,757
676,783
676,716
676,705
676,744
676,794
676,697
676,700
676,754
676,710
676,743
676,692
676,789
676,694
677,688
677,779
677,768
677,760
677,737
677,716
677,710
677,747
677,700
677,691
677,798
677,795
677,730
677,759
677,712
677,693
677,689
677,715
677,765
677,739
677,732
677,685
677,684
677,681
677,723
677,717
677,719
677,743
678,774
678,711
678,696
678,741
678,734
678,779
678,768
678,759
678,747
678,719
678,713
678,710
678,799
678,789
678,690
678,787
678,783
678,782
678,767
678,762
678,751
678,750
678,749
678,733
678,730
678,709
678,708
678,744
678,794
678,697
678,771
678,748
678,743
678,701
678,695
678,795
678,712
679,711
679,726
679,794
679,786
679,778
679,761
679,714
679,713
679,717
679,758
679,752
679,750
679,696
679,793
679,783
679,780
679,777
679,775
679,725
679,772
679,769
679,762
679,742
679,739
679,756
679,709
679,693
679,682
679,746
679,799
679,781
679,773
679,718
679,792
679,695
680,711
680,688
680,778
680,719
680,737
680,690
680,791
680,780
680,775
680,773
680,756
680,751
680,704
680,683
680,743
680,765
680,757
680,734
680,693
680,699
680,703
680,747
681,729
681,741
681,779
681,778
681,764
681,761
681,747
681,725
681,713
681,710
681,798
681,790
681,784
681,783
681,758
681,757
681,756
681,727
681,718
681,704
681,695
681,694
681,730
681,780
681,683
681,724
681,753
681,740
681,689
681,733
681,731
681,771
681,720
681,746
681,685
681,735
681,709
681,712
681,711
681,705
681,785
681,715
682,794
682,779
682,760
682,759
682,745
682,714
682,705
682,700
682,796
682,780
682,775
682,772
682,754
682,751
682,712
682,698
682,693
682,770
682,741
682,738
682,715
682,711
683,760
683,740
683,737
683,700
683,798
683,795
683,790
683,754
683,738
683,731
683,776
683,706
683,789
683,695
683,723
683,786
683,692
683,708
683,774
683,703
683,705
684,729
684,766
684,752
684,740
684,716
684,705
684,691
684,686
684,700
684,797
684,790
684,785
684,758
684,754
684,753
684,751
684,780
684,733
684,732
684,731
684,689
684,771
684,721
684,698
684,701
684,725
684,793
684,746
684,767
684,712
684,747
684,782
684,735
684,745
685,741
685,766
685,764
685,761
685,747
685,746
685,745
685,720
685,717
685,716
685,690
685,790
685,781
685,777
685,776
685,770
685,763
685,762
685,754
685,739
685,691
685,785
685,738
685,731
685,724
685,721
685,751
685,704
685,775
685,756
685,797
685,750
685,733
685,705
685,793
685,722
686,711
686,734
686,764
686,761
686,760
686,720
686,717
686,716
686,710
686,705
686,701
686,798
686,753
686,743
686,739
686,732
686,722
686,712
686,776
686,693
686,773
686,725
686,742
686,746
686,723
686,788
686,691
686,741
687,696
687,786
687,778
687,768
687,765
687,761
687,746
687,719
687,717
687,710
687,705
687,700
687,788
687,691
687,742
687,796
687,767
687,762
687,748
687,743
687,732
687,799
687,723
687,703
687,695
687,692
687,771
687,745
687,738
687,720
688,696
688,792
688,778
688,764
688,716
688,705
688,700
688,788
688,691
688,774
688,790
688,690
688,787
688,777
688,767
688,762
688,754
688,743
688,732
688,799
688,724
688,709
688,708
688,707
688,798
688,701
688,697
688,771
688,721
688,796
689,741
689,726
689,786
689,759
689,736
689,728
689,790
689,782
689,780
689,749
689,738
689,735
689,732
689,718
689,798
689,701
689,744
689,697
689,695
689,791
689,694
689,692
689,781
689,769
689,704
689,756
689,722
689,765
689,713
689,770
689,743
689,796
690,774
690,755
690,736
690,705
690,784
690,775
690,767
690,751
690,718
690,709
690,698
690,792
690,695
690,693
690,786
690,692
690,727
690,749
690,700
690,778
690,731
690,761
690,743
691,729
691,786
691,764
691,759
691,755
691,752
691,736
691,720
691,798
691,789
691,785
691,777
691,775
691,756
691,749
691,748
691,718
691,712
691,751
691,704
691,703
691,698
691,780
691,731
691,781
691,714
691,742
691,771
691,728
691,744
691,700
691,738
691,741
691,762
691,725
691,737
691,707
691,710
692,729
692,747
692,728
692,716
692,796
692,790
692,762
692,708
692,695
692,736
692,707
692,752
692,761
692,738
692,797
692,703
692,774
692,745
692,698
692,722
692,757
692,740
692,693
693,729
693,794
693,792
693,746
693,740
693,737
693,728
693,713
693,702
693,799
693,797
693,699
693,796
693,790
693,784
693,775
693,773
693,772
693,732
693,708
693,743
693,793
693,791
693,694
693,777
693,724
693,768
693,707
693,756
693,709
693,783
693,722
693,735
693,798
693,720
694,741
694,764
694,737
694,714
694,797
694,796
694,789
694,787
694,782
694,781
694,777
694,772
694,771
694,767
694,763
694,733
694,731
694,722
694,756
694,709
694,698
694,743
694,770
694,723
694,757
694,748
694,717
694,761
694,712
694,716
694,707
695,711
695,729
695,741
695,788
695,759
695,752
695,725
695,716
695,700
695,699
695,796
695,791
695,790
695,783
695,769
695,767
695,757
695,781
695,730
695,772
695,718
695,789
695,787
695,731
695,794
695,754
695,770
695,723
695,715
695,732
695,756
695,709
695,727
696,768
696,761
696,755
696,700
696,790
696,789
696,784
696,781
696,773
696,763
696,758
696,754
696,750
696,744
696,739
696,733
696,732
696,724
696,721
696,718
696,709
696,708
696,703
696,785
696,775
696,771
696,741
696,738
696,737
696,730
696,706
696,699
696,698
697,745
697,795
697,789
697,782
697,780
697,775
697,769
697,791
697,744
697,732
697,730
697,706
697,790
697,783
697,784
697,773
697,763
697,757
697,798
697,709
697,715
697,762
697,728
697,703
698,734
698,726
698,792
698,786
698,766
698,736
698,725
698,700
698,790
698,785
698,782
698,775
698,770
698,730
698,738
698,788
698,787
698,781
698,779
698,748
698,729
698,767
698,707
698,796
698,706
699,726
699,755
699,747
699,746
699,728
699,784
699,771
699,769
699,767
699,757
699,756
699,754
699,743
699,724
699,704
699,715
699,796
699,795
700,747
700,742
700,740
700,725
700,714
700,799
700,798
700,791
700,784
700,767
700,758
700,709
700,703
700,796
700,788
700,787
700,777
700,726
700,771
700,721
700,763
700,752
700,743
700,732
700,728
700,781
700,711
700,769
700,722
700,712
701,711
701,726
701,788
701,742
701,736
701,725
701,705
701,793
701,769
701,757
701,790
701,743
701,738
701,732
701,786
701,776
701,756
701,759
701,798
701,751
701,763
701,719
701,794
701,723
701,724
701,716
701,758
701,712
701,703
702,774
702,741
702,792
702,788
702,764
702,737
702,728
702,714
702,710
702,777
702,770
702,723
702,712
702,766
702,719
702,765
702,705
702,794
702,762
702,797
702,703
702,729
702,721
703,711
703,729
703,734
703,726
703,786
703,778
703,761
703,760
703,742
703,796
703,781
703,773
703,754
703,751
703,731
703,721
703,743
703,738
703,777
703,750
703,727
703,775
703,723
703,705
703,767
704,768
704,766
704,765
704,737
704,736
704,728
704,720
704,716
704,715
704,714
704,797
704,793
704,790
704,789
704,783
704,781
704,780
704,777
704,730
704,786
704,785
704,726
704,762
704,758
704,795
704,745
704,782
704,778
704,723
704,725
704,747
704,753
704,741
704,727
705,734
705,788
705,786
705,768
705,764
705,787
705,785
705,783
705,718
705,799
705,737
705,784
705,797
705,708
705,722
705,798
705,751
705,727
705,762
706,711
706,734
706,788
706,786
706,725
706,719
706,797
706,790
706,789
706,780
706,750
706,738
706,735
706,731
706,776
706,727
706,771
706,724
706,708
706,742
706,777
706,793
706,783
706,799
706,713
706,781
706,769
706,762
707,768
707,764
707,728
707,785
707,783
707,782
707,781
707,772
707,750
707,748
707,731
707,771
707,724
707,718
707,795
707,741
707,791
707,779
707,769
707,762
707,765
707,738
707,715
707,756
707,727
707,780
707,757
707,754
707,745
707,796
708,741
708,747
708,737
708,717
708,714
708,791
708,775
708,798
708,751
708,750
708,748
708,785
708,738
708,731
708,776
708,772
708,721
708,762
708,718
708,765
708,756
708,709
708,794
709,779
709,755
709,745
709,720
709,716
709,799
709,780
709,763
709,757
709,754
709,787
709,790
709,778
709,769
709,718
709,737
709,777
709,750
709,727
709,752
710,794
710,760
710,745
710,742
710,736
710,720
710,719
710,715
710,790
710,769
710,754
710,753
710,721
710,793
710,759
710,755
710,756
710,779
710,775
710,729
710,714
711,726
711,725
711,767
711,744
711,738
711,735
711,771
711,724
711,723
711,769
711,722
711,792
711,729
711,790
711,795
711,748
711,798
711,784
711,737
711,762
711,717
711,753
712,792
712,786
712,760
712,746
712,742
712,725
712,720
712,713
712,791
712,783
712,739
712,732
712,723
712,718
712,749
712,785
712,780
712,733
712,731
712,778
712,762
712,721
712,754
712,777
712,745
712,758
712,714
712,737
713,741
713,792
713,714
713,784
713,780
713,731
713,753
713,786
713,778
713,768
713,756
713,759
713,735
713,737
713,779
713,771
713,751
713,789
714,729
714,741
714,734
714,792
714,778
714,765
714,761
714,760
714,747
714,742
714,740
714,737
714,798
714,783
714,773
714,744
714,739
714,785
714,782
714,796
714,722
714,725
714,767
714,789
714,777
715,726
715,779
715,764
715,740
715,737
715,736
715,799
715,790
715,785
715,777
715,730
715,754
715,773
715,729
715,765
715,742
715,731
715,724
715,772
715,732
715,746
716,729
716,794
716,761
716,752
716,742
716,793
716,790
716,775
716,757
716,718
716,751
716,782
716,776
716,798
716,728
716,771
716,722
716,738
716,762
716,792
716,745
717,794
717,766
717,765
717,764
717,759
717,752
717,737
717,736
717,720
717,776
717,775
717,762
717,753
717,748
717,791
717,744
717,743
717,785
717,738
717,773
717,722
717,723
717,798
717,789
717,745
717,755
717,731
717,734
718,726
718,778
718,725
718,795
718,780
718,770
718,762
718,758
718,797
718,750
718,727
718,724
718,746
718,783
718,799
718,767
718,768
718,721
718,745
718,741
718,788
719,741
719,734
719,778
719,752
719,799
719,791
719,789
719,783
719,782
719,786
719,739
719,790
719,787
719,780
719,798
719,751
719,762
719,725
720,786
720,779
720,766
720,764
720,761
720,760
720,759
720,746
720,745
720,737
720,791
720,789
720,784
720,781
720,780
720,771
720,763
720,750
720,735
720,751
720,732
720,738
720,788
720,728
720,770
720,744
720,754
720,734
720,743
721,741
721,734
721,726
721,792
721,768
721,766
721,761
721,746
721,745
721,740
721,737
721,725
721,791
721,787
721,772
721,771
721,763
721,738
721,735
721,781
721,773
721,794
721,765
721,742
721,756
721,799
721,793
722,755
722,799
722,798
722,785
722,777
722,776
722,772
722,771
722,770
722,750
722,738
722,743
722,769
722,732
722,756
722,795
722,740
722,783
722,758
723,729
723,741
723,778
723,761
723,752
723,745
723,725
723,797
723,785
723,773
723,772
723,758
723,757
723,754
723,738
723,732
723,727
723,799
723,796
723,771
723,774
723,798
723,735
723,733
723,744
723,747
723,791
723,792
723,795
723,777
723,780
723,734
723,753
724,734
724,786
724,765
724,761
724,760
724,799
724,797
724,796
724,789
724,787
724,784
724,777
724,770
724,749
724,762
724,790
724,729
724,778
724,764
724,747
724,743
724,793
724,772
724,748
724,769
724,758
725,774
725,794
725,768
725,760
725,752
725,745
725,796
725,784
725,782
725,757
725,773
725,738
725,788
725,754
725,780
725,736
725,798
725,751
725,732
725,792
725,799
726,729
726,760
726,740
726,794
726,747
726,741
726,796
726,773
726,770
726,757
726,754
726,744
726,738
726,735
726,727
727,788
727,779
727,760
727,728
727,799
727,798
727,796
727,789
727,785
727,781
727,780
727,777
727,758
727,756
727,743
727,735
727,733
727,732
727,793
727,754
727,750
727,749
727,747
727,742
727,734
727,737
727,731
727,755
727,778
728,774
728,734
728,792
728,779
728,766
728,781
728,769
728,735
728,799
728,783
728,786
728,791
728,744
728,765
728,785
728,732
728,775
728,752
728,746
728,795
728,790
729,774
729,779
729,761
729,760
729,745
729,747
729,796
729,787
729,785
729,783
729,775
729,772
729,769
729,758
729,756
729,751
729,749
729,735
729,732
729,731
729,792
729,781
729,733
730,760
730,795
730,790
730,787
730,780
730,776
730,770
730,738
730,798
730,751
730,761
730,766
730,741
730,769
731,774
731,734
731,761
731,799
731,795
731,746
731,793
731,780
731,767
731,732
731,754
731,778
731,765
731,742
731,789
731,796
732,766
732,747
732,736
732,799
732,791
732,789
732,787
732,785
732,777
732,776
732,771
732,769
732,753
732,750
732,748
732,739
732,798
732,744
732,768
732,786
732,756
732,754
732,745
732,797
733,766
733,764
733,755
733,747
733,736
733,798
733,791
733,742
733,789
733,787
733,784
733,762
733,750
733,739
733,735
733,778
733,772
733,790
733,767
733,776
734,774
734,788
734,786
734,778
734,765
734,759
734,755
734,752
734,740
734,791
734,787
734,785
734,780
734,777
734,773
734,772
734,762
734,756
734,750
734,738
734,799
734,795
734,779
734,751
734,746
734,745
734,744
734,737
734,797
735,792
735,788
735,768
735,789
735,777
735,776
735,791
735,744
735,743
735,796
735,754
735,751
735,740
735,758
735,761
735,760
736,778
736,761
736,752
736,742
736,793
736,787
736,777
736,773
736,749
736,744
736,779
736,748
736,743
736,780
736,794
736,776
736,755
736,745
736,741
737,764
737,746
737,745
737,789
737,782
737,771
737,770
737,758
737,743
737,739
737,784
737,752
737,741
738,774
738,792
738,742
738,790
738,784
738,773
738,749
738,743
738,770
738,763
738,788
738,772
738,777
738,780
738,758
739,740
739,791
739,763
739,758
739,756
739,759
739,784
739,798
739,751
740,788
740,765
740,755
740,746
740,749
740,744
740,757
740,775
741,760
741,759
741,745
741,765
741,790
741,784
741,758
741,751
741,785
741,779
741,775
741,757
741,795
742,768
742,765
742,761
742,759
742,745
742,781
742,780
742,776
742,773
742,772
742,749
742,771
742,748
743,792
743,788
743,768
743,765
743,760
743,745
743,796
743,782
743,780
743,776
743,772
743,769
743,762
743,756
743,753
743,748
743,790
743,787
743,773
743,758
743,755
743,754
744,774
744,788
744,752
744,745
744,793
744,784
744,782
744,783
744,772
744,769
744,798
744,751
744,754
744,756
744,753
744,747
745,759
745,752
745,797
745,795
745,785
745,780
745,771
745,770
745,753
745,748
745,751
745,766
745,750
745,781
746,788
746,786
746,764
746,794
746,747
746,789
746,758
746,751
746,784
746,768
746,755
746,775
746,752
746,799
746,785
746,763
747,792
747,765
747,798
747,796
747,795
747,793
747,791
747,787
747,767
747,756
747,797
747,777
747,752
747,763
747,754
747,778
748,768
748,761
748,757
748,783
748,769
748,789
748,777
748,749
748,785
749,774
749,768
749,765
749,759
749,796
749,793
749,791
749,780
749,769
749,763
749,797
749,750
749,760
749,751
749,798
749,783
749,781
749,761
749,772
750,774
750,794
750,792
750,788
750,786
750,765
750,799
750,789
750,783
750,775
750,757
750,766
750,759
750,784
750,769
751,774
751,778
751,766
751,761
751,793
751,772
751,771
751,762
751,753
751,777
751,756
751,768
751,788
751,757
752,794
752,764
752,790
752,775
752,772
752,770
752,754
752,789
752,771
752,760
752,759
752,763
752,797
752,785
752,781
753,774
753,786
753,766
753,799
753,795
753,784
753,769
753,767
753,763
753,770
753,782
753,780
753,781
754,768
754,798
754,791
754,787
754,783
754,763
754,779
754,759
754,756
754,799
754,793
755,768
755,765
755,761
755,797
755,781
755,758
755,790
755,769
755,783
755,799
756,764
756,761
756,789
756,785
756,780
756,777
756,771
756,798
756,791
756,779
756,757
756,760
756,781
756,762
756,792
757,778
757,799
757,785
757,776
757,771
757,762
757,772
757,758
757,790
757,775
757,770
757,773
757,759
757,782
757,777
757,794
758,788
758,764
758,796
758,793
758,787
758,785
758,777
758,772
758,769
758,762
758,798
758,761
759,768
759,760
759,791
759,790
759,785
759,784
759,782
759,780
759,777
759,776
759,763
759,779
759,772
759,773
759,762
760,765
760,764
760,787
760,785
760,784
760,767
760,761
760,797
760,777
760,793
761,790
761,780
761,777
761,773
761,762
761,782
761,784
761,793
762,766
762,790
762,776
762,773
762,771
762,785
762,784
763,789
763,787
763,780
763,773
763,767
763,796
763,772
763,771
763,770
764,766
764,796
764,782
764,784
764,767
764,799
764,791
764,773
764,772
764,780
764,797
764,775
765,794
765,788
765,778
765,797
765,780
765,771
765,799
765,786
765,774
765,796
766,788
766,771
766,797
766,778
766,786
766,796
767,794
767,790
767,787
767,775
767,781
767,772
767,797
767,773
767,799
767,777
768,788
768,791
768,789
768,785
768,780
768,771
768,769
768,772
768,779
768,799
769,788
769,787
769,770
769,785
769,784
769,777
769,783
770,797
770,793
770,785
770,784
770,792
770,786
770,781
771,792
771,793
771,784
771,782
771,788
771,779
771,799
771,791
772,788
772,799
772,795
772,781
772,790
772,784
772,798
772,791
773,778
773,798
773,791
773,782
773,780
773,794
773,779
773,796
774,786
774,795
774,793
774,791
774,787
774,784
774,782
774,781
774,777
774,776
775,786
775,791
775,785
775,783
775,781
775,780
775,788
775,787
775,793
776,786
776,780
776,779
776,794
776,797
777,781
777,797
777,788
777,782
778,788
778,786
778,791
778,790
778,789
778,784
778,783
778,787
778,793
779,792
779,786
779,791
779,790
779,795
780,792
780,799
780,791
780,782
780,794
780,796
781,794
781,787
781,784
781,792
781,786
781,782
782,788
782,785
782,784
782,783
782,795
782,786
783,786
783,799
783,785
783,790
783,789
783,792
784,788
784,793
784,790
784,797
785,790
785,795
787,788
787,796
787,789
787,799
788,795
789,799
789,795
789,792
790,791
791,799
791,795
792,794
792,798
792,796
793,799
794,799
795,799
796,798
800,2682
800,905
800,1721
800,816
800,1729
800,2311
800,1735
800,862
800,851
800,873
800,1746
800,2448
800,877
800,838
800,892
800,2153
800,837
800,881
800,810
800,2556
800,817
800,864
800,814
800,861
800,844
800,805
800,852
800,826
800,923
800,836
800,2000
800,825
800,2277
800,1102
800,820
800,819
800,2673
800,2678
800,845
800,1751
800,1328
800,849
800,987
800,1753
800,813
800,832
801,2682
801,2346
801,2338
801,1721
801,1928
801,1723
801,811
801,2141
801,1753
801,851
801,1724
801,2253
801,802
801,2301
801,2677
801,882
801,881
801,2023
801,859
801,1729
801,836
801,832
801,821
801,1374
801,805
801,825
801,2134
801,826
801,858
801,2022
801,2678
801,2114
801,2030
801,2135
801,1900
801,819
801,804
801,824
801,1882
801,842
801,2487
801,869
801,822
802,2141
802,1732
802,2129
802,2338
802,816
802,885
802,1152
802,2135
802,1165
802,2301
802,2125
802,1737
802,1916
802,2153
802,884
802,877
802,2674
802,831
802,1743
802,2034
802,898
802,882
802,1752
802,879
802,805
802,852
802,843
802,2682
802,839
802,2560
802,821
802,817
802,2446
802,848
802,895
802,888
802,1179
802,803
802,2001
802,2345
802,889
802,2487
802,1106
802,871
802,825
802,2021
803,2149
803,874
803,829
803,1721
803,1387
803,2194
803,1880
803,2304
803,1750
803,889
803,835
803,2678
803,861
803,2025
803,1734
803,2253
803,2156
803,895
803,2338
803,883
803,1744
803,871
803,2508
803,859
803,856
803,855
803,847
803,886
803,2682
803,839
803,821
803,863
803,2552
803,806
803,2261
803,1192
803,901
803,804
803,2106
803,2134
803,2521
803,2509
803,2676
803,814
803,2301
803,2010
803,909
803,823
803,854
803,899
804,1888
804,829
804,1167
804,2553
804,2126
804,2552
804,2260
804,2147
804,2033
804,2129
804,868
804,2301
804,1737
804,1916
804,1185
804,894
804,889
804,842
804,833
804,818
804,811
804,2678
804,898
804,883
804,879
804,875
804,866
804,859
804,1727
804,854
804,852
804,891
804,1596
804,844
804,840
804,839
804,834
804,822
804,825
804,863
804,860
804,813
804,1526
804,841
804,895
804,826
804,897
804,871
804,824
804,1721
804,2594
804,827
805,2530
805,2149
805,858
805,2682
805,2347
805,2491
805,2338
805,2563
805,2560
805,2399
805,1157
805,1136
805,1737
805,884
805,831
805,2344
805,889
805,861
805,2311
805,856
805,846
805,1170
805,879
805,832
805,826
805,2373
805,821
805,1379
805,815
805,857
805,1162
805,871
805,824
805,895
805,2678
805,2161
805,807
805,828
805,1533
805,827
805,825
805,1916
805,849
805,859
805,2128
805,822
805,823
806,872
806,858
806,905
806,1916
806,2451
806,1724
806,878
806,1112
806,877
806,838
806,833
806,818
806,1568
806,884
806,837
806,892
806,2020
806,2302
806,2678
806,2484
806,886
806,2343
806,2024
806,1131
806,896
806,881
806,898
806,875
806,2148
806,879
806,856
806,854
806,836
806,1105
806,2562
806,823
806,822
806,2553
806,2130
806,2135
806,819
806,2039
806,826
806,841
807,2559
807,2347
807,1752
807,893
807,816
807,851
807,1746
807,2200
807,1737
807,880
807,877
807,878
807,831
807,1100
807,818
807,858
807,811
807,1755
807,2556
807,2344
807,840
807,887
807,1167
807,1872
807,883
807,2141
807,1812
807,849
807,1916
807,835
807,834
807,852
807,819
807,847
807,2563
807,824
807,2560
807,1385
807,888
807,1828
807,869
808,2102
808,2338
808,2139
808,2601
808,2553
808,2278
808,2019
808,2599
808,2203
808,811
808,1373
808,856
808,882
808,859
808,2481
808,1729
808,836
808,1807
808,2013
808,853
808,2122
808,2155
808,896
808,2331
808,2143
808,852
808,2140
808,1906
808,2094
808,2428
808,1112
808,1819
808,1321
808,1900
808,855
809,2149
809,2346
809,810
809,2007
809,1721
809,893
809,2444
809,2014
809,1121
809,2451
809,2147
809,888
809,897
809,871
809,852
809,849
809,845
809,2560
809,874
809,1720
809,827
809,872
809,2658
809,825
809,817
809,2277
809,815
809,2131
809,1136
809,2123
809,2347
809,1736
809,2112
809,2609
809,1528
809,1560
809,883
809,2033
809,822
809,1903
809,814
809,2130
809,835
809,1305
809,1925
810,858
810,872
810,905
810,853
810,2451
810,816
810,2141
810,880
810,1168
810,877
810,860
810,838
810,833
810,1122
810,831
810,811
810,1720
810,2484
810,1174
810,2338
810,892
810,2153
810,2343
810,1721
810,2034
810,2345
810,898
810,896
810,895
810,875
810,866
810,2310
810,855
810,852
810,826
810,825
810,823
810,2277
810,822
810,817
810,814
810,897
810,2260
810,874
810,2135
810,1167
810,2137
810,850
810,2014
810,1742
810,2130
810,2311
811,2574
811,2682
811,1732
811,872
811,893
811,2362
811,816
811,829
811,2454
811,905
811,2595
811,1140
811,878
811,1751
811,1738
811,2339
811,1728
811,1185
811,894
811,877
811,860
811,850
811,2343
811,887
811,2311
811,856
811,1729
811,883
811,1747
811,861
811,875
811,1822
811,852
811,1173
811,844
811,834
811,863
811,817
811,2679
811,1758
811,2134
811,1136
811,2123
811,945
811,857
811,1759
811,819
811,895
812,1330
812,835
812,1180
812,2399
812,2455
812,853
812,2127
812,2343
813,2149
813,2705
813,1540
813,2338
813,2014
813,2563
813,2595
813,874
813,1747
813,1162
813,1720
813,878
813,1339
813,895
813,2390
813,838
813,863
813,2034
813,859
813,855
813,852
813,846
813,1183
813,1375
813,890
813,843
813,2311
813,1729
813,836
813,815
813,819
813,844
813,1102
813,1890
813,2125
813,886
813,2017
813,821
813,2678
813,868
813,1644
813,845
813,2134
813,869
813,829
813,1508
814,2300
814,2141
814,905
814,829
814,2556
814,2126
814,1916
814,1391
814,1197
814,1115
814,1668
814,2153
814,1757
814,884
814,873
814,838
814,890
814,879
814,2281
814,871
814,2682
814,2100
814,1130
814,2303
814,2400
814,848
814,827
814,817
814,1900
814,2127
814,866
814,820
814,1190
814,899
814,1801
814,1510
814,2028
814,869
814,1740
814,2338
814,1304
814,834
814,1363
814,842
814,2628
815,2141
815,872
815,2303
815,885
815,2552
815,1330
815,854
815,1145
815,1917
815,2311
815,1147
815,1135
815,878
815,1751
815,1880
815,1739
815,1757
815,884
815,1350
815,1738
815,2484
815,2678
815,897
815,896
815,887
815,2681
815,838
815,1154
815,1812
815,864
815,936
815,839
815,877
815,894
815,847
815,1106
815,824
815,822
815,1903
815,1109
815,859
815,1344
815,882
815,1352
815,2573
815,2034
815,860
816,2141
816,899
816,2561
816,2444
816,1758
816,2310
816,1124
816,2339
816,905
816,1187
816,1727
816,2149
816,880
816,1209
816,2142
816,890
816,863
816,861
816,2678
816,845
816,840
816,2343
816,839
816,823
816,2539
816,1753
816,2123
816,866
816,819
816,2560
816,821
816,1902
816,895
816,2634
817,874
817,1906
817,2682
817,2141
817,872
817,892
817,829
817,2561
817,2344
817,1167
817,2554
817,854
817,1727
817,2560
817,1726
817,1128
817,1758
817,1102
817,2305
817,864
817,1737
817,1728
817,857
817,1113
817,878
817,2674
817,831
817,2484
817,2678
817,890
817,2338
817,883
817,875
817,1528
817,2401
817,849
817,827
817,2158
817,847
817,842
817,2099
817,2307
817,1725
817,2016
817,861
817,820
817,1101
817,819
817,869
817,871
818,2129
818,2124
818,2445
818,893
818,2344
818,905
818,1196
818,2147
818,1161
818,1117
818,1197
818,1739
818,894
818,2343
818,888
818,873
818,850
818,831
818,851
818,2403
818,881
818,827
818,2002
818,874
818,1747
818,1259
818,871
818,2153
818,2676
818,843
818,890
818,867
818,1835
818,1738
818,845
818,840
818,1750
818,2278
818,823
818,859
818,2311
818,1729
818,1596
819,2428
819,874
819,2346
819,1199
819,1114
819,2561
819,2338
819,1721
819,2278
819,2153
819,1880
819,1758
819,2301
819,833
819,831
819,867
819,2034
819,861
819,2112
819,843
819,886
819,839
819,2339
819,835
819,894
819,2116
819,847
819,860
819,852
819,1111
819,905
819,2344
819,840
819,2556
820,2682
820,2303
820,1908
820,2278
820,1726
820,853
820,1396
820,889
820,1848
820,878
820,1914
820,898
820,2159
820,2346
820,891
820,886
820,869
820,866
820,863
820,2019
820,855
820,2148
820,832
820,827
820,2035
820,1156
820,2037
820,2131
820,2016
820,2026
820,840
820,1627
820,1185
820,894
820,1834
821,2149
821,872
821,1199
821,2557
821,893
821,1167
821,2553
821,2126
821,2563
821,2277
821,1170
821,1112
821,1726
821,853
821,2339
821,1744
821,1734
821,889
821,877
821,1756
821,883
821,869
821,864
821,855
821,844
821,2156
821,2142
821,1819
821,2562
821,1897
821,854
821,1177
821,1371
821,2347
821,2153
821,897
821,826
821,894
821,2022
821,827
821,2159
821,824
821,2311
821,856
822,874
822,1732
822,1103
822,872
822,2406
822,867
822,1158
822,2307
822,1143
822,2678
822,1126
822,1749
822,974
822,877
822,860
822,850
822,897
822,2311
822,1729
822,883
822,881
822,875
822,870
822,869
822,839
822,2110
822,849
822,840
822,886
822,832
822,893
822,1281
822,2261
822,857
822,824
822,1891
822,851
822,2403
822,2027
822,847
823,1185
823,893
823,1721
823,1167
823,2278
823,1196
823,2345
823,2281
823,2310
823,1187
823,1129
823,1106
823,1525
823,2301
823,1753
823,1914
823,1720
823,1724
823,878
823,1320
823,2678
823,2034
823,1130
823,2447
823,895
823,1842
823,856
823,854
823,843
823,1325
823,840
823,871
823,824
823,884
823,2455
823,857
823,1520
823,1598
823,852
823,1338
824,2347
824,2286
824,2141
824,2557
824,829
824,2311
824,851
824,2554
824,2376
824,868
824,1186
824,1175
824,1321
824,1127
824,899
824,2451
824,1167
824,1749
824,2407
824,1728
824,860
824,828
824,2158
824,897
824,890
824,887
824,2338
824,883
824,1754
824,879
824,864
824,863
824,861
824,845
824,1739
824,1363
824,2134
824,2037
824,2507
824,2084
824,1742
824,849
824,2005
824,1329
824,2026
824,1905
824,2450
825,2141
825,872
825,2408
825,2311
825,2560
825,2347
825,2153
825,1880
825,1170
825,1117
825,1720
825,833
825,1630
825,854
825,1180
825,889
825,1153
825,2345
825,890
825,1172
825,881
825,870
825,861
825,1721
825,2400
825,1916
825,849
825,2675
825,832
825,1733
825,2121
825,1822
825,852
825,884
825,1592
825,846
825,2679
825,878
825,2678
825,1740
826,2682
826,2124
826,2563
826,2281
826,2277
826,2448
826,2338
826,1116
826,2301
826,833
826,2343
826,859
826,1203
826,1548
826,893
826,2303
826,2679
826,838
826,2624
826,1181
826,1886
826,1896
826,2507
826,2138
826,851
826,1885
826,1143
826,2130
826,868
826,875
826,847
826,2681
827,858
827,2342
827,905
827,1167
827,2126
827,1916
827,851
827,2658
827,839
827,2260
827,2347
827,892
827,2153
827,860
827,857
827,833
827,1316
827,831
827,1754
827,2142
827,1164
827,2037
827,1111
827,1886
827,852
827,886
827,2158
827,2010
827,882
827,836
827,893
827,1184
827,2132
827,868
827,879
827,1880
827,1739
827,2261
827,2277
827,864
828,2530
828,2149
828,1185
828,1178
828,858
828,905
828,2344
828,851
828,2338
828,1727
828,1754
828,1747
828,1128
828,1126
828,853
828,2451
828,2339
828,1330
828,1753
828,1750
828,1738
828,2345
828,1734
828,877
828,2213
828,850
828,1741
828,2676
828,843
828,1729
828,855
828,867
828,899
828,1557
828,1918
828,1815
829,2445
829,2149
829,872
829,905
829,2301
829,865
829,860
829,2402
829,2678
829,892
829,1721
829,898
829,895
829,2342
829,887
829,883
829,871
829,854
829,843
829,2560
829,1192
829,2138
829,1720
829,847
829,1817
829,1834
829,1893
829,946
829,832
829,1395
830,2631
830,2551
830,2397
830,2178
830,1761
830,1559
830,2177
830,1393
830,1882
830,988
830,991
830,2018
830,1810
830,1394
830,1391
830,1380
830,1367
830,1364
830,1362
830,1352
830,1350
830,1625
830,1334
830,1332
830,1331
830,2674
830,1316
830,2082
830,1306
830,1828
830,1377
830,2017
830,950
830,1838
830,1347
830,960
830,1348
830,1321
830,1806
830,1329
830,2019
830,1340
830,2703
830,1372
830,1392
830,2168
830,2680
830,2583
830,1322
830,2183
830,2230
830,1302
830,1384
830,1772
830,1314
830,1647
830,1356
830,1802
830,2578
830,1388
830,2426
830,2191
830,1956
831,2682
831,872
831,1185
831,2561
831,2344
831,2303
831,1721
831,2277
831,899
831,1190
831,2129
831,868
831,2339
831,1759
831,1177
831,2305
831,880
831,1753
831,1729
831,878
831,2126
831,857
831,2677
831,833
831,2676
831,853
831,2114
831,845
831,2008
831,1739
831,2679
831,1355
831,1112
831,2099
831,2122
831,1758
831,1100
831,2331
831,1720
831,863
831,2556
831,2343
831,871
832,1757
832,2561
832,2553
832,2311
832,874
832,1747
832,1197
832,1720
832,889
832,1168
832,877
832,2022
832,833
832,2159
832,2037
832,870
832,859
832,1324
832,839
832,888
832,841
832,1741
832,849
832,1740
832,1188
832,1576
832,897
832,2136
832,875
832,991
832,2673
832,840
832,857
832,2346
832,2443
832,2678
832,845
832,2338
832,883
832,869
833,2682
833,2447
833,2592
833,1913
833,899
833,2344
833,2331
833,1167
833,2563
833,2311
833,1147
833,1132
833,834
833,2677
833,1125
833,2339
833,2305
833,877
833,1750
833,1742
833,894
833,888
833,883
833,1756
833,1188
833,2158
833,897
833,2147
833,886
833,866
833,861
833,867
833,844
833,881
833,2703
833,870
833,2133
833,864
833,1159
833,2081
833,845
833,879
833,853
834,2445
834,2149
834,1894
834,2347
834,1913
834,872
834,2338
834,1324
834,1167
834,2311
834,2278
834,1400
834,2419
834,1727
834,2563
834,1112
834,884
834,2339
834,847
834,1720
834,873
834,1124
834,891
834,2345
834,890
834,1161
834,870
834,2034
834,895
834,838
834,863
834,2122
834,861
834,1916
834,849
834,885
834,836
834,2599
834,860
834,2030
834,2280
834,2148
834,879
834,880
834,2116
834,837
834,1918
834,1606
835,874
835,2347
835,2609
835,2348
835,2338
835,2139
835,1908
835,1721
835,1469
835,2331
835,1167
835,851
835,2345
835,1129
835,2562
835,849
835,889
835,877
835,1753
835,860
835,2346
835,1570
835,891
835,869
835,1837
835,867
835,864
835,856
835,855
835,852
835,840
835,839
835,1598
835,2087
835,2001
835,1127
835,836
835,881
835,845
835,2009
835,2026
835,2123
835,2552
835,2261
835,2566
835,2678
835,1358
835,857
835,1891
835,850
835,847
835,2022
836,2682
836,2362
836,2347
836,872
836,2126
836,1160
836,2345
836,1170
836,2561
836,1151
836,1729
836,2677
836,898
836,897
836,2149
836,1914
836,1907
836,2028
836,1898
836,1757
836,2180
836,882
836,2034
836,859
836,1721
836,875
836,2309
836,852
836,2099
836,2338
837,905
837,1469
837,1167
837,2149
837,2008
837,1754
837,1169
837,1100
837,1124
837,1330
837,860
837,2677
837,2343
837,897
837,896
837,2339
837,882
837,2132
837,863
837,898
837,852
837,2303
837,847
837,856
837,890
837,2678
837,855
837,888
838,1185
838,892
838,2561
838,1721
838,1188
838,1173
838,1723
838,1112
838,1105
838,2558
838,1175
838,1729
838,1728
838,857
838,899
838,2309
838,2403
838,850
838,1755
838,895
838,848
838,2344
838,1169
838,840
838,1521
838,1791
838,1556
838,2035
838,2378
838,2553
838,861
838,1121
838,1740
838,894
839,1732
839,1757
839,2553
839,2278
839,1400
839,2345
839,1330
839,2260
839,2560
839,1743
839,853
839,1753
839,880
839,2024
839,1345
839,860
839,2200
839,842
839,2087
839,1237
839,2678
839,891
839,1737
839,864
839,863
839,855
839,1119
839,2089
839,1529
839,2022
839,843
839,2482
839,1900
839,2676
839,2155
839,1347
839,898
839,2573
839,869
839,1143
839,1919
839,2552
839,2003
839,897
839,882
840,2149
840,2682
840,1898
840,872
840,905
840,893
840,2561
840,1916
840,1727
840,2563
840,875
840,1166
840,2165
840,2307
840,2113
840,883
840,2448
840,1743
840,897
840,856
840,1729
840,1128
840,2021
840,2033
840,869
840,2027
840,1721
840,848
840,2400
840,2123
840,2339
840,895
840,890
840,843
840,866
840,1914
840,902
841,1818
841,2141
841,1721
841,2601
841,2471
841,2126
841,2407
841,2345
841,2599
841,2563
841,2278
841,2560
841,2277
841,2301
841,1175
841,1739
841,1720
841,1740
841,894
841,1115
841,880
841,2678
841,2034
841,2347
841,890
841,2148
841,879
841,863
841,1318
841,848
841,877
841,2099
841,887
841,1895
841,2083
841,881
841,870
841,1307
841,1775
841,2487
841,896
842,2682
842,1745
842,872
842,1668
842,1721
842,2311
842,2552
842,1730
842,1192
842,1173
842,1163
842,1916
842,1728
842,1167
842,1740
842,894
842,1112
842,877
842,857
842,898
842,2399
842,2305
842,895
842,879
842,890
842,2559
842,867
842,2004
842,865
842,912
842,861
842,886
842,859
842,2594
842,2562
842,870
843,2445
843,2149
843,1576
843,897
843,2449
843,2141
843,1745
843,2338
843,2560
843,2339
843,1175
843,1124
843,874
843,2011
843,1720
843,2677
843,849
843,1916
843,882
843,869
843,2018
843,854
843,2682
843,1501
843,2159
843,2553
843,861
843,1118
843,1729
843,1326
843,1310
843,859
843,1732
843,1721
843,1148
843,871
843,892
843,986
843,860
844,2141
844,872
844,2344
844,2338
844,1735
844,2681
844,2563
844,2200
844,2153
844,1151
844,1149
844,1720
844,1880
844,878
844,1842
844,1732
844,886
844,1744
844,898
844,875
844,852
844,896
844,1319
844,849
844,856
844,2125
844,1751
844,2278
844,1150
844,859
844,1753
844,1900
844,880
844,1904
845,2682
845,2557
845,905
845,2445
845,893
845,2278
845,1357
845,2597
845,851
845,2147
845,1358
845,873
845,899
845,2451
845,1738
845,860
845,884
845,965
845,868
845,2305
845,895
845,1815
845,892
845,890
845,1720
845,2681
845,1905
845,871
845,2008
845,1739
845,2679
845,2013
845,1895
845,2158
845,2022
845,879
845,854
845,2383
846,2346
846,2256
846,893
846,2561
846,2126
846,2307
846,2683
846,1817
846,2563
846,2560
846,1109
846,1751
846,1746
846,853
846,888
846,878
846,865
846,891
846,1729
846,883
846,881
846,864
846,861
846,1742
846,896
846,849
846,870
846,1129
846,847
846,848
846,1882
846,2144
846,2149
846,880
846,1914
846,872
846,2558
846,2552
846,1753
847,2149
847,874
847,2682
847,2447
847,2347
847,2346
847,872
847,2557
847,1916
847,851
847,2681
847,2554
847,2455
847,878
847,1751
847,889
847,877
847,882
847,1173
847,2677
847,887
847,875
847,2311
847,856
847,2406
847,854
847,852
847,2676
847,868
847,1385
847,2339
847,2484
847,2030
847,2561
847,2026
847,861
847,2130
847,1412
847,850
847,864
848,858
848,2346
848,1722
848,872
848,2344
848,1721
848,2601
848,1725
848,2345
848,2563
848,2277
848,868
848,1118
848,2560
848,865
848,2112
848,898
848,1723
848,850
848,897
848,2447
848,1380
848,895
848,882
848,879
848,870
848,2419
848,2128
848,867
848,2127
848,874
848,2135
848,1538
848,859
848,2138
848,877
848,2311
848,2000
848,2027
848,2446
848,2252
848,2338
848,1756
848,857
848,880
849,1906
849,874
849,872
849,905
849,893
849,2344
849,2177
849,862
849,1817
849,2282
849,1730
849,2556
849,853
849,888
849,1723
849,2402
849,898
849,896
849,886
849,870
849,867
849,863
849,1599
849,2084
849,2673
849,2142
849,2001
849,2002
849,2022
849,2006
849,1728
849,856
849,997
849,2679
849,884
849,931
849,1892
849,2481
849,2563
849,991
849,2553
850,872
850,1185
850,893
850,892
850,2311
850,2126
850,2153
850,2682
850,1742
850,1197
850,860
850,2308
850,2347
850,890
850,2677
850,883
850,867
850,855
850,905
850,2127
850,866
850,871
850,2305
850,1914
850,1896
850,1167
850,1120
850,2107
850,1070
850,1916
851,874
851,1745
851,872
851,1721
851,2126
851,2129
851,1159
851,2556
851,2033
851,1742
851,1739
851,1916
851,2344
851,889
851,2141
851,880
851,2311
851,856
851,1147
851,1852
851,854
851,1727
851,2343
851,2037
851,2148
851,887
851,870
851,2034
851,2605
851,859
851,1757
851,2339
851,2553
851,1120
851,893
851,2154
851,879
851,863
851,2006
851,2345
851,2157
851,2558
852,2682
852,2141
852,872
852,1757
852,893
852,2338
852,2177
852,2553
852,2681
852,2147
852,1739
852,1123
852,2149
852,888
852,1738
852,2678
852,897
852,875
852,864
852,1746
852,1822
852,2404
852,2017
852,1720
852,2022
852,924
852,938
852,1900
852,2624
852,2311
852,1199
853,1731
853,2344
853,2311
853,2605
853,1727
853,1908
853,1109
853,884
853,873
853,1751
853,2403
853,1732
853,886
853,2343
853,2553
853,861
853,1191
853,2037
853,1898
853,864
853,2152
853,2255
853,1832
853,2678
853,857
853,2032
853,879
853,2149
853,880
853,1721
853,2017
853,2654
853,1150
853,2259
854,2347
854,2141
854,872
854,2557
854,905
854,893
854,1469
854,2126
854,1916
854,1195
854,2339
854,2305
854,1728
854,1724
854,896
854,882
854,871
854,866
854,1756
854,1736
854,863
854,1720
854,2017
854,2130
854,890
854,2674
854,2343
854,1341
854,2311
854,1729
854,1826
854,877
854,2673
854,2128
854,2563
855,2346
855,892
855,2338
855,2563
855,2008
855,1742
855,878
855,865
855,2142
855,2308
855,898
855,891
855,883
855,2345
855,2674
855,863
855,1120
855,2013
855,1989
855,2130
855,879
855,2673
855,864
855,1730
855,2153
855,2484
855,867
855,2027
855,2638
855,2278
855,1753
856,2149
856,2491
856,899
856,893
856,2561
856,2338
856,1167
856,1910
856,2345
856,2277
856,2126
856,1750
856,2344
856,889
856,892
856,881
856,1195
856,1836
856,866
856,886
856,2141
856,1365
856,896
856,1319
856,874
856,971
856,2005
856,947
856,2116
856,2657
856,1169
856,1898
856,1122
856,2278
856,2002
856,2555
856,863
856,1886
857,2428
857,2338
857,2141
857,2470
857,2445
857,2304
857,1144
857,2344
857,884
857,2677
857,890
857,886
857,2557
857,1147
857,1382
857,1746
857,2346
857,2295
857,1120
857,1739
857,1916
857,1164
857,1192
857,863
857,2561
857,883
857,1823
857,879
857,2331
857,1180
858,1188
858,1196
858,1176
858,1166
858,1138
858,1114
858,1124
858,1751
858,1738
858,1737
858,1160
858,1724
858,865
858,862
858,1755
858,2672
858,886
858,2372
858,868
858,1746
858,1164
858,2151
858,1578
858,2377
858,2674
858,1189
858,860
858,2552
858,1330
858,866
858,1900
858,1369
859,2149
859,874
859,2141
859,1213
859,1103
859,1745
859,872
859,2255
859,2553
859,2020
859,2560
859,1307
859,2277
859,876
859,1190
859,2556
859,866
859,1739
859,882
859,871
859,863
859,1763
859,2345
859,2674
859,2026
859,892
859,2153
859,895
859,1721
859,2676
859,2611
859,2126
859,865
859,886
859,905
860,2682
860,1733
860,2311
860,2681
860,2309
860,885
860,893
860,1739
860,873
860,891
860,879
860,2004
860,1740
860,2022
860,1735
860,1359
860,872
860,1812
860,2112
860,2343
860,905
860,897
860,2543
860,1916
860,1728
860,871
860,892
860,2678
860,1668
860,1325
861,2141
861,2344
861,885
861,2311
861,1916
861,868
861,1109
861,2305
861,877
861,2037
861,898
861,2343
861,1759
861,886
861,883
861,867
861,2029
861,878
861,2006
861,1310
861,2000
861,1726
861,2027
861,1736
861,892
861,2153
861,1134
861,894
861,897
861,1914
861,864
861,2121
862,2149
862,1733
862,1732
862,2309
862,1758
862,1190
862,1160
862,1101
862,1146
862,2556
862,1105
862,2562
862,2305
862,1750
862,1729
862,905
862,1751
862,863
862,2444
862,1880
862,885
862,1355
863,874
863,1663
863,2342
863,1185
863,2344
863,2278
863,2563
863,2153
863,1917
863,868
863,1135
863,884
863,2339
863,2159
863,2037
863,895
863,2156
863,869
863,2138
863,864
863,899
863,1287
863,905
863,1584
863,2143
863,1344
863,2022
863,1881
863,888
863,886
863,881
863,975
863,1807
863,2654
863,1880
863,1509
863,1140
864,2682
864,2347
864,905
864,892
864,2311
864,2126
864,2153
864,1173
864,897
864,883
864,2338
864,881
864,1110
864,875
864,2148
864,2004
864,1331
864,895
864,2406
864,2451
864,899
864,1175
864,2132
864,2139
864,2092
864,874
864,880
865,1185
865,1179
865,2563
865,2147
865,1192
865,1135
865,1126
865,2301
865,1759
865,2126
865,1750
865,1734
865,893
865,2444
865,2149
865,1397
865,880
865,1727
865,1732
865,886
865,2022
865,1885
865,1354
865,1130
865,1728
865,882
865,1141
865,1131
866,2276
866,1721
866,1916
866,2486
866,2310
866,2561
866,1151
866,893
866,2303
866,1755
866,2406
866,1842
866,892
866,2678
866,2399
866,895
866,887
866,870
866,1736
866,1588
866,2553
866,2130
866,1890
866,2142
866,878
866,2311
866,2308
866,881
866,2682
866,2447
866,1131
867,1133
867,2516
867,892
867,2338
867,1167
867,2014
867,2200
867,2153
867,2560
867,868
867,1135
867,1118
867,1128
867,875
867,2347
867,2676
867,890
867,905
867,1375
867,1728
867,882
867,1882
867,2457
867,1101
867,1759
867,2346
868,2682
868,2141
868,872
868,893
868,2611
868,2555
868,2552
868,2019
868,2260
868,2595
868,2560
868,2448
868,1112
868,1729
868,894
868,888
868,877
868,873
868,2142
868,890
868,883
868,1167
868,1749
868,875
868,871
868,1139
868,2127
868,2367
868,2122
868,2120
868,2023
868,2032
868,1837
868,1336
868,2678
869,874
869,1213
869,2338
869,2109
869,1721
869,2295
869,2683
869,2345
869,2450
869,2230
869,872
869,1301
869,1107
869,891
869,1549
869,2301
869,871
869,2093
869,1105
869,1916
869,1528
869,2030
869,2130
869,1914
869,2021
869,1724
869,2342
869,1125
869,2483
869,1537
869,1902
869,2339
869,2672
869,2626
870,2428
870,935
870,874
870,2346
870,2342
870,2307
870,905
870,2680
870,2561
870,2338
870,2563
870,2560
870,2672
870,2090
870,1176
870,2562
870,1523
870,2105
870,1135
870,1750
870,877
870,892
870,2153
870,2151
870,1576
870,1251
870,2035
870,1914
870,1350
870,2600
870,2127
870,1131
870,1515
870,1913
870,886
870,2149
870,888
870,2673
870,2091
870,1147
871,2682
871,1913
871,2557
871,1540
871,2347
871,892
871,2139
871,2341
871,2515
871,1164
871,1162
871,1197
871,1153
871,1124
871,1123
871,2451
871,1737
871,1729
871,1757
871,884
871,2338
871,1756
871,2099
871,2098
871,1884
871,2140
871,2034
871,890
871,2468
871,1886
871,2260
871,897
871,1917
871,896
872,2682
872,1729
872,1728
872,1185
872,894
872,2339
872,884
872,873
872,2674
872,2563
872,2153
872,892
872,2678
872,2277
872,898
872,875
872,905
872,899
872,1913
872,2301
872,2344
872,1127
872,1742
872,2032
872,2151
872,2308
872,2017
872,896
872,2013
872,1167
872,2126
872,1562
872,1881
873,874
873,2542
873,2659
873,2149
873,2008
873,1726
873,1169
873,1164
873,2562
873,1729
873,1185
873,1279
873,884
873,2399
873,895
873,2091
873,2154
873,2679
873,2216
873,2556
873,911
873,1740
874,2445
874,1135
874,1128
874,1738
874,2141
874,1872
874,899
874,2344
874,1100
874,2343
874,1177
874,886
874,883
874,905
874,2034
874,1160
874,2678
874,2277
874,2561
874,2158
874,2134
874,2143
874,2336
874,1144
874,1532
874,1558
874,2673
874,1919
874,1469
874,1388
874,1826
874,2544
874,1968
875,2557
875,1752
875,2338
875,1721
875,885
875,2452
875,2311
875,1330
875,1880
875,2278
875,2560
875,1168
875,1148
875,1113
875,897
875,2141
875,1812
875,2089
875,2676
875,1729
875,2019
875,2561
875,1134
875,2305
875,895
875,2682
875,896
876,2631
876,1818
876,1913
876,2650
876,2129
876,2126
876,1161
876,2127
876,2106
876,1809
876,2100
876,981
876,2339
876,2019
876,2483
876,2155
876,2114
876,2020
876,1900
876,1890
876,1887
876,1883
876,1819
876,1807
876,2654
876,2568
876,2683
876,2457
876,1390
876,2138
876,2679
876,1903
876,2140
876,1811
876,2130
876,2694
876,1504
876,1833
876,2121
876,2362
876,2168
876,2217
876,1985
876,1956
877,2682
877,905
877,1746
877,2599
877,2563
877,1357
877,1730
877,2560
877,1198
877,2311
877,1147
877,2681
877,1129
877,1759
877,1739
877,2343
877,1190
877,2451
877,2678
877,890
877,887
877,2081
877,2575
877,1314
877,1185
877,894
877,1734
877,882
877,1916
877,2141
877,1171
877,880
877,1897
877,895
877,896
877,1892
878,2419
878,2277
878,2153
878,2038
878,1190
878,2530
878,1172
878,1170
878,887
878,2339
878,1750
878,1118
878,1729
878,949
878,2400
878,1817
878,1720
878,1753
878,880
878,895
878,886
878,1751
878,1129
878,2553
878,1195
878,1299
878,2556
878,2563
879,1722
879,1540
879,2284
879,2277
879,2153
879,1729
879,1724
879,894
879,1755
879,2034
879,897
879,2301
879,1737
879,891
879,2127
879,2399
879,2302
879,1526
879,2124
879,1833
879,2552
879,2126
879,1738
879,2491
879,1186
879,881
879,898
880,2596
880,2141
880,905
880,1916
880,2675
880,2260
880,2446
880,2484
880,2096
880,1743
880,1190
880,2535
880,1759
880,1740
880,2407
880,1146
880,1728
880,883
880,1756
880,1738
880,2140
880,1729
880,1817
880,2399
880,2011
880,2134
880,1721
880,2150
880,1735
880,1347
880,1112
880,888
880,1744
881,1185
881,2344
881,1721
881,2278
881,1137
881,2111
881,2678
881,888
881,2343
881,2153
881,890
881,1740
881,2128
881,2026
881,1883
881,1354
881,1348
881,2135
881,1806
881,2339
881,2091
881,899
881,2451
881,1147
881,891
881,2489
881,2372
882,1757
882,892
882,2338
882,2553
882,2563
882,2560
882,1337
882,2677
882,2309
882,898
882,887
882,2673
882,2036
882,2013
882,1934
882,890
882,2676
882,1344
882,2682
882,2034
882,2117
882,1729
882,1730
882,1891
882,2446
882,1721
882,896
882,899
883,2300
883,1894
883,2682
883,2542
883,2491
883,2561
883,1735
883,2278
883,2552
883,1175
883,2560
883,1105
883,2311
883,1729
883,1728
883,2594
883,1914
883,1720
883,888
883,889
883,2451
883,895
883,2153
883,890
883,2094
883,2000
883,957
883,2562
883,915
883,2301
883,2005
883,1115
883,1750
883,2305
884,1745
884,2672
884,2307
884,1185
884,893
884,1668
884,892
884,2338
884,2303
884,2428
884,1167
884,2311
884,2554
884,1758
884,1176
884,1469
884,1739
884,2111
884,897
884,891
884,886
884,1171
884,1753
884,2023
884,2120
884,895
884,2037
884,1160
884,1742
884,2588
884,1154
884,2343
884,1168
884,1750
884,1904
885,1386
885,893
885,2344
885,1832
885,2402
885,2037
885,895
885,2311
885,2553
885,2148
885,1753
885,1284
885,2023
885,1822
885,2016
885,1880
885,2027
885,2003
885,1330
885,1910
885,1890
885,1379
885,1310
885,1838
885,2180
885,2127
885,2030
885,1351
886,905
886,2484
886,1735
886,2563
886,2560
886,2302
886,1749
886,2013
886,2392
886,2343
886,2530
886,1754
886,898
886,2347
886,2153
886,887
886,2156
886,2023
886,894
886,2022
886,1833
886,1757
886,2510
886,2552
886,896
886,897
887,2149
887,2626
887,1185
887,1721
887,1149
887,2682
887,1742
887,2012
887,2153
887,2142
887,2092
887,1739
887,2115
887,2342
887,2013
887,2484
887,2596
887,2032
887,2563
887,1740
887,1886
887,1720
887,2345
887,1781
887,1170
887,2026
887,1819
887,2311
887,2307
887,2401
887,2025
887,2188
888,2141
888,2542
888,2307
888,1757
888,905
888,892
888,2561
888,1733
888,2344
888,1721
888,2126
888,2486
888,2301
888,1744
888,2295
888,2107
888,896
888,2132
888,1171
888,2017
888,2491
888,2444
888,2468
888,1199
888,899
888,2121
888,2153
888,1191
888,2087
889,2346
889,1733
889,2452
889,2311
889,1177
889,1173
889,1143
889,1732
889,1168
889,1121
889,1742
889,2678
889,2562
889,1435
889,1161
889,1139
889,1916
890,2445
890,2682
890,1888
890,1185
890,2561
890,2303
890,2284
890,1179
890,1720
890,1723
890,2305
890,2156
890,895
890,1759
890,1747
890,2135
890,1128
890,1521
890,1742
890,2022
890,1121
890,2031
890,1326
890,1729
890,2339
890,2035
890,2000
891,2149
891,2344
891,1143
891,1112
891,2556
891,1751
891,2301
891,2295
891,1120
891,2346
891,2017
891,1815
891,1916
891,1734
891,2674
891,2444
891,2115
891,2300
891,1736
891,2018
891,898
891,2261
892,2346
892,1898
892,1745
892,905
892,1111
892,1149
892,1128
892,899
892,2451
892,1753
892,1742
892,2149
892,2487
892,2681
892,1183
892,2153
892,1721
892,2159
892,898
892,1367
892,2311
892,2034
892,2127
892,2560
892,1738
892,2126
892,1229
892,2449
892,897
892,2148
892,1158
892,2038
892,1553
892,1720
892,1914
892,1817
892,2006
892,2260
893,2141
893,1321
893,899
893,905
893,2554
893,1188
893,2452
893,2484
893,2126
893,1183
893,2153
893,2034
893,2345
893,2311
893,2135
893,2152
893,2342
893,1566
893,1567
893,2015
893,2157
893,2681
893,2487
893,2118
893,2021
893,1398
893,1338
893,1325
893,927
893,1606
894,1733
894,1721
894,2311
894,1759
894,2147
894,2304
894,1916
894,2339
894,1753
894,2446
894,1185
894,1167
894,1749
894,2034
894,2149
894,1179
894,1226
894,2449
894,897
894,896
894,895
894,1880
894,2115
894,2027
894,1754
894,1547
894,1197
894,1124
894,1196
894,2277
894,1546
895,2530
895,2149
895,1733
895,1916
895,2407
895,2563
895,1747
895,1115
895,1341
895,1729
895,1145
895,2138
895,2026
895,2123
895,2122
895,2342
895,1566
895,1305
895,1185
895,2252
895,1668
895,1739
895,1330
895,2027
895,2154
895,1886
895,897
895,2023
895,896
895,943
896,2300
896,2682
896,2347
896,2141
896,1469
896,2126
896,1917
896,1152
896,1116
896,1131
896,2562
896,1729
896,2341
896,1856
896,1560
896,2142
896,1356
896,1744
896,1548
896,2027
896,1720
896,1186
896,1318
896,1530
896,1342
896,2339
896,2022
896,1743
896,2131
896,1733
896,1137
896,2486
896,1888
896,1112
896,1110
896,2552
897,2149
897,2553
897,2278
897,1196
897,1758
897,1161
897,2450
897,2010
897,2301
897,1742
897,1721
897,2400
897,2087
897,1885
897,1206
897,1528
897,2401
897,1252
897,2125
897,2114
897,979
897,2305
897,1918
897,2015
897,1310
897,1729
897,2152
897,2675
897,2680
897,1192
897,2560
898,2344
898,2311
898,2278
898,2126
898,2563
898,2678
898,1176
898,1740
898,2303
898,2679
898,1803
898,1756
898,2127
898,1757
898,1828
898,2301
898,2148
898,2013
898,2201
898,2567
898,2406
899,1513
899,905
899,2554
899,2302
899,1130
899,2402
899,2278
899,2563
899,2142
899,2158
899,2676
899,2025
899,2020
899,2001
899,1904
899,1360
900,903
900,2088
900,917
900,1661
900,999
900,950
900,2017
900,935
900,2487
900,2029
900,1361
900,958
900,1831
900,944
900,931
900,1319
900,990
900,989
900,960
900,949
900,1328
900,940
900,932
900,1657
900,978
900,977
900,930
900,1339
900,916
900,956
900,957
900,910
900,2356
900,998
900,904
900,937
900,1810
900,964
900,988
900,941
900,922
900,2183
900,1670
900,1342
900,967
900,1672
900,1349
900,2426
900,1368
900,980
900,2578
901,2462
901,2178
901,1802
901,919
901,1654
901,1387
901,2581
901,1903
901,972
901,946
901,954
901,2021
901,957
901,992
901,1380
901,1365
901,931
901,1319
901,990
901,2015
901,981
901,2010
901,1399
901,976
901,970
901,956
901,2496
901,944
901,2286
901,928
901,973
901,971
901,924
901,964
901,958
901,911
901,998
901,904
901,1311
901,945
901,2019
901,1631
901,952
901,2652
901,906
901,2276
901,918
902,1646
902,982
902,974
902,1323
902,2683
902,1320
902,958
902,2426
902,1644
902,992
902,990
902,989
902,984
902,980
902,2465
902,956
902,918
902,1386
902,1339
902,916
902,1659
902,907
902,959
902,913
902,1656
902,904
902,1651
902,1322
902,955
902,920
902,2550
902,999
902,1610
902,2577
902,924
903,2707
903,2356
903,2267
903,935
903,1366
903,1334
903,1384
903,917
903,1391
903,2652
903,966
903,964
903,982
903,940
903,932
903,931
903,2145
903,914
903,913
903,1310
903,2183
903,960
903,1639
903,985
903,1664
903,2287
903,915
903,2273
903,1311
903,1602
903,1630
903,1618
903,2005
903,1617
903,2463
903,2172
904,1647
904,985
904,2145
904,999
904,957
904,1367
904,1304
904,993
904,984
904,983
904,1357
904,981
904,933
904,980
904,978
904,967
904,1953
904,961
904,914
904,962
904,915
904,913
904,908
904,2016
904,1372
904,2191
904,997
904,950
904,958
904,948
904,1306
904,977
904,930
904,2195
904,1670
904,1652
904,994
905,2346
905,2310
905,1724
905,1720
905,2451
905,2338
905,1167
905,2126
905,2678
905,1721
905,2595
905,2148
905,2134
905,2082
905,1834
905,1907
905,1314
905,1881
906,2424
906,2008
906,946
906,945
906,1314
906,1310
906,943
906,996
906,939
906,986
906,977
906,966
906,960
906,959
906,991
906,944
906,979
906,932
906,965
906,907
906,995
906,1371
906,948
906,909
906,925
906,928
906,2426
906,1674
907,1651
907,2273
907,2013
907,934
907,951
907,989
907,983
907,933
907,980
907,2576
907,978
907,976
907,1339
907,963
907,1338
907,962
907,1655
907,997
907,950
907,949
907,994
907,947
907,984
907,920
907,967
907,918
907,1670
907,1371
907,2195
907,2287
907,917
907,964
907,990
907,2541
907,2551
907,923
907,961
908,1659
908,1802
908,2575
908,2550
908,2257
908,1646
908,2000
908,946
908,1399
908,1320
908,1648
908,1319
908,1806
908,953
908,2222
908,958
908,969
908,2187
908,965
908,1654
908,949
908,923
908,978
908,932
908,917
908,1669
908,2703
908,963
908,2254
908,2357
908,947
908,2465
908,921
908,1630
908,933
908,1656
908,1327
908,1640
908,1629
908,986
909,2361
909,1384
909,1646
909,1739
909,946
909,2262
909,2185
909,1809
909,1378
909,1344
909,935
909,1828
909,1394
909,971
909,1644
909,990
909,2535
909,984
909,981
909,919
909,2611
909,966
909,913
909,960
909,1376
909,2575
909,930
909,926
909,1382
909,912
909,2458
909,2429
909,958
909,911
909,2578
909,2145
909,975
909,1469
909,952
909,965
909,2184
909,1672
910,2462
910,1818
910,1628
910,1718
910,1654
910,1648
910,2652
910,957
910,960
910,1377
910,1353
910,940
910,1328
910,1319
910,1301
910,946
910,958
910,934
910,2459
910,1392
910,2426
910,1386
910,998
910,979
910,914
910,1399
910,976
910,967
910,2421
910,966
910,1667
910,1641
910,962
910,912
910,959
910,944
910,1361
910,938
910,1676
910,924
910,918
910,926
910,1678
910,1304
910,2197
910,963
910,2526
910,2578
910,2586
910,1662
910,923
910,1323
910,994
911,1623
911,2145
911,1650
911,982
911,2652
911,961
911,1889
911,974
911,1367
911,1308
911,1824
911,2029
911,1350
911,1303
911,1820
911,1382
911,994
911,990
911,949
911,923
911,918
911,1336
911,2267
911,1672
911,1657
911,2414
911,1638
911,1643
911,964
911,2168
911,1360
911,984
911,2355
911,997
911,1388
911,916
911,2457
911,989
911,1376
911,2540
912,1659
912,937
912,2423
912,999
912,953
912,991
912,1320
912,993
912,934
912,921
912,997
912,987
912,976
912,964
912,924
912,1382
912,967
912,1641
912,2675
912,1359
912,983
912,1670
912,1898
912,2039
912,2180
912,2006
912,925
912,1650
912,2026
912,2167
912,1665
912,960
912,2285
912,1815
912,1627
912,956
912,1607
912,942
912,1929
912,955
913,1659
913,985
913,919
913,1392
913,1306
913,1648
913,990
913,989
913,996
913,949
913,944
913,987
913,2162
913,940
913,935
913,2580
913,1304
913,928
913,975
913,929
913,2287
913,924
913,923
913,2680
913,988
913,941
913,918
913,916
913,937
913,1313
913,915
913,1679
913,1678
913,983
913,998
914,2606
914,1818
914,2490
914,919
914,2203
914,1653
914,1321
914,945
914,2487
914,936
914,994
914,2356
914,993
914,2426
914,960
914,1317
914,941
914,987
914,2162
914,940
914,915
914,1811
914,2580
914,982
914,1311
914,1672
914,967
914,1649
914,1326
914,950
914,1675
914,1642
914,921
914,968
914,1658
914,2273
914,976
914,971
914,2287
914,951
915,1655
915,2145
915,1821
915,1602
915,2000
915,974
915,972
915,1721
915,969
915,942
915,1325
915,1308
915,995
915,993
915,958
915,939
915,2271
915,955
915,1838
915,992
915,1341
915,918
915,965
915,978
915,938
915,920
915,967
915,2209
915,943
915,1635
915,1664
915,960
915,973
916,2178
916,1817
916,1915
916,936
916,1350
916,965
916,1644
916,984
916,1622
916,1331
916,955
916,940
916,1358
916,932
916,931
916,930
916,929
916,923
916,2122
916,958
916,969
916,2230
916,1322
916,996
916,2265
916,1629
916,1676
916,2188
916,1674
916,1638
916,968
916,994
916,1673
916,1397
916,983
916,1923
917,937
917,2603
917,2025
917,972
917,969
917,957
917,2011
917,939
917,961
917,997
917,2026
917,992
917,989
917,2015
917,981
917,959
917,956
917,935
917,982
917,949
917,1307
917,978
917,931
917,927
917,970
917,923
917,967
917,920
917,918
917,2028
917,1648
917,1376
917,2269
918,935
918,1802
918,2139
918,1357
918,2275
918,2019
918,1817
918,2696
918,972
918,946
918,1370
918,981
918,1369
918,943
918,939
918,1656
918,977
918,1372
918,984
918,936
918,1359
918,983
918,1310
918,930
918,927
918,996
918,1628
918,949
918,1633
918,1351
918,2229
918,2583
918,1657
918,1885
918,1311
918,1672
918,1382
919,2464
919,2553
919,974
919,1651
919,972
919,957
919,951
919,945
919,2009
919,942
919,1385
919,1375
919,1344
919,1343
919,1305
919,1881
919,1821
919,973
919,933
919,1646
919,992
919,1377
919,989
919,980
919,979
919,976
919,970
919,2426
919,959
919,982
919,940
919,938
919,1325
919,931
919,929
919,1301
919,998
919,1313
919,1637
919,1614
920,1656
920,937
920,2088
920,2029
920,972
920,1399
920,1380
920,988
920,1317
920,933
920,992
920,979
920,2575
920,977
920,968
920,966
920,1382
920,959
920,955
920,947
920,987
920,940
920,2145
920,923
920,965
920,922
920,1669
920,938
920,1631
920,996
921,1341
921,1643
921,1653
921,982
921,942
921,1399
921,939
921,981
921,934
921,992
921,984
921,966
921,950
921,971
921,972
921,925
921,968
921,922
921,958
921,1372
921,2182
921,1649
921,1672
921,999
922,2462
922,1656
922,2423
922,991
922,2429
922,974
922,1810
922,933
922,998
922,990
922,986
922,2003
922,1809
922,936
922,983
922,2145
922,981
922,979
922,963
922,1342
922,954
922,950
922,1372
922,993
922,2168
922,2583
922,1322
922,959
922,1382
922,1935
922,965
922,2187
922,938
922,1389
922,2188
922,1383
922,947
922,967
922,1678
922,952
923,2286
923,2198
923,985
923,953
923,2277
923,1394
923,2027
923,1839
923,994
923,2681
923,989
923,2632
923,987
923,981
923,968
923,962
923,956
923,952
923,1355
923,932
923,1395
923,925
923,1351
923,2584
923,1311
923,963
923,1950
923,960
923,1334
923,930
923,1646
924,1827
924,1656
924,1384
924,2270
924,2145
924,1816
924,1398
924,1378
924,1641
924,936
924,1359
924,939
924,2426
924,992
924,990
924,1647
924,989
924,1903
924,963
924,1363
924,940
924,931
924,976
924,929
924,1718
924,2188
924,995
924,948
924,957
924,959
924,1672
924,2287
924,1391
924,968
924,2172
924,944
925,1666
925,2599
925,935
925,982
925,1641
925,1829
925,2027
925,2028
925,1367
925,958
925,996
925,970
925,948
925,978
925,932
925,940
925,2162
925,942
925,2587
925,1611
925,2457
925,930
925,968
925,1671
925,1676
925,2578
925,952
926,2707
926,1665
926,1641
926,2705
926,2286
926,974
926,969
926,942
926,1809
926,1396
926,1378
926,1370
926,1369
926,1356
926,991
926,1367
926,1320
926,1831
926,940
926,987
926,965
926,961
926,1658
926,931
926,1382
926,1664
926,928
926,1672
926,967
926,1338
926,2261
926,992
927,2267
927,935
927,2207
927,1822
927,1752
927,937
927,2634
927,2275
927,1817
927,2008
927,1624
927,1333
927,1536
927,969
927,1839
927,1362
927,931
927,1319
927,1303
927,1800
927,1374
927,996
927,964
927,960
927,955
927,1657
927,952
927,1811
927,938
927,1353
927,1823
927,1318
927,930
927,1398
927,2527
927,975
927,2189
927,928
927,967
927,961
927,1349
927,1322
927,2024
927,995
927,1320
927,1649
927,1600
927,1881
927,1670
927,951
927,1339
928,2285
928,2256
928,1608
928,2270
928,2190
928,2694
928,1648
928,1808
928,1360
928,1399
928,1352
928,1342
928,978
928,977
928,941
928,938
928,1656
928,1805
928,1382
928,1325
928,1372
928,1396
928,2430
928,1670
928,932
928,963
928,999
928,952
928,1649
928,1632
929,1659
929,937
929,2675
929,999
929,953
929,1602
929,961
929,1591
929,972
929,936
929,1370
929,994
929,946
929,993
929,958
929,981
929,998
929,984
929,968
929,967
929,966
929,1670
929,2226
929,965
929,964
929,2540
929,988
929,941
929,989
929,970
929,960
929,2430
929,975
929,1351
929,978
929,931
929,938
929,932
929,1658
930,1646
930,961
930,2002
930,973
930,943
930,933
930,1318
930,989
930,984
930,979
930,947
930,1641
930,2581
930,2440
930,966
930,976
930,971
930,1676
930,2287
930,1672
930,1670
930,2602
930,997
930,951
930,1809
930,1338
930,1949
931,969
931,1306
931,993
931,958
931,1375
931,996
931,942
931,989
931,939
931,986
931,981
931,933
931,980
931,967
931,985
931,938
931,1640
931,2421
931,2703
931,2287
931,1678
931,994
931,947
931,2273
931,1662
931,962
931,959
931,1649
931,1366
931,943
932,2356
932,1656
932,2423
932,2576
932,2179
932,1650
932,961
932,997
932,934
932,981
932,1356
932,980
932,965
932,956
932,949
932,944
932,938
932,1625
932,2189
932,988
932,2586
932,1355
932,960
932,2457
932,999
933,937
933,1666
933,945
933,942
933,1358
933,1831
933,943
933,934
933,986
933,964
933,947
933,944
933,983
933,2605
933,960
933,1395
933,977
933,954
933,2224
933,1633
934,2424
934,2423
934,2136
934,2580
934,1660
934,991
934,1656
934,951
934,977
934,968
934,975
934,999
934,2033
934,1328
934,952
934,947
934,1634
934,1352
934,984
934,1381
934,2703
935,2631
935,957
935,946
935,945
935,942
935,936
935,1399
935,1394
935,1385
935,1378
935,1356
935,1319
935,1815
935,973
935,961
935,996
935,987
935,968
935,966
935,963
935,944
935,941
935,938
935,974
935,2145
935,2563
935,2597
935,999
935,1665
935,1313
935,2266
935,2421
936,2603
936,2276
936,1393
936,1910
936,2200
936,2022
936,2029
936,1818
936,2523
936,972
936,2502
936,1891
936,951
936,1375
936,1356
936,1318
936,1314
936,1308
936,1837
936,971
936,1321
936,992
936,2580
936,1640
936,1313
936,984
936,2426
936,993
936,1322
936,964
936,1669
936,1811
936,2021
936,940
936,1338
936,962
936,1339
937,2285
937,991
937,957
937,1396
937,1300
937,995
937,993
937,958
937,961
937,2280
937,996
937,942
937,989
937,987
937,2255
937,939
937,986
937,983
937,2011
937,977
937,1391
937,968
937,956
937,938
937,1352
937,999
937,959
937,1667
937,1642
938,1641
938,2136
938,1752
938,1357
938,2588
938,942
938,1363
938,1300
938,2280
938,2359
938,1325
938,996
938,945
938,992
938,984
938,977
938,959
938,2273
938,957
938,1371
938,972
938,2288
938,999
938,2426
938,1311
938,2000
938,962
938,956
938,1303
938,1890
939,1659
939,2133
939,991
939,942
939,1644
939,1362
939,995
939,979
939,955
939,973
939,950
939,2339
939,976
939,1646
939,2586
939,961
939,970
939,953
939,2457
939,1658
939,2002
939,984
940,2356
940,1647
940,2423
940,1648
940,1636
940,2576
940,982
940,988
940,945
940,1361
940,1338
940,987
940,980
940,1352
940,1305
940,976
940,964
940,952
940,984
940,1313
940,2266
940,944
940,2577
940,959
940,1678
940,983
940,961
940,1679
940,963
940,1347
940,1887
940,1370
941,1641
941,1622
941,2286
941,1608
941,2550
941,1646
941,972
941,1361
941,2580
941,982
941,1358
941,963
941,956
941,2459
941,955
941,1605
941,947
941,1355
941,1907
941,967
941,1672
941,2518
941,960
941,1336
941,2463
941,962
941,2175
941,1611
941,2457
942,1656
942,1213
942,2088
942,2680
942,1666
942,999
942,1646
942,2203
942,2009
942,2005
942,1379
942,991
942,1370
942,1363
942,1332
942,958
942,969
942,992
942,979
942,1389
942,2033
942,966
942,965
942,1383
942,959
942,2266
942,1642
942,1313
942,980
942,2578
942,1819
942,1625
942,1358
942,1391
942,972
943,2145
943,961
943,2030
943,1903
943,991
943,974
943,2355
943,945
943,995
943,973
943,971
943,2039
943,958
943,1648
943,1319
943,990
943,950
943,947
943,1313
943,959
943,1672
943,1662
943,980
943,1638
943,979
943,2460
943,956
943,2280
943,1669
943,1341
943,965
943,989
944,1624
944,961
944,2017
944,1378
944,974
944,1303
944,1348
944,2285
944,2426
944,998
944,2355
944,992
944,986
944,981
944,2286
944,2145
944,970
944,1623
944,965
944,948
944,1311
944,1640
944,1355
944,1611
944,1351
944,1604
944,1366
944,2541
944,987
944,1608
944,997
944,1380
945,2576
945,2031
945,2017
945,1914
945,1646
945,988
945,969
945,2130
945,1378
945,973
945,968
945,959
945,1306
945,977
945,954
945,953
945,994
945,1605
945,985
945,958
945,1372
945,2014
945,1638
945,2276
945,960
945,1347
945,971
945,970
945,966
945,2597
945,999
946,2256
946,982
946,991
946,951
946,2011
946,2039
946,1381
946,1365
946,2658
946,1812
946,1348
946,1312
946,993
946,2426
946,965
946,976
946,953
946,1349
946,2583
946,994
946,970
946,1659
946,2458
946,975
946,956
946,957
946,978
946,1644
946,2029
947,2707
947,985
947,953
947,972
947,957
947,2544
947,993
947,971
947,989
947,983
947,979
947,970
947,1620
947,962
947,1649
947,1640
947,2585
947,988
947,2223
947,1823
947,2271
947,956
947,980
948,1665
948,1661
948,1648
948,988
948,974
948,1398
948,1352
948,1354
948,1307
948,2029
948,995
948,993
948,989
948,2397
948,2256
948,987
948,959
948,955
948,954
948,962
948,957
948,968
948,2187
948,979
948,1656
948,998
948,1348
948,1329
948,983
948,2359
948,996
949,1641
949,1647
949,1643
949,1653
949,1646
949,961
949,2683
949,2025
949,999
949,1892
949,957
949,1392
949,1305
949,998
949,990
949,1344
949,968
949,1385
949,962
949,1311
949,977
949,973
949,1678
949,975
949,2159
949,984
949,1642
949,2036
949,955
949,1383
949,958
949,2429
949,970
949,964
950,1718
950,2658
950,2358
950,2018
950,1364
950,989
950,981
950,980
950,975
950,952
950,2703
950,979
950,1355
950,1649
950,986
950,1325
950,1372
950,968
950,976
950,1604
950,2126
950,2426
951,2580
951,1626
951,2014
951,1651
951,2039
951,991
951,1801
951,1378
951,977
951,1365
951,1361
951,1347
951,2174
951,1301
951,994
951,1346
951,958
951,2426
951,976
951,975
951,1344
951,968
951,1327
951,2170
951,1372
951,2272
951,980
951,993
951,1604
951,981
951,2579
951,1342
951,963
952,982
952,991
952,1374
952,1308
952,1305
952,1824
952,990
952,977
952,965
952,955
952,1377
952,954
952,2551
952,1329
952,2457
952,1372
952,957
952,1677
952,1633
952,2426
952,2021
952,1810
952,966
952,981
952,1653
953,2582
953,1663
953,2275
953,1803
953,1643
953,1387
953,999
953,2486
953,1363
953,1344
953,1342
953,1309
953,1301
953,995
953,2280
953,997
953,978
953,976
953,968
953,966
953,965
953,963
953,1810
953,1667
953,1664
953,2457
953,2265
953,993
953,1672
953,1808
953,2584
953,2036
953,969
953,2162
954,2024
954,2423
954,2544
954,1901
954,1821
954,982
954,1377
954,958
954,996
954,989
954,977
954,965
954,986
954,1386
954,963
954,955
954,995
954,1361
954,964
954,973
954,1631
954,998
954,970
954,968
954,2285
954,2253
955,1665
955,1656
955,2543
955,2576
955,1319
955,993
955,971
955,2280
955,1645
955,987
955,981
955,976
955,2607
955,2578
955,1642
955,1675
955,1362
955,1644
955,2547
955,982
955,1311
956,1656
956,2422
956,1332
956,1824
956,2233
956,2426
956,989
956,986
956,983
956,976
956,2184
956,1667
956,962
956,975
956,1351
956,968
956,1313
956,1672
956,1649
956,982
956,1358
956,1640
956,1820
956,996
956,2171
956,988
956,1648
956,1308
956,2145
956,1346
956,970
956,1888
957,2286
957,1660
957,2186
957,2680
957,2351
957,2001
957,974
957,1318
957,1302
957,981
957,976
957,963
957,962
957,1335
957,959
957,2265
957,999
957,2174
957,995
957,994
957,1374
957,1327
957,998
957,979
957,969
957,2426
957,2191
957,1398
957,975
958,1641
958,1732
958,1661
958,1602
958,1679
958,1388
958,1304
958,981
958,977
958,970
958,959
958,2463
958,2171
958,2268
958,2551
958,992
958,2031
958,1330
958,968
958,963
958,1377
958,2461
958,995
959,1656
959,1641
959,1655
959,2445
959,2680
959,991
959,984
959,979
959,962
959,960
959,2264
959,1363
959,1644
959,986
959,985
959,1321
959,2285
959,969
959,2023
959,989
959,2587
959,2189
959,2014
959,1638
960,1663
960,999
960,986
960,1378
960,1300
960,996
960,989
960,987
960,983
960,1656
960,977
960,968
960,1373
960,975
960,1351
960,2215
960,2191
960,2652
960,2458
960,1657
960,2705
960,2519
960,1646
960,967
960,2189
960,1672
960,979
960,1658
960,1317
960,1655
960,976
960,974
960,962
960,970
960,1919
961,1665
961,2634
961,1661
961,2351
961,2145
961,1394
961,986
961,978
961,967
961,2426
961,987
961,977
961,1352
961,976
961,1350
961,2650
961,998
961,979
961,1355
961,999
961,1657
962,2024
962,972
962,969
962,2262
962,1396
962,1321
962,2026
962,1363
962,1338
962,2634
962,1318
962,979
962,977
962,975
962,1670
962,1662
962,980
962,1638
962,2264
962,994
962,1646
962,988
962,1641
962,978
962,970
962,2423
962,966
962,2019
962,2652
963,985
963,2190
963,2421
963,2280
963,997
963,1641
963,983
963,1918
963,978
963,976
963,2423
963,966
963,1678
963,984
963,1642
963,1666
963,1656
963,2145
963,970
963,2285
963,987
964,1665
964,1366
964,2421
964,1636
964,1393
964,2145
964,982
964,1301
964,1398
964,998
964,1365
964,1377
964,989
964,979
964,965
964,1307
964,1395
964,2484
964,1320
964,1649
964,983
964,1350
964,1363
964,967
964,969
964,2675
964,2426
964,2191
964,1356
964,2194
964,972
964,990
964,2255
964,1382
965,2421
965,1908
965,2466
965,1333
965,982
965,975
965,1363
965,1342
965,1335
965,1314
965,1383
965,995
965,978
965,968
965,2180
965,1623
965,2184
965,989
965,2286
965,2577
965,2581
965,1376
965,2458
965,2265
965,1800
965,973
965,2426
965,1644
966,2707
966,2024
966,1656
966,2668
966,2270
966,2145
966,1718
966,2576
966,974
966,1328
966,1394
966,2025
966,979
966,1367
966,1323
966,987
966,2718
966,1816
966,970
966,1654
966,996
966,1372
966,1371
966,2268
966,1650
966,2426
966,1674
966,2586
966,1391
966,976
967,984
967,1663
967,982
967,1388
967,970
967,1351
967,2006
967,2491
967,2021
967,1363
967,998
967,2162
967,2287
967,978
967,1657
967,980
967,1638
967,1818
967,1630
967,988
967,1621
967,1656
967,2165
967,974
967,973
967,1761
967,2273
967,1380
967,2462
967,990
968,2551
968,999
968,2285
968,2576
968,2028
968,972
968,1809
968,1320
968,1301
968,1644
968,983
968,980
968,978
968,977
968,2703
968,1679
968,1649
968,2036
968,969
968,1319
968,1610
968,1605
968,2266
968,2460
968,1629
968,976
968,1676
968,1639
968,1309
968,1886
969,2088
969,1628
969,1646
969,2039
969,1887
969,2029
969,1818
969,972
969,2014
969,1309
969,1345
969,2544
969,993
969,998
969,987
969,983
969,978
969,1372
969,2165
969,971
969,2540
969,1620
969,1662
969,2002
969,984
969,973
970,2551
970,1655
970,2145
970,1646
970,2015
970,2036
970,974
970,1353
970,1335
970,978
970,1389
970,2607
970,986
970,2253
970,984
970,976
970,972
970,2221
970,2029
971,1656
971,2273
971,1718
971,1665
971,1900
971,1362
971,974
971,1303
971,2021
971,987
971,1676
971,981
971,1678
971,1349
971,1664
971,2457
971,976
971,1641
971,2681
971,989
971,1809
971,997
972,991
972,1308
972,996
972,987
972,986
972,978
972,1774
972,1664
972,1646
972,1399
972,2280
972,993
972,2168
973,2190
973,2576
973,2652
973,2676
973,1394
973,988
973,1881
973,998
973,983
973,979
973,1372
973,1670
973,987
973,1613
973,1311
973,976
973,1306
973,2463
973,1838
973,992
974,2145
974,2654
974,2696
974,2285
974,2576
974,1386
974,1339
974,2018
974,1370
974,1358
974,1352
974,1364
974,1881
974,993
974,1180
974,986
974,1115
974,1309
974,980
974,1308
974,979
974,977
974,975
974,2183
974,1349
974,2458
974,991
974,2213
974,1325
974,999
974,1376
974,1611
975,2423
975,2603
975,1653
975,2677
975,2565
975,1367
975,1339
975,2633
975,986
975,977
975,1322
975,2674
975,1311
975,2694
975,1613
975,1656
975,1897
975,981
975,1363
975,1316
975,2585
975,1305
976,1623
976,2273
976,1648
976,2674
976,988
976,2021
976,2426
976,978
976,2462
976,1395
976,2578
976,2429
976,1839
976,998
976,2220
976,997
976,2458
976,1656
976,977
976,1335
976,1383
976,995
977,2347
977,2576
977,1646
977,1396
977,1367
977,1809
977,990
977,1371
977,1382
977,2463
977,1347
977,2287
977,1669
977,2460
977,2652
977,1659
977,1334
977,1310
977,1672
977,1356
977,980
977,2169
978,1663
978,1381
978,1319
978,1306
978,1833
978,1312
978,1340
978,2280
978,984
978,1826
978,980
978,2226
978,2457
978,989
978,1628
978,1672
978,1839
978,993
978,1640
979,2267
979,1656
979,1628
979,988
979,982
979,2674
979,1358
979,1352
979,1824
979,980
979,2168
979,2579
979,1629
979,2197
979,2275
979,995
979,1624
979,1389
979,1602
979,1367
979,1649
979,999
980,1623
980,1341
980,2683
980,2005
980,1359
980,2145
980,1346
980,995
980,992
980,986
980,981
980,1349
980,1640
980,993
980,1604
980,1656
980,1891
980,1319
980,1918
981,2356
981,1641
981,2261
981,1885
981,1342
981,1325
981,1652
981,994
981,1315
981,1644
981,990
981,1662
981,1656
981,1635
981,2577
981,1344
981,997
981,2145
982,2356
982,2285
982,2423
982,1321
982,1357
982,1801
982,1389
982,1361
982,1347
982,1327
982,1306
982,995
982,1385
982,997
982,990
982,989
982,1344
982,1382
982,1373
982,1675
982,2581
982,1611
982,1620
983,1393
983,2145
983,1648
983,1385
983,1338
983,1307
983,2540
983,2183
983,2274
983,2718
983,1637
983,994
983,2169
983,1670
983,1678
984,1641
984,1761
984,1718
984,1661
984,2011
984,1361
984,1302
984,1836
984,1387
984,999
984,992
984,989
984,1338
984,1667
984,2287
984,1355
984,1611
984,1637
984,1644
984,997
984,2458
985,2356
985,1588
985,1379
985,1363
985,1358
985,1340
985,1302
985,1646
985,1903
985,1609
985,2180
985,1351
985,2704
985,1665
985,2182
985,1639
985,1930
985,2458
985,1608
985,1649
985,1642
985,1361
985,2583
985,1829
985,1603
985,2179
985,2457
985,2269
985,1658
985,1620
986,2424
986,1660
986,2145
986,1661
986,999
986,988
986,1389
986,1343
986,1334
986,2585
986,2280
986,1310
986,1312
986,990
986,1394
986,2583
986,1300
986,2287
986,2556
986,2265
986,1672
986,1635
986,2460
986,1640
986,1349
986,1631
986,1618
986,1362
986,1651
986,1675
986,2011
986,1351
986,1654
986,2624
986,1363
986,2652
987,1651
987,2490
987,2014
987,992
987,990
987,1647
987,989
987,1391
987,2705
987,2652
987,1393
987,2145
987,1311
987,1605
988,2269
988,1646
988,991
988,1361
988,995
988,1349
988,994
988,2037
988,1351
988,2458
988,1315
989,1641
989,1898
989,1393
989,2675
989,1317
989,1903
989,1364
989,991
989,1837
989,993
989,1355
989,2457
989,2296
989,2458
989,2652
989,1629
989,995
990,2145
990,998
990,997
990,1311
990,1664
990,1361
990,2583
990,2577
990,1678
990,1629
990,1604
990,2021
990,996
990,1671
990,2155
990,1638
991,2185
991,1393
991,1911
991,1378
991,992
991,2031
991,2266
991,1630
991,1656
991,998
991,1329
991,1349
991,1357
992,1651
992,2185
992,1646
992,1665
992,2605
992,2652
992,2004
992,1398
992,1332
992,1801
992,998
992,1382
992,2457
992,1349
992,1625
992,2707
992,1882
992,999
993,1623
993,2145
993,1646
993,2261
993,1394
993,2280
993,1893
993,999
993,1657
993,1356
993,1632
993,1324
993,1822
993,1614
994,1644
994,2268
994,1679
994,996
994,1603
994,1648
994,2165
994,2195
995,2542
995,2652
995,1806
995,2426
995,2230
995,2001
995,1672
995,1941
995,1318
995,2682
995,1670
995,1646
995,1605
995,1644
996,2650
996,2544
996,2421
996,1628
996,1318
996,1341
996,1670
996,2652
996,2294
996,1307
996,2028
997,2356
997,2423
997,1761
997,1654
997,999
997,2699
997,2652
997,2016
997,2263
997,1370
997,1301
997,2585
997,2577
997,1637
997,2272
997,2270
997,1386
997,1366
997,2275
998,1761
998,1646
998,1369
998,1326
998,1306
998,1351
998,1820
998,1679
998,2273
998,1638
998,2024
998,1390
998,2025
998,1321
998,1392
998,1621
999,2423
999,1661
999,1397
999,1320
999,2628
999,1672
999,2280
999,1310
999,1646
999,1340
999,1321
999,2605
999,1628
999,2704
999,2239
999,1663
999,2227
999,1358
999,1642
999,1605
1000,1700
1000,2630
1000,1869
1000,1096
1000,1059
1000,1058
1000,1044
1000,1020
1000,1844
1000,2478
1000,2384
1000,1867
1000,1270
1000,1244
1000,1033
1000,1550
1000,1221
1000,1283
1000,1048
1000,1706
1000,1097
1000,1037
1000,1695
1000,1416
1000,1087
1000,1055
1000,1006
1000,1029
1000,1299
1000,1017
1000,1043
1000,1090
1000,1069
1000,2315
1000,1046
1000,2387
1000,1024
1000,1574
1000,1031
1001,2258
1001,1714
1001,1699
1001,1042
1001,2086
1001,1692
1001,1682
1001,1707
1001,1096
1001,1045
1001,1073
1001,1026
1001,1018
1001,1003
1001,1696
1001,1226
1001,1044
1001,1242
1001,1695
1001,2531
1001,1027
1001,1685
1001,1711
1001,1093
1001,1023
1001,1689
1001,2394
1001,1078
1001,1055
1001,1017
1001,1021
1001,1251
1001,1013
1001,1876
1001,1688
1002,2313
1002,1246
1002,1181
1002,1086
1002,2510
1002,2471
1002,1870
1002,1072
1002,1065
1002,1713
1002,1689
1002,1680
1002,1096
1002,1073
1002,1058
1002,1054
1002,1025
1002,1697
1002,1018
1002,1005
1002,1237
1002,2371
1002,1863
1002,1231
1002,1097
1002,1063
1002,1028
1002,2386
1002,1702
1002,1091
1002,1077
1002,1056
1002,1071
1002,1847
1002,1048
1002,1046
1002,1041
1002,1074
1002,1075
1002,1022
1002,1021
1002,1014
1002,1080
1002,1517
1002,1512
1002,1006
1002,1076
1002,1875
1002,1715
1002,1245
1002,1295
1002,1062
1002,1233
1003,1714
1003,1700
1003,1701
1003,1699
1003,1047
1003,1072
1003,1052
1003,1010
1003,1717
1003,1686
1003,1683
1003,1098
1003,1694
1003,1083
1003,1054
1003,1044
1003,1043
1003,1039
1003,1060
1003,1013
1003,1690
1003,1011
1003,1005
1003,1879
1003,1064
1003,1596
1003,1024
1003,1703
1003,1092
1003,1269
1003,1076
1003,1687
1003,1066
1003,1860
1003,1055
1003,1706
1003,1682
1003,1696
1003,2708
1003,1041
1003,2394
1003,1406
1004,2469
1004,1070
1004,2318
1004,1072
1004,1079
1004,1974
1004,1692
1004,1689
1004,1682
1004,1709
1004,2320
1004,1098
1004,1067
1004,1058
1004,1701
1004,1043
1004,1039
1004,1016
1004,1013
1004,1277
1004,1026
1004,1711
1004,1048
1004,1706
1004,1696
1004,1688
1004,1077
1004,1099
1004,1005
1004,1028
1004,1056
1004,1069
1004,1037
1004,1084
1004,1245
1004,1203
1004,1019
1004,1464
1004,1064
1005,2479
1005,1012
1005,1717
1005,1703
1005,1692
1005,1689
1005,1684
1005,1683
1005,1084
1005,1037
1005,1065
1005,1018
1005,1711
1005,1879
1005,2321
1005,1696
1005,1038
1005,1019
1005,2384
1005,1027
1005,1075
1005,1708
1005,1020
1005,1687
1005,1707
1006,1086
1006,1699
1006,1076
1006,1865
1006,1717
1006,1294
1006,1042
1006,1277
1006,1259
1006,1849
1006,1097
1006,1044
1006,1702
1006,1696
1006,1685
1006,1048
1006,1095
1006,1698
1006,1087
1006,1034
1006,1068
1006,1021
1006,1714
1006,1056
1006,1266
1006,2394
1006,1595
1006,1560
1006,1011
1006,1293
1006,1719
1006,1014
1006,1096
1006,1092
1006,1069
1006,1869
1006,1023
1007,2513
1007,1545
1007,1709
1007,1708
1007,1099
1007,1096
1007,1067
1007,1040
1007,2394
1007,1036
1007,1690
1007,1011
1007,2378
1007,1277
1007,1026
1007,1710
1007,1031
1007,1707
1007,2386
1007,1264
1007,1687
1007,1095
1007,1086
1007,1280
1007,1577
1007,1092
1007,1074
1007,1013
1007,1207
1007,2100
1007,1066
1007,1049
1007,1046
1007,1071
1007,1265
1007,1024
1007,1218
1007,1065
1007,1077
1007,1877
1007,1209
1007,1068
1007,1021
1007,1014
1007,1212
1007,2473
1007,1270
1007,1599
1007,1201
1007,1055
1007,1009
1007,1037
1007,2395
1007,1022
1007,1275
1008,1081
1008,2510
1008,1283
1008,2479
1008,1717
1008,1713
1008,1682
1008,1096
1008,1073
1008,1051
1008,1036
1008,1274
1008,1273
1008,1062
1008,1015
1008,1014
1008,1719
1008,1704
1008,1046
1008,1093
1008,2313
1008,1702
1008,1019
1008,1066
1008,1057
1008,1708
1008,1050
1008,1030
1008,1246
1008,1011
1008,1293
1008,2630
1008,1220
1008,1548
1008,1266
1008,1268
1008,1021
1008,1228
1008,1714
1008,1009
1008,1859
1008,1201
1008,1295
1008,1074
1009,1866
1009,2630
1009,2537
1009,1691
1009,1684
1009,1096
1009,2469
1009,1059
1009,1043
1009,1086
1009,1039
1009,1025
1009,1013
1009,1016
1009,1063
1009,1719
1009,1696
1009,1037
1009,1695
1009,1095
1009,1700
1009,1089
1009,1689
1009,1078
1009,1052
1009,1099
1009,1851
1009,2321
1009,1855
1009,2513
1009,1056
1009,2479
1009,1069
1009,1704
1009,1422
1009,1046
1009,1869
1009,2386
1009,1023
1009,1293
1009,1019
1009,1050
1009,1228
1009,1713
1009,1242
1010,1714
1010,1700
1010,1052
1010,2479
1010,1717
1010,1683
1010,1692
1010,1034
1010,1018
1010,1098
1010,1568
1010,1848
1010,2365
1010,1217
1010,1814
1010,1062
1010,1203
1010,1716
1010,1044
1010,1702
1010,1699
1010,1088
1010,1087
1010,1690
1010,2386
1010,1057
1010,1077
1010,1030
1010,2387
1010,1024
1010,1019
1010,1064
1010,1017
1010,1055
1010,1243
1010,2394
1010,1415
1010,1477
1011,1086
1011,1699
1011,2479
1011,1684
1011,1098
1011,1096
1011,1085
1011,2314
1011,1045
1011,1043
1011,1037
1011,1020
1011,1708
1011,1094
1011,1077
1011,1218
1011,2376
1011,1060
1011,1201
1011,1052
1011,1099
1011,2321
1011,1706
1011,1860
1011,1032
1011,2642
1011,1538
1011,1023
1011,1059
1011,1040
1011,1463
1011,1053
1011,1076
1011,1029
1012,2319
1012,1855
1012,1263
1012,1070
1012,2701
1012,2475
1012,1841
1012,2320
1012,2115
1012,2388
1012,1227
1012,1876
1012,2531
1012,2478
1012,1217
1012,1879
1012,1847
1012,1289
1012,1277
1012,2369
1012,1205
1012,1201
1012,1928
1012,1865
1012,1019
1012,1583
1012,1291
1012,1226
1012,2390
1012,1573
1012,1549
1012,1258
1012,1840
1012,1558
1012,1254
1012,1525
1012,2385
1012,2382
1012,2479
1012,2573
1012,2533
1012,2472
1012,2322
1012,2613
1012,1578
1012,2095
1012,1595
1012,1293
1012,1245
1012,2590
1012,1232
1012,1220
1012,2643
1012,1548
1012,1266
1012,1025
1012,1219
1012,1830
1012,2007
1013,1542
1013,2313
1013,2258
1013,1047
1013,1072
1013,1065
1013,1710
1013,1698
1013,1689
1013,1099
1013,1040
1013,1086
1013,1280
1013,1039
1013,1026
1013,2320
1013,1059
1013,1860
1013,1064
1013,1840
1013,1045
1013,1023
1013,1702
1013,1038
1013,1696
1013,1033
1013,1080
1013,1024
1013,1071
1013,1714
1013,1035
1013,1029
1013,1707
1013,1028
1013,2386
1013,1506
1013,1090
1013,1861
1013,1015
1013,1297
1013,2717
1013,1260
1013,1032
1013,1095
1013,1096
1013,1049
1013,1285
1013,1037
1013,1695
1013,1507
1014,2477
1014,1700
1014,1072
1014,1052
1014,2472
1014,1083
1014,1060
1014,1058
1014,1692
1014,1034
1014,1026
1014,1016
1014,2537
1014,1879
1014,1270
1014,2469
1014,1059
1014,1247
1014,1217
1014,1699
1014,1840
1014,1088
1014,1702
1014,1695
1014,1084
1014,1087
1014,1863
1014,1017
1014,1064
1014,1682
1014,1024
1014,1878
1014,1690
1014,1023
1014,1877
1014,1031
1014,1595
1014,1027
1014,1243
1014,2391
1014,1018
1014,2710
1014,2504
1015,2389
1015,2340
1015,2475
1015,2314
1015,1254
1015,1580
1015,1047
1015,2630
1015,2533
1015,1707
1015,1072
1015,2323
1015,1689
1015,1085
1015,1067
1015,1698
1015,1040
1015,1682
1015,1274
1015,1259
1015,1236
1015,1207
1015,1088
1015,1068
1015,1018
1015,2079
1015,1206
1015,1035
1015,1873
1015,1097
1015,1058
1015,1050
1015,1027
1015,1092
1015,1023
1015,1063
1015,1860
1015,1569
1015,2489
1015,1293
1015,2472
1015,1297
1015,1484
1015,2317
1015,1056
1015,1999
1016,2521
1016,1086
1016,2370
1016,1072
1016,1708
1016,1703
1016,1099
1016,1096
1016,1062
1016,1085
1016,1038
1016,1154
1016,1060
1016,1063
1016,1695
1016,1084
1016,2622
1016,1071
1016,1093
1016,1517
1016,1235
1016,1030
1016,1028
1016,1433
1016,1778
1016,1858
1016,1247
1016,1482
1016,1056
1016,1878
1016,1068
1017,2564
1017,2382
1017,1855
1017,1714
1017,1700
1017,1043
1017,1038
1017,1025
1017,1020
1017,1864
1017,2572
1017,1256
1017,2086
1017,1851
1017,1274
1017,1702
1017,1084
1017,1695
1017,1074
1017,1689
1017,1078
1017,1713
1017,1055
1017,1095
1017,1048
1017,1064
1017,1699
1017,1041
1017,1035
1017,1234
1017,1715
1017,2386
1017,1023
1018,2396
1018,1542
1018,2701
1018,1047
1018,1170
1018,1713
1018,1083
1018,1075
1018,1053
1018,1043
1018,1085
1018,1038
1018,1026
1018,1067
1018,1020
1018,1063
1018,1049
1018,2313
1018,1702
1018,1099
1018,2321
1018,1032
1018,1716
1018,1069
1018,1022
1018,1257
1018,1087
1018,1059
1018,1249
1018,1695
1018,2622
1018,1682
1018,1071
1018,1070
1018,1023
1018,1093
1019,1155
1019,1694
1019,1692
1019,1682
1019,1094
1019,1076
1019,1067
1019,1060
1019,1045
1019,1044
1019,1040
1019,1039
1019,1865
1019,1277
1019,1095
1019,1048
1019,1706
1019,1079
1019,1690
1019,1090
1019,1033
1019,1080
1019,1285
1019,1684
1019,1026
1019,1078
1019,1715
1019,2106
1019,1064
1019,1699
1019,1041
1019,1713
1019,1693
1019,1707
1019,1049
1019,1098
1019,1027
1019,1695
1019,1052
1020,1086
1020,2320
1020,1708
1020,1075
1020,1054
1020,1037
1020,1694
1020,1083
1020,1036
1020,1034
1020,1068
1020,1867
1020,1026
1020,1711
1020,1696
1020,1682
1020,1024
1020,1071
1020,1030
1020,1045
1020,1092
1020,1047
1020,1094
1020,1859
1020,1701
1020,1560
1020,1049
1020,1472
1020,1714
1020,1056
1020,1693
1021,2314
1021,1699
1021,2312
1021,1876
1021,1852
1021,1689
1021,1045
1021,1079
1021,1273
1021,2384
1021,1209
1021,2224
1021,1060
1021,2365
1021,1201
1021,1097
1021,1710
1021,1687
1021,1032
1021,1074
1021,1860
1021,1061
1021,1080
1021,1057
1021,1290
1021,1096
1021,1049
1021,1046
1021,1062
1021,1297
1021,2385
1021,1022
1021,1087
1021,1275
1021,1035
1021,1219
1021,1091
1021,1232
1021,1514
1021,1036
1021,1271
1021,2386
1022,1873
1022,1086
1022,1709
1022,1699
1022,1868
1022,2630
1022,2479
1022,1079
1022,1689
1022,1085
1022,1075
1022,1067
1022,1710
1022,1039
1022,1033
1022,1294
1022,2386
1022,1222
1022,1684
1022,2320
1022,1051
1022,1091
1022,1695
1022,1074
1022,1050
1022,1032
1022,1690
1022,1069
1022,2381
1022,1023
1022,1706
1022,1048
1022,1064
1022,1452
1022,1683
1022,1401
1022,2473
1022,1869
1022,1090
1022,2384
1022,1714
1022,1041
1023,2590
1023,2478
1023,1714
1023,1700
1023,1699
1023,1974
1023,1683
1023,1067
1023,1062
1023,1871
1023,1862
1023,1859
1023,1879
1023,1264
1023,1696
1023,2630
1023,1854
1023,1078
1023,1272
1023,1695
1023,1091
1023,1055
1023,2413
1023,1050
1023,1028
1023,1706
1023,1098
1023,1048
1023,1061
1023,1255
1023,1046
1023,1041
1023,1276
1023,1089
1023,1230
1023,2370
1023,1206
1023,1697
1023,2321
1023,2509
1023,1861
1023,2373
1023,1079
1023,2049
1023,2395
1023,1077
1023,2317
1023,1056
1023,1703
1023,1064
1024,2396
1024,1700
1024,1254
1024,2472
1024,2320
1024,1099
1024,1040
1024,2258
1024,1036
1024,1044
1024,1280
1024,1274
1024,1229
1024,1071
1024,1050
1024,1047
1024,1082
1024,1035
1024,1689
1024,1266
1024,1031
1024,1028
1024,1573
1024,1687
1024,1204
1024,1095
1024,1032
1024,2619
1024,1252
1024,1069
1025,1047
1025,2479
1025,1042
1025,1076
1025,1062
1025,1059
1025,1054
1025,1037
1025,1684
1025,1026
1025,1045
1025,1877
1025,1710
1025,1099
1025,1851
1025,1692
1025,1222
1025,1050
1025,1097
1025,2386
1025,1048
1025,1706
1025,1093
1025,1040
1025,1087
1025,1682
1025,1071
1025,1873
1025,1027
1025,1044
1025,1561
1025,1683
1025,1260
1026,1086
1026,1580
1026,1079
1026,1065
1026,1705
1026,1694
1026,1094
1026,1085
1026,1073
1026,1039
1026,1029
1026,1223
1026,1247
1026,1093
1026,1092
1026,1040
1026,1087
1026,1080
1026,1592
1026,1689
1026,1974
1026,1877
1026,1266
1026,1078
1026,1076
1026,1686
1026,1075
1026,1874
1026,1066
1026,1551
1026,2380
1026,2086
1026,1698
1026,1071
1026,1847
1026,1048
1026,2469
1026,1060
1026,1711
1026,1241
1026,1050
1026,1685
1026,1027
1027,1714
1027,1700
1027,1699
1027,1703
1027,1689
1027,1688
1027,1096
1027,1076
1027,1044
1027,1039
1027,1227
1027,2569
1027,1270
1027,2536
1027,1690
1027,1068
1027,1064
1027,1080
1027,1057
1027,1050
1027,1716
1027,1471
1027,1095
1027,1684
1027,1073
1027,1260
1027,1865
1027,1081
1027,1692
1027,1034
1027,1410
1027,1860
1027,1061
1027,1084
1027,1695
1027,1258
1027,2321
1028,1866
1028,2240
1028,1065
1028,2316
1028,1705
1028,1034
1028,2378
1028,1851
1028,1711
1028,1044
1028,1702
1028,1693
1028,1699
1028,1840
1028,1088
1028,1558
1028,1690
1028,1032
1028,1031
1028,1696
1028,1715
1028,1292
1028,1089
1028,2471
1028,1719
1028,1296
1028,1252
1028,2638
1028,1092
1028,1681
1028,1707
1028,1050
1029,2590
1029,2383
1029,1081
1029,1692
1029,1686
1029,1683
1029,1869
1029,1054
1029,1038
1029,1065
1029,2479
1029,1680
1029,2385
1029,2378
1029,1701
1029,1278
1029,1090
1029,1084
1029,1097
1029,1074
1029,2122
1029,1066
1029,2100
1029,1717
1029,1071
1029,1293
1029,1857
1029,1089
1029,1296
1029,1048
1029,2248
1029,1068
1029,1275
1029,1046
1029,1047
1030,1700
1030,2572
1030,2630
1030,2475
1030,2334
1030,1814
1030,1705
1030,1058
1030,1709
1030,1098
1030,1051
1030,1043
1030,1038
1030,1237
1030,2387
1030,1044
1030,1274
1030,1077
1030,1265
1030,2386
1030,2385
1030,1695
1030,1703
1030,1092
1030,1877
1030,2095
1030,1578
1030,2258
1030,1553
1030,1473
1030,1713
1030,1066
1030,2709
1030,1087
1031,2477
1031,2475
1031,1441
1031,1042
1031,1224
1031,1707
1031,1086
1031,1697
1031,1073
1031,1038
1031,1262
1031,1059
1031,1247
1031,2472
1031,1062
1031,1203
1031,1095
1031,1706
1031,1044
1031,1279
1031,1702
1031,1091
1031,1068
1031,1077
1031,1043
1031,1560
1031,1695
1031,1258
1031,2476
1031,2701
1031,2513
1031,2372
1031,1056
1031,2482
1031,1064
1031,1078
1031,1055
1032,2258
1032,1709
1032,1681
1032,1047
1032,1717
1032,1683
1032,2320
1032,1098
1032,1096
1032,1280
1032,1085
1032,1073
1032,1528
1032,1043
1032,1037
1032,1036
1032,1034
1032,1223
1032,1048
1032,1242
1032,2386
1032,1265
1032,1071
1032,1097
1032,1685
1032,1074
1032,1686
1032,1069
1032,2369
1032,1033
1032,1080
1032,1060
1032,1040
1032,1087
1032,1093
1032,1046
1032,1711
1032,1700
1033,1700
1033,1072
1033,2320
1033,1708
1033,1682
1033,1086
1033,1697
1033,1083
1033,1075
1033,1067
1033,2476
1033,1091
1033,1044
1033,1843
1033,1054
1033,1242
1033,1052
1033,2321
1033,1096
1033,2378
1033,1711
1033,1706
1033,1047
1033,1705
1033,1093
1033,1092
1033,1229
1033,1295
1033,2630
1033,1074
1033,2531
1034,2258
1034,2475
1034,1701
1034,2534
1034,2376
1034,1717
1034,1705
1034,1081
1034,1692
1034,1454
1034,1689
1034,1073
1034,1098
1034,1051
1034,1703
1034,1045
1034,1879
1034,2499
1034,1089
1034,1277
1034,1716
1034,2510
1034,1053
1034,1711
1034,1087
1034,1066
1034,1207
1034,1069
1034,1847
1034,1048
1034,1050
1034,1860
1034,1067
1034,1571
1034,1055
1034,2630
1034,1079
1034,1695
1035,1748
1035,1086
1035,1699
1035,1584
1035,1681
1035,2340
1035,1079
1035,1082
1035,1684
1035,1096
1035,1269
1035,1075
1035,1054
1035,1053
1035,1043
1035,1233
1035,1039
1035,1244
1035,1687
1035,1089
1035,1692
1035,2573
1035,1215
1035,1685
1035,1064
1035,1041
1035,1080
1035,2321
1035,2368
1035,1680
1035,2385
1035,1257
1035,1044
1035,1561
1035,1067
1035,1048
1035,1095
1035,1703
1035,1037
1035,1225
1035,1695
1035,1084
1036,1974
1036,1086
1036,1224
1036,1047
1036,1698
1036,1689
1036,1684
1036,1707
1036,1096
1036,1085
1036,1076
1036,1045
1036,2531
1036,1863
1036,1699
1036,1041
1036,1229
1036,1084
1036,1471
1036,1048
1036,1681
1036,2415
1036,1851
1036,1046
1036,2150
1036,1055
1036,2630
1036,1043
1036,1090
1036,2477
1036,1067
1036,1060
1036,1201
1036,1293
1036,1054
1037,1748
1037,2510
1037,1707
1037,1691
1037,1708
1037,1062
1037,1717
1037,1059
1037,2240
1037,1864
1037,1206
1037,1087
1037,1694
1037,1424
1037,1074
1037,2061
1037,1078
1037,1714
1037,1209
1037,1715
1037,1870
1037,1682
1037,2387
1037,1071
1037,1683
1037,1692
1037,1052
1037,1047
1038,1699
1038,1698
1038,1085
1038,1059
1038,1054
1038,1053
1038,1870
1038,1682
1038,2387
1038,2384
1038,2378
1038,2371
1038,2315
1038,1280
1038,2313
1038,1843
1038,1091
1038,1702
1038,1974
1038,1056
1038,1047
1038,2316
1038,1287
1038,1719
1038,1270
1038,1685
1038,1074
1038,1271
1038,1255
1039,1086
1039,1852
1039,1065
1039,1698
1039,1689
1039,1085
1039,1075
1039,2529
1039,1059
1039,1703
1039,1045
1039,1096
1039,1049
1039,1715
1039,1093
1039,1046
1039,1047
1039,1094
1039,1063
1039,1052
1039,1569
1039,1079
1039,1709
1039,1680
1039,2564
1039,1060
1040,2475
1040,1713
1040,1697
1040,1689
1040,1067
1040,1053
1040,1051
1040,1043
1040,1090
1040,2630
1040,1079
1040,1293
1040,1879
1040,1072
1040,1704
1040,1046
1040,1422
1040,1084
1040,1062
1040,1057
1040,2479
1040,1069
1040,1054
1041,1081
1041,1709
1041,1471
1041,2020
1041,2479
1041,1065
1041,2476
1041,1692
1041,1689
1041,1688
1041,1075
1041,1045
1041,1044
1041,1861
1041,1289
1041,1052
1041,1537
1041,2321
1041,1719
1041,1715
1041,2374
1041,1695
1041,1090
1041,1080
1041,1074
1041,2386
1041,1066
1041,2510
1041,1055
1041,1581
1041,1295
1041,1067
1041,1068
1041,1069
1041,1046
1041,1714
1041,1706
1041,1048
1041,1681
1042,2478
1042,2701
1042,2521
1042,1974
1042,1850
1042,1841
1042,1082
1042,1471
1042,1083
1042,1079
1042,1256
1042,1501
1042,2385
1042,1861
1042,1860
1042,1853
1042,1843
1042,1270
1042,1095
1042,1847
1042,1071
1042,1064
1042,1057
1042,1225
1042,1879
1042,1685
1042,2620
1042,1848
1042,1294
1042,1584
1042,1533
1042,1514
1042,1878
1042,1870
1042,1288
1042,2383
1043,1700
1043,1681
1043,1703
1043,1697
1043,1692
1043,1683
1043,1682
1043,1076
1043,1717
1043,1059
1043,1053
1043,1099
1043,1096
1043,2365
1043,1684
1043,1073
1043,1278
1043,1090
1043,1066
1043,2379
1043,1704
1043,1046
1043,2394
1043,2258
1043,2513
1043,1064
1043,1698
1043,1705
1043,1080
1043,1708
1043,1050
1043,2320
1043,1098
1044,1263
1044,1700
1044,1086
1044,2007
1044,2630
1044,1052
1044,1065
1044,1717
1044,1713
1044,1694
1044,1688
1044,1096
1044,1083
1044,1076
1044,1693
1044,1860
1044,1843
1044,1073
1044,1710
1044,2321
1044,1057
1044,2471
1044,2374
1044,1695
1044,1093
1044,1089
1044,1690
1044,1066
1044,2394
1044,1427
1044,1090
1044,1258
1044,1064
1044,1714
1044,1080
1044,1098
1044,2387
1044,1071
1044,1077
1044,1682
1044,2386
1044,1075
1044,1063
1044,2320
1044,2708
1045,1855
1045,1681
1045,2630
1045,1052
1045,2472
1045,1691
1045,1082
1045,1054
1045,1051
1045,1071
1045,1212
1045,1708
1045,1097
1045,1063
1045,1058
1045,1716
1045,2620
1045,2385
1045,1069
1045,1055
1045,1086
1045,1060
1045,1072
1045,1090
1045,1087
1045,1064
1045,1699
1045,2569
1045,1222
1046,2701
1046,2475
1046,1699
1046,2630
1046,1072
1046,1079
1046,2538
1046,1688
1046,1218
1046,2321
1046,1708
1046,1695
1046,1499
1046,1693
1046,1221
1046,1080
1046,1069
1046,1087
1046,1863
1046,1299
1046,1275
1046,1241
1046,2391
1046,1715
1046,2392
1046,2478
1046,1217
1046,1697
1046,1485
1046,1056
1046,1491
1046,1289
1046,1096
1047,1714
1047,2534
1047,1713
1047,1703
1047,1094
1047,1073
1047,1054
1047,1051
1047,1086
1047,1085
1047,1067
1047,2384
1047,2479
1047,1681
1047,2386
1047,1710
1047,1099
1047,2321
1047,1843
1047,1702
1047,1078
1047,1066
1047,1064
1047,2340
1047,1204
1047,1296
1048,1086
1048,1699
1048,1707
1048,2386
1048,2095
1048,2323
1048,1067
1048,2321
1048,1060
1048,1697
1048,1227
1048,2317
1048,1056
1048,1286
1048,1092
1048,1217
1048,1702
1048,1091
1048,1089
1048,1459
1048,2623
1048,1071
1048,1055
1048,2394
1048,1224
1048,2388
1048,2258
1048,1288
1048,1693
1048,1692
1048,1079
1049,1700
1049,1085
1049,1076
1049,1075
1049,1702
1049,1693
1049,1077
1049,1850
1049,1709
1049,2367
1049,2340
1049,1071
1049,2630
1049,2395
1049,1531
1049,1866
1049,2101
1049,1255
1049,1998
1049,1293
1049,1287
1049,1526
1049,1479
1049,1054
1049,1053
1049,1570
1049,2365
1049,1215
1049,1685
1049,1497
1049,2376
1049,2384
1050,2478
1050,1699
1050,1688
1050,1096
1050,1059
1050,1067
1050,1719
1050,1053
1050,1711
1050,2394
1050,1066
1050,2312
1050,1841
1050,1695
1050,1074
1050,2532
1050,1686
1050,1075
1050,1682
1050,1259
1050,1071
1050,1072
1050,2385
1050,1069
1050,1555
1050,1080
1050,2321
1050,1287
1050,1081
1050,2386
1051,2469
1051,2396
1051,2085
1051,2630
1051,1065
1051,1686
1051,1683
1051,1707
1051,1096
1051,1684
1051,1073
1051,1060
1051,2086
1051,1099
1051,2386
1051,1719
1051,1471
1051,1706
1051,1089
1051,1058
1051,1265
1051,1069
1051,1478
1051,1703
1051,1084
1051,1063
1051,1053
1052,2258
1052,1072
1052,1717
1052,1689
1052,1688
1052,1075
1052,1866
1052,1067
1052,1703
1052,1460
1052,1691
1052,1277
1052,2321
1052,1053
1052,1711
1052,1690
1052,1698
1052,1087
1052,1065
1052,1074
1052,1680
1052,1069
1052,1068
1052,2382
1052,2476
1052,2471
1052,1095
1052,1869
1052,1709
1052,1098
1052,1427
1053,2317
1053,1700
1053,1717
1053,1684
1053,1680
1053,1094
1053,1697
1053,1060
1053,1054
1053,1280
1053,1221
1053,1690
1053,1093
1053,1715
1053,1870
1053,2622
1053,1071
1053,1085
1053,1696
1053,1701
1053,1288
1053,1270
1053,1974
1053,1096
1053,1061
1053,1063
1053,1064
1054,2317
1054,1704
1054,2630
1054,2472
1054,1065
1054,2320
1054,1682
1054,1688
1054,1865
1054,1699
1054,1088
1054,1080
1054,1057
1054,1208
1054,1295
1054,2619
1054,2408
1054,1061
1054,1085
1054,1698
1054,1087
1054,1705
1054,1096
1054,1097
1054,1270
1054,1693
1055,1714
1055,1709
1055,1072
1055,2479
1055,1065
1055,1085
1055,1867
1055,1843
1055,1702
1055,1690
1055,1089
1055,1078
1055,1548
1055,1087
1055,1228
1055,2638
1055,2321
1055,2317
1055,1847
1055,1699
1055,2404
1055,1863
1055,2323
1055,2319
1055,1057
1055,1705
1055,2386
1055,1695
1055,2588
1056,1254
1056,1086
1056,2620
1056,2470
1056,1079
1056,1841
1056,1094
1056,1843
1056,1090
1056,2531
1056,1685
1056,2380
1056,1064
1056,1084
1056,1061
1056,1688
1056,1406
1056,2086
1056,1710
1056,1099
1056,1240
1056,1711
1056,2392
1056,1217
1056,1687
1056,1681
1056,1682
1056,1071
1056,1707
1056,1237
1057,1086
1057,2510
1057,1870
1057,1072
1057,2376
1057,1065
1057,1098
1057,1073
1057,1067
1057,1705
1057,1094
1057,1703
1057,1844
1057,1062
1057,1861
1057,1435
1057,1294
1057,2386
1057,1700
1057,1277
1057,1093
1057,1091
1057,2384
1057,1068
1057,2100
1057,1066
1057,1690
1057,2521
1057,1299
1057,1205
1057,1078
1057,1713
1057,1974
1057,1269
1057,2323
1058,1714
1058,1699
1058,2369
1058,1065
1058,1710
1058,1099
1058,1060
1058,1063
1058,1719
1058,1696
1058,1090
1058,1685
1058,1087
1058,1064
1058,1068
1058,1847
1058,1514
1058,1715
1058,1868
1058,1069
1059,1974
1059,1709
1059,2320
1059,1717
1059,1688
1059,1682
1059,1099
1059,1096
1059,1073
1059,1280
1059,1716
1059,1095
1059,1074
1059,1068
1059,1208
1059,2514
1059,1708
1059,1086
1059,1697
1059,1084
1059,1268
1059,1065
1059,1299
1059,1094
1059,1264
1059,1689
1060,2499
1060,2537
1060,1974
1060,1072
1060,1859
1060,1289
1060,1702
1060,1696
1060,1092
1060,1079
1060,1688
1060,1077
1060,1684
1060,1214
1060,1682
1060,1071
1060,1706
1060,1068
1061,1866
1061,1700
1061,1707
1061,1697
1061,1682
1061,1681
1061,2469
1061,1717
1061,1247
1061,1716
1061,1715
1061,1696
1061,1714
1061,1093
1061,1688
1061,1701
1061,1090
1061,1698
1061,1275
1061,1087
1061,1078
1061,1851
1062,2317
1062,1866
1062,2613
1062,2320
1062,1717
1062,1684
1062,1682
1062,1681
1062,1099
1062,1697
1062,1083
1062,1076
1062,1279
1062,1685
1062,1879
1062,1860
1062,1696
1062,1693
1062,2646
1062,1095
1062,2573
1062,1700
1062,1089
1062,1064
1062,1689
1062,1078
1062,1276
1062,1558
1062,1281
1062,1692
1062,1072
1062,2384
1062,1867
1062,1092
1063,2537
1063,1873
1063,2382
1063,1254
1063,1701
1063,2312
1063,1688
1063,1085
1063,1226
1063,2387
1063,2384
1063,1853
1063,2319
1063,1285
1063,1693
1063,2532
1063,2391
1063,1592
1063,1878
1063,1078
1063,2394
1063,1266
1063,2086
1063,2321
1063,2415
1063,1861
1063,1250
1063,2505
1063,1424
1063,2322
1063,2510
1063,1868
1064,2408
1064,1086
1064,1065
1064,1717
1064,1688
1064,1072
1064,1683
1064,1872
1064,1690
1064,1095
1064,1710
1064,1078
1064,1714
1064,2314
1064,2258
1064,1412
1064,1238
1064,1410
1064,1701
1064,1709
1064,1098
1064,1685
1064,2386
1064,1092
1064,1692
1064,1719
1064,1716
1065,2469
1065,2240
1065,2370
1065,1869
1065,1079
1065,1713
1065,1710
1065,2312
1065,1073
1065,1861
1065,2537
1065,1858
1065,1209
1065,1708
1065,1097
1065,1716
1065,1706
1065,1092
1065,1574
1065,1089
1065,1087
1065,1218
1065,1077
1065,1074
1065,2117
1065,1856
1065,1715
1065,1550
1065,1219
1066,2701
1066,2258
1066,1246
1066,1086
1066,1471
1066,1072
1066,1067
1066,1681
1066,2386
1066,1695
1066,2387
1066,1212
1066,1071
1066,2479
1066,1069
1066,1849
1066,1089
1066,1204
1066,2312
1066,1080
1066,2323
1066,1289
1066,1696
1066,1693
1066,1261
1066,1262
1066,1685
1066,1840
1066,2645
1066,1094
1067,1845
1067,2630
1067,1689
1067,1094
1067,1290
1067,1259
1067,1073
1067,1085
1067,1226
1067,1696
1067,1688
1067,1077
1067,1074
1067,1068
1067,1208
1067,1874
1067,1216
1067,2509
1067,1222
1067,1551
1067,1206
1068,2317
1068,1081
1068,2340
1068,1700
1068,2510
1068,2370
1068,2086
1068,2630
1068,2313
1068,1710
1068,1073
1068,1095
1068,1871
1068,2387
1068,1719
1068,1695
1068,1279
1068,2643
1068,1091
1068,2115
1068,1205
1068,1687
1068,1493
1068,1299
1068,1216
1068,1077
1068,1685
1068,1450
1068,1717
1068,1089
1068,1689
1068,1877
1068,1438
1069,2532
1069,1081
1069,1700
1069,2630
1069,1694
1069,1073
1069,2317
1069,1250
1069,1247
1069,1231
1069,2386
1069,1719
1069,1687
1069,1084
1069,1080
1069,1262
1069,1074
1069,1251
1069,1519
1069,1269
1069,1708
1069,1097
1069,1238
1069,2385
1069,1210
1069,1252
1069,2137
1069,1698
1069,2320
1069,2708
1069,1705
1070,2532
1070,1082
1070,1859
1070,2373
1070,1876
1070,2370
1070,2387
1070,1861
1070,1840
1070,1285
1070,1854
1070,1272
1070,1242
1070,1229
1070,1203
1070,1693
1070,2331
1070,1722
1070,1263
1070,1845
1070,1748
1070,1848
1070,2360
1070,1588
1070,1565
1070,2340
1070,1855
1070,1273
1070,1564
1070,1267
1070,1558
1070,1847
1070,1556
1070,1546
1070,1240
1070,1531
1070,1783
1070,1201
1070,1298
1070,1292
1070,1286
1070,1281
1070,2473
1070,2007
1070,2395
1070,1878
1070,1296
1070,1579
1070,1870
1070,1288
1070,1224
1070,1282
1070,1551
1070,1260
1070,1245
1070,2590
1070,1814
1070,1232
1070,1501
1070,1598
1070,1210
1070,1202
1070,2601
1070,1295
1070,2362
1070,2638
1070,1270
1070,1464
1070,1424
1070,1420
1070,2371
1070,1498
1070,1440
1070,2479
1070,1412
1070,2405
1070,1241
1070,1629
1071,1714
1071,1700
1071,1701
1071,1691
1071,1717
1071,1694
1071,1686
1071,1085
1071,1706
1071,2385
1071,1247
1071,1200
1071,2321
1071,1093
1071,1688
1071,1703
1071,1218
1071,1077
1071,1276
1071,1092
1071,1843
1071,1695
1071,1596
1071,1711
1071,1095
1071,2473
1071,1076
1071,1429
1072,2319
1072,1700
1072,1707
1072,1717
1072,1713
1072,1098
1072,1076
1072,1073
1072,1099
1072,1227
1072,2385
1072,1694
1072,1687
1072,1095
1072,1093
1072,1087
1072,1077
1072,1074
1072,1438
1072,1693
1072,1702
1072,2381
1072,1214
1072,1715
1072,2394
1072,1447
1073,2258
1073,1700
1073,1691
1073,1688
1073,1207
1073,1088
1073,1092
1073,1680
1073,1717
1073,1858
1073,1247
1073,1696
1073,1709
1073,1843
1073,2371
1073,1096
1073,1856
1073,1093
1074,2322
1074,1086
1074,1701
1074,2471
1074,1703
1074,1851
1074,1706
1074,1693
1074,1700
1074,1089
1074,1093
1074,1695
1074,2396
1074,1689
1074,1078
1074,1866
1074,1581
1074,2708
1074,1264
1074,2365
1075,1700
1075,2630
1075,1852
1075,2320
1075,1713
1075,1694
1075,1085
1075,2384
1075,1863
1075,1280
1075,1235
1075,1201
1075,2372
1075,1080
1075,1529
1075,2473
1075,1266
1075,1702
1075,1091
1075,1699
1075,1856
1075,2514
1075,2479
1075,1270
1076,1868
1076,1681
1076,1713
1076,1705
1076,1703
1076,1688
1076,1710
1076,1099
1076,1085
1076,1093
1076,1087
1076,1689
1076,1219
1076,2394
1076,1687
1076,2318
1076,1708
1076,1684
1076,1254
1076,1711
1076,1080
1076,1682
1077,1855
1077,1081
1077,2240
1077,1707
1077,1694
1077,1207
1077,2321
1077,1706
1077,1695
1077,1262
1077,1215
1077,1685
1077,1093
1077,1480
1077,1092
1077,1282
1077,1089
1077,1856
1077,1715
1077,1681
1077,1508
1077,2384
1077,1154
1077,1877
1077,1278
1077,1090
1077,2320
1078,1850
1078,1699
1078,1267
1078,2369
1078,1848
1078,1096
1078,1289
1078,2321
1078,1092
1078,1208
1078,2613
1078,1715
1078,2385
1078,1210
1078,2317
1078,1095
1078,1483
1078,2095
1078,1857
1078,1293
1079,2564
1079,1866
1079,1709
1079,1532
1079,1707
1079,1710
1079,1708
1079,1703
1079,1694
1079,1692
1079,1682
1079,1974
1079,1680
1079,1874
1079,1524
1079,1847
1079,1843
1079,1270
1079,1088
1079,1715
1079,1690
1079,1084
1079,1700
1079,1698
1079,1298
1079,1253
1080,1866
1080,2513
1080,1714
1080,1700
1080,1691
1080,1705
1080,1689
1080,1682
1080,1099
1080,1083
1080,1273
1080,1711
1080,1709
1080,1098
1080,2317
1080,1095
1080,1692
1080,2616
1080,1686
1080,1088
1080,2630
1081,1705
1081,1699
1081,1689
1081,1096
1081,1094
1081,2372
1081,2472
1081,2392
1081,2314
1081,1851
1081,1682
1081,1294
1081,1236
1081,1218
1081,1087
1081,1707
1081,2386
1081,1244
1081,1508
1081,2701
1081,2313
1081,2514
1081,2240
1081,1271
1081,1549
1081,1258
1081,1089
1081,1283
1081,1251
1081,2512
1081,2638
1081,1695
1081,2374
1081,1420
1082,2532
1082,1263
1082,1974
1082,1086
1082,1155
1082,2472
1082,2317
1082,1098
1082,2386
1082,1533
1082,1843
1082,1295
1082,1710
1082,1089
1083,1698
1083,1688
1083,1259
1083,2386
1083,1696
1083,1534
1083,1683
1083,2113
1083,1878
1083,1290
1083,1251
1083,2321
1083,1867
1083,1706
1083,1438
1083,1685
1084,1701
1084,1682
1084,1695
1084,1690
1084,1093
1084,1091
1084,1847
1084,1250
1084,1297
1084,1868
1084,1680
1084,2385
1084,1208
1084,1264
1084,1698
1084,1709
1084,1685
1084,2050
1084,1860
1085,2475
1085,1866
1085,1708
1085,1099
1085,1862
1085,1291
1085,1501
1085,2476
1085,2479
1085,1703
1085,2384
1085,1209
1085,1088
1085,1868
1085,1092
1085,1091
1085,1087
1085,1684
1085,1201
1085,1530
1085,1200
1085,1212
1085,1289
1085,1519
1085,2392
1085,1241
1085,1716
1085,2510
1086,2469
1086,2382
1086,1700
1086,1688
1086,1686
1086,1094
1086,1694
1086,1862
1086,1290
1086,1860
1086,1719
1086,1687
1086,1843
1086,1091
1086,1090
1086,2630
1086,1520
1086,1680
1086,1708
1086,1097
1086,1446
1087,2564
1087,1714
1087,1707
1087,1814
1087,2473
1087,1697
1087,1098
1087,1715
1087,1706
1087,1090
1087,1089
1087,1698
1087,1557
1087,1692
1087,1716
1087,1852
1087,1695
1087,1572
1087,2332
1087,1088
1087,1276
1087,1873
1088,2590
1088,2317
1088,2564
1088,2314
1088,1699
1088,1910
1088,1704
1088,2086
1088,2620
1088,2479
1088,2320
1088,1871
1088,1842
1088,2382
1088,2476
1088,2384
1088,1689
1088,1877
1088,1707
1088,1232
1088,1091
1088,1561
1088,2377
1088,1293
1088,1692
1088,1576
1088,1814
1088,1685
1088,1593
1088,1866
1088,1537
1088,1238
1089,1700
1089,1697
1089,1684
1089,1870
1089,1682
1089,1680
1089,1096
1089,2321
1089,1719
1089,1840
1089,1698
1089,2478
1089,1207
1089,1208
1089,1216
1089,2313
1089,1215
1089,1709
1089,2708
1090,2621
1090,1263
1090,1866
1090,1408
1090,2630
1090,1294
1090,1200
1090,2321
1090,1693
1090,1685
1090,1688
1090,1218
1090,1093
1090,1719
1090,2479
1090,1243
1090,2316
1090,2514
1091,2539
1091,2382
1091,1246
1091,2475
1091,2369
1091,1682
1091,1218
1091,1247
1091,1200
1091,1097
1091,1092
1091,1546
1091,1231
1091,1094
1091,1719
1091,1296
1091,1271
1091,1516
1091,1234
1091,2638
1091,2086
1091,1099
1091,2317
1091,1230
1091,1681
1091,2104
1091,2102
1091,1879
1091,1257
1092,2317
1092,1974
1092,1094
1092,1844
1092,1096
1092,2401
1092,1237
1092,1692
1092,2371
1092,1682
1092,1294
1092,1860
1092,1719
1092,1276
1092,1702
1092,1704
1092,1219
1092,1218
1092,1709
1092,1224
1092,1684
1092,1696
1092,1443
1093,1850
1093,1692
1093,2476
1093,2384
1093,2469
1093,1858
1093,1840
1093,1877
1093,1548
1093,1297
1093,1719
1093,1570
1093,1295
1093,1879
1093,1682
1093,2387
1093,1683
1093,2381
1093,1688
1093,2386
1094,2319
1094,1698
1094,1689
1094,1710
1094,1099
1094,1098
1094,1682
1094,1259
1094,1719
1094,1840
1094,1229
1094,1695
1094,2386
1094,1258
1094,2360
1094,1697
1094,2510
1094,1687
1094,1706
1095,2318
1095,1709
1095,1699
1095,1549
1095,1218
1095,1710
1095,2321
1095,1702
1095,1251
1095,1411
1095,2384
1095,1205
1095,1297
1095,1974
1096,1698
1096,1225
1096,1875
1096,1257
1096,2472
1096,1265
1096,2240
1096,2710
1096,1700
1096,1227
1096,1690
1096,1220
1096,2322
1096,2564
1097,1246
1097,1866
1097,2320
1097,1864
1097,1261
1097,2469
1097,1200
1097,1699
1097,2498
1097,1840
1097,2122
1097,1296
1097,2222
1097,2638
1097,1680
1097,1210
1097,1205
1097,1252
1097,2094
1097,2517
1097,1683
1097,1238
1097,1268
1098,1700
1098,1699
1098,2472
1098,1717
1098,1703
1098,1697
1098,2313
1098,1702
1098,1706
1098,2649
1098,1972
1098,1696
1098,1710
1098,1688
1098,1254
1098,1708
1099,1703
1099,1698
1099,1694
1099,1689
1099,1227
1099,1218
1099,1685
1099,2150
1099,1855
1099,1714
1099,1717
1099,1294
1099,1201
1099,1691
1099,1853
1100,2530
1100,1188
1100,2554
1100,2406
1100,1164
1100,1140
1100,1175
1100,1173
1100,1727
1100,1116
1100,1163
1100,1754
1100,1143
1100,1189
1100,1142
1100,1736
1100,1125
1100,1123
1100,1159
1100,1112
1100,1101
1100,1759
1100,1134
1100,1179
1100,2448
1100,2311
1100,1109
1100,2378
1100,2455
1100,2449
1100,2308
1100,1180
1100,2404
1100,2399
1100,1130
1100,1160
1100,1121
1101,1199
1101,1152
1101,2306
1101,1179
1101,2448
1101,2452
1101,1747
1101,1177
1101,1122
1101,1119
1101,1182
1101,1148
1101,1745
1101,1134
1101,2406
1101,1137
1101,2308
1101,1110
1101,1153
1101,2556
1101,1107
1101,1186
1101,1139
1101,1173
1101,1127
1101,1735
1101,1265
1101,1104
1101,1149
1101,1188
1101,2598
1101,1758
1101,1143
1102,1722
1102,1167
1102,1735
1102,1171
1102,1199
1102,1152
1102,1184
1102,1174
1102,1162
1102,1114
1102,1161
1102,1116
1102,1198
1102,1186
1102,1149
1102,1153
1102,1130
1102,2557
1102,1194
1102,1125
1102,1113
1102,1154
1102,1165
1102,1729
1102,1742
1102,1183
1102,1180
1102,2402
1102,1110
1102,1150
1102,2554
1102,1191
1102,1146
1102,1156
1103,1731
1103,2542
1103,2448
1103,1743
1103,2554
1103,1172
1103,1162
1103,1146
1103,1109
1103,1196
1103,1181
1103,2450
1103,1186
1103,2310
1103,1199
1103,1152
1103,1147
1103,1118
1103,1107
1103,2305
1103,1759
1103,1753
1103,1749
1103,1180
1103,1744
1103,1742
1103,2444
1103,1739
1103,1174
1103,1738
1103,1730
1103,1173
1103,2113
1103,2278
1103,1153
1103,1106
1103,2563
1103,1141
1103,2148
1103,2099
1103,2406
1103,1137
1103,1560
1104,1199
1104,1249
1104,1188
1104,2341
1104,2304
1104,1133
1104,1180
1104,1192
1104,1198
1104,1183
1104,1182
1104,1175
1104,1124
1104,1116
1104,1163
1104,1196
1104,1149
1104,1173
1104,1127
1104,1143
1104,1872
1104,1120
1104,1156
1104,1392
1104,1110
1104,1138
1104,1162
1104,1115
1104,1154
1104,1159
1104,1734
1104,1186
1104,1139
1104,2118
1104,2007
1104,1161
1104,1510
1105,2303
1105,2090
1105,1157
1105,1189
1105,1172
1105,1191
1105,2559
1105,1196
1105,1149
1105,1148
1105,1137
1105,1743
1105,1132
1105,1178
1105,1131
1105,1124
1105,1115
1105,1112
1105,1744
1105,1154
1105,1107
1105,1728
1105,1106
1105,1127
1105,2116
1105,1217
1105,1165
1105,1118
1105,1143
1105,2130
1105,1151
1105,2301
1105,1182
1105,1121
1106,1114
1106,2336
1106,1846
1106,1540
1106,1522
1106,1928
1106,1171
1106,2302
1106,1723
1106,1177
1106,1156
1106,1139
1106,1125
1106,1182
1106,2100
1106,1113
1106,1510
1106,2403
1106,2400
1106,1756
1106,2561
1106,1198
1106,1245
1106,2444
1106,1739
1106,1279
1106,2130
1106,2260
1106,1285
1106,1199
1107,2141
1107,1181
1107,1188
1107,1725
1107,1157
1107,1928
1107,1180
1107,1197
1107,1183
1107,1156
1107,2455
1107,1139
1107,1120
1107,2444
1107,1739
1107,1118
1107,1138
1107,1115
1107,1753
1107,1127
1107,1199
1107,1153
1107,1741
1107,1130
1107,1164
1107,1728
1107,1126
1107,1724
1107,1191
1107,1151
1108,1114
1108,2303
1108,2470
1108,2341
1108,1928
1108,1400
1108,1196
1108,2555
1108,2310
1108,1199
1108,1152
1108,1179
1108,2448
1108,1190
1108,1195
1108,1193
1108,1153
1108,1171
1108,2111
1108,2676
1108,1125
1108,1115
1108,2301
1108,2455
1108,1750
1108,1136
1108,1527
1108,1346
1108,1158
1108,1164
1108,1279
1108,1122
1108,2554
1108,1191
1108,1753
1108,2402
1109,2449
1109,1133
1109,2406
1109,1723
1109,1151
1109,1119
1109,1745
1109,2309
1109,2450
1109,2455
1109,1186
1109,1179
1109,2448
1109,1148
1109,1143
1109,1178
1109,1131
1109,1130
1109,1126
1109,2346
1109,1124
1109,2347
1109,1172
1109,1736
1109,1756
1109,1128
1109,1175
1109,2445
1109,1129
1109,1578
1109,1191
1109,1755
1109,1116
1109,2148
1110,2557
1110,1188
1110,1179
1110,2555
1110,2407
1110,1171
1110,1152
1110,1177
1110,1158
1110,1122
1110,1197
1110,1156
1110,1142
1110,1184
1110,1137
1110,1112
1110,1159
1110,1136
1110,1178
1110,1131
1110,1175
1110,1128
1110,1135
1110,1117
1110,1728
1110,1195
1110,1148
1110,1116
1110,1163
1110,2559
1110,1157
1110,2567
1110,1162
1110,1115
1111,1188
1111,2309
1111,1754
1111,2310
1111,2448
1111,1180
1111,1151
1111,1195
1111,1194
1111,1166
1111,2555
1111,1152
1111,1175
1111,2451
1111,2295
1111,1168
1111,1124
1111,1187
1112,2530
1112,1733
1112,1114
1112,2557
1112,2561
1112,1145
1112,2446
1112,2399
1112,2153
1112,1501
1112,1192
1112,1144
1112,1187
1112,1140
1112,2109
1112,1139
1112,1130
1112,1121
1112,2339
1112,1175
1112,1137
1112,2138
1112,1292
1112,1190
1112,2036
1112,2552
1112,1194
1112,2672
1112,1120
1112,1170
1112,2674
1112,1162
1112,1742
1112,1728
1112,1124
1112,2491
1112,1150
1113,1745
1113,2484
1113,2554
1113,2486
1113,1145
1113,2310
1113,2455
1113,1180
1113,2300
1113,1172
1113,1160
1113,1151
1113,1146
1113,1138
1113,1136
1113,1173
1113,2302
1113,1127
1113,1166
1113,2530
1113,1120
1113,1187
1113,1140
1113,1142
1113,1847
1113,1117
1113,1579
1113,1154
1113,1128
1114,1165
1114,1735
1114,2448
1114,1192
1114,1169
1114,1161
1114,1144
1114,2406
1114,1193
1114,1183
1114,1175
1114,1156
1114,1154
1114,1143
1114,1142
1114,1186
1114,1139
1114,1138
1114,2449
1114,1133
1114,1180
1114,1535
1114,1149
1114,2562
1114,2451
1114,1117
1114,1728
1114,1166
1114,1730
1114,1177
1114,1130
1114,2399
1114,1291
1114,1195
1114,2116
1114,1174
1114,1127
1114,1268
1115,2449
1115,2672
1115,2303
1115,1735
1115,1171
1115,2406
1115,1169
1115,1816
1115,1158
1115,2450
1115,1195
1115,1183
1115,1166
1115,2557
1115,1194
1115,2408
1115,1147
1115,1179
1115,1743
1115,1132
1115,1121
1115,2554
1115,1144
1115,1755
1115,1143
1115,1725
1115,1131
1115,2028
1115,1728
1115,1190
1115,1756
1115,2399
1115,2302
1115,1127
1115,1177
1115,1152
1115,2555
1116,2445
1116,2295
1116,1745
1116,1133
1116,1725
1116,2453
1116,2595
1116,2304
1116,1196
1116,2554
1116,1180
1116,1172
1116,1146
1116,2553
1116,1195
1116,1176
1116,1136
1116,1132
1116,1124
1116,1746
1116,1164
1116,1893
1116,1117
1116,1174
1116,1156
1116,1738
1116,1755
1116,1173
1116,1737
1116,2155
1116,1120
1116,1186
1116,1139
1116,1168
1116,1750
1116,1844
1116,1536
1116,1128
1116,1731
1116,1149
1116,1537
1116,2122
1116,2448
1116,1187
1116,2341
1116,1177
1116,1144
1117,2331
1117,2452
1117,1743
1117,1192
1117,1158
1117,1140
1117,2399
1117,1193
1117,1166
1117,1153
1117,1142
1117,1138
1117,1126
1117,2304
1117,1176
1117,1129
1117,1750
1117,1147
1117,2087
1117,1551
1117,1128
1117,2099
1117,1864
1117,1856
1117,1160
1117,1536
1117,2402
1117,2302
1117,1174
1117,1597
1117,1171
1117,1124
1117,2343
1118,1185
1118,1735
1118,1725
1118,2555
1118,2554
1118,2406
1118,1184
1118,2450
1118,1197
1118,1186
1118,1153
1118,1136
1118,1126
1118,1142
1118,1121
1118,1178
1118,2118
1118,1742
1118,1130
1118,2680
1118,1176
1118,1129
1118,2098
1118,2310
1118,1182
1118,1135
1118,2341
1118,1166
1118,1401
1118,1157
1118,1204
1118,1199
1118,1152
1119,2449
1119,2338
1119,1179
1119,1157
1119,2444
1119,2452
1119,1747
1119,2552
1119,1189
1119,1162
1119,1151
1119,1139
1119,1186
1119,2445
1119,1176
1119,1156
1119,1188
1119,1141
1119,1746
1119,1182
1119,1178
1119,2400
1119,1134
1119,2450
1119,2446
1119,2399
1119,2305
1119,1158
1119,1148
1119,2554
1119,1144
1119,1332
1119,2557
1119,2322
1119,1147
1119,1354
1120,2300
1120,2449
1120,2447
1120,1745
1120,2452
1120,2554
1120,1171
1120,2595
1120,2302
1120,1754
1120,1177
1120,1158
1120,1146
1120,1150
1120,1197
1120,1149
1120,1148
1120,2451
1120,1190
1120,1725
1120,1143
1120,2450
1120,1134
1120,1123
1120,1182
1120,1135
1120,2343
1120,1739
1120,1166
1120,1587
1120,2480
1120,2562
1120,1160
1120,1724
1120,1192
1120,1756
1120,1852
1120,1173
1120,1126
1120,1147
1120,2087
1120,1139
1120,1184
1120,1137
1121,1733
1121,1178
1121,2452
1121,1196
1121,1157
1121,1190
1121,1151
1121,1187
1121,1140
1121,2345
1121,1170
1121,2126
1121,1139
1121,2542
1121,1743
1121,1132
1121,1126
1121,1153
1121,1164
1121,1728
1121,1194
1121,2087
1121,1842
1121,2573
1121,1725
1121,2148
1121,2278
1121,1573
1121,1185
1121,1232
1121,1133
1121,1744
1121,1166
1122,1745
1122,2341
1122,1179
1122,2399
1122,1165
1122,1172
1122,1168
1122,1151
1122,1182
1122,1552
1122,1176
1122,1195
1122,1149
1122,2308
1122,1180
1122,1744
1122,1735
1122,1124
1122,2455
1122,1139
1122,1566
1122,1173
1123,2672
1123,2446
1123,2406
1123,2310
1123,2450
1123,2445
1123,2304
1123,1176
1123,1159
1123,1154
1123,1149
1123,1166
1123,1143
1123,1147
1123,1744
1123,2554
1123,1144
1123,1757
1123,1193
1123,1170
1124,2307
1124,1133
1124,1321
1124,2682
1124,1178
1124,2481
1124,1157
1124,1184
1124,1197
1124,1186
1124,1183
1124,1147
1124,1138
1124,1135
1124,1167
1124,1125
1124,1736
1124,1190
1124,2365
1124,2089
1124,2128
1124,2678
1124,2007
1124,2148
1124,2101
1124,1886
1124,1158
1124,1751
1124,1730
1125,2447
1125,1725
1125,2340
1125,1165
1125,1160
1125,2310
1125,1182
1125,1170
1125,1159
1125,1136
1125,2261
1125,2302
1125,1738
1125,1185
1125,1138
1125,2403
1125,1129
1125,1153
1125,2141
1125,1530
1125,1755
1125,2538
1125,1171
1125,1157
1125,1147
1125,1179
1125,1132
1126,2557
1126,1731
1126,1188
1126,2147
1126,1145
1126,2115
1126,2406
1126,2399
1126,1144
1126,2310
1126,1182
1126,1166
1126,1159
1126,2300
1126,1136
1126,2450
1126,1134
1126,1129
1126,1127
1126,1725
1126,2113
1126,2400
1126,1756
1126,1158
1126,1528
1126,1173
1126,2301
1126,1170
1126,1405
1126,1746
1126,1164
1126,2374
1126,1210
1126,1154
1126,1128
1126,1198
1127,2530
1127,2133
1127,1745
1127,1139
1127,2303
1127,1188
1127,1155
1127,2406
1127,1727
1127,1171
1127,1157
1127,1179
1127,2448
1127,2304
1127,1194
1127,1170
1127,1166
1127,1135
1127,1160
1127,1742
1127,1757
1127,1146
1127,1193
1127,2452
1127,1136
1127,2570
1127,1199
1127,2092
1127,1725
1127,1197
1127,1744
1127,1162
1127,1538
1127,1195
1127,1198
1127,1506
1127,2559
1128,2542
1128,1133
1128,2255
1128,2555
1128,1158
1128,1191
1128,1186
1128,1183
1128,1746
1128,1182
1128,1154
1128,1153
1128,1147
1128,1138
1128,1137
1128,2399
1128,1130
1128,1729
1128,2143
1128,2497
1128,1134
1128,2346
1128,1594
1128,1757
1128,1157
1128,1196
1128,1731
1129,2542
1129,1732
1129,1199
1129,2344
1129,1725
1129,2446
1129,2406
1129,1154
1129,2448
1129,1741
1129,1735
1129,1153
1129,1726
1129,1144
1129,1197
1129,1183
1129,1149
1129,1134
1129,1530
1129,2306
1129,1131
1129,1759
1129,1734
1129,1152
1129,1872
1129,1173
1129,2091
1129,1516
1129,1815
1129,1164
1129,2399
1129,1720
1129,1175
1129,1163
1129,2277
1129,1210
1130,2102
1130,1194
1130,2552
1130,2557
1130,2363
1130,2399
1130,1180
1130,1169
1130,1162
1130,1170
1130,1166
1130,1735
1130,1153
1130,1746
1130,1135
1130,1131
1130,2092
1130,1156
1130,1579
1130,2453
1130,1179
1130,1725
1130,1143
1130,1196
1130,2554
1130,2114
1130,1144
1130,1755
1130,1175
1130,1159
1130,1149
1130,2677
1130,1147
1130,1133
1130,2006
1131,1745
1131,1188
1131,1549
1131,1145
1131,2452
1131,2311
1131,1189
1131,1172
1131,1153
1131,1143
1131,1744
1131,2148
1131,1755
1131,1508
1131,1156
1131,1185
1131,1138
1131,2092
1131,1184
1131,1137
1131,1233
1131,1182
1131,1198
1131,2138
1131,1759
1131,2080
1132,1188
1132,1140
1132,1198
1132,1166
1132,2631
1132,1159
1132,1154
1132,1149
1132,2452
1132,1164
1132,1141
1132,1194
1132,2111
1132,1138
1132,1758
1132,1137
1133,1192
1133,1187
1133,1146
1133,1197
1133,1195
1133,2452
1133,1182
1133,1170
1133,1159
1133,1156
1133,1153
1133,1137
1133,1134
1133,1735
1133,1725
1133,2444
1133,1175
1133,2303
1133,1727
1133,1144
1133,1755
1133,1178
1133,2400
1133,2676
1133,2036
1133,1186
1133,1374
1133,1824
1134,2284
1134,1171
1134,2399
1134,1169
1134,1164
1134,2450
1134,2554
1134,1191
1134,1186
1134,1153
1134,1195
1134,1289
1134,1148
1134,1138
1134,1736
1134,1746
1134,1182
1134,1511
1134,1135
1134,1756
1134,2530
1134,1731
1134,2341
1134,2012
1134,1744
1135,2553
1135,1725
1135,1727
1135,2406
1135,2453
1135,2444
1135,1180
1135,1158
1135,1150
1135,1159
1135,2141
1135,1154
1135,1136
1135,1750
1135,1729
1135,2089
1135,1149
1135,1724
1135,2104
1135,1741
1135,2295
1135,1743
1135,1140
1135,1141
1135,1758
1135,1194
1135,1191
1136,2445
1136,2295
1136,1540
1136,2341
1136,1196
1136,1171
1136,2448
1136,1162
1136,1151
1136,1148
1136,1147
1136,1738
1136,1163
1136,1862
1136,1755
1136,1534
1136,1739
1136,1178
1136,1745
1136,1139
1136,1199
1136,2562
1136,1170
1136,1734
1136,2147
1136,1160
1137,1145
1137,2308
1137,1184
1137,2561
1137,1198
1137,1194
1137,1170
1137,1166
1137,1163
1137,1142
1137,1138
1137,1736
1137,1159
1137,2401
1137,1152
1137,2444
1137,2470
1137,1154
1137,2305
1137,2101
1138,2295
1138,2672
1138,1196
1138,2555
1138,2304
1138,1758
1138,1158
1138,1195
1138,2554
1138,1191
1138,1747
1138,1183
1138,1153
1138,1330
1138,1142
1138,1737
1138,1146
1138,1724
1138,1735
1138,1218
1138,2092
1138,2449
1138,1180
1138,2402
1138,1745
1138,2300
1138,1174
1138,1738
1138,1728
1139,1196
1139,1179
1139,2406
1139,2310
1139,2300
1139,1501
1139,1189
1139,1177
1139,1146
1139,2450
1139,1176
1139,2444
1139,1175
1139,1173
1139,1156
1139,1154
1139,1191
1139,1755
1139,1152
1139,2562
1139,2449
1139,1180
1139,1171
1139,1153
1139,1150
1139,2302
1139,1143
1140,2449
1140,1196
1140,1726
1140,1193
1140,1145
1140,1168
1140,1191
1140,1180
1140,1166
1140,1143
1140,2125
1140,1727
1140,2302
1141,1190
1141,2555
1141,1198
1141,1173
1141,1199
1141,1153
1141,2445
1141,1157
1141,1755
1141,1722
1141,2343
1141,1146
1141,1744
1141,2089
1141,2310
1141,2452
1142,1199
1142,1821
1142,1161
1142,1150
1142,1197
1142,1194
1142,1734
1142,1170
1142,1166
1142,2399
1142,2305
1142,2036
1142,1176
1142,1820
1142,1183
1142,1151
1142,1198
1142,1159
1143,2300
1143,1171
1143,2141
1143,1188
1143,2622
1143,2406
1143,1145
1143,2452
1143,1747
1143,1161
1143,1743
1143,2530
1143,1172
1143,1552
1143,1164
1143,1725
1143,1146
1143,2346
1143,1182
1143,1186
1143,1750
1143,1244
1143,1735
1143,1153
1143,2597
1143,1741
1143,1199
1143,1198
1143,2559
1143,1194
1143,1173
1143,1162
1144,1199
1144,1188
1144,2555
1144,1171
1144,2302
1144,1747
1144,1181
1144,2309
1144,1179
1144,1743
1144,1190
1144,1164
1144,1150
1144,1197
1144,1159
1144,1746
1144,2451
1144,1154
1144,1729
1144,2303
1144,1175
1144,1562
1144,2308
1144,1180
1144,1740
1144,1158
1145,2542
1145,1745
1145,1735
1145,1188
1145,2452
1145,2455
1145,2302
1145,1758
1145,1150
1145,1182
1145,1741
1145,1177
1145,1191
1145,2530
1145,1731
1145,2483
1145,1307
1146,1181
1146,2284
1146,1735
1146,1165
1146,2308
1146,2129
1146,1189
1146,1187
1146,1184
1146,1741
1146,1177
1146,1168
1146,1164
1146,1151
1146,1198
1146,1197
1146,1153
1146,1756
1146,2384
1146,2341
1146,1166
1146,2134
1146,1188
1146,2714
1146,1727
1146,1148
1146,2559
1146,1159
1146,1160
1146,1157
1146,1862
1147,1157
1147,2304
1147,1190
1147,1180
1147,1151
1147,1150
1147,2450
1147,1194
1147,1156
1147,1154
1147,1149
1147,1737
1147,1199
1147,1152
1147,2452
1147,1175
1147,1169
1147,1874
1147,2399
1147,2126
1147,2307
1147,1179
1147,1755
1148,2303
1148,2554
1148,2448
1148,1150
1148,1198
1148,1159
1148,2125
1148,2452
1148,1156
1148,1180
1148,2153
1148,1166
1148,1745
1148,2205
1148,1195
1148,1152
1148,1189
1149,1188
1149,1870
1149,1157
1149,1754
1149,1162
1149,1158
1149,2452
1149,1747
1149,1183
1149,1159
1149,1750
1149,2300
1149,1736
1149,1179
1149,2310
1149,1229
1149,1173
1149,1690
1149,2308
1149,1547
1149,2530
1149,1197
1149,1758
1149,2559
1149,1176
1150,2445
1150,1178
1150,1188
1150,2446
1150,1816
1150,1152
1150,1190
1150,1172
1150,1169
1150,1168
1150,1162
1150,1166
1150,1153
1150,1746
1150,1182
1150,2451
1150,1749
1150,2559
1150,2089
1150,2554
1150,1285
1150,1727
1150,1756
1151,2542
1151,1733
1151,2672
1151,1735
1151,1188
1151,1197
1151,2555
1151,2554
1151,2406
1151,2451
1151,1190
1151,1172
1151,2450
1151,1179
1151,2260
1151,2448
1151,1743
1151,2455
1151,1168
1151,1750
1151,2557
1151,1819
1151,1728
1151,1749
1151,2308
1151,2300
1151,1330
1151,1173
1152,2295
1152,2449
1152,1745
1152,1181
1152,1171
1152,2446
1152,1190
1152,2555
1152,1192
1152,1170
1152,1194
1152,1186
1152,2304
1152,1157
1152,1196
1152,1751
1152,2451
1152,1755
1152,2099
1152,1165
1152,2152
1153,1733
1153,2491
1153,1668
1153,2530
1153,1754
1153,1191
1153,1173
1153,1194
1153,1182
1153,2451
1153,1170
1153,1734
1153,1724
1153,1575
1153,2303
1153,1176
1153,1746
1153,1164
1153,1699
1153,2555
1153,1197
1153,1736
1153,2450
1153,1510
1154,2530
1154,2445
1154,1559
1154,2007
1154,2552
1154,1723
1154,1190
1154,1177
1154,1163
1154,1286
1154,2450
1154,1183
1154,2558
1154,1173
1154,1561
1154,1196
1154,2554
1154,2303
1154,1746
1154,1180
1154,1739
1154,2486
1154,1160
1154,1737
1154,2559
1154,2011
1154,1730
1154,1166
1155,2382
1155,2475
1155,2570
1155,1542
1155,2318
1155,1721
1155,1874
1155,1871
1155,1256
1155,1226
1155,2385
1155,1863
1155,1259
1155,1222
1155,1209
1155,1206
1155,1250
1155,1203
1155,1879
1155,1200
1155,1536
1155,1521
1155,1290
1155,1434
1155,1337
1155,1875
1155,2360
1155,1270
1155,1211
1155,1599
1155,1595
1155,1264
1155,1593
1155,1258
1155,1549
1155,1267
1155,1565
1155,1544
1155,1479
1155,1285
1155,1520
1155,2392
1155,1519
1155,1272
1155,1554
1155,1507
1155,1299
1155,2509
1155,1275
1155,2374
1155,1210
1155,2471
1155,1842
1155,1260
1155,1847
1155,2623
1155,1255
1155,1704
1155,2383
1155,1241
1155,1476
1156,2300
1156,1912
1156,2310
1156,2601
1156,1725
1156,1165
1156,1179
1156,1743
1156,2555
1156,1192
1156,1189
1156,2406
1156,1184
1156,1180
1156,1172
1156,1169
1156,2672
1156,2138
1156,1168
1156,1162
1156,1757
1156,1193
1156,1166
1156,1186
1156,1745
1156,1163
1156,2080
1156,1196
1156,1199
1156,2653
1156,1758
1156,1194
1156,1173
1157,1746
1157,2446
1157,2406
1157,2306
1157,1179
1157,2448
1157,1754
1157,1192
1157,1162
1157,1912
1157,2147
1157,1160
1157,1197
1157,2452
1157,1183
1157,1175
1157,1199
1157,2341
1157,1166
1157,1755
1157,1745
1157,1500
1157,1282
1157,1194
1157,1241
1158,2682
1158,2449
1158,1745
1158,2557
1158,1735
1158,1725
1158,2552
1158,1746
1158,1185
1158,2446
1158,2444
1158,1172
1158,1754
1158,1190
1158,1187
1158,1177
1158,2450
1158,1585
1158,1197
1158,1736
1158,1729
1158,1161
1158,2308
1158,1162
1158,1744
1158,2402
1158,1536
1158,1904
1158,1169
1158,1592
1158,1737
1158,1192
1158,1756
1158,1184
1158,1728
1159,1916
1159,1171
1159,2308
1159,1582
1159,1723
1159,1169
1159,2304
1159,1176
1159,2341
1159,1166
1159,1751
1159,2454
1159,1561
1159,1237
1159,1756
1159,1191
1159,2552
1159,2406
1159,2310
1159,2446
1159,1741
1159,1882
1159,2561
1159,1186
1159,1179
1160,1745
1160,1752
1160,1188
1160,2552
1160,1735
1160,1171
1160,2399
1160,1190
1160,2449
1160,1180
1160,1198
1160,1755
1160,2099
1160,1727
1160,1163
1160,2147
1160,1747
1160,1172
1160,2560
1160,1169
1160,1757
1161,2447
1161,1199
1161,2672
1161,2295
1161,1731
1161,2341
1161,1916
1161,1725
1161,2554
1161,2147
1161,1746
1161,2310
1161,1745
1161,2309
1161,1187
1161,2449
1161,1180
1161,2305
1161,1560
1161,2038
1161,1756
1161,2307
1161,1743
1161,1720
1161,1754
1161,1727
1161,1174
1162,2484
1162,1387
1162,1194
1162,1191
1162,1163
1162,2451
1162,1749
1162,1734
1162,2097
1162,1179
1162,1196
1162,1184
1162,2594
1162,1754
1162,1747
1162,1197
1162,1180
1162,1174
1162,1177
1162,1723
1163,1731
1163,1725
1163,1196
1163,2555
1163,2310
1163,1741
1163,2302
1163,1174
1163,2341
1163,1166
1163,1740
1163,1181
1163,2403
1163,2091
1163,2406
1163,1184
1163,1747
1163,2658
1163,1180
1163,1744
1163,1735
1164,1196
1164,1746
1164,2634
1164,2399
1164,2090
1164,2302
1164,1171
1164,2452
1164,1183
1164,1880
1164,1825
1164,1745
1164,1181
1164,1758
1164,2554
1164,2084
1164,1180
1164,1192
1165,2341
1165,1181
1165,1172
1165,1198
1165,1186
1165,1183
1165,2448
1165,1194
1165,1726
1165,1197
1165,1199
1165,1749
1165,1191
1165,1184
1166,1185
1166,1188
1166,2452
1166,1758
1166,1754
1166,1190
1166,1176
1166,2554
1166,1191
1166,1755
1166,1720
1166,1759
1166,1168
1166,2295
1166,1919
1166,1581
1167,2141
1167,2342
1167,2202
1167,2344
1167,2007
1167,1746
1167,1190
1167,2556
1167,1742
1167,1185
1167,2339
1167,1727
1167,2080
1167,2126
1167,1916
1167,2142
1167,2152
1167,1880
1167,2624
1167,1918
1167,2549
1168,2530
1168,1745
1168,2672
1168,2307
1168,1178
1168,2310
1168,1747
1168,1184
1168,1177
1168,1174
1168,2554
1168,1191
1168,1186
1168,1175
1168,1173
1168,1749
1169,2559
1169,2672
1169,1668
1169,2303
1169,2452
1169,1916
1169,1704
1169,2554
1169,1754
1169,1174
1169,1170
1169,2301
1169,2445
1169,1223
1169,2555
1169,1192
1169,2132
1169,1188
1169,2128
1169,2473
1169,2560
1169,1197
1169,1736
1169,2295
1169,2450
1169,1730
1170,2449
1170,2455
1170,1199
1170,1194
1170,1175
1170,1193
1170,2304
1170,1552
1170,1533
1170,1252
1170,2447
1170,1178
1170,2400
1170,2588
1170,2565
1170,2300
1170,2672
1170,2406
1170,1725
1170,1724
1170,1191
1170,1859
1171,2682
1171,2557
1171,1188
1171,2308
1171,2304
1171,1197
1171,1175
1171,1746
1171,2310
1171,1199
1171,2452
1171,2450
1171,2530
1171,1196
1171,1187
1171,2037
1171,2552
1171,2082
1171,1527
1171,2368
1172,1745
1172,2557
1172,1730
1172,2302
1172,1743
1172,1177
1172,1186
1172,1175
1172,2451
1172,2300
1172,1736
1172,1747
1172,2123
1172,1202
1172,1197
1172,1519
1172,2682
1172,1755
1172,1727
1173,1199
1173,2452
1173,1725
1173,2554
1173,2444
1173,2406
1173,1184
1173,1182
1173,1738
1173,1736
1173,1179
1173,2448
1173,1743
1173,2401
1173,1902
1173,1740
1173,1196
1173,1190
1173,1735
1173,1724
1174,2445
1174,2300
1174,1199
1174,2555
1174,1746
1174,2446
1174,2455
1174,2303
1174,2444
1174,1754
1174,1737
1174,2301
1174,1755
1174,1194
1174,2111
1174,1732
1174,1180
1175,2553
1175,1179
1175,1735
1175,2450
1175,2301
1175,1753
1175,1739
1175,1195
1175,2406
1175,1560
1175,1725
1175,1819
1175,2672
1175,2601
1175,1186
1175,2445
1175,1532
1175,1193
1175,2295
1176,2300
1176,2336
1176,2255
1176,2452
1176,2147
1176,1185
1176,2595
1176,1754
1176,1179
1176,1743
1176,1194
1176,1191
1176,2310
1176,1182
1176,1193
1176,2113
1176,2555
1176,1286
1176,2483
1176,1196
1176,2552
1176,2111
1176,1186
1176,1578
1176,1744
1176,1199
1177,2445
1177,1188
1177,2341
1177,1179
1177,1198
1177,1186
1177,1182
1177,1742
1177,2672
1177,1737
1177,2109
1177,1520
1177,1195
1178,2295
1178,1757
1178,1746
1178,2455
1178,2448
1178,1192
1178,1725
1178,1197
1178,1759
1178,2552
1178,2400
1178,2486
1178,2112
1178,1536
1178,1909
1179,1745
1179,2295
1179,1731
1179,1754
1179,2449
1179,2308
1179,1180
1179,2554
1179,2341
1179,1198
1179,1197
1179,1182
1179,2303
1179,2559
1180,2449
1180,2672
1180,1735
1180,1196
1180,2310
1180,1192
1180,1193
1180,2556
1180,2448
1180,1738
1180,2094
1180,1749
1180,1727
1180,2406
1180,1199
1180,2557
1181,1745
1181,1735
1181,2446
1181,1741
1181,1196
1181,2406
1181,1747
1181,2452
1181,1725
1181,2320
1181,1754
1181,1749
1181,1727
1181,2260
1181,2114
1181,1552
1181,1186
1181,1562
1182,1188
1182,2312
1182,1725
1182,1196
1182,2310
1182,1758
1182,1747
1182,2038
1182,1192
1182,1193
1182,1191
1182,1724
1182,2448
1182,1731
1182,2107
1182,1739
1182,1199
1183,1199
1183,2570
1183,1725
1183,2555
1183,2406
1183,2455
1183,1747
1183,1190
1183,2554
1183,1191
1183,2451
1183,1737
1183,1390
1183,1194
1183,2087
1183,2107
1183,2339
1183,1753
1183,2559
1183,2400
1184,2300
1184,2147
1184,2304
1184,2302
1184,1758
1184,1198
1184,1753
1184,2455
1184,1750
1184,1728
1184,2672
1184,2343
1184,2308
1184,1193
1184,1735
1185,2141
1185,1732
1185,2454
1185,2555
1185,2444
1185,2554
1185,1759
1185,1744
1185,1742
1185,1739
1185,1734
1185,1720
1185,1757
1185,2305
1185,1727
1185,2448
1185,1187
1185,2344
1185,2678
1185,2159
1185,1729
1185,2311
1185,2560
1185,2307
1185,1337
1186,2110
1186,2126
1186,2448
1186,2308
1186,1194
1186,1757
1186,1193
1186,1737
1186,2555
1186,1756
1186,1741
1186,2591
1186,1917
1186,1725
1186,1197
1186,2534
1187,2530
1187,2449
1187,1196
1187,2444
1187,1195
1187,2339
1187,2143
1187,2561
1187,1198
1187,1911
1187,2399
1187,2446
1187,1742
1187,2672
1187,2147
1188,2300
1188,2680
1188,2555
1188,2406
1188,1197
1188,1196
1188,1743
1188,2301
1188,2308
1188,1744
1188,1738
1188,2399
1188,2295
1188,1726
1188,1727
1188,2138
1188,1583
1188,1519
1189,2530
1189,1731
1189,2572
1189,2552
1189,1754
1189,1191
1189,2678
1189,1194
1189,2450
1189,1552
1190,1745
1190,1196
1190,2446
1190,2310
1190,1193
1190,1738
1190,1736
1190,1734
1190,2118
1190,2127
1190,1571
1190,1197
1190,2341
1190,1723
1191,2532
1191,2468
1191,2449
1191,1725
1191,2308
1191,1198
1191,1194
1191,1195
1191,1759
1191,1742
1191,2300
1191,1736
1191,1727
1191,2150
1191,1286
1191,2452
1191,1734
1191,1723
1191,2672
1191,2304
1191,1914
1191,2121
1191,1739
1191,1860
1192,2554
1192,1727
1192,2486
1192,2306
1192,2304
1192,1747
1192,2450
1192,2341
1192,2153
1192,1746
1192,2310
1192,2449
1192,2530
1192,2295
1192,1723
1192,1195
1192,1916
1192,1758
1193,1366
1193,1199
1193,1735
1193,2341
1193,1755
1193,2554
1193,1283
1193,2552
1193,2308
1193,2450
1193,1194
1193,1513
1193,1532
1194,1735
1194,2373
1194,2306
1194,2444
1194,1757
1194,1749
1194,2552
1194,2448
1195,2672
1195,1582
1195,2406
1195,2310
1195,1198
1195,1197
1195,2301
1195,2555
1195,2450
1195,2454
1195,2402
1195,2554
1195,2452
1196,2672
1196,2484
1196,2341
1196,2555
1196,2308
1196,2304
1196,2450
1196,1753
1196,1745
1196,2452
1196,2300
1196,2446
1196,2137
1196,1749
1196,1738
1196,1737
1196,1668
1196,1219
1197,2559
1197,1199
1197,2149
1197,2554
1197,2446
1197,2310
1197,1555
1197,1749
1197,1259
1197,1744
1197,1742
1197,2450
1197,2403
1197,2530
1197,2595
1197,2304
1197,2302
1197,1597
1197,2672
1197,1735
1198,2284
1198,1747
1198,1593
1198,1245
1198,2428
1199,2555
1199,2147
1199,1740
1199,2300
1199,1736
1199,2303
1199,2113
1199,2450
1199,2108
1200,2590
1200,2382
1200,2613
1200,1870
1200,1283
1200,2528
1200,1849
1200,1267
1200,1852
1200,2095
1200,1854
1200,2371
1200,1280
1200,1242
1200,1500
1200,1209
1200,1556
1200,1847
1200,2098
1200,1543
1200,1299
1200,1286
1200,1206
1200,1253
1200,2318
1200,1251
1200,2376
1200,1212
1200,2473
1200,2711
1200,2614
1200,2317
1200,1250
1200,1203
1200,2532
1200,1271
1200,1216
1200,1229
1200,1511
1200,1276
1200,1471
1200,2538
1200,1277
1200,1230
1200,1483
1200,2108
1200,1429
1200,1231
1200,1269
1200,1223
1200,2387
1200,1514
1200,1258
1201,2319
1201,1239
1201,2701
1201,2537
1201,2102
1201,1714
1201,2564
1201,2422
1201,1868
1201,1876
1201,1845
1201,2533
1201,2376
1201,1708
1201,2372
1201,1871
1201,1844
1201,2110
1201,1237
1201,1227
1201,1215
1201,2476
1201,1865
1201,1218
1201,2386
1201,2572
1201,2381
1201,1847
1201,1863
1201,1290
1201,1581
1201,2240
1201,1561
1201,1507
1201,1555
1201,2322
1201,2613
1201,1255
1201,1878
1201,1558
1201,1277
1201,1512
1201,1282
1201,2086
1201,1407
1201,2384
1201,1209
1201,2619
1201,1877
1201,1266
1201,1251
1201,1228
1201,1492
1201,1686
1201,2321
1202,2477
1202,2340
1202,1263
1202,2382
1202,1498
1202,2471
1202,1224
1202,1414
1202,2533
1202,2095
1202,2564
1202,1691
1202,1874
1202,1541
1202,1291
1202,1256
1202,2389
1202,1225
1202,2620
1202,1262
1202,2505
1202,1244
1202,2598
1202,1240
1202,1221
1202,2387
1202,2376
1202,1212
1202,1203
1202,2116
1202,1500
1202,2615
1202,1257
1202,1251
1202,1214
1202,1578
1202,2377
1202,1750
1202,1847
1202,2391
1202,1518
1202,1283
1202,1865
1202,1260
1202,2472
1202,1211
1202,2616
1202,1258
1202,1771
1202,2396
1202,1232
1202,2336
1202,1867
1202,2643
1202,2381
1202,1596
1202,1878
1202,1464
1202,1862
1202,1474
1202,1284
1202,2490
1202,1491
1203,1855
1203,2564
1203,2314
1203,1532
1203,2689
1203,1869
1203,1453
1203,2472
1203,1814
1203,1864
1203,1854
1203,2315
1203,1871
1203,1289
1203,1859
1203,1277
1203,1846
1203,1264
1203,1242
1203,1522
1203,1231
1203,1707
1203,1222
1203,1702
1203,1217
1203,1209
1203,1205
1203,1244
1203,1526
1203,1274
1203,1565
1203,1229
1203,1849
1203,1558
1203,1557
1203,1547
1203,1223
1203,2387
1203,1514
1203,1204
1203,1298
1203,2521
1203,1842
1203,1260
1203,1258
1203,2322
1203,1255
1203,1233
1203,1293
1203,1542
1203,2512
1203,1216
1203,2371
1203,2573
1203,1548
1203,1257
1203,1286
1203,1262
1203,1553
1203,1271
1203,1531
1203,2366
1203,2572
1203,2378
1203,1867
1203,1576
1203,1284
1203,2513
1203,1238
1204,2340
1204,2537
1204,1542
1204,2318
1204,1224
1204,1845
1204,2689
1204,2622
1204,2369
1204,1869
1204,1874
1204,1227
1204,1226
1204,1865
1204,1876
1204,1294
1204,1272
1204,1259
1204,1337
1204,1240
1204,2095
1204,1222
1204,1508
1204,1591
1204,1239
1204,1530
1204,2112
1204,1451
1204,1548
1204,2376
1204,1212
1204,1509
1204,1216
1204,1507
1204,2377
1204,1504
1204,1262
1204,2365
1204,1298
1204,1256
1204,2614
1204,1271
1204,2312
1204,1536
1204,1245
1204,1278
1204,1255
1204,1561
1204,2396
1204,1232
1204,1229
1204,1279
1204,1570
1204,1288
1204,1241
1204,1425
1204,1857
1204,1501
1204,1878
1204,1849
1204,1267
1204,2043
1204,1862
1204,1474
1204,1864
1204,1282
1204,2313
1204,2410
1204,1254
1204,2709
1204,1238
1204,1233
1205,1263
1205,2539
1205,2382
1205,1849
1205,2313
1205,1246
1205,2475
1205,2110
1205,1870
1205,2369
1205,2316
1205,1501
1205,2323
1205,2388
1205,2372
1205,1842
1205,1226
1205,2392
1205,2371
1205,1879
1205,2532
1205,1853
1205,1552
1205,1261
1205,1206
1205,1212
1205,1814
1205,1426
1205,2105
1205,1508
1205,1514
1205,2395
1205,1231
1205,1222
1205,1276
1205,1463
1205,1269
1205,1584
1205,2322
1205,1255
1205,1867
1205,1479
1205,1285
1205,1238
1205,2391
1205,1216
1205,1524
1205,2106
1205,1856
1205,1274
1205,1415
1205,2245
1205,1275
1205,1844
1205,1854
1205,1272
1205,1413
1205,1877
1205,1295
1205,1840
1205,1258
1206,2532
1206,2714
1206,2313
1206,1263
1206,1748
1206,2318
1206,2370
1206,1224
1206,2645
1206,1869
1206,2538
1206,1862
1206,1856
1206,1279
1206,1873
1206,1291
1206,1865
1206,1858
1206,1273
1206,1250
1206,1240
1206,1229
1206,1221
1206,1254
1206,2321
1206,2092
1206,1284
1206,1575
1206,2312
1206,1536
1206,2655
1206,1595
1206,1563
1206,1556
1206,1543
1206,2514
1206,1226
1206,1517
1206,2478
1206,1258
1206,1288
1206,1241
1206,1584
1206,1261
1206,2619
1206,2613
1206,1255
1206,1232
1206,1522
1206,2395
1206,2066
1206,1220
1206,2573
1206,1210
1206,1222
1206,1851
1206,1269
1206,1237
1206,2469
1206,2372
1206,1499
1206,1867
1207,2340
1207,1495
1207,2314
1207,2245
1207,2007
1207,2370
1207,1224
1207,1876
1207,1845
1207,2281
1207,2374
1207,2323
1207,2109
1207,2372
1207,2365
1207,1290
1207,1862
1207,1280
1207,1270
1207,1291
1207,1244
1207,1235
1207,1217
1207,2573
1207,1215
1207,1209
1207,1285
1207,2038
1207,1278
1207,1569
1207,1292
1207,1843
1207,2360
1207,1295
1207,1853
1207,1271
1207,1439
1207,2376
1207,2473
1207,1865
1207,1254
1207,2515
1207,1228
1207,2386
1207,1211
1207,2383
1207,1219
1207,2521
1207,1842
1207,1447
1207,1289
1207,1265
1208,2389
1208,2340
1208,2319
1208,2701
1208,2564
1208,2405
1208,2637
1208,1549
1208,2472
1208,2392
1208,1851
1208,1471
1208,1277
1208,1244
1208,2373
1208,1209
1208,1685
1208,2151
1208,1245
1208,1536
1208,1875
1208,1294
1208,1856
1208,1565
1208,1557
1208,1868
1208,1286
1208,1408
1208,1214
1208,2613
1208,1255
1208,2473
1208,1284
1208,2510
1208,2316
1208,2134
1208,2105
1208,1232
1208,2532
1208,1271
1208,1562
1208,1233
1208,1257
1208,1210
1208,1401
1208,1291
1208,1288
1208,1846
1208,2040
1208,1268
1208,1292
1208,1216
1208,1854
1208,1272
1208,1243
1208,1220
1209,1855
1209,2528
1209,1849
1209,2108
1209,2635
1209,1471
1209,2319
1209,2370
1209,2533
1209,1869
1209,2376
1209,2316
1209,2396
1209,1814
1209,2097
1209,2388
1209,1874
1209,1864
1209,1856
1209,2475
1209,2378
1209,1285
1209,1265
1209,1244
1209,1246
1209,1875
1209,1599
1209,1598
1209,1295
1209,1586
1209,1229
1209,1520
1209,1500
1209,1299
1209,2476
1209,2379
1209,1298
1209,1253
1209,2514
1209,1276
1209,1465
1209,1853
1209,1271
1209,1275
1209,1422
1209,1228
1209,1571
1209,2638
1209,1255
1209,1482
1209,1216
1209,2504
1209,1845
1209,2330
1209,1402
1209,1428
1209,1242
1210,2590
1210,2532
1210,2102
1210,2313
1210,2322
1210,1254
1210,1471
1210,1876
1210,1849
1210,1267
1210,2334
1210,1501
1210,1874
1210,1237
1210,1860
1210,1851
1210,1855
1210,1467
1210,1273
1210,1242
1210,1231
1210,1222
1210,2365
1210,1263
1210,1845
1210,2615
1210,1548
1210,1257
1210,1223
1210,2363
1210,1878
1210,1290
1210,1572
1210,1243
1210,1228
1210,1521
1210,2644
1210,1286
1210,1847
1210,1491
1210,1538
1210,2385
1210,1221
1210,1409
1210,2372
1210,1253
1210,2708
1210,1489
1210,1214
1210,2695
1210,2574
1210,1216
1210,2478
1210,2284
1210,2381
1210,1599
1211,1495
1211,1263
1211,2564
1211,2613
1211,2510
1211,2245
1211,2312
1211,1868
1211,1267
1211,1848
1211,1501
1211,1224
1211,2388
1211,1872
1211,1865
1211,1860
1211,1867
1211,1285
1211,2631
1211,2340
1211,1855
1211,1273
1211,1262
1211,1215
1211,2478
1211,1508
1211,1570
1211,2508
1211,1538
1211,1530
1211,1227
1211,1518
1211,1517
1211,1214
1211,1251
1211,2708
1211,2366
1211,2377
1211,1293
1211,1269
1211,1221
1211,1597
1211,1559
1211,1850
1211,1268
1211,1878
1211,1284
1211,2084
1211,2102
1211,1520
1211,1238
1211,1516
1211,1234
1211,1228
1211,1915
1211,2396
1211,1232
1211,2367
1211,1287
1211,2240
1211,1852
1211,2297
1211,2380
1211,2537
1211,1858
1211,1276
1211,1692
1211,2371
1211,2106
1212,2590
1212,1263
1212,2382
1212,2701
1212,1246
1212,2240
1212,2510
1212,1699
1212,1868
1212,1876
1212,2630
1212,2111
1212,1872
1212,1226
1212,1223
1212,2385
1212,1863
1212,1851
1212,1840
1212,1285
1212,1277
1212,1855
1212,1273
1212,1265
1212,2619
1212,1261
1212,1250
1212,1236
1212,2381
1212,1217
1212,1229
1212,1588
1212,2408
1212,1244
1212,1282
1212,1573
1212,1858
1212,1567
1212,1547
1212,1525
1212,2392
1212,1228
1212,1519
1212,1506
1212,1257
1212,1404
1212,1220
1212,1278
1212,2322
1212,1255
1212,1861
1212,1522
1212,2589
1212,1429
1212,2326
1212,1274
1212,2456
1212,1583
1212,1260
1212,1704
1212,1219
1212,1222
1212,1557
1213,2428
1213,2285
1213,2547
1213,2535
1213,2253
1213,2100
1213,1504
1213,1913
1213,1910
1213,2198
1213,1907
1213,2487
1213,1905
1213,1902
1213,2464
1213,1882
1213,2658
1213,2490
1213,1908
1213,2012
1213,1915
1213,2028
1213,2397
1213,2018
1213,1357
1213,1757
1213,1369
1213,2483
1213,1319
1213,2177
1213,2611
1213,2194
1213,1827
1213,2603
1213,2155
1213,2252
1213,1899
1213,2633
1213,1826
1213,1895
1213,1351
1213,2427
1213,2352
1213,2229
1213,1991
1213,1888
1213,1985
1213,1975
1213,2269
1214,2389
1214,1849
1214,1246
1214,2322
1214,2629
1214,2620
1214,2312
1214,2369
1214,1869
1214,2095
1214,2590
1214,1814
1214,1841
1214,1872
1214,1568
1214,1524
1214,1279
1214,1863
1214,1261
1214,1250
1214,1235
1214,2381
1214,1508
1214,1217
1214,1507
1214,2089
1214,2366
1214,1590
1214,2117
1214,2240
1214,1561
1214,1366
1214,1851
1214,1269
1214,1560
1214,1533
1214,1519
1214,2388
1214,1515
1214,1554
1214,1547
1214,1500
1214,1527
1214,1292
1214,1286
1214,1587
1214,1296
1214,1276
1214,1241
1214,2622
1214,1257
1214,1548
1214,1704
1214,1219
1214,1258
1214,1442
1214,2395
1214,2371
1214,1445
1214,1293
1214,1477
1214,1424
1214,2061
1214,1545
1215,2469
1215,1855
1215,2313
1215,2108
1215,1974
1215,2245
1215,1337
1215,2337
1215,1568
1215,1853
1215,1851
1215,1285
1215,1702
1215,2537
1215,1276
1215,1858
1215,1682
1215,1294
1215,1252
1215,1243
1215,1230
1215,2640
1215,2616
1215,1296
1215,1484
1215,2489
1215,1455
1215,2386
1215,2327
1215,1556
1215,2365
1215,2476
1215,2315
1215,1234
1215,1231
1216,2396
1216,1873
1216,1849
1216,2318
1216,1704
1216,1224
1216,2533
1216,2472
1216,2320
1216,1864
1216,1505
1216,2384
1216,2371
1216,2315
1216,1840
1216,1265
1216,1244
1216,2340
1216,2146
1216,1571
1216,2473
1216,1293
1216,1875
1216,1591
1216,1574
1216,1236
1216,1565
1216,1868
1216,1286
1216,2377
1216,1240
1216,1287
1216,1221
1216,1268
1216,1878
1216,1422
1216,1234
1216,1537
1216,2507
1216,1501
1216,2372
1216,1790
1216,1252
1216,1411
1216,1689
1216,1247
1216,1297
1216,1851
1216,1463
1216,1410
1217,2319
1217,2382
1217,2314
1217,1559
1217,1283
1217,1869
1217,1814
1217,2538
1217,1874
1217,1864
1217,1226
1217,2476
1217,2371
1217,2336
1217,1851
1217,1272
1217,1265
1217,1229
1217,1221
1217,1715
1217,1567
1217,1858
1217,1876
1217,1585
1217,1294
1217,1529
1217,2381
1217,1974
1217,1586
1217,1285
1217,1844
1217,1262
1217,1544
1217,1298
1217,2245
1217,1275
1217,2322
1217,2613
1217,2419
1217,1233
1217,1299
1217,1516
1217,1519
1217,1278
1217,1219
1217,1222
1217,1598
1217,1286
1217,1259
1218,2513
1218,2258
1218,1246
1218,1700
1218,1876
1218,2095
1218,1862
1218,2385
1218,2371
1218,1273
1218,1277
1218,2630
1218,1272
1218,2388
1218,1597
1218,1500
1218,1257
1218,1542
1218,1251
1218,2514
1218,1271
1218,1268
1218,2377
1218,1296
1218,1238
1218,1220
1218,1857
1218,1275
1218,1228
1218,1233
1218,2591
1218,1235
1218,1470
1218,1851
1218,1337
1218,1514
1218,2590
1218,1232
1218,1868
1218,1259
1218,1847
1218,1871
1219,2574
1219,2532
1219,2396
1219,1246
1219,2314
1219,1704
1219,1869
1219,1864
1219,1227
1219,2385
1219,1877
1219,1851
1219,2616
1219,1258
1219,1840
1219,1290
1219,1273
1219,1222
1219,2387
1219,1514
1219,2476
1219,2573
1219,1553
1219,1235
1219,1517
1219,1843
1219,1286
1219,2513
1219,1252
1219,1293
1219,1284
1219,1850
1219,1268
1219,2499
1219,1238
1219,1281
1219,1475
1219,1451
1219,1878
1219,2378
1219,2691
1219,1264
1219,2478
1219,1280
1219,2638
1219,2376
1219,1230
1219,1450
1219,2614
1219,2312
1219,1439
1219,2533
1219,1466
1219,1435
1220,2396
1220,2340
1220,2317
1220,2447
1220,2528
1220,1849
1220,1460
1220,1246
1220,2615
1220,1940
1220,1324
1220,2374
1220,1501
1220,1237
1220,1263
1220,1554
1220,1277
1220,1274
1220,1270
1220,1242
1220,1245
1220,2007
1220,1231
1220,2473
1220,1406
1220,1508
1220,2392
1220,1264
1220,1593
1220,1504
1220,1844
1220,1456
1220,1276
1220,1295
1220,1287
1220,1578
1220,1549
1220,1258
1220,1259
1220,1284
1220,1238
1220,1878
1220,1233
1220,1874
1220,1292
1220,1251
1221,2319
1221,1263
1221,2313
1221,2318
1221,2620
1221,1868
1221,1224
1221,2369
1221,2376
1221,2095
1221,2396
1221,1814
1221,1568
1221,1256
1221,2392
1221,2385
1221,1258
1221,1840
1221,1244
1221,1240
1221,2321
1221,2537
1221,1858
1221,1247
1221,1238
1221,1529
1221,1580
1221,1871
1221,2532
1221,1562
1221,1525
1221,2322
1221,1255
1221,1863
1221,2380
1221,1284
1221,1278
1221,1269
1221,2472
1221,1260
1221,2391
1221,2471
1221,2061
1221,1264
1221,2315
1221,2081
1222,1855
1222,2313
1222,1846
1222,1714
1222,1254
1222,1542
1222,2318
1222,1471
1222,1848
1222,2510
1222,2316
1222,2115
1222,1226
1222,2385
1222,2371
1222,1863
1222,2050
1222,1274
1222,1552
1222,1857
1222,1287
1222,1578
1222,1573
1222,1553
1222,1554
1222,1507
1222,1874
1222,1292
1222,1530
1222,1295
1222,1851
1222,1283
1222,1865
1222,2590
1222,2396
1222,1232
1222,1268
1222,1230
1222,1418
1222,2106
1222,1427
1222,1288
1222,1548
1222,1228
1222,2369
1222,1297
1222,1588
1222,2365
1222,1298
1222,1250
1222,1860
1222,1278
1223,2574
1223,2478
1223,1855
1223,2314
1223,1559
1223,1542
1223,2318
1223,1249
1223,2312
1223,2651
1223,1845
1223,1876
1223,1585
1223,2369
1223,1707
1223,2098
1223,1871
1223,1864
1223,1856
1223,1256
1223,1227
1223,2531
1223,2392
1223,1867
1223,1269
1223,1851
1223,1250
1223,1265
1223,1847
1223,1272
1223,1595
1223,1553
1223,2410
1223,1575
1223,1869
1223,1578
1223,1296
1223,1288
1223,1252
1223,1290
1223,1243
1223,1295
1223,1586
1223,1501
1223,2091
1223,1574
1223,1762
1223,1253
1223,1588
1223,1530
1223,2365
1223,2036
1223,1235
1223,1226
1224,1873
1224,1246
1224,2314
1224,2553
1224,1870
1224,1871
1224,1862
1224,1279
1224,1501
1224,2378
1224,1285
1224,1274
1224,1270
1224,2564
1224,1702
1224,2469
1224,1693
1224,1868
1224,1242
1224,2407
1224,1235
1224,2082
1224,1261
1224,1552
1224,1581
1224,1847
1224,1265
1224,1556
1224,1262
1224,1553
1224,1227
1224,1518
1224,1297
1224,2613
1224,2376
1224,2509
1224,1293
1224,1284
1224,1282
1224,1869
1224,1842
1224,1260
1224,1258
1224,2510
1224,2316
1224,1245
1224,1228
1224,2380
1224,1850
1224,1462
1224,2095
1224,1804
1224,1276
1225,2532
1225,1542
1225,1239
1225,2701
1225,2382
1225,1873
1225,1849
1225,1545
1225,1699
1225,2470
1225,2372
1225,1874
1225,1862
1225,1856
1225,1227
1225,1851
1225,1244
1225,2110
1225,1528
1225,1294
1225,1529
1225,2368
1225,1593
1225,1590
1225,1848
1225,1557
1225,1273
1225,1555
1225,1550
1225,1253
1225,1544
1225,1840
1225,1258
1225,1517
1225,1568
1225,1277
1225,1512
1225,1854
1225,1563
1225,1272
1225,1507
1225,1504
1225,1506
1225,1899
1225,1511
1225,1281
1225,1578
1225,1531
1225,1231
1225,1278
1225,1270
1225,1567
1225,2590
1225,1426
1225,1533
1225,1257
1225,2319
1225,1252
1226,2318
1226,1735
1226,2319
1226,2373
1226,1501
1226,2538
1226,1848
1226,1751
1226,1842
1226,1291
1226,1227
1226,2384
1226,1858
1226,1847
1226,1871
1226,1289
1226,1273
1226,1854
1226,1272
1226,1510
1226,1293
1226,2360
1226,1285
1226,1576
1226,1548
1226,2385
1226,1512
1226,1284
1226,1575
1226,1857
1226,1240
1226,1287
1226,1241
1226,1915
1226,1253
1226,2564
1226,2616
1226,1245
1226,1536
1226,2515
1226,1489
1226,1274
1226,1509
1226,1850
1226,1268
1226,1874
1226,1292
1226,2086
1226,1504
1226,2095
1226,1864
1226,1841
1226,1259
1226,1588
1226,1534
1226,2369
1226,2510
1226,1493
1226,1298
1227,2513
1227,2382
1227,2322
1227,2510
1227,2370
1227,1709
1227,1876
1227,1841
1227,1705
1227,1471
1227,1859
1227,1854
1227,1541
1227,1291
1227,1279
1227,2378
1227,1867
1227,1863
1227,1465
1227,1562
1227,1853
1227,2300
1227,2114
1227,1264
1227,1293
1227,2360
1227,1875
1227,1584
1227,1526
1227,1573
1227,1840
1227,1558
1227,1517
1227,2336
1227,1851
1227,1560
1227,1514
1227,2365
1227,1298
1227,1523
1227,1579
1227,1288
1227,1257
1227,1587
1227,1599
1227,1240
1227,1434
1227,1904
1227,1847
1227,1565
1228,2597
1228,2336
1228,2318
1228,1868
1228,1704
1228,2475
1228,2572
1228,1263
1228,1845
1228,2340
1228,2243
1228,2086
1228,1698
1228,2097
1228,1877
1228,1289
1228,1280
1228,1277
1228,1262
1228,1250
1228,1240
1228,1235
1228,1598
1228,2083
1228,1562
1228,1550
1228,1543
1228,2472
1228,1879
1228,1297
1228,1583
1228,1292
1228,1256
1228,2614
1228,2245
1228,1275
1228,1857
1228,1869
1228,1287
1228,1282
1228,1229
1228,1276
1228,1461
1228,1854
1228,2048
1228,1466
1228,2095
1228,1410
1228,1430
1228,1692
1228,1499
1228,1587
1228,1258
1228,2376
1228,2391
1229,2319
1229,1239
1229,1849
1229,2314
1229,2613
1229,1540
1229,2510
1229,2312
1229,1704
1229,2533
1229,1501
1229,1874
1229,2387
1229,2365
1229,2315
1229,1877
1229,1270
1229,1289
1229,1242
1229,1571
1229,1687
1229,1299
1229,1590
1229,1271
1229,1562
1229,1544
1229,1520
1229,1512
1229,2380
1229,1288
1229,2472
1229,1597
1229,1843
1229,2619
1229,2360
1229,1232
1229,1420
1229,2386
1229,1264
1229,1258
1229,1259
1229,2370
1229,1861
1229,1290
1229,1246
1229,2119
1229,1235
1230,2313
1230,1501
1230,1874
1230,2392
1230,2533
1230,1272
1230,1555
1230,1264
1230,2115
1230,1533
1230,1242
1230,1235
1230,1521
1230,1510
1230,2050
1230,1565
1230,1556
1230,1312
1230,2379
1230,1251
1230,2614
1230,1295
1230,1434
1230,1240
1230,2321
1230,2368
1230,1869
1230,1287
1230,1271
1230,1278
1230,1490
1230,1255
1230,1561
1230,1232
1230,1293
1230,2377
1230,1863
1230,2513
1230,1252
1230,2390
1230,1269
1230,2364
1230,2478
1230,1276
1231,2499
1231,2477
1231,2340
1231,1495
1231,2414
1231,1846
1231,1928
1231,1876
1231,1585
1231,1267
1231,1848
1231,1453
1231,2372
1231,1874
1231,2533
1231,1854
1231,1842
1231,1291
1231,2713
1231,1840
1231,2468
1231,1401
1231,2371
1231,1290
1231,1285
1231,2143
1231,1270
1231,1845
1231,1242
1231,1235
1231,2127
1231,2392
1231,2595
1231,1868
1231,1577
1231,1530
1231,1518
1231,1503
1231,1268
1231,1279
1231,1570
1231,1241
1231,2509
1231,1814
1231,1911
1231,2472
1231,1278
1231,1419
1231,1501
1231,1598
1231,2083
1231,2369
1231,1269
1231,1247
1231,1514
1232,2340
1232,1855
1232,1263
1232,2682
1232,2110
1232,2615
1232,1876
1232,1585
1232,2630
1232,2515
1232,2373
1232,1814
1232,2104
1232,2080
1232,1842
1232,1291
1232,1256
1232,2315
1232,1858
1232,1290
1232,1580
1232,1289
1232,1265
1232,1242
1232,1577
1232,2057
1232,1572
1232,2095
1232,1441
1232,1247
1232,2472
1232,1288
1232,1284
1232,1283
1232,1865
1232,1266
1232,1238
1232,1233
1232,2471
1232,1501
1232,1474
1232,1312
1232,1537
1232,2469
1232,1772
1232,1318
1232,1512
1232,1269
1232,2245
1232,1864
1232,2370
1232,2390
1232,2532
1232,1271
1232,1461
1232,2607
1232,1542
1232,1251
1232,2708
1233,1849
1233,1619
1233,2701
1233,1246
1233,2318
1233,2245
1233,1704
1233,2472
1233,2376
1233,2470
1233,2373
1233,1501
1233,1874
1233,1291
1233,1237
1233,2378
1233,2371
1233,1287
1233,1578
1233,1858
1233,1247
1233,2505
1233,1244
1233,2619
1233,1261
1233,1565
1233,1555
1233,2196
1233,1517
1233,1875
1233,1293
1233,2638
1233,1255
1233,1271
1233,1702
1233,2590
1233,2340
1233,2534
1233,1467
1233,1266
1233,1265
1233,2623
1233,1298
1233,2614
1233,1865
1233,1269
1233,1854
1233,1272
1234,2396
1234,2340
1234,1408
1234,2322
1234,2292
1234,2240
1234,1870
1234,1585
1234,1871
1234,1285
1234,1274
1234,2387
1234,1259
1234,1293
1234,1584
1234,2381
1234,1291
1234,1560
1234,1525
1234,1517
1234,1286
1234,1542
1234,1251
1234,2316
1234,2395
1234,1858
1234,2569
1234,1263
1234,2330
1234,2565
1234,1864
1234,2640
1234,1848
1234,1266
1234,1589
1234,2623
1234,1493
1234,1489
1234,1295
1234,2097
1234,2210
1234,2327
1234,2380
1234,2620
1234,1262
1234,1591
1234,1475
1235,1263
1235,2564
1235,2537
1235,1246
1235,1254
1235,2620
1235,2312
1235,2396
1235,1814
1235,2388
1235,1872
1235,1864
1235,1568
1235,1237
1235,1865
1235,1285
1235,1250
1235,1244
1235,1337
1235,1240
1235,2386
1235,1593
1235,2656
1235,2365
1235,1589
1235,1564
1235,1852
1235,1561
1235,2382
1235,1509
1235,1410
1235,1507
1235,1286
1235,1879
1235,1588
1235,1297
1235,1268
1235,1243
1235,1562
1235,1891
1235,2327
1235,1424
1235,1851
1235,1560
1235,1278
1235,1522
1235,1275
1235,1533
1235,2471
1235,1501
1235,1708
1235,2371
1235,1241
1235,1299
1235,1252
1235,1482
1235,2102
1235,1549
1235,1840
1235,2475
1236,2621
1236,2340
1236,1855
1236,2537
1236,2475
1236,1974
1236,2322
1236,2613
1236,2510
1236,2405
1236,2370
1236,1868
1236,1704
1236,1876
1236,2479
1236,2396
1236,1814
1236,1501
1236,1565
1236,1856
1236,1291
1236,1270
1236,2531
1236,1864
1236,2365
1236,1879
1236,1867
1236,1860
1236,1289
1236,1280
1236,1702
1236,2367
1236,2392
1236,1593
1236,1529
1236,1252
1236,1590
1236,1299
1236,1269
1236,1851
1236,1240
1236,2509
1236,1288
1236,1254
1236,2379
1236,2482
1236,2504
1236,2469
1236,1693
1236,1458
1236,2496
1236,2387
1236,1872
1236,1261
1237,2590
1237,2574
1237,2322
1237,1582
1237,1513
1237,2510
1237,2635
1237,1859
1237,1858
1237,1853
1237,1851
1237,1242
1237,1571
1237,1529
1237,1508
1237,1281
1237,1572
1237,2620
1237,1262
1237,1553
1237,1512
1237,1501
1237,2568
1237,1598
1237,1504
1237,1286
1237,2360
1237,1284
1237,2314
1237,1538
1237,1872
1237,1581
1237,1511
1237,1570
1237,1476
1237,1573
1237,1902
1237,2370
1237,2323
1237,1257
1237,1578
1237,1565
1237,1855
1237,1467
1237,2388
1237,1587
1238,2317
1238,1542
1238,2313
1238,1974
1238,1471
1238,1870
1238,1437
1238,2533
1238,2095
1238,1294
1238,1264
1238,2101
1238,1508
1238,1253
1238,1544
1238,1530
1238,1516
1238,2510
1238,2316
1238,1875
1238,1293
1238,1869
1238,1578
1238,1287
1238,1284
1238,1565
1238,1421
1238,1518
1238,1857
1238,1275
1238,1252
1238,2378
1238,2322
1238,1255
1238,2396
1238,1814
1238,1431
1238,1271
1238,2388
1238,1265
1238,2623
1238,2080
1238,1595
1238,1257
1238,1548
1238,1266
1238,1704
1238,2473
1238,2117
1238,1841
1238,1879
1238,1297
1238,2479
1238,1873
1239,2592
1239,2574
1239,2090
1239,1585
1239,2470
1239,1844
1239,1262
1239,1250
1239,2386
1239,2132
1239,2336
1239,1594
1239,1583
1239,1571
1239,1552
1239,1527
1239,1521
1239,1748
1239,2572
1239,1532
1239,2405
1239,1502
1239,1599
1239,1595
1239,1593
1239,1591
1239,1578
1239,1577
1239,1561
1239,1548
1239,1522
1239,2116
1239,1534
1239,1533
1239,1530
1239,1520
1239,2101
1239,1519
1239,2388
1239,1515
1239,1511
1239,1523
1239,2533
1239,2613
1239,2119
1239,1246
1239,1282
1239,1898
1239,2150
1239,2616
1239,2366
1239,1881
1239,2316
1239,2219
1239,2498
1239,2636
1239,2055
1240,2319
1240,1263
1240,2322
1240,2613
1240,2471
1240,2570
1240,2376
1240,1872
1240,1402
1240,2372
1240,1867
1240,1865
1240,1840
1240,2340
1240,1273
1240,1272
1240,1270
1240,1420
1240,1711
1240,1462
1240,2396
1240,1814
1240,2105
1240,1294
1240,2510
1240,2316
1240,1844
1240,1553
1240,2573
1240,1506
1240,1292
1240,1974
1240,1586
1240,2395
1240,1284
1240,1264
1240,1278
1240,2360
1240,1858
1240,1276
1240,1410
1240,1578
1240,1550
1241,1542
1241,1263
1241,1535
1241,2521
1241,2510
1241,2574
1241,1701
1241,1441
1241,2513
1241,2095
1241,1267
1241,1568
1241,1274
1241,1264
1241,1259
1241,1571
1241,1700
1241,2573
1241,1875
1241,2360
1241,1876
1241,1682
1241,1294
1241,1850
1241,1268
1241,1553
1241,2613
1241,1546
1241,1520
1241,1288
1241,2509
1241,1287
1241,1503
1241,2628
1241,1415
1241,1419
1241,1261
1241,1511
1241,2572
1241,1537
1241,1490
1241,1295
1241,2593
1241,1526
1241,1573
1241,1867
1241,1479
1241,1289
1241,1253
1241,2708
1241,1275
1241,1704
1241,1413
1241,2381
1241,1276
1242,1849
1242,1246
1242,2475
1242,2108
1242,2615
1242,2510
1242,2405
1242,2370
1242,1704
1242,2383
1242,1852
1242,2472
1242,1256
1242,2392
1242,1858
1242,1294
1242,1867
1242,1285
1242,1859
1242,1277
1242,2340
1242,1273
1242,1272
1242,1265
1242,1555
1242,1264
1242,1550
1242,1259
1242,2367
1242,2091
1242,1552
1242,1536
1242,2590
1242,1523
1242,2390
1242,2319
1242,1543
1242,2365
1242,1298
1242,2473
1242,2509
1242,1295
1242,1869
1242,1287
1242,1258
1242,1469
1242,1275
1242,2505
1242,2117
1242,2388
1242,2608
1242,1250
1242,1274
1242,1565
1243,2478
1243,1873
1243,1701
1243,2312
1243,1870
1243,1254
1243,2612
1243,1267
1243,1841
1243,1294
1243,1290
1243,1272
1243,1264
1243,1565
1243,1292
1243,1474
1243,2638
1243,1862
1243,2708
1243,2513
1243,1252
1243,2509
1243,1878
1243,1716
1243,1293
1243,1268
1243,1421
1243,2391
1243,1295
1243,1483
1243,2079
1243,2196
1243,1420
1243,2322
1243,1449
1243,2620
1243,2717
1243,1422
1243,1414
1243,1705
1243,1820
1243,2471
1243,1595
1243,1266
1243,2086
1243,1407
1243,1286
1244,2532
1244,2319
1244,2382
1244,2475
1244,1722
1244,2110
1244,2318
1244,2407
1244,1849
1244,1267
1244,2369
1244,2388
1244,1872
1244,1859
1244,1854
1244,1256
1244,2315
1244,1867
1244,1858
1244,1847
1244,1280
1244,1852
1244,1270
1244,1264
1244,2472
1244,1696
1244,1526
1244,1523
1244,2573
1244,1512
1244,2384
1244,1511
1244,2376
1244,2473
1244,2395
1244,1260
1244,2373
1244,1554
1244,2039
1244,2574
1244,1507
1244,2380
1244,1501
1244,1695
1244,2083
1244,2568
1244,1283
1244,1865
1244,1259
1244,2132
1244,2326
1244,2114
1244,1592
1244,1258
1244,1282
1244,1873
1244,2080
1244,2371
1244,1584
1244,2372
1244,1269
1245,2532
1245,2478
1245,1846
1245,2564
1245,1441
1245,2471
1245,2369
1245,2373
1245,2533
1245,1854
1245,1278
1245,1860
1245,1872
1245,1261
1245,1253
1245,1544
1245,1568
1245,1859
1245,1530
1245,1299
1245,1288
1245,1463
1245,1410
1245,1507
1245,1413
1245,2219
1245,2617
1245,1490
1245,2469
1245,1267
1245,1473
1245,1511
1245,1717
1245,1858
1245,1422
1245,2614
1245,2404
1245,2337
1245,1464
1245,1286
1245,1842
1246,2478
1246,2469
1246,1263
1246,1460
1246,1866
1246,2370
1246,2476
1246,2314
1246,1279
1246,1861
1246,1860
1246,1858
1246,2590
1246,2396
1246,1814
1246,1294
1246,1854
1246,1272
1246,1265
1246,2091
1246,2472
1246,1599
1246,1558
1246,1298
1246,1286
1246,2378
1246,1254
1246,2613
1246,2376
1246,2245
1246,2395
1246,2377
1246,2095
1246,1878
1246,1296
1246,2362
1246,1586
1246,1295
1246,1870
1246,1288
1246,1287
1246,1283
1246,2391
1246,1289
1246,1483
1246,1435
1246,1531
1246,1434
1246,1252
1246,2416
1246,1277
1246,2247
1247,1873
1247,2475
1247,1850
1247,2620
1247,2370
1247,2086
1247,2383
1247,2369
1247,2570
1247,2376
1247,2095
1247,1864
1247,2371
1247,1867
1247,1851
1247,1853
1247,1289
1247,1859
1247,1277
1247,1564
1247,2315
1247,1530
1247,1520
1247,1861
1247,1879
1247,1297
1247,1266
1247,2391
1247,1846
1247,1458
1247,1511
1247,1278
1247,1860
1247,1719
1247,2469
1247,2360
1247,2498
1247,1528
1247,1857
1247,1298
1247,1252
1247,1276
1247,1263
1248,2522
1248,2293
1248,2050
1248,1594
1248,1484
1248,2640
1248,1449
1248,1481
1248,2645
1248,2489
1248,2222
1248,2330
1248,2044
1248,2565
1248,1498
1248,2498
1248,2517
1248,2493
1248,2072
1248,1999
1248,1995
1248,2709
1248,1448
1248,1412
1248,1463
1248,2239
1248,1436
1248,2212
1248,2051
1248,2439
1248,1977
1248,1967
1248,1790
1248,1444
1248,1494
1248,1785
1248,2060
1248,1769
1248,2055
1248,1454
1248,2618
1248,2495
1248,2660
1248,2040
1248,2571
1248,1988
1248,1980
1248,1765
1248,2292
1248,1926
1248,1946
1248,2043
1248,2666
1249,1495
1249,2196
1249,2716
1249,1701
1249,2380
1249,2643
1249,1850
1249,2335
1249,1484
1249,1474
1249,1473
1249,1456
1249,1449
1249,1442
1249,1421
1249,1501
1249,2374
1249,1404
1249,2712
1249,2498
1249,1438
1249,1276
1249,2052
1249,1492
1249,2074
1249,2041
1249,1426
1249,1490
1249,1480
1249,1274
1249,1468
1249,1458
1249,1547
1249,1450
1249,1444
1249,1440
1249,1436
1249,1430
1249,1427
1249,2616
1249,2713
1249,2715
1249,2483
1249,1998
1249,2045
1249,2569
1249,1987
1249,1401
1249,1983
1250,2574
1250,2532
1250,2313
1250,1974
1250,2689
1250,1704
1250,2383
1250,1869
1250,2479
1250,2396
1250,1814
1250,2388
1250,1844
1250,2385
1250,2371
1250,1285
1250,1528
1250,2401
1250,2360
1250,2617
1250,1550
1250,1265
1250,1547
1250,1286
1250,2315
1250,2509
1250,1284
1250,1278
1250,1858
1250,1276
1250,1260
1250,1266
1250,2322
1250,1255
1250,2314
1250,1494
1250,1583
1250,1543
1250,2533
1250,1272
1250,2471
1250,1695
1250,2336
1250,1269
1250,1552
1250,2387
1250,2093
1250,1855
1250,1564
1250,1282
1250,1275
1250,2392
1251,2478
1251,2537
1251,2418
1251,2329
1251,2620
1251,2369
1251,1872
1251,1867
1251,1273
1251,1854
1251,1272
1251,1265
1251,1716
1251,2367
1251,2081
1251,1552
1251,1278
1251,1569
1251,2521
1251,1842
1251,1260
1251,1551
1251,2477
1251,2380
1251,1507
1251,2476
1251,1506
1251,2379
1251,1298
1251,1297
1251,2514
1251,1299
1251,2245
1251,1566
1251,1275
1251,1550
1251,1559
1251,1850
1251,1268
1251,1848
1251,1266
1251,2504
1251,1293
1251,2360
1251,2396
1251,1267
1251,2140
1251,1473
1251,1286
1251,2106
1251,1427
1251,2323
1251,1547
1251,1869
1251,1578
1251,1512
1251,1748
1251,1536
1251,1289
1252,2478
1252,2510
1252,2637
1252,1868
1252,2533
1252,2369
1252,1848
1252,2472
1252,2374
1252,1814
1252,1844
1252,2572
1252,2378
1252,2350
1252,1283
1252,1865
1252,1294
1252,2570
1252,2376
1252,2360
1252,1562
1252,1558
1252,1847
1252,1459
1252,1556
1252,1299
1252,1253
1252,2514
1252,1287
1252,1278
1252,1550
1252,1268
1252,1878
1252,1260
1252,1549
1252,1258
1252,1269
1252,1512
1252,1706
1252,1867
1252,2619
1252,2095
1252,2622
1252,1264
1252,2613
1252,2710
1252,2476
1252,1277
1252,1257
1253,2532
1253,1542
1253,2505
1253,2110
1253,1704
1253,1717
1253,2301
1253,2240
1253,1755
1253,2388
1253,1854
1253,1541
1253,1256
1253,1505
1253,2572
1253,2371
1253,2336
1253,1269
1253,1851
1253,1581
1253,1290
1253,1265
1253,2122
1253,2478
1253,2381
1253,1869
1253,1578
1253,1537
1253,1516
1253,1277
1253,1512
1253,1588
1253,1297
1253,1598
1253,1257
1253,1555
1253,1288
1253,2245
1253,1857
1253,2508
1253,1867
1253,1285
1253,1858
1253,1567
1253,1273
1253,1597
1253,1453
1253,1550
1253,1268
1253,1574
1253,1292
1253,1599
1253,1530
1254,2590
1254,2340
1254,1542
1254,2319
1254,2513
1254,2313
1254,1724
1254,2372
1254,1291
1254,1870
1254,1294
1254,1270
1254,1264
1254,1261
1254,2373
1254,2382
1254,2478
1254,2381
1254,1879
1254,1588
1254,1267
1254,1557
1254,1281
1254,2708
1254,2514
1254,2377
1254,1295
1254,1268
1254,2471
1254,1428
1254,1263
1254,1845
1254,1554
1254,1480
1254,1533
1254,1436
1254,1430
1254,1417
1255,2532
1255,1722
1255,2475
1255,1457
1255,2513
1255,2689
1255,1767
1255,2095
1255,2080
1255,2323
1255,1256
1255,1894
1255,2476
1255,1867
1255,1858
1255,2340
1255,1273
1255,1289
1255,2620
1255,1262
1255,1715
1255,1599
1255,1551
1255,1511
1255,2395
1255,1878
1255,1288
1255,1472
1255,1569
1255,1869
1255,1287
1255,1449
1255,1597
1255,2086
1255,1459
1255,2380
1255,2369
1255,1434
1255,2708
1255,1495
1255,2591
1255,1862
1255,2638
1255,1295
1255,1555
1255,1814
1256,1542
1256,1849
1256,2428
1256,1846
1256,2319
1256,2513
1256,2370
1256,2337
1256,1848
1256,2510
1256,2316
1256,2095
1256,2471
1256,1501
1256,1874
1256,1524
1256,1568
1256,1277
1256,1685
1256,1539
1256,1708
1256,1855
1256,1273
1256,1696
1256,2478
1256,1508
1256,1843
1256,1261
1256,1590
1256,1556
1256,2643
1256,1285
1256,1520
1256,1551
1256,1504
1256,1533
1256,2473
1256,1298
1256,2514
1256,1287
1256,1684
1256,1587
1256,1452
1256,2616
1256,1258
1256,2322
1256,2613
1256,1286
1256,1282
1256,1729
1256,1593
1256,2590
1256,1550
1256,2385
1256,2392
1256,2539
1256,1860
1256,1531
1257,1582
1257,2245
1257,2312
1257,1283
1257,1876
1257,1814
1257,2599
1257,2308
1257,1337
1257,2113
1257,1864
1257,1854
1257,1524
1257,2392
1257,2385
1257,1858
1257,1261
1257,1847
1257,2138
1257,2573
1257,1593
1257,1576
1257,1559
1257,1268
1257,1558
1257,1511
1257,2644
1257,1286
1257,1522
1257,1910
1257,2395
1257,2360
1257,1293
1257,1553
1257,2532
1257,1271
1257,2568
1257,1598
1257,2086
1257,1504
1257,1269
1257,1564
1257,2504
1257,1578
1257,1299
1257,2570
1257,2102
1257,1520
1257,1877
1257,2653
1257,2469
1257,2371
1257,1595
1257,1266
1257,1539
1257,1442
1258,1263
1258,1471
1258,1709
1258,1876
1258,1267
1258,1791
1258,2095
1258,2090
1258,2701
1258,2313
1258,2119
1258,2107
1258,2372
1258,1872
1258,1865
1258,1861
1258,1860
1258,1265
1258,2105
1258,1588
1258,1553
1258,2379
1258,2473
1258,1489
1258,1295
1258,1269
1258,1260
1258,1516
1258,1281
1258,2323
1258,1414
1258,1590
1258,2475
1258,2369
1258,1858
1258,1276
1258,2370
1258,1400
1258,2360
1258,2340
1258,1467
1258,2622
1258,1266
1258,1704
1258,1591
1258,2390
1259,1263
1259,1873
1259,2521
1259,2506
1259,2322
1259,1545
1259,1868
1259,2533
1259,1872
1259,1524
1259,2476
1259,2387
1259,2385
1259,2378
1259,1847
1259,1580
1259,1289
1259,1274
1259,2620
1259,1262
1259,1529
1259,1599
1259,1598
1259,2371
1259,1595
1259,1587
1259,1569
1259,2509
1259,1275
1259,2570
1259,1503
1259,1268
1259,2061
1259,2590
1259,2396
1259,1523
1259,1426
1259,1668
1259,1571
1259,1533
1259,1858
1259,1276
1259,2531
1259,1464
1259,1879
1259,2323
1259,1547
1259,2479
1259,1596
1259,1584
1259,1537
1259,2258
1259,1277
1259,1516
1260,2590
1260,1263
1260,2620
1260,2471
1260,1283
1260,2689
1260,2369
1260,1791
1260,2095
1260,2478
1260,2090
1260,1872
1260,1842
1260,1570
1260,1279
1260,2509
1260,2315
1260,1867
1260,1471
1260,1277
1260,1265
1260,1274
1260,2120
1260,1590
1260,1558
1260,1520
1260,1874
1260,1292
1260,1439
1260,2318
1260,2473
1260,1287
1260,2488
1260,1878
1260,2395
1260,1452
1260,1868
1260,2062
1260,1704
1260,2383
1261,2469
1261,2319
1261,1855
1261,2313
1261,2314
1261,1513
1261,2471
1261,1549
1261,2373
1261,2320
1261,1585
1261,1874
1261,1870
1261,1579
1261,1863
1261,1872
1261,1290
1261,1289
1261,1277
1261,2378
1261,1265
1261,2370
1261,1594
1261,2360
1261,2116
1261,1599
1261,1867
1261,1285
1261,1576
1261,1443
1261,1509
1261,1298
1261,1286
1261,2377
1261,1451
1261,2710
1261,1442
1261,1271
1261,1974
1261,1295
1261,1851
1261,1869
1261,1287
1261,2318
1261,1736
1261,2312
1261,2590
1261,1523
1261,1299
1261,1520
1261,1873
1261,1291
1261,1275
1262,2699
1262,2590
1262,2396
1262,2475
1262,2240
1262,2510
1262,2318
1262,2340
1262,1855
1262,2534
1262,2407
1262,2363
1262,2095
1262,1703
1262,1874
1262,1844
1262,1279
1262,2537
1262,1858
1262,1294
1262,1285
1262,2131
1262,1528
1262,1849
1262,1558
1262,1264
1262,1555
1262,2514
1262,1544
1262,2082
1262,1518
1262,1299
1262,1577
1262,1295
1262,1268
1262,1269
1262,1847
1262,1265
1262,1853
1262,2613
1262,1546
1262,1519
1262,2381
1262,1516
1262,2107
1262,2078
1262,2570
1262,2473
1262,2388
1262,1845
1262,1915
1262,1491
1263,2539
1263,2388
1263,1876
1263,1704
1263,2315
1263,1873
1263,1285
1263,1592
1263,1508
1263,2110
1263,2318
1263,1559
1263,1560
1263,1517
1263,1281
1263,2622
1263,1846
1263,2513
1263,1537
1263,2095
1263,1296
1263,2245
1263,1275
1263,1471
1263,2114
1263,2312
1263,1502
1263,2619
1263,2651
1263,2623
1263,1549
1263,1452
1263,1421
1263,1415
1263,2712
1263,1580
1263,2647
1263,2243
1263,2590
1263,2396
1263,2493
1263,2369
1263,1496
1263,2323
1263,1450
1264,2574
1264,1873
1264,2613
1264,2370
1264,2312
1264,1870
1264,1868
1264,2630
1264,1842
1264,1541
1264,1858
1264,1277
1264,1265
1264,2390
1264,1550
1264,2476
1264,1506
1264,1503
1264,1281
1264,2708
1264,1443
1264,1293
1264,1278
1264,2245
1264,1857
1264,1275
1264,1488
1264,1280
1264,1474
1264,1404
1264,1468
1264,2619
1264,1543
1264,1869
1264,1287
1264,2592
1264,1428
1264,1417
1264,1562
1264,1271
1264,1412
1264,1878
1264,2086
1264,1407
1264,1591
1264,1268
1264,2385
1264,1512
1264,2478
1264,2381
1265,2564
1265,1535
1265,2322
1265,1849
1265,1704
1265,2533
1265,2316
1265,1501
1265,2098
1265,2392
1265,2364
1265,1879
1265,1867
1265,1280
1265,1277
1265,1273
1265,2472
1265,1696
1265,1557
1265,1590
1265,1299
1265,1874
1265,1292
1265,1870
1265,1288
1265,1282
1265,1858
1265,1276
1265,2335
1265,1268
1265,1542
1265,2144
1265,1877
1265,1856
1265,1468
1265,1846
1265,1840
1265,1286
1265,2376
1265,2396
1265,2299
1265,1585
1265,1294
1265,1693
1265,1596
1265,2066
1265,1522
1265,1425
1266,2478
1266,2313
1266,2322
1266,2405
1266,2564
1266,1400
1266,1337
1266,2572
1266,2636
1266,2388
1266,2372
1266,1854
1266,2387
1266,2315
1266,1290
1266,1273
1266,1270
1266,2134
1266,1548
1266,1421
1266,2391
1266,1518
1266,1504
1266,1271
1266,2472
1266,1798
1266,2380
1266,1501
1266,2568
1266,1284
1266,2620
1266,1456
1266,1406
1266,1884
1266,1868
1266,1965
1266,2592
1266,1493
1266,1840
1266,1542
1266,1485
1266,1814
1266,2573
1266,1529
1266,1288
1266,1879
1266,1568
1266,1762
1266,1285
1266,2643
1267,2532
1267,2468
1267,2564
1267,2382
1267,2314
1267,2570
1267,2319
1267,1852
1267,2635
1267,2538
1267,1872
1267,1541
1267,1814
1267,1876
1267,1294
1267,1867
1267,1285
1267,1855
1267,1273
1267,2152
1267,1552
1267,2499
1267,1529
1267,2369
1267,2381
1267,2360
1267,2117
1267,1588
1267,1574
1267,1573
1267,1567
1267,1563
1267,1555
1267,1546
1267,1519
1267,1517
1267,2486
1267,1516
1267,1514
1267,1298
1267,1542
1267,2509
1267,1507
1267,2380
1267,1586
1267,1295
1267,1578
1267,1287
1267,1866
1267,1284
1267,1857
1267,1275
1267,1269
1267,2114
1267,2373
1267,2471
1267,2568
1267,2689
1267,1485
1267,1459
1267,1274
1267,1565
1267,1468
1267,1431
1268,2313
1268,1849
1268,1768
1268,2475
1268,1505
1268,2363
1268,2533
1268,1869
1268,1859
1268,1867
1268,1858
1268,1851
1268,1294
1268,1290
1268,1690
1268,2082
1268,1599
1268,2570
1268,2376
1268,1503
1268,1874
1268,1292
1268,1569
1268,2509
1268,2377
1268,1586
1268,1295
1268,1271
1268,1879
1268,1491
1268,1554
1268,1413
1268,1293
1268,2327
1268,2471
1268,2374
1268,2568
1268,2319
1268,2372
1268,2620
1268,1513
1268,1855
1268,1564
1268,1282
1268,1291
1268,1525
1268,1728
1269,2322
1269,2510
1269,1850
1269,2637
1269,2312
1269,2693
1269,1856
1269,2476
1269,1843
1269,1290
1269,1289
1269,2635
1269,1277
1269,1273
1269,2127
1269,2099
1269,2367
1269,2381
1269,1589
1269,2473
1269,2360
1269,1584
1269,1293
1269,1288
1269,1276
1269,1284
1269,1472
1269,1461
1269,1297
1269,1433
1269,2590
1269,2396
1269,1814
1269,1535
1269,2385
1269,1846
1269,1299
1269,2319
1269,1522
1269,1576
1269,1748
1269,2507
1269,1294
1269,1863
1270,2317
1270,2322
1270,2240
1270,1866
1270,1545
1270,2405
1270,2331
1270,1701
1270,2319
1270,1869
1270,2316
1270,1294
1270,2388
1270,1871
1270,2365
1270,1879
1270,1693
1270,2537
1270,1276
1270,1858
1270,2326
1270,1841
1270,1471
1270,1277
1270,1274
1270,1510
1270,1851
1270,2415
1270,1271
1270,1571
1270,1847
1270,1874
1270,2411
1271,2313
1271,1849
1271,1832
1271,2570
1271,2312
1271,1545
1271,2612
1271,2689
1271,2630
1271,2533
1271,2365
1271,1598
1271,1274
1271,1565
1271,1516
1271,1296
1271,1870
1271,1288
1271,1284
1271,1542
1271,2512
1271,1293
1271,1413
1271,2572
1271,2378
1271,2712
1271,1843
1271,2643
1271,2396
1271,1555
1271,2614
1271,1547
1271,1974
1271,1489
1271,2472
1271,2340
1271,1273
1272,1408
1272,1849
1272,1714
1272,2510
1272,1868
1272,1580
1272,2086
1272,2689
1272,1501
1272,2323
1272,1872
1272,1291
1272,2476
1272,2385
1272,2365
1272,1285
1272,2590
1272,2105
1272,1855
1272,1273
1272,1526
1272,2360
1272,1704
1272,1413
1272,1510
1272,1557
1272,2694
1272,1530
1272,1288
1272,1282
1272,1840
1272,2537
1272,1276
1272,1507
1272,1515
1272,2620
1272,1553
1272,1857
1272,1845
1272,1851
1272,1569
1272,1337
1272,1542
1272,1865
1273,2340
1273,2319
1273,2317
1273,2539
1273,2313
1273,2510
1273,1709
1273,2637
1273,2620
1273,1580
1273,2622
1273,1869
1273,2529
1273,1699
1273,2378
1273,1858
1273,1843
1273,1840
1273,2196
1273,2390
1273,1546
1273,2385
1273,1512
1273,1274
1273,1509
1273,1491
1273,1297
1273,1868
1273,1286
1273,1281
1273,1857
1273,1275
1273,1339
1273,1704
1273,2370
1273,1598
1273,2113
1273,2533
1273,1854
1273,1547
1273,1500
1273,1571
1273,1298
1273,2318
1274,2701
1274,1559
1274,2691
1274,1585
1274,1717
1274,1842
1274,1568
1274,2476
1274,2512
1274,1704
1274,1510
1274,1875
1274,2360
1274,1852
1274,1561
1274,1517
1274,1503
1274,2340
1274,2510
1274,1288
1274,1845
1274,1849
1274,2377
1274,2378
1274,1500
1275,2471
1275,1283
1275,2383
1275,1848
1275,1874
1275,2531
1275,2385
1275,2384
1275,1847
1275,1840
1275,1289
1275,1471
1275,1277
1275,2360
1275,1573
1275,1544
1275,2316
1275,1286
1275,2418
1275,2321
1275,1530
1275,1974
1275,2653
1275,1295
1275,1287
1275,1276
1275,2318
1275,2512
1275,1522
1275,1425
1275,1472
1275,2340
1275,1533
1275,2499
1275,2711
1275,1547
1275,2479
1275,2376
1275,2473
1275,2379
1275,1690
1275,1516
1276,2236
1276,1873
1276,2110
1276,2620
1276,2312
1276,1870
1276,2388
1276,2371
1276,2365
1276,1872
1276,1290
1276,1511
1276,2708
1276,1282
1276,1814
1276,1426
1276,2476
1276,1409
1276,2391
1276,1404
1276,1554
1276,1594
1276,1781
1276,1587
1276,1702
1276,2472
1276,2237
1276,1685
1276,2619
1276,2378
1276,1512
1277,2317
1277,1408
1277,2258
1277,1849
1277,1513
1277,2370
1277,2312
1277,2396
1277,1814
1277,2468
1277,2371
1277,1290
1277,1539
1277,1858
1277,1567
1277,1703
1277,1509
1277,2473
1277,1284
1277,2525
1277,2380
1277,2392
1277,2101
1277,1502
1277,1531
1277,1588
1277,1529
1277,2314
1277,1847
1277,1551
1277,1542
1277,1286
1278,2621
1278,2590
1278,2701
1278,2537
1278,2398
1278,1866
1278,2613
1278,2245
1278,1850
1278,1928
1278,1868
1278,1704
1278,1580
1278,2350
1278,1283
1278,1471
1278,1859
1278,1854
1278,1556
1278,2318
1278,1538
1278,1530
1278,1511
1278,2572
1278,1863
1278,1281
1278,2360
1278,1875
1278,1584
1278,2565
1278,1425
1278,2638
1278,1576
1278,2061
1278,2319
1278,2513
1278,2368
1278,2110
1278,2388
1278,1550
1278,2385
1278,1451
1278,1569
1278,1287
1278,2340
1278,2146
1278,2103
1278,1547
1278,2532
1278,2320
1278,2514
1278,1598
1279,2574
1279,2317
1279,1873
1279,1849
1279,2314
1279,2570
1279,2405
1279,2318
1279,1337
1279,1876
1279,1846
1279,2622
1279,1549
1279,2472
1279,2372
1279,2392
1279,1552
1279,1843
1279,1292
1279,1583
1279,1571
1279,1526
1279,1554
1279,1520
1279,1564
1279,1517
1279,2573
1279,1506
1279,1281
1279,2315
1279,1539
1279,1295
1279,1586
1279,2568
1279,2095
1279,2483
1279,1522
1279,1556
1279,2389
1279,2394
1279,1576
1279,1861
1279,2475
1279,1505
1279,2572
1279,2378
1280,1873
1280,2110
1280,2620
1280,1845
1280,2306
1280,2107
1280,1871
1280,2090
1280,1802
1280,2384
1280,2378
1280,2312
1280,2118
1280,1572
1280,1863
1280,2383
1280,1878
1280,1296
1280,2379
1280,1972
1280,1293
1280,2360
1280,2095
1280,1531
1280,1847
1280,2528
1280,2043
1280,1877
1280,1295
1280,1294
1280,2364
1280,2320
1280,1851
1280,2509
1280,1288
1280,2314
1280,1415
1280,2396
1281,2445
1281,2505
1281,2336
1281,2108
1281,1580
1281,1876
1281,1585
1281,2097
1281,2388
1281,2372
1281,1579
1281,2387
1281,1687
1281,1575
1281,2590
1281,1523
1281,2368
1281,1298
1281,1589
1281,1588
1281,1586
1281,1291
1281,1565
1281,1562
1281,1551
1281,1516
1281,1512
1281,1511
1281,1556
1281,1509
1281,2122
1281,1517
1281,1569
1281,1578
1281,1287
1281,1599
1281,2140
1281,2568
1281,1577
1281,1542
1281,2512
1281,1484
1281,2252
1281,1449
1281,1875
1281,1778
1281,2089
1281,1507
1281,1471
1281,2538
1281,1587
1281,1549
1282,2596
1282,2396
1282,2340
1282,2319
1282,2313
1282,2475
1282,2398
1282,1582
1282,2620
1282,2312
1282,1704
1282,1580
1282,2200
1282,1549
1282,2095
1282,1568
1282,1843
1282,1290
1282,2369
1282,1690
1282,1501
1282,1598
1282,1864
1282,1570
1282,1876
1282,1294
1282,1400
1282,1867
1282,1444
1282,1299
1282,1879
1282,2376
1282,1503
1282,1559
1282,1535
1282,2091
1282,1577
1282,1480
1282,2121
1282,1293
1282,1283
1282,1865
1282,2415
1283,2711
1283,1855
1283,1542
1283,2688
1283,2564
1283,1846
1283,1457
1283,1850
1283,2470
1283,1680
1283,1859
1283,2365
1283,1858
1283,1294
1283,2478
1283,1879
1283,1706
1283,1575
1283,1854
1283,1563
1283,1849
1283,1558
1283,1511
1283,2573
1283,1507
1283,2380
1283,2095
1283,1878
1283,1295
1283,1857
1283,1814
1283,2410
1283,2114
1283,1435
1283,1518
1283,1421
1283,2473
1283,1406
1283,1869
1283,1481
1283,1875
1283,1293
1283,1778
1284,2382
1284,1535
1284,1542
1284,2318
1284,2475
1284,1699
1284,2369
1284,2153
1284,1585
1284,1842
1284,2365
1284,1290
1284,1285
1284,2112
1284,1875
1284,1857
1284,1871
1284,1563
1284,2340
1284,1564
1284,1517
1284,1992
1284,1507
1284,1292
1284,2712
1284,1403
1284,1812
1284,1562
1284,2114
1284,2509
1284,1520
1284,2401
1284,2396
1284,1555
1284,1596
1284,1878
1284,1512
1284,2616
1284,1568
1284,2617
1285,2564
1285,2382
1285,1846
1285,1876
1285,1845
1285,2008
1285,1814
1285,2118
1285,1871
1285,1471
1285,1859
1285,1708
1285,2387
1285,2385
1285,2378
1285,1860
1285,1858
1285,1847
1285,2360
1285,2372
1285,1596
1285,2364
1285,1588
1285,1562
1285,1561
1285,1557
1285,1553
1285,2119
1285,1537
1285,2509
1285,1287
1285,1711
1285,1517
1285,1420
1285,1411
1285,2231
1285,2619
1285,1455
1285,1558
1285,2470
1285,1450
1285,2613
1285,2573
1285,2376
1285,2473
1285,2371
1285,1593
1285,2513
1285,1422
1285,1599
1285,2362
1285,1295
1286,2319
1286,1619
1286,1545
1286,2510
1286,2626
1286,1850
1286,1868
1286,2533
1286,2334
1286,2479
1286,1864
1286,1873
1286,1291
1286,1290
1286,2240
1286,2143
1286,2120
1286,2370
1286,1594
1286,1521
1286,1570
1286,1858
1286,1567
1286,1562
1286,1554
1286,2521
1286,1551
1286,2613
1286,1546
1286,2384
1286,1511
1286,1504
1286,1299
1286,1695
1286,2643
1286,2682
1286,1421
1286,1595
1286,2565
1286,2518
1286,2635
1286,1471
1286,1847
1286,1547
1286,2614
1286,2570
1286,2473
1286,2415
1286,1541
1286,1534
1286,1423
1286,2108
1286,2284
1286,1579
1286,2364
1286,1869
1286,1287
1286,1865
1286,1574
1287,2564
1287,1619
1287,2701
1287,2615
1287,1908
1287,1704
1287,1337
1287,2612
1287,2373
1287,2533
1287,1854
1287,1849
1287,1579
1287,2143
1287,2122
1287,1526
1287,2614
1287,1547
1287,1518
1287,1292
1287,1555
1287,2473
1287,1488
1287,1296
1287,1484
1287,2052
1287,1470
1287,1575
1287,2642
1287,1868
1287,1771
1287,2380
1287,2623
1287,1745
1287,2613
1287,2360
1287,1875
1287,1487
1287,2513
1287,1590
1287,2408
1287,2318
1288,2319
1288,2317
1288,1542
1288,2537
1288,1912
1288,2570
1288,1505
1288,1438
1288,2622
1288,2402
1288,1291
1288,2371
1288,2315
1288,1867
1288,1860
1288,1840
1288,1290
1288,1580
1288,1289
1288,1716
1288,2531
1288,2143
1288,2083
1288,1526
1288,2573
1288,1557
1288,1546
1288,2389
1288,1516
1288,2363
1288,1878
1288,1496
1288,1294
1288,2533
1288,2532
1288,1465
1288,2332
1288,1570
1288,2314
1288,2590
1288,1298
1288,2684
1288,1551
1288,2095
1288,1599
1288,1574
1288,2312
1288,2086
1288,2377
1289,2340
1289,2317
1289,1849
1289,2510
1289,2620
1289,1876
1289,1848
1289,2647
1289,2479
1289,2095
1289,1501
1289,1689
1289,2388
1289,2314
1289,1863
1289,1851
1289,2572
1289,1715
1289,1527
1289,1292
1289,1296
1289,2384
1289,2619
1289,1858
1289,1864
1289,1476
1289,1870
1289,1579
1289,1453
1289,1291
1289,2533
1290,2317
1290,1873
1290,2186
1290,2108
1290,2613
1290,1849
1290,2620
1290,1532
1290,2533
1290,2369
1290,2095
1290,2373
1290,1862
1290,1842
1290,1505
1290,2315
1290,1867
1290,1863
1290,1529
1290,2368
1290,1542
1290,2318
1290,1515
1290,1297
1290,1581
1290,2155
1290,1578
1290,1907
1290,1293
1290,1298
1290,2614
1290,1815
1290,1423
1290,2560
1290,1590
1290,1843
1290,1522
1290,1858
1290,2534
1290,1586
1290,2314
1290,1538
1290,2476
1291,2314
1291,2240
1291,2318
1291,2245
1291,1709
1291,2364
1291,2095
1291,2119
1291,2620
1291,1844
1291,1568
1291,1858
1291,1853
1291,1528
1291,2196
1291,2390
1291,1875
1291,1496
1291,1593
1291,1512
1291,1598
1291,1504
1291,1500
1291,2379
1291,2376
1291,2473
1291,2380
1291,1557
1291,2591
1291,2413
1291,1814
1291,1523
1291,1570
1291,1579
1291,1559
1291,1878
1291,2622
1291,1413
1291,1854
1292,2340
1292,2240
1292,2102
1292,1714
1292,1668
1292,1545
1292,1522
1292,1848
1292,1859
1292,1879
1292,1840
1292,1876
1292,1682
1292,1294
1292,2089
1292,1552
1292,2499
1292,1529
1292,1526
1292,1863
1292,1572
1292,1565
1292,1530
1292,1298
1292,2047
1292,1562
1292,1503
1292,1891
1292,1893
1292,2010
1292,1493
1292,1537
1292,2507
1292,2695
1292,1580
1292,1514
1292,1878
1292,1569
1292,2442
1292,2360
1292,1875
1292,1293
1292,2509
1292,2649
1292,1700
1292,1506
1292,2388
1292,1599
1292,1559
1293,2102
1293,1873
1293,1471
1293,2312
1293,1869
1293,2095
1293,1814
1293,1686
1293,2109
1293,2388
1293,1871
1293,1856
1293,1541
1293,1867
1293,1863
1293,2381
1293,1875
1293,1857
1293,1595
1293,1868
1293,1577
1293,1519
1293,1512
1293,1877
1293,1295
1293,1486
1293,2472
1293,1482
1293,1687
1293,2657
1293,1427
1293,1505
1293,2107
1293,1446
1293,2072
1293,2373
1293,1591
1293,2638
1293,2532
1294,2396
1294,1855
1294,2370
1294,2312
1294,1849
1294,1704
1294,2383
1294,2316
1294,1682
1294,1872
1294,1871
1294,1471
1294,1859
1294,2378
1294,1840
1294,1518
1294,2395
1294,1296
1294,2624
1294,1449
1294,1841
1294,2617
1294,1591
1294,2076
1294,2336
1294,1560
1294,1857
1294,1501
1294,1695
1294,2083
1294,1477
1294,2620
1294,2509
1294,1879
1294,2405
1294,1874
1294,2124
1294,2111
1294,1298
1295,2319
1295,2513
1295,2701
1295,2396
1295,1868
1295,1704
1295,2533
1295,2472
1295,2098
1295,2087
1295,2447
1295,1865
1295,2372
1295,1693
1295,2381
1295,1565
1295,1564
1295,2623
1295,1556
1295,1509
1295,1298
1295,2614
1295,2394
1295,2471
1295,1501
1295,2568
1295,2327
1295,2360
1295,1571
1295,1840
1295,2405
1295,1532
1295,1869
1295,2689
1295,1719
1295,1534
1295,1299
1295,2395
1295,1781
1295,1587
1295,1878
1295,2525
1295,1850
1295,2370
1296,2317
1296,1855
1296,2635
1296,2513
1296,2701
1296,2313
1296,2620
1296,2533
1296,1848
1296,2471
1296,2374
1296,1961
1296,1864
1296,1879
1296,1877
1296,2475
1296,2316
1296,2122
1296,2081
1296,2100
1296,2312
1296,1536
1296,1508
1296,1406
1296,2386
1296,1587
1296,1860
1296,1531
1296,1298
1296,2395
1296,1415
1296,1458
1296,1500
1296,2479
1296,2671
1296,2045
1296,2509
1296,1451
1296,1567
1296,1585
1296,1431
1297,2564
1297,1898
1297,1540
1297,1845
1297,2376
1297,1814
1297,1750
1297,2119
1297,2107
1297,2372
1297,1874
1297,1864
1297,2533
1297,1854
1297,2387
1297,2700
1297,2688
1297,2106
1297,1592
1297,1502
1297,2390
1297,2360
1297,1584
1297,2385
1297,1512
1297,1511
1297,2117
1297,1506
1297,2082
1297,1500
1297,1570
1297,2509
1297,1481
1297,1550
1297,1456
1297,1518
1297,1809
1297,1421
1297,1574
1297,2110
1297,1431
1297,1461
1297,2381
1297,1298
1297,2392
1297,1567
1297,2477
1297,1565
1297,1485
1297,2389
1297,1516
1298,2102
1298,2418
1298,2350
1298,2108
1298,2370
1298,2312
1298,1505
1298,2369
1298,1852
1298,1871
1298,1854
1298,1844
1298,2365
1298,1851
1298,1549
1298,1840
1298,2317
1298,1541
1298,2123
1298,1599
1298,1502
1298,1596
1298,2615
1298,1548
1298,2104
1298,1565
1298,1518
1298,1848
1298,1557
1298,2638
1298,1554
1298,2573
1298,1445
1298,2120
1298,1516
1298,1590
1298,2473
1298,2470
1298,2373
1298,1583
1298,1481
1298,1513
1298,1508
1298,2381
1298,1570
1298,2364
1299,2408
1299,2396
1299,2340
1299,2701
1299,2313
1299,2475
1299,2322
1299,2110
1299,1559
1299,1522
1299,2314
1299,1441
1299,1579
1299,2101
1299,1502
1299,2390
1299,1595
1299,1589
1299,2651
1299,1584
1299,1562
1299,1556
1299,1555
1299,1514
1299,1554
1299,1507
1299,1548
1299,2083
1299,2509
1299,1550
1299,2473
1299,1503
1299,1591
1299,1882
1299,2616
1299,1871
1299,1483
1299,2329
1299,2620
1299,1864
1299,1873
1299,1499
1299,1865
1299,2373
1299,1500
1299,2051
1299,1857
1299,1588
1299,1460
1299,1558
1300,2707
1300,2397
1300,1386
1300,1357
1300,2200
1300,1816
1300,1883
1300,2480
1300,1332
1300,2011
1300,1326
1300,1811
1300,2173
1300,1397
1300,1392
1300,1391
1300,1390
1300,1378
1300,2145
1300,1369
1300,1654
1300,1363
1300,1325
1300,1396
1300,1302
1300,2134
1300,1360
1300,1313
1300,2252
1300,2673
1300,1346
1300,2703
1300,2029
1300,2170
1300,1336
1300,1387
1300,2163
1300,1362
1300,2053
1301,2356
1301,2286
1301,2253
1301,1888
1301,2603
1301,1822
1301,2157
1301,2019
1301,1387
1301,1368
1301,2000
1301,1909
1301,2032
1301,1810
1301,2464
1301,1397
1301,1394
1301,1392
1301,1363
1301,2208
1301,1335
1301,1331
1301,1329
1301,2580
1301,1804
1301,1319
1301,2187
1301,1314
1301,1302
1301,1343
1301,1828
1301,1312
1301,1369
1301,2074
1301,1341
1301,2214
1301,1313
1301,2174
1301,1398
1301,1304
1301,1351
1301,2548
1301,1328
1301,2221
1301,1929
1301,2015
1301,1336
1301,2718
1301,1360
1301,1374
1301,2025
1301,1346
1302,1818
1302,1341
1302,1393
1302,2149
1302,2200
1302,1646
1302,2285
1302,2404
1302,1810
1302,1801
1302,2650
1302,1389
1302,2261
1302,1388
1302,2354
1302,1377
1302,1356
1302,1350
1302,1828
1302,1343
1302,1335
1302,1329
1302,1811
1302,1326
1302,1752
1302,1364
1302,1317
1302,1308
1302,1306
1302,1328
1302,2589
1302,2031
1302,1837
1302,2254
1302,1381
1302,1633
1302,1804
1302,2183
1302,1338
1302,2607
1302,2488
1302,2585
1302,1344
1302,1375
1302,2174
1302,1395
1302,1644
1302,2018
1302,1339
1302,2397
1302,1621
1302,1361
1302,1304
1302,2136
1302,1360
1303,2256
1303,2136
1303,1386
1303,1366
1303,2292
1303,2088
1303,1384
1303,1321
1303,2273
1303,1357
1303,1368
1303,1333
1303,2483
1303,1895
1303,1839
1303,1324
1303,1809
1303,2271
1303,1398
1303,1391
1303,1389
1303,1379
1303,2540
1303,1376
1303,1370
1303,1369
1303,1359
1303,1631
1303,1340
1303,1375
1303,1813
1303,1328
1303,1811
1303,1326
1303,1325
1303,1364
1303,1317
1303,1315
1303,1309
1303,1304
1303,1305
1303,2029
1303,1835
1303,2602
1303,2607
1303,1805
1303,1382
1303,1395
1303,1653
1303,2235
1303,2422
1303,1355
1303,1361
1303,1314
1303,1837
1303,2301
1304,2397
1304,2490
1304,1386
1304,1366
1304,2544
1304,2124
1304,1469
1304,2611
1304,2358
1304,2020
1304,2033
1304,2263
1304,2398
1304,2006
1304,1909
1304,1808
1304,1361
1304,1344
1304,2603
1304,2021
1304,1342
1304,1379
1304,1332
1304,1325
1304,1809
1304,1364
1304,1317
1304,1362
1304,1315
1304,1352
1304,1305
1304,1629
1304,1823
1304,2007
1304,2589
1304,1828
1304,1336
1304,1334
1304,1346
1304,1804
1304,1830
1304,2703
1304,1345
1304,1495
1304,2679
1304,1806
1304,1340
1304,1395
1304,1313
1304,1359
1304,2440
1304,1387
1304,1678
1304,1803
1304,2579
1304,2705
1304,1347
1304,1801
1305,2606
1305,2285
1305,1665
1305,2547
1305,2136
1305,1802
1305,1366
1305,2495
1305,1660
1305,1321
1305,1324
1305,2546
1305,2595
1305,1514
1305,1811
1305,2168
1305,1392
1305,2254
1305,1381
1305,2032
1305,1353
1305,1352
1305,1394
1305,2026
1305,1347
1305,2019
1305,1340
1305,1338
1305,1818
1305,2206
1305,1329
1305,1309
1305,1350
1305,1820
1305,1335
1305,1476
1305,1371
1305,1918
1305,1824
1305,1341
1305,2214
1305,2167
1305,2165
1305,1328
1305,1365
1305,1907
1306,2178
1306,2464
1306,2361
1306,2276
1306,2202
1306,2611
1306,1816
1306,2039
1306,1904
1306,1392
1306,1380
1306,2036
1306,1378
1306,1376
1306,2442
1306,1375
1306,1363
1306,2194
1306,2679
1306,2000
1306,1342
1306,1335
1306,1332
1306,2035
1306,1351
1306,1836
1306,2030
1306,2004
1306,1325
1306,1310
1306,1881
1306,1824
1306,1319
1306,1366
1306,1307
1306,1320
1306,2589
1306,1830
1306,2599
1306,1823
1306,1352
1306,2015
1306,1336
1306,1383
1306,2535
1306,1371
1306,2674
1306,1327
1306,1818
1306,1333
1307,1341
1307,1321
1307,2575
1307,2563
1307,1816
1307,1854
1307,2016
1307,1905
1307,1594
1307,1885
1307,1354
1307,1839
1307,1809
1307,1398
1307,1375
1307,1342
1307,2021
1307,1363
1307,1361
1307,2611
1307,1350
1307,1343
1307,1381
1307,1819
1307,1334
1307,2009
1307,1317
1307,2597
1307,1336
1307,1918
1307,1335
1307,1382
1307,2220
1307,1771
1307,2276
1307,1640
1307,1318
1307,2253
1307,2544
1307,1380
1307,1359
1307,1801
1307,1378
1307,1613
1307,2683
1307,1810
1307,1310
1307,1362
1307,2161
1308,2551
1308,2286
1308,2042
1308,1888
1308,2253
1308,2544
1308,2088
1308,1910
1308,1718
1308,1802
1308,2675
1308,2546
1308,1386
1308,1677
1308,1821
1308,1889
1308,2262
1308,2018
1308,1392
1308,1391
1308,1388
1308,1376
1308,1370
1308,2145
1308,1369
1308,1365
1308,1353
1308,1374
1308,1327
1308,2193
1308,1902
1308,1320
1308,1342
1308,1820
1308,1335
1308,1343
1308,2184
1308,1351
1308,1314
1308,2254
1308,2683
1308,1325
1308,1372
1308,1354
1308,2229
1308,1653
1308,1944
1308,1906
1308,1324
1308,1371
1308,2175
1308,1399
1308,1315
1308,2349
1308,2205
1308,1332
1308,1373
1309,1906
1309,2535
1309,2259
1309,2269
1309,1387
1309,1341
1309,1632
1309,1816
1309,1333
1309,2631
1309,2146
1309,2390
1309,2001
1309,2179
1309,2082
1309,1332
1309,2011
1309,1388
1309,2253
1309,1380
1309,1378
1309,2540
1309,1376
1309,1375
1309,2032
1309,1374
1309,1360
1309,1359
1309,1358
1309,1339
1309,1629
1309,1338
1309,1326
1309,2194
1309,1897
1309,1315
1309,2596
1309,1820
1309,1335
1309,2228
1309,2255
1309,1382
1309,1367
1309,1884
1309,2589
1309,1933
1309,1342
1309,1350
1309,1346
1309,1317
1309,1810
1309,1390
1309,2705
1309,1347
1309,2579
1310,2707
1310,2547
1310,2464
1310,1652
1310,1366
1310,2680
1310,1721
1310,2601
1310,2008
1310,2305
1310,2676
1310,2487
1310,2611
1310,2029
1310,2021
1310,1354
1310,1839
1310,1389
1310,1670
1310,1379
1310,2026
1310,1347
1310,1326
1310,1811
1310,1344
1310,2578
1310,1317
1310,1881
1310,2018
1310,1824
1310,1398
1310,2030
1310,1351
1310,1826
1310,1888
1310,2011
1310,1823
1310,1365
1310,2037
1310,1358
1310,2022
1310,1828
1310,1782
1310,1884
1310,1837
1310,2540
1310,1801
1310,2261
1310,1395
1311,2285
1311,2185
1311,1822
1311,1608
1311,2634
1311,2575
1311,1718
1311,2576
1311,2676
1311,1356
1311,1344
1311,1338
1311,1328
1311,1333
1311,1382
1311,1322
1311,1782
1311,1315
1311,2584
1311,1678
1311,2009
1311,1361
1311,1314
1311,2465
1311,1363
1311,1393
1311,2192
1311,2229
1311,1388
1312,1906
1312,1894
1312,2253
1312,2136
1312,2650
1312,2259
1312,2705
1312,1832
1312,1384
1312,2680
1312,1940
1312,2634
1312,2629
1312,1387
1312,1821
1312,2652
1312,1834
1312,1919
1312,1885
1312,1398
1312,1381
1312,2239
1312,1328
1312,1327
1312,1359
1312,1344
1312,2603
1312,1823
1312,1429
1312,1801
1312,1331
1312,1824
1312,2600
1312,1325
1312,1372
1312,1395
1312,1811
1312,2187
1312,2535
1312,2632
1312,1614
1312,1392
1312,1815
1312,1345
1312,1800
1312,1341
1312,2214
1313,2267
1313,1384
1313,2291
1313,1321
1313,1393
1313,2634
1313,2178
1313,2275
1313,1653
1313,2034
1313,2011
1313,2175
1313,1399
1313,1397
1313,1364
1313,1338
1313,1326
1313,2180
1313,1335
1313,1382
1313,1372
1313,1349
1313,2183
1313,1904
1313,1807
1313,2583
1313,1322
1313,2403
1313,2209
1313,1336
1313,1314
1313,2187
1313,1347
1313,2584
1313,1361
1313,2254
1313,1637
1313,2674
1313,1316
1313,1634
1313,1809
1313,1633
1313,1829
1313,1348
1313,1319
1313,2204
1314,1946
1314,2547
1314,2286
1314,2088
1314,2694
1314,2275
1314,1803
1314,1818
1314,1333
1314,1341
1314,1729
1314,1397
1314,2173
1314,1882
1314,2029
1314,1834
1314,2028
1314,1370
1314,1361
1314,1648
1314,2230
1314,2605
1314,1344
1314,1343
1314,1332
1314,2000
1314,1320
1314,1319
1314,2190
1314,1317
1314,1352
1314,2285
1314,2280
1314,1886
1314,2680
1314,1322
1314,1374
1314,1621
1314,1394
1314,1833
1314,1359
1315,1906
1315,1818
1315,1888
1315,1386
1315,1832
1315,1768
1315,2595
1315,2392
1315,2694
1315,2015
1315,2263
1315,1609
1315,1803
1315,2482
1315,1399
1315,1397
1315,1392
1315,1377
1315,1370
1315,1367
1315,1364
1315,1323
1315,1902
1315,1320
1315,2192
1315,1319
1315,2215
1315,2235
1315,1362
1315,2718
1315,1360
1315,1830
1315,1359
1315,2540
1315,1346
1315,2189
1315,1316
1315,2188
1315,1833
1315,2600
1315,2163
1315,1335
1315,1617
1315,1341
1315,1826
1315,2182
1315,1389
1315,1777
1315,1395
1315,1350
1315,1788
1315,1381
1315,2254
1316,2286
1316,2626
1316,1677
1316,1906
1316,1324
1316,2145
1316,2694
1316,1387
1316,2718
1316,1544
1316,2027
1316,1919
1316,1807
1316,1396
1316,1390
1316,2155
1316,1379
1316,1363
1316,2603
1316,1342
1316,1903
1316,2018
1316,1339
1316,1338
1316,2584
1316,1323
1316,1802
1316,2481
1316,2578
1316,1317
1316,2020
1316,1826
1316,2214
1316,2200
1316,1909
1316,2006
1316,1327
1316,2549
1316,1664
1316,2228
1316,1880
1316,1395
1316,1771
1316,1362
1316,1347
1316,2165
1316,1507
1316,1381
1316,1398
1316,1828
1316,1345
1317,1733
1317,1321
1317,2007
1317,1393
1317,2311
1317,2270
1317,1324
1317,2003
1317,1357
1317,2046
1317,1387
1317,2103
1317,1588
1317,2016
1317,1333
1317,2010
1317,2261
1317,1911
1317,2018
1317,1839
1317,2490
1317,2005
1317,2296
1317,1811
1317,1810
1317,1380
1317,1379
1317,2039
1317,1360
1317,1838
1317,1353
1317,1344
1317,1323
1317,1320
1317,2426
1317,1363
1317,1386
1317,2162
1317,1369
1317,2215
1317,1835
1317,1350
1317,1820
1317,1358
1317,2439
1317,1793
1317,1361
1317,1356
1317,1918
1317,1395
1317,2183
1317,2609
1317,1318
1318,1818
1318,2286
1318,1386
1318,2605
1318,2014
1318,1330
1318,2001
1318,2039
1318,2032
1318,2002
1318,1391
1318,1388
1318,2634
1318,1365
1318,1362
1318,1399
1318,1352
1318,1342
1318,1328
1318,1358
1318,1828
1318,2426
1318,2547
1318,1372
1318,1881
1318,2272
1318,1635
1318,1380
1318,1350
1318,1829
1318,2200
1319,2705
1319,1898
1319,1802
1319,2175
1319,2546
1319,2683
1319,1387
1319,2025
1319,2017
1319,2015
1319,2032
1319,2262
1319,2130
1319,1839
1319,1392
1319,1388
1319,1377
1319,1375
1319,1834
1319,1364
1319,1359
1319,1358
1319,1352
1319,1342
1319,1809
1319,1397
1319,1882
1319,2540
1319,2217
1319,1329
1319,2263
1319,2457
1319,2180
1319,2629
1319,1383
1319,1361
1320,1622
1320,1366
1320,1822
1320,2003
1320,2009
1320,1903
1320,2029
1320,2002
1320,2286
1320,1801
1320,1389
1320,1377
1320,1370
1320,1356
1320,1381
1320,1334
1320,1326
1320,1332
1320,1927
1320,1345
1320,1830
1320,1347
1320,1393
1320,1346
1320,2214
1320,2540
1320,2170
1320,2021
1320,2215
1320,1604
1320,2280
1320,1355
1320,1387
1320,1397
1320,1335
1320,1820
1320,1396
1320,1354
1320,2683
1320,1325
1320,2610
1321,2024
1321,2253
1321,2136
1321,2580
1321,1822
1321,2017
1321,1443
1321,2003
1321,1396
1321,1394
1321,1369
1321,2673
1321,1353
1321,1325
1321,2516
1321,1352
1321,1837
1321,1828
1321,1821
1321,1820
1321,1909
1321,1812
1321,2280
1321,1386
1321,1350
1321,2611
1321,1399
1321,2540
1321,1355
1321,1603
1321,1947
1322,2547
1322,2286
1322,2683
1322,2605
1322,2275
1322,2599
1322,2203
1322,1816
1322,2005
1322,1387
1322,2253
1322,1380
1322,1356
1322,1381
1322,1334
1322,1328
1322,1350
1322,1835
1322,2029
1322,1392
1322,2168
1322,2463
1322,1382
1322,2228
1322,1395
1322,2202
1322,1329
1322,1386
1322,1774
1322,2036
1322,2579
1322,1345
1322,2136
1322,1360
1322,2289
1322,1385
1322,2549
1322,1397
1322,1808
1323,2468
1323,1386
1323,1366
1323,1623
1323,1661
1323,2694
1323,1646
1323,2036
1323,2651
1323,2263
1323,1890
1323,2488
1323,2163
1323,1396
1323,1394
1323,1325
1323,1810
1323,1385
1323,1379
1323,1389
1323,2262
1323,1369
1323,1361
1323,1820
1323,1335
1323,2013
1323,1334
1323,1376
1323,1329
1323,1327
1323,1343
1323,1813
1323,2679
1323,1806
1323,1393
1323,2169
1323,2440
1323,2265
1323,2600
1323,1364
1323,1344
1323,2603
1323,1342
1323,1897
1323,2676
1323,2579
1323,1639
1323,1380
1324,2468
1324,1624
1324,1888
1324,2088
1324,1739
1324,2120
1324,2001
1324,2036
1324,2487
1324,1882
1324,1819
1324,2603
1324,2021
1324,1380
1324,1370
1324,1364
1324,1350
1324,1331
1324,1887
1324,2589
1324,1838
1324,1815
1324,1327
1324,1812
1324,2679
1324,1806
1324,2634
1324,1355
1324,2601
1324,1340
1324,1825
1324,2678
1324,1805
1324,2425
1324,2008
1325,2285
1325,1938
1325,1386
1325,1366
1325,1609
1325,2683
1325,2605
1325,1341
1325,2020
1325,1333
1325,1903
1325,1891
1325,2707
1325,1834
1325,2483
1325,1817
1325,1914
1325,1390
1325,1389
1325,2544
1325,1380
1325,1376
1325,1362
1325,1360
1325,1352
1325,1339
1325,1334
1325,1328
1325,2344
1325,1374
1325,1909
1325,2588
1325,1812
1325,1327
1325,1342
1325,2611
1325,1350
1325,1383
1325,1354
1325,2024
1325,2463
1325,1604
1325,1395
1325,1660
1325,1370
1325,2487
1325,1353
1325,1340
1325,1811
1326,2286
1326,2650
1326,2124
1326,2634
1326,1357
1326,2200
1326,1368
1326,2437
1326,1333
1326,2009
1326,1889
1326,1518
1326,2488
1326,1388
1326,1386
1326,1378
1326,2237
1326,1364
1326,1353
1326,1338
1326,1329
1326,1328
1326,1359
1326,2205
1326,1810
1326,1340
1326,2703
1326,1837
1326,2188
1326,1383
1326,2217
1326,2466
1326,2319
1326,1349
1326,1395
1326,1895
1326,1351
1326,2005
1326,1394
1326,1347
1327,2253
1327,1386
1327,1660
1327,2629
1327,2611
1327,1357
1327,2718
1327,2090
1327,1803
1327,2676
1327,1392
1327,1389
1327,1809
1327,1377
1327,1375
1327,1365
1327,1361
1327,1881
1327,1390
1327,1343
1327,1813
1327,1642
1327,1351
1327,1349
1327,1341
1327,2602
1327,2183
1327,2180
1327,1792
1327,2291
1327,1806
1327,2032
1327,1832
1327,2220
1327,2681
1327,1338
1327,1359
1327,1348
1327,2013
1327,1334
1327,2213
1327,1331
1328,2438
1328,2397
1328,1938
1328,1656
1328,1888
1328,1386
1328,1341
1328,2634
1328,1357
1328,2576
1328,1816
1328,2137
1328,2650
1328,2262
1328,2018
1328,1808
1328,1801
1328,1397
1328,1391
1328,1381
1328,1350
1328,1342
1328,2014
1328,1335
1328,1334
1328,1399
1328,1884
1328,1837
1328,1638
1328,1332
1328,1802
1328,2481
1328,1345
1328,1382
1328,2704
1328,1804
1328,2192
1328,2124
1328,1395
1328,1960
1328,1669
1328,2442
1328,2544
1328,1818
1328,2497
1328,1329
1328,1611
1328,2628
1328,2257
1328,2548
1328,1810
1328,1353
1329,1906
1329,2547
1329,1913
1329,1386
1329,2606
1329,1636
1329,1393
1329,2605
1329,1829
1329,1895
1329,1810
1329,1801
1329,2270
1329,1397
1329,1392
1329,2257
1329,1347
1329,1334
1329,1825
1329,1815
1329,1813
1329,1395
1329,1374
1329,1630
1329,1824
1329,2136
1329,2427
1329,1389
1329,2235
1329,1835
1329,2696
1329,2211
1329,1378
1329,1613
1329,1644
1329,2355
1329,2161
1329,1811
1329,1371
1329,2264
1329,2631
1329,1370
1329,2485
1329,1837
1329,2155
1329,1667
1329,1646
1329,2610
1330,2347
1330,1366
1330,2338
1330,2575
1330,2126
1330,2681
1330,2019
1330,2014
1330,2563
1330,2034
1330,2560
1330,2464
1330,1509
1330,2016
1330,1880
1330,2033
1330,2004
1330,1376
1330,1365
1330,1352
1330,2262
1330,1900
1331,2705
1331,1366
1331,2276
1331,2202
1331,1341
1331,2157
1331,1817
1331,1387
1331,2136
1331,2718
1331,1368
1331,1333
1331,2683
1331,1907
1331,2018
1331,2490
1331,1811
1331,1397
1331,1391
1331,1389
1331,1385
1331,1376
1331,1367
1331,1362
1331,1358
1331,1353
1331,2225
1331,1352
1331,1641
1331,2611
1331,1835
1331,1350
1331,1380
1331,1340
1331,2183
1331,2280
1331,2703
1331,1335
1331,1382
1331,1834
1331,1349
1331,1815
1331,2238
1331,1941
1331,1379
1331,1614
1331,1378
1331,1363
1331,1833
1331,2162
1331,2603
1331,1633
1331,1343
1331,1813
1331,2704
1332,2505
1332,2342
1332,1803
1332,1818
1332,2109
1332,1897
1332,2566
1332,1390
1332,1377
1332,1370
1332,1369
1332,1349
1332,1834
1332,1364
1332,1903
1332,2600
1332,1339
1332,1338
1332,2036
1332,2133
1332,1804
1332,2606
1332,1345
1332,1899
1332,1382
1332,1336
1332,1398
1332,2589
1332,2253
1332,1361
1332,1831
1332,1396
1332,1379
1332,1882
1333,2267
1333,2178
1333,1818
1333,2088
1333,1384
1333,2687
1333,2008
1333,2036
1333,2263
1333,1801
1333,1397
1333,1375
1333,1369
1333,1367
1333,2136
1333,1360
1333,1839
1333,1354
1333,1343
1333,1340
1333,1339
1333,1917
1333,1335
1333,1334
1333,1810
1333,1802
1333,1345
1333,2070
1333,1353
1333,1373
1333,1355
1333,1336
1333,2430
1333,2169
1333,2162
1333,1395
1333,2602
1333,2235
1333,1673
1333,1344
1333,1635
1333,2707
1333,1931
1334,2421
1334,2088
1334,2580
1334,1901
1334,1832
1334,1822
1334,1393
1334,2526
1334,1816
1334,2128
1334,2023
1334,1808
1334,1897
1334,1833
1334,1378
1334,1630
1334,1339
1334,1342
1334,1825
1334,1815
1334,1341
1334,2214
1334,1382
1334,2597
1334,2209
1334,1336
1334,1388
1334,2704
1334,2200
1334,2230
1334,1954
1334,1677
1334,1968
1334,2195
1334,1789
1334,1356
1334,2395
1334,1351
1335,2397
1335,2088
1335,1660
1335,1341
1335,1608
1335,2003
1335,2434
1335,1368
1335,2008
1335,1818
1335,2676
1335,2006
1335,1885
1335,1801
1335,1394
1335,1388
1335,1378
1335,2347
1335,1377
1335,1376
1335,1365
1335,1343
1335,1881
1335,2489
1335,1339
1335,1385
1335,2535
1335,1371
1335,1350
1335,2187
1335,1799
1335,2021
1335,1633
1335,2545
1335,1837
1335,1390
1335,2166
1335,2599
1335,1823
1335,2199
1335,1635
1335,1642
1335,1395
1335,1358
1335,2704
1335,2234
1335,1353
1335,2024
1335,1772
1335,1913
1335,1340
1336,2535
1336,2423
1336,2286
1336,1341
1336,1653
1336,2263
1336,2262
1336,1810
1336,1394
1336,1364
1336,1360
1336,1352
1336,2426
1336,1359
1336,2252
1336,2023
1336,1343
1336,1886
1336,1373
1336,1355
1336,1889
1336,2180
1336,2025
1336,2607
1336,2191
1336,1958
1336,1383
1336,1374
1336,1611
1336,2254
1336,2603
1336,2021
1336,1817
1336,1809
1336,1603
1336,1821
1336,1918
1336,1349
1336,1678
1337,2574
1337,2564
1337,1748
1337,1619
1337,2644
1337,2336
1337,2284
1337,1580
1337,1579
1337,1858
1337,2593
1337,2108
1337,2134
1337,2125
1337,2105
1337,1501
1337,2083
1337,1536
1337,2595
1337,1528
1337,2569
1337,1502
1337,1505
1337,2087
1337,2572
1337,2390
1337,1595
1337,1591
1337,1588
1337,1584
1337,1565
1337,1561
1337,1849
1337,1558
1337,1556
1337,1846
1337,1555
1337,1553
1337,1551
1337,1550
1337,1544
1337,1538
1337,1534
1337,2113
1337,1531
1337,1525
1337,1520
1337,1515
1337,2570
1337,1503
1337,2615
1337,1548
1337,2614
1337,2509
1337,2095
1337,1592
1337,2368
1337,2675
1337,1529
1337,2588
1337,1419
1337,2567
1337,2539
1337,2636
1337,1573
1337,2058
1337,2437
1338,2285
1338,1818
1338,1802
1338,1386
1338,2273
1338,2177
1338,2543
1338,2257
1338,2194
1338,1821
1338,1816
1338,1750
1338,1908
1338,1811
1338,1364
1338,2579
1338,2426
1338,2183
1338,1355
1338,1370
1338,2169
1338,2025
1338,1346
1338,1366
1338,2239
1338,2165
1338,2634
1338,1373
1338,2480
1338,1360
1338,1830
1338,1358
1338,1817
1338,1356
1338,1826
1338,2031
1338,1352
1338,2275
1338,1887
1338,2153
1338,1377
1338,2588
1339,2088
1339,1660
1339,2680
1339,2177
1339,1393
1339,2634
1339,1888
1339,2276
1339,2179
1339,1829
1339,1834
1339,2005
1339,1394
1339,1385
1339,1375
1339,1366
1339,2336
1339,1360
1339,1352
1339,1390
1339,1343
1339,1347
1339,2032
1339,1353
1339,1823
1339,1378
1339,1371
1339,1387
1339,1399
1339,1377
1339,1397
1339,1392
1339,1359
1339,1919
1339,1833
1339,2356
1339,2162
1339,2673
1339,1623
1339,1356
1339,1342
1339,2046
1339,1367
1340,2397
1340,2464
1340,2286
1340,1802
1340,2202
1340,1393
1340,2634
1340,2629
1340,2611
1340,2441
1340,2145
1340,1821
1340,2459
1340,1602
1340,2098
1340,2001
1340,2487
1340,2650
1340,2262
1340,1387
1340,1810
1340,1809
1340,1366
1340,1363
1340,1361
1340,2011
1340,1353
1340,2705
1340,1832
1340,2220
1340,1347
1340,1343
1340,2200
1340,1812
1340,2201
1340,2172
1340,2075
1340,1834
1340,2610
1340,1349
1340,1341
1340,2602
1340,2183
1340,1398
1340,2465
1340,1345
1340,2191
1340,1818
1340,1549
1340,2005
1340,2164
1340,1371
1340,2421
1340,2033
1340,1354
1341,2356
1341,1386
1341,2009
1341,2599
1341,2464
1341,2658
1341,1839
1341,1379
1341,1378
1341,1377
1341,1375
1341,2150
1341,1374
1341,1367
1341,1365
1341,1356
1341,1832
1341,2026
1341,1347
1341,1909
1341,1833
1341,1826
1341,1346
1341,2201
1341,1816
1341,1384
1341,1368
1341,2540
1341,2189
1341,1373
1341,1355
1341,1834
1341,2028
1341,1349
1341,2136
1341,2427
1341,1395
1341,1769
1341,1387
1341,1678
1341,1921
1342,2024
1342,1938
1342,1366
1342,1469
1342,1393
1342,2190
1342,1817
1342,1368
1342,2459
1342,2039
1342,2165
1342,1389
1342,1385
1342,1362
1342,1359
1342,1352
1342,1347
1342,1391
1342,1344
1342,1343
1342,2589
1342,1806
1342,1373
1342,1395
1342,1370
1342,1365
1342,1824
1342,1833
1342,1646
1342,1355
1342,2145
1342,1901
1342,2032
1343,2547
1343,1752
1343,1609
1343,2634
1343,2282
1343,2203
1343,2036
1343,1882
1343,1811
1343,1810
1343,2286
1343,1801
1343,1394
1343,2168
1343,1392
1343,2540
1343,1376
1343,1367
1343,1359
1343,1353
1343,1344
1343,2580
1343,2192
1343,1804
1343,1355
1343,1937
1343,1350
1343,1604
1343,2142
1343,2541
1343,2233
1343,1360
1343,2703
1343,1830
1343,2138
1343,1909
1343,2466
1343,1399
1344,2193
1344,2705
1344,2286
1344,1655
1344,1357
1344,2576
1344,1952
1344,1917
1344,2029
1344,1382
1344,1808
1344,1360
1344,1356
1344,1823
1344,1392
1344,1345
1344,2540
1344,1806
1344,1383
1344,1355
1344,2632
1344,1361
1344,2583
1344,1639
1344,1615
1344,1610
1344,1660
1344,1396
1344,2125
1344,1349
1344,2543
1344,1379
1344,1372
1344,2434
1345,2397
1345,1942
1345,1888
1345,1908
1345,2627
1345,2611
1345,2052
1345,1816
1345,1818
1345,1388
1345,1378
1345,1881
1345,1838
1345,1353
1345,1823
1345,1820
1345,1812
1345,1897
1345,1800
1345,2277
1345,2180
1345,1382
1345,1810
1345,1658
1345,2191
1345,1918
1345,1824
1345,1777
1345,1887
1345,1375
1345,1369
1345,2486
1345,1926
1345,2217
1345,2096
1345,2632
1345,1905
1345,1808
1345,1385
1345,2177
1345,2185
1346,1656
1346,2547
1346,2456
1346,2088
1346,1626
1346,1384
1346,1821
1346,2647
1346,2388
1346,2142
1346,2199
1346,1811
1346,1895
1346,1801
1346,1381
1346,2540
1346,1376
1346,1359
1346,1350
1346,1812
1346,2191
1346,1360
1346,2206
1346,2215
1346,2192
1346,2032
1346,2173
1346,1370
1346,1899
1346,2120
1346,1635
1346,2183
1346,2230
1346,1390
1346,2177
1347,2705
1347,1802
1347,1386
1347,1469
1347,1393
1347,2634
1347,2694
1347,2683
1347,2419
1347,1803
1347,1816
1347,1807
1347,1396
1347,1392
1347,1391
1347,1390
1347,1381
1347,1375
1347,1361
1347,1359
1347,1354
1347,2000
1347,1806
1347,2189
1347,2216
1347,2228
1347,1637
1347,2353
1347,1370
1347,1605
1347,1902
1347,2605
1347,2702
1347,1621
1347,2282
1347,2549
1347,1838
1347,1820
1348,1818
1348,1894
1348,2088
1348,1752
1348,2356
1348,2550
1348,2654
1348,2605
1348,2296
1348,2208
1348,2011
1348,1399
1348,1394
1348,1812
1348,1909
1348,1392
1348,1381
1348,2189
1348,1801
1348,1378
1348,1370
1348,2172
1348,1881
1348,1833
1348,1813
1348,1821
1348,1371
1348,2650
1348,1389
1348,1809
1348,1950
1348,2184
1348,2607
1348,1373
1348,1362
1348,2136
1348,1360
1348,1604
1348,1351
1348,1367
1349,1818
1349,1624
1349,2160
1349,1761
1349,2683
1349,2178
1349,2275
1349,2652
1349,2018
1349,2650
1349,2262
1349,1389
1349,2145
1349,1369
1349,1363
1349,1360
1349,2611
1349,1350
1349,1816
1349,1611
1349,1805
1349,1639
1349,2235
1349,2274
1349,1637
1349,1839
1349,1603
1349,2267
1349,1394
1349,1644
1349,1358
1349,1658
1349,1376
1350,2547
1350,2286
1350,2088
1350,1660
1350,1393
1350,2035
1350,1391
1350,1390
1350,1381
1350,1375
1350,1952
1350,1370
1350,1360
1350,2226
1350,1353
1350,1837
1350,1359
1350,2205
1350,1355
1350,2187
1350,1395
1350,2173
1350,2220
1350,1633
1350,1629
1350,1836
1350,1377
1350,2541
1350,2594
1350,1622
1350,2398
1350,1362
1350,2683
1350,1907
1350,1368
1350,1824
1351,2596
1351,2193
1351,2544
1351,1379
1351,2543
1351,1883
1351,2021
1351,2027
1351,1839
1351,1389
1351,1801
1351,1378
1351,2703
1351,2634
1351,2028
1351,1393
1351,2169
1351,2705
1351,2414
1351,1638
1351,1395
1351,1386
1351,2605
1351,1383
1351,2001
1351,2579
1351,1881
1352,2256
1352,2255
1352,1393
1352,2634
1352,2359
1352,1387
1352,2200
1352,2652
1352,2088
1352,1506
1352,2608
1352,2026
1352,1838
1352,2032
1352,1396
1352,1360
1352,2230
1352,1627
1352,2599
1352,1377
1352,2674
1352,2177
1352,1883
1352,1397
1352,1820
1352,2563
1352,1399
1352,2194
1352,1376
1352,2457
1352,1378
1352,1816
1352,1833
1353,2705
1353,2253
1353,2544
1353,2088
1353,2177
1353,2175
1353,2299
1353,2270
1353,2200
1353,1602
1353,1818
1353,2035
1353,1887
1353,2032
1353,1811
1353,1391
1353,1389
1353,2627
1353,2021
1353,1833
1353,2540
1353,1369
1353,2168
1353,1383
1353,1355
1353,1810
1353,1816
1353,1823
1353,2285
1353,1390
1353,1634
1353,1801
1353,1396
1353,2430
1353,1371
1353,1889
1354,2286
1354,1387
1354,2035
1354,2483
1354,1909
1354,1897
1354,1885
1354,2603
1354,2021
1354,1614
1354,2002
1354,1808
1354,1396
1354,1377
1354,2151
1354,1375
1354,1370
1354,1369
1354,2141
1354,1365
1354,1836
1354,2718
1354,1360
1354,1830
1354,1806
1354,2191
1354,1394
1354,2683
1354,1810
1354,1367
1354,1931
1354,1793
1354,1392
1354,1824
1354,1378
1354,1388
1354,1366
1355,2397
1355,2285
1355,2267
1355,2224
1355,2519
1355,1888
1355,1816
1355,1891
1355,2263
1355,1819
1355,2262
1355,1811
1355,1808
1355,2175
1355,1399
1355,1392
1355,1362
1355,2205
1355,1388
1355,2600
1355,1678
1355,1669
1355,1638
1355,1812
1355,2607
1355,2017
1355,2582
1355,1806
1355,1821
1355,1649
1355,1365
1356,1905
1356,1397
1356,1378
1356,2035
1356,1377
1356,1370
1356,2679
1356,2527
1356,1363
1356,1382
1356,1826
1356,1809
1356,2426
1356,2420
1356,1931
1356,2678
1356,2483
1356,1540
1356,1637
1356,1385
1356,2650
1356,2262
1356,1810
1356,2039
1356,1802
1357,2705
1357,1366
1357,2421
1357,2177
1357,1393
1357,2311
1357,1523
1357,2681
1357,2674
1357,2036
1357,2022
1357,1387
1357,1378
1357,1375
1357,1365
1357,1362
1357,2694
1357,2257
1357,1389
1357,2262
1357,2676
1357,1900
1357,1803
1357,2191
1357,2029
1357,1958
1357,1968
1357,1377
1357,1397
1357,2275
1358,1818
1358,2705
1358,2253
1358,1386
1358,1366
1358,2603
1358,2255
1358,2198
1358,1817
1358,2034
1358,2015
1358,2261
1358,1811
1358,1396
1358,1392
1358,2456
1358,1389
1358,1370
1358,1361
1358,1830
1358,2280
1358,2634
1358,1373
1358,1372
1358,1371
1358,2191
1358,2582
1358,1612
1358,1667
1358,1378
1358,1364
1358,2702
1358,1637
1358,1365
1358,2397
1358,1362
1358,2371
1359,2397
1359,2253
1359,1803
1359,2010
1359,1903
1359,1919
1359,1895
1359,1883
1359,1801
1359,1392
1359,1370
1359,1839
1359,1369
1359,1381
1359,2021
1359,1837
1359,1833
1359,2206
1359,2032
1359,2705
1359,2220
1359,1909
1359,1891
1359,1388
1359,1888
1359,1394
1359,1390
1359,2121
1360,2634
1360,2675
1360,1802
1360,2037
1360,2596
1360,2032
1360,1367
1360,1366
1360,1836
1360,1805
1360,2075
1360,1633
1360,1636
1360,1822
1360,2002
1360,1813
1360,2464
1360,2276
1360,1806
1360,2466
1360,1385
1360,1362
1360,2202
1360,2014
1361,2408
1361,2024
1361,2547
1361,1386
1361,1366
1361,1752
1361,1393
1361,2611
1361,2015
1361,2013
1361,1904
1361,1902
1361,1907
1361,1810
1361,1394
1361,2652
1361,1391
1361,1377
1361,2429
1361,1362
1361,1373
1361,2610
1361,1379
1361,1670
1361,1395
1361,1621
1361,2705
1361,2220
1361,2002
1361,1376
1361,1828
1361,2285
1361,1800
1361,2276
1361,1985
1362,1802
1362,2255
1362,1632
1362,2550
1362,1368
1362,2037
1362,1903
1362,2262
1362,1381
1362,1375
1362,1380
1362,2031
1362,1373
1362,2032
1362,2220
1362,1942
1362,2016
1362,2681
1362,1959
1362,2683
1362,2009
1362,1394
1362,2658
1362,1365
1363,1822
1363,1677
1363,2443
1363,1917
1363,2262
1363,1809
1363,2652
1363,1391
1363,1379
1363,2017
1363,2589
1363,1611
1363,2683
1363,1810
1363,2280
1363,1643
1363,2464
1363,2033
1363,2130
1363,2269
1363,1816
1363,2009
1363,1908
1363,1811
1363,1385
1363,2705
1363,1635
1363,1646
1364,2178
1364,1818
1364,1659
1364,2286
1364,1386
1364,2618
1364,1393
1364,2270
1364,2658
1364,1796
1364,1632
1364,1387
1364,1834
1364,2588
1364,2262
1364,1391
1364,1376
1364,1375
1364,2611
1364,2029
1364,2188
1364,1811
1364,2261
1364,1388
1364,2704
1364,1382
1364,2228
1364,2508
1364,2226
1364,2001
1364,1613
1364,1940
1364,1625
1364,1383
1364,1396
1364,2580
1364,1365
1364,1385
1364,1398
1365,1818
1365,1802
1365,1384
1365,2139
1365,1393
1365,2601
1365,1387
1365,1816
1365,1597
1365,1641
1365,2514
1365,1893
1365,1889
1365,2262
1365,2073
1365,1394
1365,1390
1365,1385
1365,1826
1365,1831
1365,2254
1365,2182
1365,2632
1365,2162
1365,2487
1365,2199
1365,1370
1365,2220
1365,1399
1365,2375
1365,2718
1365,2233
1365,1449
1365,1898
1365,1607
1365,2033
1365,1881
1365,1373
1365,1803
1365,1805
1366,2423
1366,2253
1366,1386
1366,2595
1366,2575
1366,2679
1366,2030
1366,2029
1366,1809
1366,2658
1366,1397
1366,1376
1366,1374
1366,1746
1366,1839
1366,1387
1366,2262
1366,1816
1366,2177
1366,1396
1366,1881
1366,1838
1366,2027
1366,1833
1366,1392
1366,2653
1366,1385
1366,2331
1366,1943
1366,1900
1366,1609
1366,1608
1367,1827
1367,2535
1367,2202
1367,2088
1367,2484
1367,1802
1367,2481
1367,1393
1367,2572
1367,2351
1367,2157
1367,2575
1367,1816
1367,1368
1367,2705
1367,2026
1367,2681
1367,1808
1367,1376
1367,1375
1367,1370
1367,2200
1367,1909
1367,2426
1367,1612
1367,1806
1367,1383
1367,1625
1367,1824
1367,2018
1367,2544
1367,1380
1367,1836
1367,2236
1367,2610
1368,1818
1368,1888
1368,2259
1368,2202
1368,1822
1368,1647
1368,2190
1368,1817
1368,1646
1368,2039
1368,2036
1368,2624
1368,1902
1368,1807
1368,2650
1368,2262
1368,1907
1368,1810
1368,1808
1368,1396
1368,1378
1368,1375
1368,2596
1368,1811
1368,1918
1368,1837
1368,1824
1368,2544
1368,2652
1368,1385
1368,2540
1368,1793
1368,2606
1368,2703
1368,2634
1368,1373
1368,2124
1368,1639
1368,2235
1368,1950
1368,1387
1368,1678
1368,1384
1368,2257
1368,2254
1368,2545
1368,1370
1369,2408
1369,2286
1369,1663
1369,1384
1369,2177
1369,1776
1369,2014
1369,2718
1369,2599
1369,1653
1369,1816
1369,1889
1369,1810
1369,1390
1369,1389
1369,1378
1369,2634
1369,1373
1369,1831
1369,1371
1369,2632
1369,1965
1369,1383
1369,1382
1369,2192
1369,2230
1369,2460
1369,2191
1369,2606
1369,2024
1369,1903
1369,1397
1369,2681
1369,1808
1369,1818
1369,2594
1369,2271
1369,2368
1369,1834
1369,2028
1369,2187
1369,1374
1369,2549
1370,2596
1370,2547
1370,2088
1370,1822
1370,1752
1370,1387
1370,2652
1370,1584
1370,1394
1370,1392
1370,1389
1370,1388
1370,1380
1370,2030
1370,1836
1370,2632
1370,1371
1370,1397
1370,2173
1370,1378
1370,1613
1370,1826
1370,1918
1370,2033
1370,1839
1370,1395
1370,1914
1370,2011
1370,2025
1370,1667
1370,1376
1370,2194
1370,2599
1370,1386
1370,2162
1370,1379
1370,2179
1370,1837
1370,1772
1371,2551
1371,1624
1371,2500
1371,2650
1371,1393
1371,1817
1371,1816
1371,2138
1371,1803
1371,2482
1371,1810
1371,1394
1371,1388
1371,1379
1371,1815
1371,1384
1371,1772
1371,1385
1371,2718
1371,2427
1371,2697
1371,2032
1371,1644
1371,2584
1371,1383
1371,2219
1371,1373
1371,1396
1371,2172
1371,2190
1371,1640
1371,1811
1371,2130
1372,2706
1372,2267
1372,1386
1372,1908
1372,1608
1372,2683
1372,1653
1372,1637
1372,1831
1372,2703
1372,1395
1372,2192
1372,2239
1372,2217
1372,2285
1372,1676
1372,2166
1372,1391
1372,1648
1372,2159
1372,1398
1373,2705
1373,2088
1373,1623
1373,2601
1373,2550
1373,2269
1373,2605
1373,2718
1373,1816
1373,2018
1373,2286
1373,2189
1373,1801
1373,1375
1373,1800
1373,2426
1373,1601
1373,2280
1373,2703
1373,2610
1373,2214
1373,2192
1373,1389
1373,2603
1373,1835
1373,2261
1373,2164
1373,1653
1373,2124
1373,1761
1373,2440
1373,1821
1374,2256
1374,2682
1374,2705
1374,2658
1374,2620
1374,2009
1374,1888
1374,2029
1374,1767
1374,2002
1374,2232
1374,1809
1374,1902
1374,1385
1374,1380
1374,2039
1374,2180
1374,1815
1374,1826
1374,2008
1375,2397
1375,1386
1375,2145
1375,2136
1375,2718
1375,1816
1375,1839
1375,2358
1375,2261
1375,1885
1375,1811
1375,1399
1375,2443
1375,1376
1375,1390
1375,1382
1375,1903
1375,1639
1375,2200
1375,2585
1375,2580
1375,2705
1375,1389
1375,1953
1375,1597
1375,2032
1375,2024
1375,1836
1375,2017
1376,1894
1376,1818
1376,1386
1376,2603
1376,2544
1376,1623
1376,2422
1376,2629
1376,2575
1376,2145
1376,2675
1376,1387
1376,2277
1376,2008
1376,1742
1376,1839
1376,1398
1376,2650
1376,2165
1376,1389
1376,1385
1376,1377
1376,1835
1376,1392
1376,2191
1376,1760
1376,1378
1376,1669
1376,1621
1376,2589
1376,1837
1376,1382
1376,1750
1376,1816
1376,2430
1377,2705
1377,2375
1377,1888
1377,1386
1377,2253
1377,2544
1377,1821
1377,1653
1377,2008
1377,1816
1377,2006
1377,2005
1377,2002
1377,1398
1377,1825
1377,2188
1377,1383
1377,1378
1377,1824
1377,2600
1377,2187
1377,2400
1377,1901
1377,1379
1377,1819
1377,1396
1377,2195
1377,2421
1378,2580
1378,2680
1378,2177
1378,2683
1378,2363
1378,2718
1378,2652
1378,2025
1378,2009
1378,2582
1378,1903
1378,1833
1378,2540
1378,2170
1378,2541
1378,2426
1378,1809
1378,1818
1378,2011
1378,1888
1378,1791
1378,1379
1378,2220
1378,1676
1378,2088
1378,2575
1378,1889
1379,2597
1379,2186
1379,1393
1379,2096
1379,2034
1379,1834
1379,2150
1379,1387
1379,1392
1379,1390
1379,1385
1379,2262
1379,1389
1379,1812
1379,1763
1379,1658
1379,2541
1379,2489
1379,2177
1379,1388
1379,2187
1379,2214
1379,2348
1379,2397
1379,1833
1379,2286
1379,2633
1379,2270
1379,1397
1379,2443
1379,2540
1379,1391
1380,2597
1380,2609
1380,1393
1380,2501
1380,1839
1380,1809
1380,1391
1380,1385
1380,2030
1380,1836
1380,1830
1380,1392
1380,1815
1380,1810
1380,2233
1380,2188
1380,1888
1380,1604
1380,2631
1380,2026
1380,2022
1380,2481
1380,2021
1380,1625
1381,2428
1381,1827
1381,2535
1381,1802
1381,1393
1381,2358
1381,2351
1381,1803
1381,2136
1381,2718
1381,2544
1381,2134
1381,2112
1381,2491
1381,1909
1381,1911
1381,1809
1381,1392
1381,1390
1381,1838
1381,1835
1381,2182
1381,1883
1381,2077
1381,1398
1381,2705
1381,2220
1381,2464
1381,2270
1381,1397
1381,2262
1381,2401
1381,1824
1381,1828
1381,1907
1381,2025
1381,2704
1382,1818
1382,2198
1382,2136
1382,2088
1382,2177
1382,2611
1382,2601
1382,2546
1382,1387
1382,2025
1382,1903
1382,1834
1382,1388
1382,1385
1382,2252
1382,1395
1382,1888
1382,2276
1382,2162
1382,2585
1382,2184
1382,2430
1382,1772
1382,1826
1382,1660
1382,2397
1382,1815
1382,2606
1383,2286
1383,2160
1383,1653
1383,1902
1383,1399
1383,1396
1383,1390
1383,2460
1383,2427
1383,1676
1383,1392
1383,1780
1383,2226
1383,2610
1383,1632
1383,2198
1383,1810
1383,2601
1383,2213
1383,1649
1383,2694
1384,2604
1384,2547
1384,2160
1384,2571
1384,2389
1384,2292
1384,1832
1384,1822
1384,2131
1384,1889
1384,1883
1384,2018
1384,1624
1384,2408
1384,2177
1384,2544
1384,1837
1384,2633
1384,1806
1384,2634
1384,2205
1384,2186
1384,2427
1384,1639
1384,1940
1384,2213
1384,1773
1384,1899
1384,2578
1384,2175
1384,2164
1384,1949
1385,1818
1385,2705
1385,2597
1385,2580
1385,1393
1385,2575
1385,1387
1385,2200
1385,1889
1385,1882
1385,2028
1385,1810
1385,1837
1385,1390
1385,1813
1385,2165
1385,2675
1385,1511
1385,2230
1385,1394
1385,2136
1385,1808
1386,1818
1386,2582
1386,2262
1386,2005
1386,1816
1386,1808
1386,1900
1386,1897
1386,2658
1386,1397
1386,2611
1386,2200
1386,1837
1386,1830
1386,2652
1386,1646
1386,1834
1386,2610
1386,2230
1386,2088
1386,2185
1386,1639
1386,1857
1386,2439
1386,2261
1386,1679
1386,1657
1386,2163
1386,1615
1386,2668
1387,2707
1387,2024
1387,2705
1387,1779
1387,1647
1387,2156
1387,2025
1387,2011
1387,1811
1387,2142
1387,2033
1387,1397
1387,1838
1387,1823
1387,2088
1387,2628
1387,2427
1387,2254
1387,2575
1387,2187
1387,2162
1387,1958
1387,1399
1387,1787
1387,1630
1388,2551
1388,2705
1388,2547
1388,2342
1388,2202
1388,2609
1388,2634
1388,2605
1388,2015
1388,1839
1388,2009
1388,1897
1388,1914
1388,2011
1388,2286
1388,1898
1388,1801
1388,1397
1388,2461
1388,1394
1388,2419
1388,1643
1388,1837
1388,2169
1388,2192
1388,2652
1388,1391
1388,1933
1388,2030
1388,2024
1388,2214
1388,2014
1388,1917
1388,1834
1389,2705
1389,2136
1389,1888
1389,1802
1389,2421
1389,2088
1389,1822
1389,1655
1389,1623
1389,1393
1389,1648
1389,2148
1389,1819
1389,1398
1389,1397
1389,1833
1389,1806
1389,2583
1389,2165
1389,1620
1389,1933
1389,1812
1389,2540
1389,2707
1389,1834
1389,1810
1389,1392
1390,2551
1390,2178
1390,2024
1390,1818
1390,1651
1390,2136
1390,2253
1390,2544
1390,1731
1390,2177
1390,1908
1390,2575
1390,1803
1390,2599
1390,2203
1390,1398
1390,1883
1390,1392
1390,1813
1390,1395
1390,2172
1390,2464
1390,2173
1390,1891
1390,1580
1390,1909
1390,2209
1391,1628
1391,2177
1391,1393
1391,2299
1391,1916
1391,2275
1391,2037
1391,2015
1391,1903
1391,1885
1391,1678
1391,1910
1391,2589
1391,1837
1391,1399
1391,1900
1391,2182
1391,1398
1391,2190
1391,2578
1391,2611
1391,1394
1391,2705
1391,2003
1391,1924
1391,1889
1392,2551
1392,2149
1392,2593
1392,2516
1392,2342
1392,2177
1392,2601
1392,2683
1392,2599
1392,2090
1392,1816
1392,2025
1392,1396
1392,1881
1392,2611
1392,1835
1392,1830
1392,2280
1392,2430
1392,2427
1392,1769
1392,1674
1392,2488
1392,2605
1392,1677
1392,1824
1392,2594
1392,2215
1392,2185
1392,2261
1392,2415
1392,1883
1392,1398
1392,1919
1392,1658
1393,2286
1393,2088
1393,1660
1393,1903
1393,1891
1393,1909
1393,1885
1393,1398
1393,1397
1393,1656
1393,2705
1393,2019
1393,1816
1393,2675
1393,2611
1393,2718
1393,1918
1393,1881
1393,2280
1393,2516
1393,2024
1393,1830
1393,2703
1393,2254
1393,2543
1393,2420
1393,1630
1393,1901
1393,1610
1393,2275
1393,2610
1393,1931
1394,1818
1394,2145
1394,2605
1394,1646
1394,2156
1394,2025
1394,2009
1394,1810
1394,1809
1394,1396
1394,1784
1394,1881
1394,1837
1394,2567
1394,2220
1394,1638
1394,1606
1394,1824
1394,2694
1394,2014
1394,2430
1394,1811
1394,1808
1394,2178
1395,2397
1395,2705
1395,2626
1395,2544
1395,2196
1395,1660
1395,2358
1395,2718
1395,2696
1395,2599
1395,1816
1395,1887
1395,2610
1395,1926
1395,2702
1395,2063
1395,2184
1395,1627
1395,1819
1395,2202
1395,1836
1395,1610
1395,2190
1395,2596
1395,2088
1395,1897
1395,1885
1395,1835
1395,2430
1395,2286
1396,2389
1396,1888
1396,1540
1396,2599
1396,2200
1396,2262
1396,1839
1396,1838
1396,2206
1396,1899
1396,2254
1396,1809
1396,1921
1396,2600
1396,2556
1396,2632
1396,2035
1396,1918
1396,2004
1396,1546
1396,2002
1396,1884
1396,2166
1396,2023
1396,1508
1397,2088
1397,2003
1397,2200
1397,1821
1397,2544
1397,2687
1397,1620
1397,1398
1397,1820
1397,1810
1397,1907
1397,1639
1397,2440
1397,1635
1397,1834
1397,2610
1397,2286
1397,2092
1397,1801
1397,1816
1397,2010
1397,2031
1397,2589
1397,2339
1397,2464
1397,2658
1398,1888
1398,1660
1398,2611
1398,2683
1398,2257
1398,1646
1398,2390
1398,1569
1398,2676
1398,2017
1398,1887
1398,1819
1398,1809
1398,2215
1398,2540
1398,1600
1398,2025
1398,1637
1398,2189
1398,2633
1398,2209
1398,1838
1398,1833
1399,2606
1399,2024
1399,1888
1399,2270
1399,2351
1399,2575
1399,1608
1399,1909
1399,2222
1399,2028
1399,1810
1399,1918
1399,1826
1399,1811
1399,2180
1399,1901
1399,2192
1399,2166
1399,2457
1399,2548
1399,1806
1399,2013
1399,2142
1399,1809
1399,1621
1400,2505
1400,2626
1400,2366
1400,2400
1400,1541
1400,1876
1400,2336
1400,1851
1400,1513
1400,2137
1400,1534
1400,2116
1400,1591
1400,2367
1400,2038
1400,1571
1400,1583
1400,1536
1400,2616
1400,1549
1400,1517
1400,2390
1400,1584
1400,1574
1400,1598
1400,1551
1400,1532
1400,1435
1400,2114
1400,1550
1400,1912
1400,2106
1400,1766
1400,1572
1400,2107
1400,1525
1400,2102
1400,1520
1400,1512
1400,1511
1400,1556
1400,1509
1400,2468
1400,1595
1400,2381
1400,2281
1400,1529
1400,1576
1401,2621
1401,1827
1401,1408
1401,2245
1401,2655
1401,1438
1401,1549
1401,2692
1401,2374
1401,1571
1401,2640
1401,1478
1401,1464
1401,1463
1401,1429
1401,1426
1401,1424
1401,1420
1401,2571
1401,1407
1401,1403
1401,1442
1401,2520
1401,2326
1401,1472
1401,1456
1401,2717
1401,1445
1401,1422
1401,2079
1401,1458
1401,1412
1401,2623
1401,2612
1401,1448
1401,1409
1401,2565
1401,2504
1401,2067
1401,2594
1401,1466
1402,1495
1402,1539
1402,1516
1402,1465
1402,2638
1402,2415
1402,1482
1402,2643
1402,1479
1402,1473
1402,2522
1402,1455
1402,1443
1402,1414
1402,2592
1402,1428
1402,1421
1402,1507
1402,1410
1402,2709
1402,2717
1402,2411
1402,2605
1402,2214
1402,2078
1402,2614
1402,2517
1402,2714
1402,2326
1402,1999
1402,1490
1402,1470
1402,1468
1402,1458
1402,2498
1402,2692
1402,2701
1402,1440
1402,1422
1402,2051
1402,1954
1402,1776
1402,1991
1402,1965
1402,1791
1402,1790
1402,1494
1402,1785
1402,1484
1402,1775
1402,2641
1402,1477
1402,2350
1402,1990
1402,1988
1402,2569
1402,1987
1402,1966
1403,2499
1403,2648
1403,2593
1403,2505
1403,2418
1403,2495
1403,1465
1403,1441
1403,2655
1403,2637
1403,1704
1403,2337
1403,2647
1403,1513
1403,2095
1403,1507
1403,2380
1403,1544
1403,2334
1403,2625
1403,2619
1403,1452
1403,1488
1403,1486
1403,1485
1403,1479
1403,1475
1403,1451
1403,2335
1403,1445
1403,2512
1403,2692
1403,1431
1403,1480
1403,2316
1403,1443
1403,1490
1403,1467
1403,2410
1403,2504
1403,2181
1403,1987
1403,1411
1403,1458
1403,2513
1403,1446
1403,1427
1403,1435
1403,2059
1403,2657
1403,1496
1404,2329
1404,2644
1404,2364
1404,2692
1404,2471
1404,2374
1404,2669
1404,2378
1404,2573
1404,1591
1404,1504
1404,2716
1404,2619
1404,1423
1404,2105
1404,1911
1404,1946
1404,2334
1404,2237
1404,2043
1404,2140
1404,1425
1404,2638
1404,1463
1404,1459
1404,1442
1404,2409
1404,1439
1404,2020
1404,1424
1404,1767
1404,2640
1404,1418
1404,1415
1404,2647
1404,1413
1404,2499
1404,1432
1404,1452
1404,2325
1404,2641
1404,1449
1404,2060
1404,1451
1404,1430
1404,1437
1404,2439
1404,1987
1404,1405
1404,2410
1405,2711
1405,2231
1405,2564
1405,2418
1405,2411
1405,2366
1405,2645
1405,1996
1405,1549
1405,1453
1405,1715
1405,2692
1405,1528
1405,1561
1405,2623
1405,1478
1405,1475
1405,1473
1405,2409
1405,1439
1405,1435
1405,2717
1405,2327
1405,1778
1405,1433
1405,1762
1405,2659
1405,1980
1405,2465
1405,2077
1405,1786
1405,1447
1405,1785
1405,1494
1405,1442
1405,2054
1405,1472
1405,1458
1405,1412
1405,1465
1405,2241
1405,1462
1405,2496
1405,2504
1405,1470
1405,1425
1405,2686
1405,2298
1405,2067
1405,1483
1405,1774
1405,1543
1405,1446
1405,1432
1405,1484
1405,2066
1405,2324
1406,2393
1406,2716
1406,2569
1406,2520
1406,1453
1406,2647
1406,1499
1406,1491
1406,1486
1406,1479
1406,1474
1406,1473
1406,1452
1406,1442
1406,1439
1406,1428
1406,1424
1406,1418
1406,1409
1406,1494
1406,2709
1406,2651
1406,1972
1406,1875
1406,1487
1406,1413
1406,1460
1406,2059
1406,1477
1406,2474
1406,1407
1406,1445
1406,1450
1406,2517
1406,1436
1406,1414
1406,2692
1406,2044
1406,1480
1406,1527
1406,2691
1406,1986
1406,1435
1406,1493
1406,2657
1406,2234
1406,1478
1406,2060
1406,2671
1406,2410
1406,1432
1406,2717
1406,1429
1406,1993
1406,2122
1406,1443
1406,2219
1406,2078
1406,1467
1406,1417
1407,2477
1407,2393
1407,1768
1407,2569
1407,2612
1407,2334
1407,2151
1407,2482
1407,2640
1407,1484
1407,2258
1407,1482
1407,1966
1407,1481
1407,1451
1407,1447
1407,2508
1407,1433
1407,2499
1407,1432
1407,1428
1407,1411
1407,2719
1407,2517
1407,1449
1407,1972
1407,1778
1407,1418
1407,1426
1407,2072
1407,1440
1407,1459
1407,1412
1407,1419
1407,1983
1407,2685
1407,1970
1407,1971
1407,1990
1407,1499
1407,1478
1408,2478
1408,1478
1408,1487
1408,1875
1408,1548
1408,2410
1408,2391
1408,2512
1408,1475
1408,1449
1408,1453
1408,2196
1408,1420
1408,2638
1408,1416
1408,2332
1408,2623
1408,2565
1408,2717
1408,1812
1408,1479
1408,1461
1408,2043
1408,1843
1408,2619
1408,2243
1408,1986
1408,2568
1408,2616
1408,2569
1408,1441
1408,1427
1408,1473
1408,2648
1408,1439
1408,2194
1408,2241
1408,1462
1408,1791
1408,1787
1408,1437
1408,2245
1408,2715
1408,2477
1408,1798
1409,2499
1409,2160
1409,1460
1409,2411
1409,2055
1409,1974
1409,1471
1409,2715
1409,2569
1409,1425
1409,2640
1409,2638
1409,1452
1409,2616
1409,2415
1409,1479
1409,2232
1409,1456
1409,1442
1409,1482
1409,1435
1409,2493
1409,1426
1409,1421
1409,2380
1409,1410
1409,1429
1409,2060
1409,1496
1409,1443
1409,1490
1409,1491
1409,1444
1409,1436
1409,1470
1409,1417
1409,2075
1409,1431
1409,1799
1409,1419
1409,2641
1409,2077
1409,2700
1409,1439
1409,1451
1409,2376
1409,2279
1409,1951
1409,1413
1410,1495
1410,2637
1410,2498
1410,1840
1410,2411
1410,2499
1410,2640
1410,1466
1410,1447
1410,1442
1410,1411
1410,2638
1410,1463
1410,1416
1410,2330
1410,1496
1410,1450
1410,1475
1410,1804
1410,1436
1410,2068
1410,1451
1410,2504
1410,1446
1410,2231
1410,1479
1411,2711
1411,2699
1411,2396
1411,2714
1411,2510
1411,1765
1411,1441
1411,1414
1411,2693
1411,2689
1411,2511
1411,2243
1411,1549
1411,2515
1411,1557
1411,1455
1411,2619
1411,2565
1411,1479
1411,1475
1411,1466
1411,1449
1411,1489
1411,1442
1411,1481
1411,1434
1411,2293
1411,1420
1411,1418
1411,1462
1411,1415
1411,2062
1411,1413
1411,1483
1411,2503
1411,1436
1411,1427
1411,2473
1411,2332
1411,2234
1411,2524
1411,1762
1411,1472
1411,1493
1411,1446
1411,1896
1411,1473
1412,2389
1412,1492
1412,2411
1412,2662
1412,1498
1412,1850
1412,1765
1412,2645
1412,1450
1412,2614
1412,1972
1412,2395
1412,2647
1412,1489
1412,1485
1412,2612
1412,1484
1412,1479
1412,1432
1412,1428
1412,1712
1412,1421
1412,1418
1412,2403
1412,1416
1412,1490
1412,1420
1412,2078
1412,1480
1412,1461
1412,2324
1412,2719
1412,1440
1412,1499
1412,1773
1412,1430
1412,2327
1412,2716
1412,1447
1412,1494
1413,2102
1413,1441
1413,2689
1413,2479
1413,2569
1413,2472
1413,1859
1413,2708
1413,2377
1413,1883
1413,2643
1413,1489
1413,1488
1413,1442
1413,1435
1413,1424
1413,1420
1413,1443
1413,1490
1413,1472
1413,1468
1413,1497
1413,2711
1413,1450
1413,2415
1413,1445
1413,1436
1413,1440
1413,1769
1413,2327
1413,2620
1413,2717
1413,2059
1413,1439
1413,2374
1413,1986
1413,2381
1413,1429
1413,1433
1413,2499
1413,1432
1413,1462
1413,1430
1413,2533
1413,2623
1413,1459
1413,2332
1414,2711
1414,2412
1414,2389
1414,2564
1414,2293
1414,1457
1414,2348
1414,1850
1414,2569
1414,2212
1414,2240
1414,2531
1414,2281
1414,1574
1414,1765
1414,1474
1414,2638
1414,2325
1414,2616
1414,1488
1414,1485
1414,1443
1414,1439
1414,2592
1414,1428
1414,1424
1414,1993
1414,2085
1414,2078
1414,1451
1414,1495
1414,2368
1414,2442
1414,1472
1414,1446
1414,1445
1414,2619
1414,1444
1414,2651
1414,1487
1414,2701
1414,1440
1414,1417
1414,1432
1414,2241
1414,2464
1414,1494
1414,2058
1414,2326
1414,2702
1414,2498
1414,1991
1414,1481
1414,2045
1414,2690
1414,1429
1414,1515
1415,2522
1415,1946
1415,2375
1415,1748
1415,1492
1415,1460
1415,2196
1415,2523
1415,2651
1415,2383
1415,2372
1415,1497
1415,1466
1415,1464
1415,1426
1415,1423
1415,1416
1415,1474
1415,2070
1415,1471
1415,1762
1415,1453
1415,2617
1415,2326
1415,2078
1415,2631
1415,2340
1415,1467
1415,1445
1415,2691
1415,1430
1415,1476
1415,2241
1415,1418
1415,2076
1415,2697
1415,2633
1415,2067
1415,1484
1415,1796
1415,1712
1415,1421
1416,2499
1416,1846
1416,1498
1416,2493
1416,2659
1416,2498
1416,2409
1416,2374
1416,2116
1416,1896
1416,2507
1416,1493
1416,2241
1416,2144
1416,1486
1416,1482
1416,1466
1416,2227
1416,2324
1416,1451
1416,1484
1416,2330
1416,1448
1416,1479
1416,2061
1416,1478
1416,1463
1416,2074
1416,1447
1416,1494
1416,1421
1416,1444
1416,2671
1416,2632
1416,1436
1416,1489
1416,1449
1416,1455
1416,1796
1416,1461
1416,2196
1416,1517
1416,1423
1417,2389
1417,1495
1417,2196
1417,2422
1417,1559
1417,1850
1417,2569
1417,2051
1417,1438
1417,2383
1417,1969
1417,1788
1417,1501
1417,2482
1417,2598
1417,2565
1417,1489
1417,1486
1417,1463
1417,1455
1417,2712
1417,2657
1417,1464
1417,1433
1417,1762
1417,2641
1417,2517
1417,2417
1417,2685
1417,1424
1417,2508
1417,1472
1417,1423
1417,2052
1417,1470
1417,1468
1417,2078
1417,1963
1417,2642
1417,1467
1417,1461
1417,1458
1417,2110
1417,2692
1417,1431
1417,1429
1417,1476
1417,1805
1417,1991
1417,1479
1417,2061
1417,1488
1417,1456
1417,2067
1417,1499
1418,1495
1418,2715
1418,2375
1418,2569
1418,2533
1418,2243
1418,1453
1418,2410
1418,2119
1418,2064
1418,2330
1418,1554
1418,1499
1418,1491
1418,2144
1418,1486
1418,1456
1418,1455
1418,1435
1418,2499
1418,1432
1418,1475
1418,1428
1418,1421
1418,1419
1418,2504
1418,2474
1418,1442
1418,1490
1418,2411
1418,1441
1418,2508
1418,2688
1418,1427
1418,1991
1418,1448
1418,1774
1418,1445
1418,1683
1418,1489
1418,2664
1418,1480
1418,1462
1418,1430
1419,2669
1419,2533
1419,2383
1419,2119
1419,2360
1419,2196
1419,1491
1419,2415
1419,1475
1419,1474
1419,1451
1419,1481
1419,2233
1419,1459
1419,1457
1419,2068
1419,1470
1419,2621
1419,1446
1419,1436
1419,2646
1419,2048
1419,2710
1419,1478
1419,1995
1419,2644
1419,2315
1419,1990
1419,1487
1419,2061
1420,2500
1420,2474
1420,2196
1420,2108
1420,1465
1420,2337
1420,2052
1420,1486
1420,1474
1420,1466
1420,2045
1420,1463
1420,1456
1420,1447
1420,1482
1420,1435
1420,2719
1420,2322
1420,2710
1420,1462
1420,2637
1420,1473
1420,2515
1420,1448
1420,2714
1420,2326
1420,2517
1420,1443
1420,1490
1420,1476
1420,2383
1420,1445
1420,2325
1420,1475
1420,1421
1420,2079
1420,1477
1420,1455
1420,1484
1421,2615
1421,2637
1421,2245
1421,2051
1421,1744
1421,1864
1421,1508
1421,2381
1421,1574
1421,1516
1421,1882
1421,2598
1421,2623
1421,2415
1421,2068
1421,1486
1421,1483
1421,2449
1421,2061
1421,1479
1421,1455
1421,1488
1421,2064
1421,1482
1421,1435
1421,1584
1421,2060
1421,1927
1421,1472
1421,1430
1421,2196
1421,1517
1421,2049
1421,1467
1421,1491
1421,1444
1421,2144
1421,1950
1421,1458
1421,2410
1421,2504
1421,1470
1421,1995
1421,1456
1421,2573
1421,1460
1422,2478
1422,1495
1422,2714
1422,2294
1422,1457
1422,1469
1422,1441
1422,2257
1422,2533
1422,2337
1422,2243
1422,2647
1422,2279
1422,2708
1422,2062
1422,1480
1422,1970
1422,1485
1422,1484
1422,1465
1422,2241
1422,1456
1422,2716
1422,1455
1422,1452
1422,1428
1422,1438
1422,1424
1422,2366
1422,2657
1422,1474
1422,1425
1422,1472
1422,2525
1422,1458
1422,1489
1422,2412
1422,1442
1422,2440
1422,1478
1422,1460
1422,1557
1422,2497
1423,2499
1423,2564
1423,2322
1423,2659
1423,2523
1423,2409
1423,2515
1423,2360
1423,1989
1423,1504
1423,1558
1423,2625
1423,2507
1423,2410
1423,1499
1423,1867
1423,1479
1423,2532
1423,2241
1423,2326
1423,1447
1423,2648
1423,2066
1423,1484
1423,1491
1423,1433
1423,1486
1423,2324
1423,1995
1423,1467
1423,1442
1423,1435
1423,1999
1423,1474
1423,1776
1423,2649
1423,1427
1423,2415
1423,2057
1423,1463
1423,2503
1423,1899
1423,1858
1423,1498
1423,2565
1423,1983
1423,1476
1424,2513
1424,2644
1424,2571
1424,1465
1424,2613
1424,2689
1424,1454
1424,1555
1424,2026
1424,1499
1424,2619
1424,1491
1424,1483
1424,1466
1424,1463
1424,2526
1424,2623
1424,1459
1424,1435
1424,2404
1424,1434
1424,2640
1424,2076
1424,1478
1424,2060
1424,1807
1424,1995
1424,1487
1424,1425
1424,2600
1424,1472
1424,2560
1424,1493
1424,1857
1424,1451
1424,1445
1424,1497
1424,1427
1424,1567
1425,2571
1425,2350
1425,1465
1425,2498
1425,2468
1425,2515
1425,1574
1425,1893
1425,1460
1425,2588
1425,2507
1425,1459
1425,1579
1425,1996
1425,1432
1425,2043
1425,2657
1425,1487
1425,1986
1425,1462
1425,2073
1425,1775
1425,1514
1425,2078
1425,2508
1425,1826
1425,1450
1425,2181
1425,2416
1426,2102
1426,2160
1426,1846
1426,1701
1426,2510
1426,2181
1426,2569
1426,2279
1426,2381
1426,1533
1426,2711
1426,2614
1426,2598
1426,2410
1426,1484
1426,2060
1426,1478
1426,1764
1426,1473
1426,1851
1426,2045
1426,1463
1426,2231
1426,1455
1426,1451
1426,1442
1426,1432
1426,1449
1426,2641
1426,1981
1426,1496
1426,1490
1426,2706
1426,1445
1426,2649
1426,1427
1426,2439
1426,1482
1426,1464
1426,2565
1426,1459
1426,2335
1426,1462
1426,1456
1426,1429
1426,2640
1426,2058
1426,1476
1426,2398
1426,2213
1427,2236
1427,1495
1427,2474
1427,1989
1427,1457
1427,1441
1427,2051
1427,1438
1427,1712
1427,1453
1427,2708
1427,1893
1427,1536
1427,2638
1427,2507
1427,2410
1427,1499
1427,1488
1427,1466
1427,1456
1427,2616
1427,1452
1427,2691
1427,1482
1427,2657
1427,2069
1427,1472
1427,2050
1427,1468
1427,1448
1427,2241
1427,2212
1427,1436
1427,1461
1427,1525
1427,1444
1427,2065
1427,2057
1427,1475
1427,1992
1427,2493
1427,2284
1427,1963
1427,1793
1427,1987
1427,2393
1427,2076
1427,1494
1427,1964
1427,2415
1427,2332
1428,2635
1428,1460
1428,2350
1428,1545
1428,2334
1428,2647
1428,2374
1428,2512
1428,2643
1428,2382
1428,2335
1428,1586
1428,1466
1428,1447
1428,1482
1428,1435
1428,1432
1428,2329
1428,1483
1428,2517
1428,1477
1428,2041
1428,1433
1428,1480
1428,2689
1428,1702
1428,2493
1428,1987
1428,1497
1428,2640
1428,2196
1428,1781
1428,1499
1428,1570
1428,1476
1428,1453
1429,2711
1429,2231
1429,2506
1429,1465
1429,1457
1429,1850
1429,2659
1429,2498
1429,2243
1429,1453
1429,1683
1429,1598
1429,2412
1429,2509
1429,2415
1429,1491
1429,1484
1429,1483
1429,1481
1429,1478
1429,1474
1429,1443
1429,1488
1429,2120
1429,2383
1429,1570
1429,1764
1429,2064
1429,1567
1429,1896
1429,2507
1429,1558
1429,2143
1429,1464
1429,2504
1429,2623
1429,1496
1429,1435
1429,1994
1429,2076
1429,1463
1429,2497
1430,2412
1430,2505
1430,1535
1430,1457
1430,1441
1430,1972
1430,1796
1430,2063
1430,2104
1430,1564
1430,2335
1430,1493
1430,1491
1430,1486
1430,1455
1430,1452
1430,2504
1430,1432
1430,1781
1430,2417
1430,1999
1430,1440
1430,1488
1430,1948
1430,1431
1430,1961
1430,2640
1430,1984
1430,2671
1430,2391
1430,2047
1430,2241
1430,1814
1430,1459
1430,2375
1430,2569
1430,1987
1430,1450
1430,1436
1430,2600
1430,2568
1431,2711
1431,2621
1431,2340
1431,1460
1431,2411
1431,2493
1431,2659
1431,1481
1431,2645
1431,2647
1431,1842
1431,1486
1431,1475
1431,1474
1431,1465
1431,2241
1431,1461
1431,1793
1431,1502
1431,1455
1431,1452
1431,1482
1431,2657
1431,2653
1431,2719
1431,2525
1431,1480
1431,2326
1431,1487
1431,1477
1431,1436
1431,2335
1431,2101
1431,1490
1431,1973
1431,2717
1431,1976
1431,2655
1431,1464
1431,1545
1431,2612
1431,1484
1431,1920
1432,2522
1432,1495
1432,2207
1432,1498
1432,2670
1432,2620
1432,2651
1432,2243
1432,1864
1432,1524
1432,2116
1432,2638
1432,1462
1432,2335
1432,1967
1432,1482
1432,1484
1432,2649
1432,1485
1432,2608
1432,1439
1432,1468
1432,1490
1432,2410
1432,1470
1432,2051
1432,1461
1432,2625
1432,1450
1432,2296
1432,1459
1432,1445
1432,1438
1432,1496
1432,2372
1432,1451
1432,2568
1433,1927
1433,2456
1433,2069
1433,1441
1433,2498
1433,2342
1433,2051
1433,1438
1433,2337
1433,2373
1433,1554
1433,2478
1433,1896
1433,1489
1433,1478
1433,1466
1433,1463
1433,1456
1433,1451
1433,2070
1433,2643
1433,1479
1433,2043
1433,1762
1433,2493
1433,1814
1433,2648
1433,1484
1433,2066
1433,2316
1433,2413
1433,2657
1433,1999
1433,1490
1433,1445
1433,1848
1433,2646
1433,2064
1433,1494
1433,2690
1433,1572
1433,2057
1433,1446
1433,1497
1433,1452
1433,2569
1433,1793
1433,1436
1433,1984
1433,2504
1434,2621
1434,2592
1434,2499
1434,2412
1434,1495
1434,2411
1434,1441
1434,2629
1434,2418
1434,2612
1434,1869
1434,1570
1434,2483
1434,2638
1434,2507
1434,1462
1434,2335
1434,1493
1434,1479
1434,1466
1434,2337
1434,1464
1434,2329
1434,1456
1434,1455
1434,2691
1434,1555
1434,2525
1434,1762
1434,2651
1434,2263
1434,1487
1434,1715
1434,2076
1434,1996
1434,1472
1434,1587
1434,2072
1434,1488
1434,2332
1434,2041
1434,2062
1434,1468
1434,1967
1434,1450
1434,2060
1434,1443
1434,1991
1434,1438
1434,1485
1434,1475
1434,1992
1435,2323
1435,2367
1435,2474
1435,2377
1435,1911
1435,1590
1435,1493
1435,1489
1435,1481
1435,1474
1435,1456
1435,2717
1435,2643
1435,1479
1435,2201
1435,1496
1435,1487
1435,1436
1435,2040
1435,1704
1435,1971
1435,1988
1435,1468
1435,2640
1435,1455
1435,1572
1435,1475
1435,2689
1435,2519
1435,1452
1436,2621
1436,1827
1436,2474
1436,2231
1436,2716
1436,2046
1436,1438
1436,2052
1436,1781
1436,2648
1436,1581
1436,2416
1436,2566
1436,2422
1436,2616
1436,1538
1436,2691
1436,2507
1436,2410
1436,2504
1436,2060
1436,1496
1436,2711
1436,1450
1436,2418
1436,2612
1436,1448
1436,1444
1436,2334
1436,1461
1436,1453
1436,1500
1436,1782
1436,1977
1436,2478
1436,2108
1436,2690
1436,1463
1436,1489
1436,1465
1436,2241
1436,2324
1436,1473
1436,1614
1436,1466
1436,1774
1437,1927
1437,2055
1437,1976
1437,2364
1437,2299
1437,2422
1437,2713
1437,2669
1437,1796
1437,2150
1437,1486
1437,1479
1437,1809
1437,1899
1437,2222
1437,2409
1437,2052
1437,2062
1437,1999
1437,1961
1437,1476
1437,2715
1437,2230
1437,2279
1437,2079
1437,1788
1437,1968
1437,1795
1437,1482
1437,2064
1437,2442
1437,2054
1437,2045
1437,2662
1437,1983
1437,1981
1437,1970
1437,1986
1437,2296
1437,2238
1437,1947
1437,2663
1438,2477
1438,1495
1438,2505
1438,2393
1438,2293
1438,1783
1438,1492
1438,2495
1438,1457
1438,2314
1438,1441
1438,1460
1438,2321
1438,1716
1438,1571
1438,2638
1438,1489
1438,1488
1438,1484
1438,1463
1438,1456
1438,2657
1438,2641
1438,2504
1438,2324
1438,2076
1438,2068
1438,1490
1438,1487
1438,1470
1438,2507
1438,1440
1438,2693
1438,2054
1438,2371
1438,1983
1438,2640
1438,1476
1438,2294
1438,1712
1439,2412
1439,2329
1439,2639
1439,1460
1439,2196
1439,2055
1439,1545
1439,1513
1439,1465
1439,2396
1439,2493
1439,1464
1439,2337
1439,2336
1439,2045
1439,1463
1439,1441
1439,1488
1439,2691
1439,2567
1439,1477
1439,2641
1439,2324
1439,2369
1439,1476
1439,1497
1439,2079
1439,1468
1439,1467
1439,2642
1439,1498
1439,2662
1439,2374
1439,2410
1439,1987
1439,2325
1439,1571
1439,2417
1439,1455
1439,2648
1439,1484
1439,1450
1439,1453
1440,2669
1440,2418
1440,2411
1440,2069
1440,2706
1440,2507
1440,2368
1440,1475
1440,1464
1440,1762
1440,2470
1440,2517
1440,1989
1440,2051
1440,1487
1440,2337
1440,1444
1440,2685
1440,2636
1440,1461
1440,1790
1440,2079
1440,1468
1440,1445
1440,2061
1440,1450
1440,2416
1440,2288
1440,2571
1440,1994
1440,1454
1440,2059
1440,1441
1440,1488
1441,1495
1441,1460
1441,2411
1441,2294
1441,2196
1441,1842
1441,2384
1441,2083
1441,2415
1441,2512
1441,1491
1441,1475
1441,2242
1441,1466
1441,1499
1441,2519
1441,1452
1441,1443
1441,1461
1441,2334
1441,1981
1441,1496
1441,2078
1441,1482
1441,2657
1441,1485
1441,1449
1441,1470
1441,1446
1441,1972
1441,1487
1441,2066
1441,1494
1441,2058
1441,2503
1442,2571
1442,2240
1442,2108
1442,2713
1442,2689
1442,2232
1442,1453
1442,2154
1442,2122
1442,1791
1442,1500
1442,2514
1442,2521
1442,1842
1442,2410
1442,1482
1442,1474
1442,1459
1442,2716
1442,1455
1442,1555
1442,1458
1442,2061
1442,1479
1442,1449
1442,1484
1442,1554
1442,2330
1442,2079
1442,2076
1442,1494
1442,1444
1442,1477
1442,2381
1442,2565
1442,1448
1442,1446
1442,1495
1442,1786
1442,1462
1442,1491
1442,2073
1442,2473
1442,2569
1442,2243
1442,1467
1442,1451
1442,1488
1443,2477
1443,1492
1443,1465
1443,2645
1443,2364
1443,1876
1443,2374
1443,2158
1443,1575
1443,1528
1443,2507
1443,1486
1443,2509
1443,1445
1443,2512
1443,2415
1443,1475
1443,1464
1443,1530
1443,2620
1443,1456
1443,2043
1443,2504
1443,1497
1443,2417
1443,1477
1443,2612
1443,1995
1443,2480
1443,1446
1443,1975
1443,2693
1443,1480
1443,2113
1443,1531
1443,2324
1443,2570
1443,1449
1443,2648
1443,1484
1444,2597
1444,2293
1444,2506
1444,2520
1444,1453
1444,2498
1444,2692
1444,2539
1444,2636
1444,2708
1444,2649
1444,1485
1444,1462
1444,1554
1444,1498
1444,2565
1444,2657
1444,1477
1444,2641
1444,2072
1444,1496
1444,2251
1444,1464
1444,1463
1444,1792
1444,1963
1444,1769
1444,2640
1444,2493
1444,1982
1444,1499
1444,2064
1444,2504
1444,1470
1444,2669
1444,2378
1444,1467
1444,2241
1444,1456
1445,2711
1445,2428
1445,2224
1445,1927
1445,2635
1445,1989
1445,2337
1445,1781
1445,2520
1445,1453
1445,2374
1445,1560
1445,2488
1445,1896
1445,1772
1445,1481
1445,1475
1445,2649
1445,2068
1445,1446
1445,1483
1445,1459
1445,2332
1445,2235
1445,1452
1445,2439
1445,1790
1445,1704
1445,1977
1445,2667
1445,2410
1445,1987
1445,2073
1445,2435
1445,1950
1445,2043
1445,2712
1445,1467
1445,1517
1445,1449
1446,2499
1446,1495
1446,2648
1446,2198
1446,1961
1446,2196
1446,2689
1446,2243
1446,2511
1446,2378
1446,2638
1446,2507
1446,2616
1446,1488
1446,1526
1446,1479
1446,1475
1446,1456
1446,2105
1446,2649
1446,2708
1446,2391
1446,1487
1446,2478
1446,1458
1446,1494
1446,1795
1446,1448
1446,1772
1446,2335
1446,2412
1446,1480
1447,2322
1447,2637
1447,2334
1447,2647
1447,1578
1447,2395
1447,2482
1447,1486
1447,1473
1447,1456
1447,1452
1447,2691
1447,2047
1447,2525
1447,1482
1447,1999
1447,2646
1447,1496
1447,1487
1447,1569
1447,2064
1447,1561
1447,1459
1447,1457
1448,2478
1448,2418
1448,2393
1448,2042
1448,1976
1448,2051
1448,2520
1448,2337
1448,2196
1448,1517
1448,2646
1448,1482
1448,1473
1448,2567
1448,1479
1448,1449
1448,2644
1448,1480
1448,2062
1448,1594
1448,1982
1448,1497
1448,1461
1448,1585
1448,1488
1448,2568
1448,1466
1448,2659
1448,2077
1448,2214
1448,2078
1448,2417
1448,1477
1448,2648
1448,2066
1448,1463
1448,2717
1448,1531
1449,2389
1449,1495
1449,2714
1449,2513
1449,2293
1449,2050
1449,2055
1449,1498
1449,2693
1449,1969
1449,1788
1449,1554
1449,1520
1449,2614
1449,2512
1449,2415
1449,1485
1449,1483
1449,2337
1449,1464
1449,1456
1449,1878
1449,1490
1449,2061
1449,2435
1449,1562
1449,1911
1449,2598
1449,2504
1449,2646
1449,1963
1449,2060
1449,2350
1449,1477
1449,2626
1449,2238
1449,1782
1449,2422
1449,1452
1449,2591
1449,1556
1449,1459
1449,2478
1449,1476
1449,2121
1450,2590
1450,1492
1450,2569
1450,2391
1450,2565
1450,1484
1450,1466
1450,1464
1450,2411
1450,2655
1450,2326
1450,1461
1450,2647
1450,1557
1450,1980
1450,1481
1450,2643
1450,1797
1450,2690
1450,2382
1450,2476
1450,2241
1450,2517
1450,1460
1450,1458
1450,2231
1450,2350
1450,2601
1450,2066
1451,2711
1451,2469
1451,1542
1451,2513
1451,2411
1451,1545
1451,1850
1451,2383
1451,2103
1451,1586
1451,2340
1451,1564
1451,1961
1451,2640
1451,2205
1451,2657
1451,1487
1451,1846
1451,1458
1451,2065
1451,1951
1451,1763
1451,2616
1451,1878
1451,1505
1451,1497
1451,1791
1451,1463
1451,2659
1451,1484
1452,2714
1452,2513
1452,2393
1452,2375
1452,2366
1452,1498
1452,2659
1452,1998
1452,2212
1452,2647
1452,1814
1452,1517
1452,1514
1452,2377
1452,2480
1452,2638
1452,2706
1452,2415
1452,1499
1452,2640
1452,2088
1452,2379
1452,2567
1452,1479
1452,2043
1452,2489
1452,2066
1452,2691
1452,1527
1452,2041
1452,1487
1452,2044
1452,2644
1452,1480
1452,1485
1452,1491
1453,2389
1453,2648
1453,1460
1453,1457
1453,2502
1453,1796
1453,2367
1453,2565
1453,2640
1453,2638
1453,2623
1453,2507
1453,1483
1453,1479
1453,1466
1453,1463
1453,1456
1453,1455
1453,2204
1453,2473
1453,2695
1453,1762
1453,1776
1453,2649
1453,2504
1453,2060
1453,2415
1453,2511
1453,2212
1453,2381
1453,1799
1453,1987
1454,2231
1454,2474
1454,1465
1454,2520
1454,2354
1454,2383
1454,2243
1454,2203
1454,2116
1454,1489
1454,1482
1454,2335
1454,1462
1454,2649
1454,2324
1454,2068
1454,2498
1454,2692
1454,2210
1454,2077
1454,1979
1454,1483
1454,1968
1454,1965
1454,1496
1454,1787
1454,1478
1454,1769
1454,2671
1454,2667
1454,2054
1454,1458
1454,2040
1454,1976
1454,2655
1454,1962
1454,2050
1454,1953
1454,1925
1455,2532
1455,2499
1455,2393
1455,2382
1455,2422
1455,1776
1455,2533
1455,2385
1455,2712
1455,2415
1455,2623
1455,1459
1455,2327
1455,2504
1455,2326
1455,1483
1455,1984
1455,1981
1455,2614
1455,2474
1455,2377
1455,2657
1455,2061
1455,1490
1455,2640
1455,2708
1455,2638
1455,1463
1456,2521
1456,1457
1456,2713
1456,2498
1456,2692
1456,1878
1456,2410
1456,1483
1456,1563
1456,1466
1456,1459
1456,1488
1456,2710
1456,2709
1456,1481
1456,2504
1456,1995
1456,1894
1456,2247
1456,1963
1456,2319
1456,2044
1456,2326
1456,1496
1456,2493
1456,2525
1456,2079
1456,2638
1456,1474
1456,1482
1456,2364
1456,1494
1457,2412
1457,2527
1457,2124
1457,1498
1457,1548
1457,2651
1457,2410
1457,1499
1457,1683
1457,1489
1457,1485
1457,1482
1457,1481
1457,2374
1457,1463
1457,2640
1457,2714
1457,2637
1457,2525
1457,1493
1457,2075
1457,2569
1457,2240
1457,2337
1457,2641
1457,2711
1457,2517
1457,1786
1457,2078
1457,1496
1457,1494
1457,1480
1457,1468
1457,2716
1457,2335
1457,2238
1457,2237
1457,2502
1457,2519
1457,2422
1457,2340
1457,2437
1457,1991
1457,1933
1458,2621
1458,1460
1458,2245
1458,2612
1458,2618
1458,2715
1458,1529
1458,2588
1458,2616
1458,2410
1458,1488
1458,1485
1458,1478
1458,2638
1458,1474
1458,1830
1458,1487
1458,2695
1458,1484
1458,2066
1458,2413
1458,1977
1458,2074
1458,1496
1458,1461
1458,2058
1458,1470
1458,2375
1458,1793
1458,1987
1458,1497
1458,2711
1458,1493
1458,2057
1458,2393
1458,2684
1458,2665
1458,1986
1458,1712
1458,1879
1458,1491
1458,2525
1458,1482
1458,1773
1458,1499
1459,2648
1459,2564
1459,2537
1459,2521
1459,2069
1459,2364
1459,2334
1459,2378
1459,1572
1459,1537
1459,2380
1459,1499
1459,2337
1459,1464
1459,1463
1459,1489
1459,2653
1459,2326
1459,1480
1459,1476
1459,2643
1459,1468
1459,1958
1459,1763
1459,1970
1459,1542
1459,1940
1459,2335
1459,2241
1459,2565
1459,2322
1459,2413
1459,2485
1460,1757
1460,2338
1460,2159
1460,2486
1460,1507
1460,2335
1460,1489
1460,1479
1460,1475
1460,2640
1460,2488
1460,2612
1460,2717
1460,1813
1460,2657
1460,2043
1460,1498
1460,2337
1460,2117
1460,2409
1460,2293
1460,2196
1460,2068
1460,1497
1460,2078
1460,1496
1460,1487
1460,2508
1460,1468
1460,2299
1460,1760
1460,1987
1461,2547
1461,2478
1461,2196
1461,2415
1461,1481
1461,2569
1461,2052
1461,1488
1461,2710
1461,2691
1461,2201
1461,1473
1461,2044
1461,2076
1461,1490
1461,2318
1461,1472
1461,2504
1461,1470
1461,2073
1461,2065
1461,1495
1461,2670
1461,1478
1461,2108
1461,2313
1461,2332
1461,2493
1462,2329
1462,2050
1462,2715
1462,2659
1462,2511
1462,1463
1462,2218
1462,2367
1462,1496
1462,2416
1462,1467
1462,2196
1462,1867
1462,1491
1462,1489
1462,2617
1462,2496
1462,1495
1462,2200
1462,2059
1462,2186
1462,2391
1462,2062
1462,2334
1462,1465
1462,2635
1462,1969
1462,1522
1462,2415
1462,1475
1463,2537
1463,2248
1463,2659
1463,2569
1463,1549
1463,2647
1463,1788
1463,1543
1463,1515
1463,2708
1463,2474
1463,2377
1463,1485
1463,1475
1463,1563
1463,1466
1463,2335
1463,2617
1463,2324
1463,1468
1463,1525
1463,1772
1463,1967
1463,2623
1463,2231
1463,2391
1463,2574
1463,2078
1463,2390
1463,1464
1463,2409
1463,2638
1463,2108
1463,2410
1464,2477
1464,2329
1464,2645
1464,2334
1464,1568
1464,1915
1464,2568
1464,2643
1464,1488
1464,1466
1464,1489
1464,2326
1464,2617
1464,1587
1464,2078
1464,2511
1464,1768
1464,1477
1464,2504
1464,1470
1464,1997
1464,2711
1464,2364
1464,1491
1464,1773
1464,1487
1465,2474
1465,2085
1465,1768
1465,2393
1465,1908
1465,2638
1465,1488
1465,1486
1465,1485
1465,2316
1465,2410
1465,2525
1465,2653
1465,2657
1465,1849
1465,2043
1465,2520
1465,1539
1465,2076
1465,2511
1465,1497
1465,2243
1465,1467
1465,2332
1465,2212
1465,1790
1465,2664
1465,1994
1465,1934
1465,1507
1465,2283
1466,2231
1466,1495
1466,1471
1466,2364
1466,2647
1466,1871
1466,1853
1466,1586
1466,2327
1466,2410
1466,1496
1466,1476
1466,1497
1466,2079
1466,1468
1466,2638
1466,1514
1466,2330
1466,1996
1466,1550
1466,2329
1466,2261
1466,2383
1467,2418
1467,2375
1467,2050
1467,2411
1467,1498
1467,2716
1467,1495
1467,2659
1467,2655
1467,2520
1467,1796
1467,2240
1467,2337
1467,2063
1467,2443
1467,1511
1467,2588
1467,2415
1467,1775
1467,2066
1467,1484
1467,1474
1467,2717
1467,2070
1467,2044
1467,2237
1467,2043
1467,2413
1467,2324
1467,2489
1467,1485
1467,2061
1467,1791
1467,1769
1467,1472
1467,2498
1467,2496
1467,2410
1467,2393
1467,2493
1468,1495
1468,2593
1468,2571
1468,1498
1468,2521
1468,2715
1468,2418
1468,2612
1468,2525
1468,2622
1468,1470
1468,2052
1468,2647
1468,1516
1468,2415
1468,1478
1468,1473
1468,2243
1468,2079
1468,1477
1468,2504
1468,2623
1468,2332
1468,2498
1468,2686
1468,2329
1468,2717
1468,1479
1468,2649
1468,1482
1468,1591
1469,2253
1469,2609
1469,1746
1469,2137
1469,2148
1469,2101
1469,2363
1469,2081
1469,2135
1469,1571
1469,1509
1469,2147
1469,2491
1469,2006
1469,1903
1469,1917
1469,2123
1469,2624
1469,1919
1469,2084
1469,1890
1469,2094
1469,2482
1469,2144
1469,1520
1469,1491
1469,1881
1469,1910
1469,2653
1469,2443
1470,1498
1470,2502
1470,1495
1470,2659
1470,2498
1470,2494
1470,2316
1470,2083
1470,1895
1470,2055
1470,2637
1470,1958
1470,1473
1470,2717
1470,2327
1470,2222
1470,2056
1470,1474
1470,2417
1470,2411
1470,1478
1470,2653
1470,2324
1470,1999
1470,2044
1470,1480
1470,2241
1470,2067
1470,1982
1470,2655
1470,2073
1470,1981
1470,2525
1470,2043
1470,2415
1470,1475
1470,2569
1470,1972
1470,1487
1470,2427
1471,2701
1471,1522
1471,1872
1471,2374
1471,2471
1471,1501
1471,2371
1471,1847
1471,2095
1471,1500
1471,2377
1471,2643
1471,1567
1471,2523
1471,2717
1471,2620
1471,2415
1471,1854
1471,2689
1471,2640
1471,2076
1471,1489
1471,1978
1472,2231
1472,2047
1472,1495
1472,2474
1472,2571
1472,2240
1472,2196
1472,2498
1472,1972
1472,2630
1472,2232
1472,2052
1472,2636
1472,2283
1472,2640
1472,2507
1472,2068
1472,2415
1472,1491
1472,1484
1472,2641
1472,2504
1472,1496
1472,2325
1472,1482
1472,1999
1472,2234
1472,2667
1472,1970
1472,1973
1472,1488
1472,2637
1472,2249
1472,2366
1472,2075
1472,2439
1472,2623
1472,2569
1473,2615
1473,2318
1473,2411
1473,2364
1473,1972
1473,2498
1473,1558
1473,2469
1473,1482
1473,1481
1473,1478
1473,1476
1473,2414
1473,1850
1473,1991
1473,2076
1473,2667
1473,1494
1473,2569
1473,2241
1473,1483
1473,1967
1473,2050
1474,2231
1474,2474
1474,1961
1474,1619
1474,2124
1474,2645
1474,1551
1474,2335
1474,1762
1474,1491
1474,1477
1474,1479
1474,1946
1474,2043
1474,2065
1474,1482
1474,1489
1474,2416
1474,2358
1474,1970
1474,2330
1474,1478
1474,2567
1474,2659
1475,2711
1475,2412
1475,2055
1475,1998
1475,1855
1475,2243
1475,2063
1475,2647
1475,1917
1475,1563
1475,1498
1475,2565
1475,2616
1475,1499
1475,2719
1475,2710
1475,2695
1475,2413
1475,2072
1475,2060
1475,1477
1475,1972
1475,1476
1475,1988
1475,1714
1475,2684
1475,2335
1475,2691
1475,2374
1475,1986
1475,1484
1475,1775
1475,2512
1475,2324
1475,2498
1475,2508
1475,2061
1476,2711
1476,2412
1476,2160
1476,2474
1476,1989
1476,2245
1476,1998
1476,2515
1476,2279
1476,2625
1476,1498
1476,2565
1476,2638
1476,1850
1476,2335
1476,2653
1476,2330
1476,1875
1476,1487
1476,1492
1476,2074
1476,1497
1476,1490
1476,1999
1476,2328
1476,2391
1476,2062
1476,1968
1476,1784
1476,1768
1476,1477
1476,2059
1476,2045
1476,2526
1476,2332
1476,2068
1476,1786
1476,1979
1476,2049
1476,2196
1477,2522
1477,1783
1477,2393
1477,2042
1477,2520
1477,2063
1477,1990
1477,2378
1477,1531
1477,2638
1477,1488
1477,2350
1477,2641
1477,2072
1477,1979
1477,2651
1477,1987
1477,2666
1477,2416
1477,1515
1477,2050
1477,2337
1477,2628
1477,2060
1477,2065
1477,2293
1477,1500
1477,2567
1477,2495
1477,2279
1477,2418
1478,2711
1478,2499
1478,2231
1478,2513
1478,2422
1478,2637
1478,2612
1478,2334
1478,2616
1478,2418
1478,2324
1478,2712
1478,1490
1478,1772
1478,1799
1478,2067
1478,2507
1478,1485
1478,2514
1478,2629
1478,2332
1479,1946
1479,2635
1479,2564
1479,2248
1479,2569
1479,2651
1479,2499
1479,2693
1479,2511
1479,1572
1479,2361
1479,1488
1479,1483
1479,1574
1479,2641
1479,2417
1479,2062
1479,1986
1479,2629
1479,1498
1479,2565
1479,2504
1479,1493
1479,2410
1479,2050
1479,2497
1479,2573
1479,2082
1479,2709
1479,2085
1479,1481
1479,1508
1479,2387
1480,2499
1480,2412
1480,2231
1480,1619
1480,2240
1480,2637
1480,2501
1480,2051
1480,2409
1480,2371
1480,2614
1480,1905
1480,1488
1480,2649
1480,1485
1480,1762
1480,2044
1480,2066
1480,2235
1480,1482
1480,2657
1480,2234
1480,2514
1480,1495
1480,2659
1480,2043
1480,1567
1480,1977
1480,2071
1480,2651
1480,1487
1480,1990
1480,2045
1480,2418
1480,2515
1480,2712
1480,2524
1480,2078
1480,1995
1480,1819
1480,1713
1480,1525
1480,1497
1481,2521
1481,2621
1481,2569
1481,2052
1481,1486
1481,2647
1481,1968
1481,1489
1481,2380
1481,2417
1481,2714
1481,2326
1481,1982
1481,2079
1481,2235
1481,2391
1481,1766
1481,2717
1481,2353
1481,2325
1481,2695
1481,1995
1481,2381
1481,1592
1481,2077
1482,2231
1482,1701
1482,2645
1482,1532
1482,2337
1482,1568
1482,1851
1482,1840
1482,2367
1482,2413
1482,1983
1482,2565
1482,2120
1482,1999
1482,1599
1482,2409
1482,2079
1482,2710
1482,2637
1482,1491
1482,2144
1482,1486
1482,1489
1482,2653
1482,2498
1482,1767
1482,2640
1483,2396
1483,1495
1483,1961
1483,2713
1483,2110
1483,2692
1483,2636
1483,1865
1483,1491
1483,1488
1483,1493
1483,2411
1483,2508
1483,2649
1483,2620
1483,2328
1483,2471
1483,2568
1483,1501
1483,2503
1483,1539
1483,2512
1483,2096
1483,1499
1483,2569
1483,1599
1483,2398
1483,2380
1483,1972
1483,1487
1483,2313
1483,2507
1483,2695
1483,2324
1484,1938
1484,2495
1484,2411
1484,1498
1484,2655
1484,2612
1484,2334
1484,2647
1484,2387
1484,2640
1484,2616
1484,2415
1484,2410
1484,1499
1484,2076
1484,2060
1484,1975
1484,2062
1484,2324
1484,2498
1484,2496
1484,2332
1484,1987
1484,2241
1484,2222
1484,2393
1484,1791
1485,2505
1485,2532
1485,1850
1485,2620
1485,2571
1485,2043
1485,2237
1485,2316
1485,1588
1485,2057
1485,1486
1485,1590
1485,2657
1485,2062
1485,1488
1485,1490
1485,2041
1485,2229
1485,2496
1485,2684
1485,2713
1485,1497
1485,1778
1485,1846
1485,2525
1485,2340
1485,1762
1485,1548
1486,2398
1486,1976
1486,2409
1486,1869
1486,2365
1486,2588
1486,2568
1486,2565
1486,2623
1486,2695
1486,1489
1486,2617
1486,2044
1486,1762
1486,1497
1486,1494
1486,1921
1486,1575
1486,2327
1486,2041
1486,2410
1486,2079
1486,2499
1486,1492
1486,1774
1487,2592
1487,2412
1487,2396
1487,2329
1487,2714
1487,2418
1487,2050
1487,2196
1487,2231
1487,2716
1487,2637
1487,2312
1487,2499
1487,2693
1487,1791
1487,2472
1487,1562
1487,1515
1487,2018
1487,2508
1487,1896
1487,2695
1487,2413
1487,1497
1487,2642
1487,2416
1487,2615
1487,2337
1487,1770
1487,1786
1487,2415
1487,2519
1487,2366
1487,2657
1487,2128
1488,2499
1488,1495
1488,2669
1488,2196
1488,1498
1488,2608
1488,2493
1488,2554
1488,2714
1488,2520
1488,2692
1488,2379
1488,2380
1488,2568
1488,2640
1488,1845
1488,2330
1488,2504
1488,2657
1488,1999
1488,2060
1488,1936
1488,1979
1488,1925
1488,2517
1488,2647
1488,2044
1488,2241
1488,2334
1488,2649
1488,2214
1488,1497
1488,2079
1488,1768
1488,2059
1489,2604
1489,2477
1489,2412
1489,1495
1489,2474
1489,1619
1489,2055
1489,1660
1489,2299
1489,2051
1489,2628
1489,1853
1489,1969
1489,2066
1489,2325
1489,2078
1489,2332
1489,2592
1489,1509
1489,2640
1489,2072
1490,2644
1490,2477
1490,2571
1490,2085
1490,1498
1490,2569
1490,1910
1490,1791
1490,1865
1490,2335
1490,2646
1490,1846
1490,2692
1490,2504
1490,1775
1490,2640
1490,1982
1490,2510
1490,2072
1490,2326
1490,1497
1490,2507
1490,2231
1491,1783
1491,1495
1491,2293
1491,1582
1491,2687
1491,2608
1491,2364
1491,2312
1491,1793
1491,2385
1491,1507
1491,2638
1491,2616
1491,2137
1491,1555
1491,2525
1491,2383
1491,1995
1491,1763
1491,2508
1491,1962
1491,2641
1491,1503
1491,1785
1491,2379
1491,1506
1491,1590
1492,2412
1492,2522
1492,2231
1492,2293
1492,2242
1492,2108
1492,2491
1492,2632
1492,2571
1492,2497
1492,2075
1492,2520
1492,2072
1492,2068
1492,2511
1492,1995
1492,2610
1492,2422
1492,2655
1492,2073
1492,1991
1492,1967
1492,2063
1492,2348
1492,1766
1492,2055
1492,1969
1492,1998
1492,2350
1492,2071
1492,1767
1492,2040
1492,2061
1492,1964
1492,2715
1492,1994
1492,1986
1492,1947
1492,2250
1493,2477
1493,2336
1493,2493
1493,2245
1493,2364
1493,2086
1493,2372
1493,1864
1493,1854
1493,2498
1493,1581
1493,2717
1493,1553
1493,1509
1493,2509
1493,2616
1493,2410
1493,2391
1493,1995
1493,1512
1493,2482
1493,1777
1493,2049
1493,1975
1493,1562
1493,2241
1493,2565
1493,2638
1493,2646
1493,2617
1494,2432
1494,1783
1494,2505
1494,2474
1494,2293
1494,2418
1494,2042
1494,2498
1494,1791
1494,1495
1494,2294
1494,2482
1494,2417
1494,2066
1494,2068
1494,1786
1494,1790
1494,1775
1494,2078
1494,2377
1494,2330
1494,2050
1494,2483
1494,1496
1494,2649
1494,2054
1495,1783
1495,2471
1495,2638
1495,2410
1495,2330
1495,2070
1495,2061
1495,2520
1495,2649
1495,2504
1495,2417
1495,2196
1495,2068
1495,2060
1495,1781
1495,2062
1495,2411
1495,2508
1495,2340
1495,2692
1495,1999
1495,2688
1495,2085
1495,2716
1495,1786
1495,2077
1495,1791
1495,1574
1495,2350
1495,1966
1495,1773
1496,2418
1496,2293
1496,2196
1496,1498
1496,1505
1496,2337
1496,2645
1496,1578
1496,1515
1496,2568
1496,2512
1496,2640
1496,1499
1496,2330
1496,2504
1496,2417
1496,2060
1496,2241
1496,2647
1496,2065
1496,1850
1496,2657
1496,1497
1496,1967
1496,2670
1496,2659
1496,1786
1496,2477
1497,2711
1497,1976
1497,2670
1497,2502
1497,2713
1497,2212
1497,2692
1497,2647
1497,1867
1497,1526
1497,1542
1497,2415
1497,2329
1497,2717
1497,2691
1497,2327
1497,2504
1497,2330
1497,2051
1497,1954
1497,2439
1497,1764
1497,1985
1497,1981
1497,2208
1497,1973
1497,1769
1497,1963
1497,2241
1497,2638
1497,2250
1497,1959
1497,1767
1497,2656
1497,2059
1498,2362
1498,1623
1498,2085
1498,1503
1498,2568
1498,2506
1498,1823
1498,2567
1498,2330
1498,1762
1498,2051
1498,2714
1498,2520
1498,2649
1498,2614
1498,2517
1498,1704
1498,1995
1498,1781
1498,2692
1498,2716
1498,1972
1498,2049
1498,2715
1498,2418
1498,1933
1499,2669
1499,2160
1499,2110
1499,2569
1499,2383
1499,2095
1499,2411
1499,2134
1499,2094
1499,2061
1499,2417
1499,2617
1499,2326
1499,2072
1499,1999
1499,1549
1499,2325
1499,2335
1499,2241
1499,1979
1499,1777
1499,2647
1499,2649
1499,1517
1499,2640
1499,2439
1499,2381
1499,2608
1500,2149
1500,2108
1500,1668
1500,2139
1500,1748
1500,1845
1500,1585
1500,2119
1500,2592
1500,2107
1500,1579
1500,1541
1500,2392
1500,2143
1500,2106
1500,1722
1500,1528
1500,1591
1500,1588
1500,1587
1500,1569
1500,1560
1500,1546
1500,1592
1500,1520
1500,1518
1500,2388
1500,1515
1500,1995
1500,1503
1500,1868
1500,1577
1500,1509
1500,1897
1500,1590
1500,2405
1500,2114
1500,1597
1500,1598
1500,1504
1500,2372
1500,1596
1500,1576
1501,2468
1501,2313
1501,2318
1501,2312
1501,1868
1501,2651
1501,2095
1501,2402
1501,2372
1501,1579
1501,2110
1501,1865
1501,2630
1501,2533
1501,1535
1501,2369
1501,1583
1501,1588
1501,1567
1501,1525
1501,2473
1501,2202
1501,1521
1501,1511
1501,2471
1501,2374
1501,1592
1501,2368
1502,2590
1502,1535
1502,2366
1502,2539
1502,1505
1502,2572
1502,2373
1502,2107
1502,2484
1502,2531
1502,2134
1502,2114
1502,1913
1502,2101
1502,1566
1502,1536
1502,1924
1502,1595
1502,1577
1502,1558
1502,1510
1502,2144
1502,1533
1502,1586
1502,1846
1502,1893
1502,1517
1502,2205
1502,2635
1502,1883
1502,2140
1502,1587
1502,1525
1502,1528
1502,2137
1502,1573
1502,1814
1502,1579
1503,2532
1503,2571
1503,2521
1503,1580
1503,2369
1503,2713
1503,1549
1503,2515
1503,2403
1503,2107
1503,1541
1503,1524
1503,2378
1503,2367
1503,2312
1503,1536
1503,1510
1503,2117
1503,2372
1503,1596
1503,1584
1503,1577
1503,1573
1503,1561
1503,2114
1503,1543
1503,1567
1503,1520
1503,2573
1503,2482
1503,2274
1503,2470
1503,2082
1503,1523
1503,1846
1503,1856
1503,1565
1503,1558
1503,1527
1503,1574
1504,2408
1504,2336
1504,2322
1504,1846
1504,2331
1504,2533
1504,1549
1504,2472
1504,2090
1504,2104
1504,1871
1504,2387
1504,1863
1504,1847
1504,2158
1504,1534
1504,2116
1504,2276
1504,1590
1504,1582
1504,1578
1504,1577
1504,1570
1504,1565
1504,1561
1504,2106
1504,2701
1504,1537
1504,1512
1504,1554
1504,1507
1504,2570
1504,2473
1504,1581
1504,1547
1504,1878
1504,2102
1504,1548
1504,1586
1504,2367
1504,1591
1504,2625
1504,1526
1505,2592
1505,1619
1505,2336
1505,1846
1505,1545
1505,2613
1505,2629
1505,1874
1505,1541
1505,1863
1505,2120
1505,2106
1505,1575
1505,1571
1505,1552
1505,1529
1505,1528
1505,1527
1505,1523
1505,1521
1505,1508
1505,1549
1505,1532
1505,2114
1505,2368
1505,1588
1505,1586
1505,1581
1505,1578
1505,1574
1505,1854
1505,1563
1505,2125
1505,1543
1505,1537
1505,1531
1505,1530
1505,2100
1505,1518
1505,1516
1505,1514
1505,1512
1505,2093
1505,1511
1505,2473
1505,1584
1505,1596
1505,1887
1505,2568
1505,1544
1505,2369
1505,2212
1505,1507
1505,1798
1506,2539
1506,2108
1506,1582
1506,2370
1506,2369
1506,2316
1506,2095
1506,2107
1506,1872
1506,1541
1506,2476
1506,2405
1506,2114
1506,2101
1506,2481
1506,1511
1506,2093
1506,1529
1506,1521
1506,1517
1506,2390
1506,1552
1506,2472
1506,1599
1506,1586
1506,1570
1506,2532
1506,1562
1506,1745
1506,2715
1506,1551
1506,1548
1506,1535
1506,1772
1506,1578
1506,1531
1506,1558
1506,1533
1506,2415
1506,2614
1506,1889
1506,2626
1506,1559
1506,2044
1506,1549
1506,2364
1506,1509
1506,1596
1506,2110
1506,2007
1506,2046
1506,2628
1506,1597
1506,1530
1507,1913
1507,1545
1507,1522
1507,2532
1507,1849
1507,1842
1507,1867
1507,1847
1507,2658
1507,2367
1507,2125
1507,2083
1507,1571
1507,1529
1507,1523
1507,1508
1507,1584
1507,2360
1507,1588
1507,1578
1507,1565
1507,1846
1507,1555
1507,2615
1507,1548
1507,2614
1507,1547
1507,2388
1507,1515
1507,1511
1507,1569
1507,2121
1507,2509
1507,1975
1507,1517
1507,2390
1507,2082
1507,2380
1507,2322
1507,2710
1507,1538
1507,1575
1507,1963
1507,1554
1507,1580
1507,1871
1507,2659
1507,2108
1507,1573
1507,2371
1507,2617
1508,2102
1508,2505
1508,2447
1508,2521
1508,1974
1508,1545
1508,1540
1508,2615
1508,1532
1508,1869
1508,2109
1508,1541
1508,2099
1508,2137
1508,2081
1508,1592
1508,1575
1508,1571
1508,1536
1508,2299
1508,1523
1508,1521
1508,2468
1508,1595
1508,1588
1508,1563
1508,1560
1508,1553
1508,2367
1508,1591
1508,1544
1508,1514
1508,1509
1508,1594
1508,2512
1508,1875
1508,1922
1508,2101
1508,2089
1508,1513
1508,1804
1508,2614
1508,1876
1508,1682
1508,1515
1508,1543
1508,2402
1508,1581
1508,2363
1509,2574
1509,1748
1509,2336
1509,2322
1509,1559
1509,1545
1509,2331
1509,1585
1509,1912
1509,1513
1509,1707
1509,1549
1509,2376
1509,2107
1509,2104
1509,1862
1509,2138
1509,2329
1509,2135
1509,2123
1509,2367
1509,1592
1509,1575
1509,1593
1509,1586
1509,1867
1509,1576
1509,2593
1509,1526
1509,1573
1509,1558
1509,1557
1509,1551
1509,1538
1509,1519
1509,1515
1509,1885
1509,2598
1509,2099
1509,2117
1509,1552
1509,2118
1509,1536
1509,1521
1509,1814
1509,2105
1509,2635
1509,2112
1509,1530
1509,1533
1509,1543
1509,1854
1509,1563
1509,1516
1510,2537
1510,2336
1510,1582
1510,1559
1510,1585
1510,2696
1510,2595
1510,2515
1510,2316
1510,2301
1510,2098
1510,1859
1510,1579
1510,1848
1510,2315
1510,2121
1510,2082
1510,1583
1510,1593
1510,1584
1510,1573
1510,1563
1510,2628
1510,1561
1510,1553
1510,2615
1510,1548
1510,2513
1510,1543
1510,2404
1510,1531
1510,2390
1510,1517
1510,1562
1510,2097
1510,2388
1510,1515
1510,2480
1510,2616
1510,1586
1510,2367
1510,1591
1510,2528
1510,2625
1510,2061
1510,2368
1510,2697
1510,1518
1510,1522
1510,2395
1510,2101
1510,1519
1510,2366
1510,1748
1510,1845
1510,2103
1510,1521
1510,1541
1510,2507
1510,1574
1511,2532
1511,1748
1511,2108
1511,2572
1511,2014
1511,2369
1511,2115
1511,2656
1511,2365
1511,1867
1511,1847
1511,1696
1511,2122
1511,2091
1511,2470
1511,1597
1511,1575
1511,1598
1511,1590
1511,1585
1511,1581
1511,1551
1511,1547
1511,1520
1511,1919
1511,1544
1511,2140
1511,1558
1511,2625
1511,1518
1511,2505
1511,1586
1511,2653
1511,1577
1511,1563
1511,1516
1511,2476
1511,2574
1511,1536
1511,2405
1511,1530
1511,1812
1511,2531
1511,1561
1511,1573
1511,2539
1511,1584
1511,1557
1511,1522
1512,2532
1512,2300
1512,2539
1512,1898
1512,1619
1512,1559
1512,2570
1512,1580
1512,1585
1512,2095
1512,2109
1512,1856
1512,1579
1512,2384
1512,1867
1512,2533
1512,2367
1512,2152
1512,2100
1512,2091
1512,2470
1512,2082
1512,1592
1512,2134
1512,1552
1512,1529
1512,2284
1512,2381
1512,1590
1512,1560
1512,1544
1512,1538
1512,2410
1512,1537
1512,2510
1512,1928
1512,1847
1512,2623
1512,1877
1512,2653
1512,2056
1512,1573
1512,2401
1512,1528
1512,2486
1512,1516
1512,1546
1512,1561
1512,2396
1512,2471
1512,1598
1512,1554
1512,2327
1512,1880
1512,2365
1512,1587
1512,1596
1512,1547
1513,2340
1513,2593
1513,1748
1513,2398
1513,2342
1513,1582
1513,1545
1513,2339
1513,1580
1513,2138
1513,2367
1513,2331
1513,2120
1513,2116
1513,2477
1513,2089
1513,1583
1513,1575
1513,1552
1513,1529
1513,1523
1513,1549
1513,2405
1513,2468
1513,1595
1513,1593
1513,1584
1513,1578
1513,1576
1513,1558
1513,1548
1513,1547
1513,1543
1513,1537
1513,1535
1513,2117
1513,2390
1513,1517
1513,1515
1513,1594
1513,2509
1513,2081
1513,2566
1513,2482
1513,2591
1513,2144
1513,2598
1513,1598
1513,2568
1513,2415
1513,1536
1513,1587
1513,2072
1513,2229
1513,2569
1513,2666
1514,2592
1514,2574
1514,1668
1514,1559
1514,2405
1514,2370
1514,1870
1514,1876
1514,2528
1514,2387
1514,2365
1514,2158
1514,2151
1514,2121
1514,2093
1514,2470
1514,1597
1514,1566
1514,2360
1514,2117
1514,1599
1514,1591
1514,1590
1514,1588
1514,1868
1514,1577
1514,1563
1514,1557
1514,1550
1514,1520
1514,1517
1514,1515
1514,2614
1514,1578
1514,2377
1514,2710
1514,2622
1514,1555
1514,2381
1514,1593
1514,2372
1514,1534
1514,1574
1514,1583
1514,2379
1514,2092
1514,1748
1515,2499
1515,2050
1515,1668
1515,1818
1515,2012
1515,1580
1515,1845
1515,2406
1515,1541
1515,1559
1515,2121
1515,2082
1515,2566
1515,2081
1515,2659
1515,1592
1515,2553
1515,1583
1515,1520
1515,1588
1515,1894
1515,2573
1515,1586
1515,1584
1515,1562
1515,1560
1515,1550
1515,1548
1515,1576
1515,1591
1515,1835
1515,1544
1515,2625
1515,1704
1515,1581
1515,1577
1515,1530
1515,1556
1515,2622
1515,1555
1515,1575
1515,2401
1515,1528
1515,1857
1516,2590
1516,2574
1516,2505
1516,1748
1516,2110
1516,1668
1516,1545
1516,1522
1516,2405
1516,2572
1516,2622
1516,1682
1516,2109
1516,1865
1516,1847
1516,1868
1516,2159
1516,1539
1516,1598
1516,1596
1516,1590
1516,1589
1516,1584
1516,1569
1516,1564
1516,1856
1516,1565
1516,2488
1516,1518
1516,2080
1516,1595
1516,2635
1516,2150
1516,1526
1516,1546
1516,1594
1516,2129
1516,2517
1516,1570
1516,1579
1516,1544
1516,2241
1516,2094
1516,1563
1516,1863
1516,2090
1516,1561
1517,2711
1517,2396
1517,2513
1517,2382
1517,2626
1517,2521
1517,1582
1517,2245
1517,1522
1517,2007
1517,2470
1517,2312
1517,1845
1517,2042
1517,1848
1517,2320
1517,2388
1517,1874
1517,1568
1517,1860
1517,1858
1517,1851
1517,1855
1517,2146
1517,2121
1517,1528
1517,2100
1517,1530
1517,1878
1517,2066
1517,1875
1517,1593
1517,2717
1517,2413
1517,1542
1517,1519
1517,1856
1517,2638
1517,2381
1517,2574
1518,2532
1518,2635
1518,2362
1518,2313
1518,1559
1518,2570
1518,2405
1518,1532
1518,2552
1518,2622
1518,2533
1518,2526
1518,2398
1518,2107
1518,2372
1518,1579
1518,2385
1518,1575
1518,2105
1518,1523
1518,1589
1518,1573
1518,2521
1518,1551
1518,1581
1518,2116
1518,1534
1518,2520
1518,2617
1518,1904
1518,1536
1518,1533
1518,1577
1518,1747
1518,2135
1518,1553
1518,1529
1518,1576
1518,2539
1518,1569
1518,1591
1518,1520
1518,1567
1518,2110
1518,1528
1518,2117
1518,2627
1518,1560
1518,2104
1518,1557
1519,1542
1519,2593
1519,2456
1519,2447
1519,1559
1519,1585
1519,1549
1519,1568
1519,2476
1519,1863
1519,1858
1519,2116
1519,2083
1519,1594
1519,2368
1519,1592
1519,1527
1519,1599
1519,1875
1519,1584
1519,2360
1519,2117
1519,2363
1519,1587
1519,1576
1519,1570
1519,2470
1519,2373
1519,2082
1519,2050
1519,1856
1519,1565
1519,1558
1519,2106
1519,2371
1519,2565
1519,1538
1519,2572
1519,2281
1519,1836
1519,1528
1519,1845
1519,2233
1519,2479
1519,1556
1519,1533
1519,2383
1519,1586
1519,1560
1519,2090
1519,1546
1519,1564
1519,1573
1520,2110
1520,2108
1520,1846
1520,1545
1520,2312
1520,1859
1520,1854
1520,2365
1520,2367
1520,1683
1520,2146
1520,2106
1520,2091
1520,1529
1520,1521
1520,2381
1520,1595
1520,1593
1520,1588
1520,1580
1520,1871
1520,1573
1520,1560
1520,1556
1520,1551
1520,1544
1520,2388
1520,1558
1520,2376
1520,2657
1520,1590
1520,1561
1520,1570
1520,2477
1520,2089
1520,1895
1520,2378
1520,2470
1520,1553
1520,1857
1520,1599
1520,2363
1521,1542
1521,1535
1521,2110
1521,1582
1521,1522
1521,2007
1521,1928
1521,2118
1521,1568
1521,2105
1521,2101
1521,2143
1521,2091
1521,2405
1521,2599
1521,2114
1521,1597
1521,2564
1521,1594
1521,2135
1521,2638
1521,1571
1521,2381
1521,2659
1521,2368
1521,2089
1521,1572
1521,1558
1521,2525
1521,1538
1521,1564
1521,1893
1521,1546
1521,1857
1521,1544
1521,1748
1521,1554
1521,2130
1521,1539
1521,1842
1521,1534
1521,1704
1521,2468
1521,1595
1521,1860
1522,2468
1522,1989
1522,1849
1522,2113
1522,2499
1522,2111
1522,1580
1522,1541
1522,1867
1522,1872
1522,2387
1522,1591
1522,2135
1522,2094
1522,1536
1522,2405
1522,1848
1522,1599
1522,2390
1522,1878
1522,1587
1522,1523
1522,2369
1522,1570
1522,1569
1522,1549
1522,2131
1522,1567
1522,1562
1522,2574
1522,2091
1522,2372
1522,1596
1522,2341
1522,1856
1522,1565
1522,1568
1523,2102
1523,2564
1523,1748
1523,1722
1523,2626
1523,2398
1523,1545
1523,2245
1523,2405
1523,1532
1523,1585
1523,2095
1523,2403
1523,1524
1523,1882
1523,2367
1523,2143
1523,1526
1523,1552
1523,1565
1523,1874
1523,1583
1523,1536
1523,2379
1523,1598
1523,1584
1523,1595
1523,1548
1523,2563
1523,1593
1523,2322
1523,1546
1523,2097
1523,2485
1523,2489
1523,1907
1523,2482
1523,1928
1523,1575
1523,2327
1523,2318
1523,2512
1523,2574
1523,2477
1523,2373
1523,1597
1523,1543
1523,1581
1523,1534
1523,2152
1523,1588
1523,2520
1523,2284
1523,2509
1523,1571
1524,2464
1524,2447
1524,1748
1524,2284
1524,2370
1524,1870
1524,2086
1524,1585
1524,2622
1524,1874
1524,1568
1524,1536
1524,1527
1524,1599
1524,2092
1524,1857
1524,1577
1524,1564
1524,2366
1524,1590
1524,2087
1524,1543
1524,2372
1524,1596
1524,2007
1524,2395
1524,2010
1524,2057
1524,2614
1524,1586
1524,1936
1524,1842
1524,1573
1524,2402
1524,2111
1524,1900
1524,2590
1524,2105
1524,1541
1524,2532
1524,1562
1525,2539
1525,2313
1525,2108
1525,1545
1525,2405
1525,2572
1525,2620
1525,2232
1525,2090
1525,1568
1525,2131
1525,2103
1525,2100
1525,1583
1525,1571
1525,2117
1525,1598
1525,1586
1525,1875
1525,1584
1525,1570
1525,1565
1525,1973
1525,1538
1525,1581
1525,1534
1525,1533
1525,2614
1525,2483
1525,2110
1525,1528
1525,2084
1525,1890
1525,1529
1525,1576
1525,2076
1525,1592
1525,2368
1525,2509
1525,2007
1525,2104
1525,2395
1525,1560
1525,1596
1525,2654
1525,1878
1525,1912
1526,2499
1526,1832
1526,1582
1526,1559
1526,2090
1526,2476
1526,1840
1526,2158
1526,2477
1526,2089
1526,1597
1526,1592
1526,1575
1526,1566
1526,2118
1526,1536
1526,1527
1526,2114
1526,1589
1526,1567
1526,1555
1526,2117
1526,1553
1526,1550
1526,1584
1526,1875
1526,1546
1526,2116
1526,1534
1526,1868
1526,1577
1526,2336
1526,1560
1526,1598
1526,2143
1526,2628
1526,2105
1526,1556
1526,2539
1526,1569
1526,2566
1526,2367
1526,1587
1526,2319
1526,2390
1527,2574
1527,2285
1527,1827
1527,2490
1527,2336
1527,1619
1527,2007
1527,2441
1527,2364
1527,1848
1527,1738
1527,2080
1527,1867
1527,1860
1527,1858
1527,2156
1527,2367
1527,2081
1527,1812
1527,2103
1527,1539
1527,1890
1527,1556
1527,1554
1527,2133
1527,2083
1527,1889
1527,1533
1527,2614
1527,1853
1527,2144
1527,2318
1527,2512
1527,2507
1527,2140
1527,2625
1527,1594
1527,1529
1527,1573
1527,2593
1527,2094
1527,1577
1528,2635
1528,2505
1528,2491
1528,1626
1528,2405
1528,2102
1528,1908
1528,2126
1528,2109
1528,2104
1528,1722
1528,2401
1528,2146
1528,1575
1528,2081
1528,1596
1528,1595
1528,1590
1528,1563
1528,1561
1528,1560
1528,2140
1528,2043
1528,1558
1528,1587
1528,2485
1528,1530
1528,2616
1528,1591
1528,2148
1528,1566
1528,2439
1528,1541
1528,2470
1528,1597
1528,1571
1528,1867
1528,1576
1528,1905
1528,2362
1528,2071
1528,2107
1528,1531
1529,1748
1529,1582
1529,1545
1529,2481
1529,2620
1529,1842
1529,1579
1529,2531
1529,2131
1529,2099
1529,2106
1529,1593
1529,2316
1529,2122
1529,2120
1529,2368
1529,1577
1529,2505
1529,2117
1529,1578
1529,2598
1529,1531
1529,1587
1529,2110
1529,2102
1529,1546
1529,1837
1529,2512
1529,2082
1529,2574
1529,1588
1529,1841
1530,2528
1530,2408
1530,2102
1530,2714
1530,2593
1530,1846
1530,1559
1530,1848
1530,2115
1530,1579
1530,2125
1530,2121
1530,2114
1530,1597
1530,1552
1530,1598
1530,1596
1530,1588
1530,1586
1530,1565
1530,1544
1530,1538
1530,1531
1530,2654
1530,1878
1530,2482
1530,1554
1530,1828
1530,2324
1530,2110
1530,2572
1530,2378
1530,1893
1530,2504
1530,2390
1530,1569
1530,2536
1530,1551
1530,1833
1530,2084
1530,2473
1530,2688
1530,1815
1530,2388
1531,2532
1531,2102
1531,1748
1531,2108
1531,1582
1531,1580
1531,1532
1531,2046
1531,1872
1531,1594
1531,1575
1531,1587
1531,2637
1531,1570
1531,1565
1531,1558
1531,1842
1531,2133
1531,1551
1531,1546
1531,1586
1531,2573
1531,2379
1531,1533
1531,2473
1531,2507
1531,1592
1531,2368
1531,1569
1531,2239
1531,1560
1531,1576
1531,2117
1531,1564
1531,2598
1531,2318
1531,1534
1531,1584
1531,1540
1531,2122
1531,1571
1532,2574
1532,2539
1532,1748
1532,2108
1532,2085
1532,1582
1532,1545
1532,2363
1532,2119
1532,2111
1532,1859
1532,2086
1532,2595
1532,2125
1532,2315
1532,2121
1532,2106
1532,2094
1532,2093
1532,1597
1532,1575
1532,1552
1532,2281
1532,2390
1532,2360
1532,1598
1532,1596
1532,1581
1532,1578
1532,1561
1532,2336
1532,1560
1532,1555
1532,1844
1532,1553
1532,1534
1532,1533
1532,2404
1532,1577
1532,1586
1532,2419
1532,1576
1532,2643
1532,2678
1532,1805
1532,2573
1532,2282
1533,2532
1533,2635
1533,1535
1533,2608
1533,1585
1533,1549
1533,2090
1533,2104
1533,2080
1533,1579
1533,2365
1533,1704
1533,2092
1533,2595
1533,1819
1533,2401
1533,1928
1533,2122
1533,2103
1533,2659
1533,2368
1533,2159
1533,1577
1533,1551
1533,2574
1533,2380
1533,1591
1533,2320
1533,1544
1533,2625
1533,2113
1533,1574
1533,2084
1533,2105
1533,1588
1533,1561
1533,1869
1533,2548
1533,1590
1533,1858
1533,1567
1533,2382
1533,2082
1534,1542
1534,2382
1534,1580
1534,1585
1534,1846
1534,2622
1534,1852
1534,2097
1534,1874
1534,1579
1534,1541
1534,1575
1534,2107
1534,1552
1534,1539
1534,2573
1534,1565
1534,2533
1534,1563
1534,1593
1534,2368
1534,1569
1534,2334
1534,2625
1534,1558
1534,1863
1534,2574
1534,2380
1534,1878
1534,2373
1534,1597
1534,1550
1534,1598
1534,1568
1534,1868
1534,1595
1534,1543
1534,1591
1535,2711
1535,2532
1535,1841
1535,2111
1535,2204
1535,2107
1535,2097
1535,2087
1535,1582
1535,1585
1535,1580
1535,2365
1535,2154
1535,1862
1535,1668
1535,2404
1535,2367
1535,2106
1535,2094
1535,1597
1535,1592
1535,2368
1535,2110
1535,2318
1535,2117
1535,1566
1535,1857
1535,2084
1535,1599
1535,1598
1535,1590
1535,1581
1535,1576
1535,1574
1535,1569
1535,1565
1535,1855
1535,1564
1535,1854
1535,1563
1535,1553
1535,1551
1535,2573
1535,2376
1535,1575
1535,2336
1535,1560
1535,2507
1536,2505
1536,2313
1536,1748
1536,1559
1536,1619
1536,2608
1536,1580
1536,2369
1536,1917
1536,1734
1536,2107
1536,1568
1536,2094
1536,2082
1536,1552
1536,1563
1536,1553
1536,1547
1536,2146
1536,1564
1536,2113
1536,2598
1536,2512
1536,1557
1536,1668
1536,2638
1536,2234
1536,1592
1536,2368
1536,2077
1536,2171
1536,1570
1536,1569
1536,2066
1536,2708
1536,1578
1536,1587
1536,2574
1536,2089
1536,2380
1536,2572
1537,2532
1537,2382
1537,1582
1537,1850
1537,2533
1537,2080
1537,2038
1537,1844
1537,2151
1537,2418
1537,2127
1537,1539
1537,2121
1537,2114
1537,1599
1537,1549
1537,2616
1537,1596
1537,2388
1537,1589
1537,1584
1537,1864
1537,1573
1537,1543
1537,1576
1537,2260
1537,2086
1537,2138
1537,2156
1537,1574
1537,1592
1537,2090
1537,1561
1537,1814
1538,2108
1538,1540
1538,2570
1538,1846
1538,2331
1538,2370
1538,2341
1538,2470
1538,2373
1538,2693
1538,2402
1538,2111
1538,1874
1538,1862
1538,1854
1538,2521
1538,1842
1538,1541
1538,2315
1538,1840
1538,2090
1538,1590
1538,1584
1538,1570
1538,2539
1538,1569
1538,1564
1538,1848
1538,1557
1538,1581
1538,2380
1538,1911
1538,1589
1538,2318
1538,2482
1538,1556
1538,2623
1538,2439
1538,1828
1538,2073
1538,2401
1538,1577
1538,2597
1538,1851
1538,1560
1538,1578
1538,2565
1538,1598
1538,1587
1539,2362
1539,1913
1539,2644
1539,2521
1539,2336
1539,1582
1539,2318
1539,2012
1539,1928
1539,1852
1539,2121
1539,2716
1539,2105
1539,2089
1539,1592
1539,2112
1539,1595
1539,1564
1539,2098
1539,1563
1539,2331
1539,2566
1539,2097
1539,2144
1539,2099
1539,2608
1539,2091
1539,1907
1539,1544
1539,2038
1539,1556
1539,2385
1539,1559
1539,2405
1540,2129
1540,1582
1540,1912
1540,1736
1540,2119
1540,1861
1540,2343
1540,2151
1540,2012
1540,2331
1540,2143
1540,2112
1540,2081
1540,1575
1540,2117
1540,1591
1540,2154
1540,1572
1540,1560
1540,2509
1540,1910
1540,1900
1540,2087
1540,1893
1540,2560
1540,1550
1540,2135
1540,2038
1540,1941
1541,2532
1541,2499
1541,2102
1541,1542
1541,2539
1541,2382
1541,2313
1541,1974
1541,2405
1541,1585
1541,1848
1541,2109
1541,2592
1541,2107
1541,2104
1541,2315
1541,2138
1541,2127
1541,2363
1541,1587
1541,2469
1541,2081
1541,2368
1541,1592
1541,2390
1541,2568
1541,1598
1541,1577
1541,1572
1541,2123
1541,2140
1541,2092
1541,1571
1541,2638
1541,2407
1541,2213
1541,2120
1541,2388
1541,1575
1541,1594
1541,2470
1541,2408
1541,2505
1541,2117
1541,1553
1541,2379
1541,2540
1541,2367
1541,2322
1541,1546
1541,1846
1541,2622
1542,2510
1542,1868
1542,1974
1542,1858
1542,1872
1542,1583
1542,2620
1542,2318
1542,1875
1542,1598
1542,1565
1542,1550
1542,2108
1542,1863
1542,1544
1542,2701
1542,1854
1542,2533
1542,2614
1542,2509
1542,2095
1542,1557
1542,2590
1542,1865
1542,2314
1542,2411
1542,2689
1543,2499
1543,1585
1543,1859
1543,1568
1543,1858
1543,1840
1543,2106
1543,2245
1543,1566
1543,2390
1543,1599
1543,1595
1543,1586
1543,1578
1543,1577
1543,1598
1543,1551
1543,2514
1543,1878
1543,2144
1543,1995
1543,2701
1543,1581
1543,1570
1543,1814
1543,1875
1543,1560
1543,1557
1543,2401
1543,2381
1543,2404
1543,2598
1543,1569
1544,2204
1544,1913
1544,1619
1544,2108
1544,1846
1544,1559
1544,2659
1544,1580
1544,2109
1544,2106
1544,1583
1544,1552
1544,1576
1544,1556
1544,1548
1544,1588
1544,1819
1544,2383
1544,2598
1544,2568
1544,1570
1544,1899
1544,1558
1544,2043
1544,1569
1544,2499
1544,2102
1544,2710
1544,2213
1544,1557
1544,1574
1544,1597
1544,2573
1544,1563
1545,2505
1545,1846
1545,2534
1545,2388
1545,1580
1545,2373
1545,2367
1545,2125
1545,2106
1545,2084
1545,1594
1545,1575
1545,1571
1545,2590
1545,1814
1545,2090
1545,2099
1545,2390
1545,2405
1545,1848
1545,1857
1545,1598
1545,2363
1545,1587
1545,1586
1545,1584
1545,1581
1545,1572
1545,2341
1545,1565
1545,2240
1545,1561
1545,2318
1545,2102
1545,2572
1545,2566
1545,2113
1545,2598
1545,2623
1545,2312
1545,2400
1545,2497
1545,2366
1545,2075
1546,2532
1546,2477
1546,1974
1546,1704
1546,2622
1546,1848
1546,2515
1546,2090
1546,2118
1546,1854
1546,2531
1546,2371
1546,1867
1546,2114
1546,2091
1546,2470
1546,2082
1546,1585
1546,1857
1546,1553
1546,1598
1546,1842
1546,1551
1546,2112
1546,1548
1546,2367
1546,2101
1546,2105
1546,1547
1546,2150
1546,2093
1546,1928
1546,2122
1546,2389
1546,1558
1546,2216
1546,2483
1546,2360
1547,1783
1547,2513
1547,1849
1547,1559
1547,2500
1547,1848
1547,2515
1547,1814
1547,1689
1547,1579
1547,1713
1547,2392
1547,2120
1547,2116
1547,2564
1547,1594
1547,1583
1547,2390
1547,2573
1547,2379
1547,2360
1547,1596
1547,1591
1547,1587
1547,1586
1547,1573
1547,2537
1547,1567
1547,1565
1547,1563
1547,1895
1547,1748
1547,1554
1547,1868
1547,1560
1547,1569
1547,2117
1547,1553
1547,2532
1547,1598
1547,1551
1547,1599
1547,2570
1547,1590
1548,2428
1548,1722
1548,2108
1548,1580
1548,2654
1548,1549
1548,2118
1548,1872
1548,1579
1548,2371
1548,2134
1548,2116
1548,2106
1548,2084
1548,1566
1548,2470
1548,2567
1548,1573
1548,1550
1548,1577
1548,1804
1548,1875
1548,2613
1548,1591
1548,1582
1548,2379
1548,1592
1548,2083
1548,1556
1548,2200
1548,2103
1548,2588
1548,2572
1548,2196
1548,2390
1548,2157
1548,1575
1548,1578
1549,2539
1549,2396
1549,2428
1549,1846
1549,2572
1549,2369
1549,2113
1549,2097
1549,1579
1549,2387
1549,1580
1549,2114
1549,2038
1549,1597
1549,1583
1549,1571
1549,1552
1549,1598
1549,1591
1549,1585
1549,1576
1549,2127
1549,2382
1549,2510
1549,1928
1549,1734
1549,2316
1549,1574
1549,1573
1549,2482
1549,1596
1549,1560
1549,2371
1549,1595
1549,2478
1549,1799
1550,2592
1550,2528
1550,2537
1550,2003
1550,1876
1550,1585
1550,2425
1550,2110
1550,2595
1550,2119
1550,2104
1550,1842
1550,1568
1550,2384
1550,2367
1550,2396
1550,2105
1550,1583
1550,1575
1550,1857
1550,1577
1550,1574
1550,2533
1550,1563
1550,2114
1550,1556
1550,1846
1550,1555
1550,2469
1550,1596
1550,1878
1550,1919
1550,1748
1550,1554
1550,2319
1550,1562
1550,2360
1550,2616
1550,1560
1550,2572
1550,1893
1550,2340
1550,2146
1550,1564
1550,1571
1550,2115
1550,1557
1550,2101
1550,2379
1551,2336
1551,2108
1551,1559
1551,2570
1551,2405
1551,2194
1551,2374
1551,2090
1551,2111
1551,1580
1551,1871
1551,1748
1551,1845
1551,2401
1551,2340
1551,1855
1551,2146
1551,2590
1551,1814
1551,2105
1551,2094
1551,2373
1551,2368
1551,1591
1551,1588
1551,1561
1551,2391
1551,1555
1551,1837
1551,1858
1551,1594
1551,1584
1551,1875
1551,1582
1551,2616
1551,2117
1551,1577
1551,1563
1551,2091
1551,1565
1551,2522
1552,2574
1552,2499
1552,2447
1552,2398
1552,2108
1552,1559
1552,2613
1552,2419
1552,1585
1552,1846
1552,2622
1552,2376
1552,2119
1552,2012
1552,2109
1552,2260
1552,1872
1552,2365
1552,2401
1552,1857
1552,2103
1552,1586
1552,1578
1552,1563
1552,1569
1552,2480
1552,1565
1552,1577
1552,1593
1552,2146
1552,2616
1552,2476
1552,2080
1552,1595
1552,1556
1552,2318
1552,2414
1552,2115
1552,2100
1552,1592
1553,2592
1553,2382
1553,2470
1553,1928
1553,1876
1553,1585
1553,2622
1553,2425
1553,1814
1553,2402
1553,2080
1553,1874
1553,1568
1553,2572
1553,2378
1553,1861
1553,2156
1553,2106
1553,2083
1553,1594
1553,2390
1553,2117
1553,2573
1553,2379
1553,1869
1553,1578
1553,1576
1553,2532
1553,1853
1553,1562
1553,1560
1553,2526
1553,1556
1553,2380
1553,2503
1553,2372
1553,1596
1553,2363
1553,1878
1553,1704
1553,2383
1553,2388
1553,1599
1553,2387
1553,1554
1553,2367
1553,2405
1554,2102
1554,2293
1554,2259
1554,2108
1554,2318
1554,2513
1554,2370
1554,1848
1554,2692
1554,1874
1554,1692
1554,2371
1554,1867
1554,2100
1554,2091
1554,2082
1554,1597
1554,2379
1554,1972
1554,2360
1554,1596
1554,1578
1554,2543
1554,1573
1554,1572
1554,1564
1554,1560
1554,1555
1554,2482
1554,2625
1554,2695
1554,2540
1554,2086
1554,2515
1554,2532
1554,2144
1554,2608
1554,2253
1554,1574
1554,2714
1554,1559
1554,2408
1554,1854
1554,1563
1554,2380
1554,1568
1555,2102
1555,1704
1555,2109
1555,2533
1555,1854
1555,2392
1555,2143
1555,2116
1555,2395
1555,2565
1555,1597
1555,2574
1555,2119
1555,2598
1555,2360
1555,2390
1555,1591
1555,2620
1555,2710
1555,1581
1555,2532
1555,1562
1555,1573
1556,2408
1556,1912
1556,1846
1556,2626
1556,1559
1556,2570
1556,1765
1556,2629
1556,1928
1556,1580
1556,2572
1556,2403
1556,2372
1556,1874
1556,1840
1556,2143
1556,1597
1556,1588
1556,1557
1556,1883
1556,2120
1556,2508
1556,1844
1556,2619
1556,2109
1556,2146
1556,2336
1556,1560
1556,1595
1556,2568
1556,2099
1556,2390
1556,1577
1556,2114
1556,2152
1556,1594
1556,1576
1556,2102
1557,2110
1557,1559
1557,1580
1557,2383
1557,2402
1557,1859
1557,1865
1557,2152
1557,2340
1557,2146
1557,2114
1557,1594
1557,2379
1557,2117
1557,1857
1557,1683
1557,1586
1557,1569
1557,2598
1557,2060
1557,2513
1557,1591
1557,2614
1557,1563
1557,2378
1557,2473
1557,1573
1557,2566
1557,2389
1557,2121
1557,1849
1557,1558
1557,1588
1557,2537
1557,1858
1557,1567
1558,2398
1558,1846
1558,1585
1558,2104
1558,2117
1558,1877
1558,1586
1558,2360
1558,1584
1558,1581
1558,1560
1558,2614
1558,2473
1558,2133
1558,2378
1558,1578
1558,2102
1558,2593
1558,2472
1558,1717
1558,2105
1558,2401
1558,1564
1559,2574
1559,2475
1559,2322
1559,2115
1559,2111
1559,2098
1559,1580
1559,2622
1559,2105
1559,2083
1559,1594
1559,2405
1559,2369
1559,1576
1559,1574
1559,2149
1559,1567
1559,1565
1559,1563
1559,1561
1559,2323
1559,1894
1559,2379
1559,2366
1559,1590
1559,2318
1559,2157
1559,2020
1559,1562
1559,2144
1559,2410
1560,2574
1560,2477
1560,2336
1560,2012
1560,1580
1560,2479
1560,1751
1560,2118
1560,2115
1560,2111
1560,2104
1560,2080
1560,1862
1560,2106
1560,2105
1560,1592
1560,1583
1560,1884
1560,1593
1560,1574
1560,2146
1560,2392
1560,2094
1560,2082
1560,2038
1560,1844
1560,1598
1560,1570
1560,1972
1561,1894
1561,2539
1561,2363
1561,1846
1561,2622
1561,1848
1561,1750
1561,2007
1561,2104
1561,1568
1561,1928
1561,2122
1561,2116
1561,2091
1561,1594
1561,1588
1561,2390
1561,1591
1561,1586
1561,1576
1561,2154
1561,1572
1561,1570
1561,2509
1561,2335
1561,2101
1561,1575
1561,2110
1561,2614
1561,2537
1561,1567
1561,2102
1561,1842
1561,1856
1561,2570
1561,1590
1562,2474
1562,2204
1562,2539
1562,2196
1562,1974
1562,2498
1562,2572
1562,1848
1562,2418
1562,2515
1562,2701
1562,2119
1562,2115
1562,1871
1562,1579
1562,1594
1562,1575
1562,1857
1562,2468
1562,1595
1562,1585
1562,1578
1562,1572
1562,1570
1562,2395
1562,2482
1562,2635
1562,2247
1562,1571
1562,2027
1562,1581
1562,1584
1562,1875
1562,2322
1562,2620
1562,1563
1562,1979
1562,2372
1563,2102
1563,2682
1563,1668
1563,1582
1563,2363
1563,2533
1563,2369
1563,2308
1563,2115
1563,2111
1563,2109
1563,2123
1563,2143
1563,2105
1563,2089
1563,2083
1563,1597
1563,2082
1563,2081
1563,1592
1563,1576
1563,1590
1563,2624
1563,2640
1563,2364
1563,1588
1563,2011
1563,1567
1563,1872
1563,2103
1563,2408
1563,2121
1563,1583
1563,1591
1563,1846
1563,2331
1563,2622
1563,2719
1563,2360
1563,1748
1563,2110
1564,2574
1564,2319
1564,2539
1564,2478
1564,2672
1564,2342
1564,2322
1564,2007
1564,2533
1564,2456
1564,1874
1564,1864
1564,2531
1564,2137
1564,2105
1564,1599
1564,1598
1564,1595
1564,1587
1564,1590
1564,2624
1564,2110
1564,2401
1564,2213
1564,2122
1564,1748
1564,2114
1564,2109
1564,1579
1564,1893
1564,2086
1564,1596
1565,2108
1565,2608
1565,1580
1565,2572
1565,2520
1565,2654
1565,2363
1565,2533
1565,1848
1565,2090
1565,1856
1565,1851
1565,1575
1565,2379
1565,1592
1565,2368
1565,1593
1565,2152
1565,1570
1565,1569
1565,2574
1565,2089
1565,1589
1565,1572
1565,1591
1565,1583
1565,2389
1565,2098
1565,2683
1565,1867
1565,2643
1565,2106
1565,2103
1565,1596
1565,2370
1565,1594
1566,2505
1566,1582
1566,2095
1566,1814
1566,2402
1566,2098
1566,2622
1566,2387
1566,1841
1566,2123
1566,2116
1566,1708
1566,2084
1566,1879
1566,1597
1566,1857
1566,2588
1566,2281
1566,1576
1566,2021
1566,1598
1566,2083
1566,2589
1566,1594
1566,2205
1566,1872
1566,2407
1566,2207
1566,2137
1567,2408
1567,2102
1567,2447
1567,2571
1567,2196
1567,1850
1567,2051
1567,1580
1567,2479
1567,1842
1567,1579
1567,2138
1567,2146
1567,2106
1567,1571
1567,2573
1567,2083
1567,2568
1567,1598
1567,1596
1567,1576
1567,1872
1567,1581
1567,2130
1567,1821
1567,2112
1567,2360
1567,2078
1567,2143
1567,2115
1567,2108
1567,2381
1567,1845
1567,2114
1567,1573
1567,2470
1567,1597
1567,2565
1567,2098
1567,1848
1568,2314
1568,2570
1568,2086
1568,1585
1568,2472
1568,2095
1568,2454
1568,2109
1568,2104
1568,2388
1568,1861
1568,1847
1568,2401
1568,2369
1568,1593
1568,1853
1568,2144
1568,1864
1568,2640
1568,1812
1568,2531
1568,1583
1568,2107
1568,1668
1568,1571
1568,2390
1568,2146
1568,1595
1568,1845
1568,1699
1569,2532
1569,2393
1569,2382
1569,1913
1569,1898
1569,2336
1569,2110
1569,2620
1569,1876
1569,2008
1569,1742
1569,2115
1569,2109
1569,2097
1569,1864
1569,2392
1569,1685
1569,2367
1569,2143
1569,2117
1569,1857
1569,2568
1569,1598
1569,2365
1569,1589
1569,1576
1569,1584
1569,1875
1569,1593
1569,1578
1569,1599
1569,1577
1569,2373
1569,1694
1569,1586
1569,2405
1569,2114
1570,2478
1570,2477
1570,2445
1570,2340
1570,2620
1570,2533
1570,1845
1570,2385
1570,1861
1570,2112
1570,2103
1570,2081
1570,1594
1570,1571
1570,2390
1570,1590
1570,2363
1570,1587
1570,1586
1570,2360
1570,1584
1570,2568
1570,2391
1570,1884
1570,2208
1570,2118
1570,2592
1570,2102
1570,2379
1570,2614
1570,1589
1570,2336
1570,2392
1570,2404
1570,1928
1570,1578
1570,1897
1571,2447
1571,2366
1571,2647
1571,2515
1571,2109
1571,1844
1571,2135
1571,2106
1571,2083
1571,1594
1571,1689
1571,1592
1571,2368
1571,1587
1571,1586
1571,1581
1571,2116
1571,2504
1571,1597
1571,2082
1571,2635
1571,2468
1571,2398
1571,2101
1571,2105
1571,2110
1571,1578
1571,1575
1571,2379
1572,2597
1572,1619
1572,2336
1572,2110
1572,2613
1572,2404
1572,2146
1572,1598
1572,2574
1572,2151
1572,1587
1572,2366
1572,1896
1572,2363
1572,2598
1572,1585
1572,2595
1572,2078
1572,1805
1572,2505
1572,1897
1572,2398
1572,1599
1572,2701
1572,1573
1572,2118
1572,1842
1573,2592
1573,2631
1573,2340
1573,2521
1573,2366
1573,2336
1573,2470
1573,1580
1573,1585
1573,2533
1573,1869
1573,2538
1573,1841
1573,1579
1573,2572
1573,1583
1573,1575
1573,2573
1573,2390
1573,2360
1573,1593
1573,1589
1573,1581
1573,2509
1573,2376
1573,2473
1573,2565
1573,1577
1573,1999
1573,1807
1573,1846
1573,2331
1573,1574
1573,2100
1573,2214
1573,2091
1573,2083
1573,2574
1574,2382
1574,2398
1574,2110
1574,2620
1574,2528
1574,1946
1574,1849
1574,2281
1574,2090
1574,1723
1574,2564
1574,2539
1574,1860
1574,1847
1574,1706
1574,2368
1574,2560
1574,1590
1574,1783
1574,2365
1574,1589
1574,1578
1574,1846
1574,2525
1574,2007
1574,2395
1574,1576
1574,1586
1574,2150
1574,1748
1574,2708
1574,2383
1574,1587
1574,1579
1574,2364
1574,2128
1574,2710
1574,1928
1574,2314
1574,2508
1574,2186
1574,2083
1575,2521
1575,1912
1575,1721
1575,1880
1575,2339
1575,2119
1575,2087
1575,2152
1575,2082
1575,2368
1575,2362
1575,1586
1575,2130
1575,1577
1575,1835
1575,1595
1575,2593
1575,2105
1575,2090
1575,2114
1575,2382
1575,2112
1575,1857
1575,1584
1575,1599
1575,1581
1575,2100
1576,2532
1576,2405
1576,1842
1576,2572
1576,1867
1576,1583
1576,1588
1576,1581
1576,1858
1576,2657
1576,1592
1576,2368
1576,2539
1576,1857
1576,2108
1576,2205
1576,2373
1576,1578
1576,2468
1576,1595
1576,2007
1576,2104
1576,1579
1576,1598
1576,2336
1577,2564
1577,2505
1577,2240
1577,1846
1577,2364
1577,1704
1577,1580
1577,1871
1577,1854
1577,2146
1577,2112
1577,2683
1577,2101
1577,1583
1577,2390
1577,1581
1577,1599
1577,2415
1577,2566
1577,2114
1577,2106
1577,2083
1577,1598
1577,2679
1577,2108
1577,2570
1577,1857
1577,1590
1577,2513
1578,2590
1578,2102
1578,2698
1578,2108
1578,2012
1578,2654
1578,1854
1578,2371
1578,1583
1578,2390
1578,2381
1578,1599
1578,1743
1578,2616
1578,2508
1578,1861
1578,2499
1578,1820
1578,1867
1578,1844
1578,1594
1578,1586
1578,2653
1578,1581
1578,2066
1578,2101
1578,2489
1578,1598
1578,1843
1578,2340
1578,2146
1578,1756
1578,1593
1579,2539
1579,2521
1579,2318
1579,2572
1579,1876
1579,2622
1579,2260
1579,1852
1579,2118
1579,2097
1579,2388
1579,1874
1579,1856
1579,2387
1579,2371
1579,2592
1579,1719
1579,2125
1579,2651
1579,1875
1579,1591
1579,1588
1579,1877
1579,1586
1579,2115
1579,2018
1579,2306
1579,1596
1579,2373
1579,2366
1579,2256
1579,1871
1580,2405
1580,1721
1580,2364
1580,1928
1580,1582
1580,1740
1580,2402
1580,2115
1580,1844
1580,2367
1580,2152
1580,2622
1580,2137
1580,2103
1580,2118
1580,1585
1580,1590
1580,1587
1580,1877
1580,1586
1580,1851
1580,2388
1580,2539
1580,1598
1580,2568
1580,1584
1581,2706
1581,2389
1581,2490
1581,2336
1581,1832
1581,1704
1581,2651
1581,2007
1581,2104
1581,2315
1581,2151
1581,1683
1581,2106
1581,1597
1581,1583
1581,1595
1581,1593
1581,1831
1581,2083
1581,2108
1581,1872
1581,2592
1581,2689
1581,2107
1581,1756
1581,2097
1581,2616
1581,2464
1581,2076
1581,2110
1581,2595
1581,2125
1581,1748
1582,2340
1582,2366
1582,1912
1582,2363
1582,2118
1582,2115
1582,2109
1582,2107
1582,2097
1582,2087
1582,1844
1582,2622
1582,2156
1582,2007
1582,2114
1582,2083
1582,2521
1582,1722
1582,1819
1582,2144
1582,2229
1583,2319
1583,2539
1583,2447
1583,2110
1583,2615
1583,2564
1583,2363
1583,2622
1583,2020
1583,2090
1583,2038
1583,2087
1583,1842
1583,2367
1583,1928
1583,2122
1583,2106
1583,1595
1583,2366
1583,1881
1583,1590
1583,1877
1583,1586
1583,1599
1583,2288
1583,2645
1583,2140
1583,2089
1583,2570
1583,2368
1583,2103
1583,2685
1583,2566
1583,2405
1583,2114
1583,1597
1584,2635
1584,1974
1584,1912
1584,2405
1584,1876
1584,2622
1584,1848
1584,2400
1584,1844
1584,2572
1584,2281
1584,2378
1584,2371
1584,2470
1584,2082
1584,2390
1584,1702
1584,2381
1584,2360
1584,1599
1584,1596
1584,2482
1584,2473
1584,2120
1584,2590
1584,2004
1584,2532
1584,2097
1584,1752
1584,2568
1584,1593
1584,1590
1584,1748
1584,2368
1584,1980
1584,2616
1584,2399
1584,1744
1585,2428
1585,2564
1585,1873
1585,2108
1585,2534
1585,2475
1585,2572
1585,2454
1585,2111
1585,1842
1585,1912
1585,1867
1585,1856
1585,2090
1585,2138
1585,2143
1585,2122
1585,1848
1585,2367
1585,1591
1585,1589
1585,1593
1585,2369
1585,2620
1585,1841
1585,2132
1585,2093
1585,2470
1585,2373
1585,2082
1585,2104
1585,2395
1585,2095
1585,2105
1585,2566
1585,1828
1586,2532
1586,2635
1586,2366
1586,2372
1586,2138
1586,2122
1586,2120
1586,2114
1586,2360
1586,2483
1586,2105
1586,1911
1586,2646
1586,1874
1586,1589
1586,2447
1586,2103
1586,1812
1586,1668
1586,1912
1586,2106
1586,1907
1586,2690
1586,1848
1586,1894
1586,2379
1586,2007
1586,2284
1586,2090
1586,2381
1586,2082
1587,2469
1587,2389
1587,2408
1587,2505
1587,2382
1587,2336
1587,2620
1587,2658
1587,2310
1587,2107
1587,2388
1587,1874
1587,1872
1587,2083
1587,1894
1587,2573
1587,2390
1587,1592
1587,2368
1587,1595
1587,1589
1587,2625
1587,1658
1587,2305
1587,1857
1587,2404
1587,2574
1587,1895
1587,1970
1587,1597
1587,2575
1587,2090
1587,2393
1587,2094
1587,2012
1587,2594
1588,2592
1588,2362
1588,2571
1588,2336
1588,2405
1588,2645
1588,1849
1588,2486
1588,2135
1588,2116
1588,2106
1588,2094
1588,2091
1588,2368
1588,1591
1588,1589
1588,1596
1588,1887
1588,2323
1588,2614
1588,2473
1588,1871
1588,1896
1588,2105
1588,1597
1588,2388
1588,2616
1588,1590
1588,2477
1588,2521
1589,2590
1589,2528
1589,2478
1589,2468
1589,2102
1589,2110
1589,2405
1589,2470
1589,2370
1589,2260
1589,2113
1589,2109
1589,2104
1589,2388
1589,1598
1589,2392
1589,2476
1589,1865
1589,1852
1589,2143
1589,2510
1589,2219
1589,2122
1589,2116
1589,2093
1589,1592
1589,1596
1589,2653
1589,2302
1589,2363
1589,1863
1589,1590
1590,2592
1590,2348
1590,2245
1590,2157
1590,2392
1590,2135
1590,1594
1590,2472
1590,1599
1590,1598
1590,1591
1590,2625
1590,2390
1590,2487
1590,2373
1590,2082
1590,2114
1590,2509
1591,2300
1591,2102
1591,2108
1591,2515
1591,2472
1591,1844
1591,1865
1591,2146
1591,2114
1591,2101
1591,2117
1591,2512
1591,2366
1591,2058
1591,1596
1591,2471
1591,1856
1591,2331
1591,2622
1591,2381
1591,2477
1591,2718
1591,2480
1591,2373
1591,1597
1591,2115
1591,2630
1591,2592
1592,2574
1592,2532
1592,2389
1592,2102
1592,2635
1592,2539
1592,2110
1592,1912
1592,2570
1592,2104
1592,2331
1592,2080
1592,2371
1592,2362
1592,1877
1592,2156
1592,2125
1592,1928
1592,2122
1592,1844
1592,2548
1592,1944
1592,2654
1592,2363
1592,2093
1592,2082
1592,2398
1592,2616
1592,1848
1592,2624
1592,2614
1592,1594
1592,1884
1592,2284
1593,2701
1593,2322
1593,2405
1593,2369
1593,1844
1593,2392
1593,1853
1593,2123
1593,2108
1593,1972
1593,1875
1593,1598
1593,2191
1593,2151
1593,2635
1593,1599
1593,2293
1593,2120
1593,2479
1593,2091
1593,1682
1593,1898
1593,2383
1593,2260
1593,2066
1593,1873
1593,2481
1594,2336
1594,2470
1594,1928
1594,2572
1594,2403
1594,2118
1594,2499
1594,2111
1594,2388
1594,2365
1594,2131
1594,2093
1594,2566
1594,2081
1594,2393
1594,2620
1594,2380
1594,2101
1594,2638
1594,2532
1594,2531
1594,2138
1594,2486
1594,2098
1594,1842
1594,2083
1594,1722
1594,2401
1594,2127
1594,2366
1594,2134
1595,2361
1595,1849
1595,2318
1595,1913
1595,2107
1595,1619
1595,2104
1595,2343
1595,2143
1595,1928
1595,2122
1595,2114
1595,2093
1595,2082
1595,2117
1595,2102
1595,2097
1595,2485
1595,1596
1595,2566
1595,1804
1595,1853
1595,2103
1595,2489
1595,2380
1595,2595
1595,2651
1595,2111
1595,2597
1595,2112
1595,2132
1595,2087
1596,2574
1596,2539
1596,1849
1596,2245
1596,2572
1596,2622
1596,2020
1596,1852
1596,2515
1596,2090
1596,1683
1596,2115
1596,1840
1596,1928
1596,2122
1596,2399
1596,2573
1596,1875
1596,1599
1596,2471
1596,2568
1596,2335
1596,2080
1596,2470
1596,2082
1596,1748
1596,2107
1596,2389
1596,2038
1596,1844
1596,2114
1596,2105
1596,2106
1596,2366
1596,2564
1597,2604
1597,2499
1597,2615
1597,2405
1597,2515
1597,1739
1597,2109
1597,2098
1597,1871
1597,2592
1597,1719
1597,2146
1597,1912
1597,2106
1597,2100
1597,2390
1597,2090
1597,2381
1597,2368
1597,2360
1597,2117
1597,1598
1597,2150
1597,2144
1597,2112
1597,1918
1597,2509
1597,2320
1597,2102
1597,2205
1597,2082
1597,2371
1597,2533
1597,2151
1597,2573
1597,1722
1597,2595
1597,2363
1597,2084
1597,2572
1598,1748
1598,2124
1598,2510
1598,2572
1598,2281
1598,2505
1598,1729
1598,2119
1598,1874
1598,2620
1598,1844
1598,2080
1598,2371
1598,2100
1598,2573
1598,2390
1598,2368
1598,2116
1598,2403
1598,2108
1598,2146
1598,2132
1598,2472
1598,1599
1598,2633
1598,2322
1598,2381
1598,2336
1599,2532
1599,2537
1599,2362
1599,2505
1599,2608
1599,2570
1599,1846
1599,2622
1599,1848
1599,2538
1599,2115
1599,1872
1599,2630
1599,1854
1599,2385
1599,2131
1599,2380
1599,2374
1599,2469
1599,2245
1599,1857
1599,1867
1599,2366
1599,2615
1599,2712
1599,1928
1599,1720
1599,2496
1599,2573
1599,1722
1599,2110
1600,2544
1600,1761
1600,2270
1600,2269
1600,2053
1600,2683
1600,1657
1600,2268
1600,2179
1600,2581
1600,1621
1600,2420
1600,2195
1600,2524
1600,1627
1600,1805
1600,2543
1600,1603
1600,1648
1600,2236
1600,1625
1600,2172
1601,2190
1601,1632
1601,2206
1601,2168
1601,2583
1601,2703
1601,1669
1601,1640
1601,2585
1601,2420
1601,1888
1601,2170
1601,1625
1601,1612
1601,1631
1601,2195
1601,1761
1601,1620
1601,2175
1601,1658
1601,1957
1601,2541
1601,1931
1601,2581
1601,1829
1601,1614
1601,2550
1601,2174
1601,2461
1601,2273
1601,1944
1601,2704
1602,2178
1602,2273
1602,2583
1602,2463
1602,1611
1602,1607
1602,2265
1602,1675
1602,1669
1602,2184
1602,1638
1602,1633
1602,2268
1602,1630
1602,2429
1602,2215
1602,1604
1602,1608
1602,2548
1602,1676
1603,2706
1603,2551
1603,2175
1603,2466
1603,2543
1603,2434
1603,2179
1603,2459
1603,2239
1603,2584
1603,1642
1603,2430
1603,1631
1603,1959
1603,1630
1603,2193
1603,1629
1603,2168
1603,1604
1603,2541
1603,2578
1603,1612
1603,2182
1603,2164
1603,1637
1603,2460
1603,2549
1603,1931
1603,2548
1603,2420
1604,2356
1604,2193
1604,1623
1604,2576
1604,2180
1604,2430
1604,2162
1604,2583
1604,2184
1604,1653
1604,2264
1604,1627
1604,1625
1604,1635
1604,1957
1604,1922
1604,2188
1604,2053
1604,2179
1604,1618
1605,2668
1605,2175
1605,2179
1605,2467
1605,2254
1605,1812
1605,2235
1605,2229
1605,2171
1605,2265
1605,2579
1605,1673
1605,1627
1605,2195
1605,2172
1605,1957
1605,1635
1605,2358
1605,1637
1605,1614
1605,2209
1606,1659
1606,1632
1606,2457
1606,1662
1606,2195
1606,2174
1606,2167
1606,1623
1606,2187
1606,1670
1606,2585
1606,1613
1606,1655
1606,2548
1606,2578
1606,1635
1606,1637
1606,1676
1606,1923
1607,2047
1607,2204
1607,1626
1607,2175
1607,1940
1607,1636
1607,2459
1607,1839
1607,2162
1607,2197
1607,1633
1607,2280
1607,1620
1607,2172
1607,2161
1607,2349
1607,2191
1608,2206
1608,2430
1608,2577
1608,2188
1608,1718
1608,1669
1608,2584
1608,1643
1608,2576
1608,2460
1608,1658
1608,2610
1608,1670
1608,1613
1608,1615
1608,2355
1608,1956
1609,2198
1609,2136
1609,2551
1609,2175
1609,1651
1609,2262
1609,1833
1609,1824
1609,2634
1609,1646
1609,2145
1609,2502
1609,2189
1609,1660
1609,2600
1609,2190
1609,2169
1609,1639
1609,1623
1609,2187
1609,2234
1609,2584
1609,2170
1609,1627
1609,2185
1609,2232
1609,1621
1609,2174
1609,1610
1609,2359
1609,2171
1609,1637
1609,2466
1609,1620
1609,1677
1609,1959
1610,1942
1610,2207
1610,2185
1610,1677
1610,1659
1610,2629
1610,2543
1610,1635
1610,1829
1610,2142
1610,2703
1610,1839
1610,2215
1610,1614
1610,2602
1610,2579
1610,2275
1610,1617
1610,1653
1610,2461
1610,2170
1610,1673
1610,1938
1610,1647
1610,2188
1610,2610
1610,1801
1610,1613
1610,2420
1610,2269
1610,1949
1610,1658
1610,1637
1610,2184
1610,1620
1610,2545
1610,2582
1610,2194
1610,1638
1610,1654
1611,2705
1611,1888
1611,2580
1611,1650
1611,2355
1611,2356
1611,1839
1611,2236
1611,2189
1611,1623
1611,1670
1611,1977
1611,2165
1611,1613
1611,1821
1611,2197
1611,2166
1611,2195
1611,1620
1611,2184
1611,2161
1611,2194
1611,2162
1611,1673
1611,2223
1611,1612
1612,2462
1612,2267
1612,1761
1612,1647
1612,2581
1612,1829
1612,2482
1612,2192
1612,2189
1612,2174
1612,1673
1612,1638
1612,2170
1612,2229
1612,1618
1612,1617
1612,2430
1612,1631
1612,2169
1612,2545
1612,2261
1612,2197
1612,1718
1612,1623
1612,2610
1612,1637
1612,1674
1613,1665
1613,2352
1613,2350
1613,1632
1613,2271
1613,2459
1613,1829
1613,2188
1613,2270
1613,2176
1613,2458
1613,2461
1613,2179
1613,2589
1613,1649
1613,2460
1613,2429
1613,2190
1613,1673
1613,2420
1613,1621
1613,1643
1613,1637
1613,1956
1613,2269
1613,1633
1613,2193
1613,1629
1613,2170
1613,2580
1614,2438
1614,2193
1614,1622
1614,2461
1614,1838
1614,2354
1614,1837
1614,1835
1614,2607
1614,1797
1614,1643
1614,2583
1614,1617
1614,1673
1614,2171
1614,1625
1614,1652
1614,2545
1614,1903
1614,1621
1614,2541
1614,2197
1614,2269
1614,2550
1614,1798
1614,1957
1614,1989
1614,2198
1614,1634
1614,2544
1615,2606
1615,2551
1615,2397
1615,1677
1615,2176
1615,2430
1615,2254
1615,2215
1615,2192
1615,2173
1615,1920
1615,2420
1615,2355
1615,2167
1615,2707
1615,1626
1615,2548
1615,2171
1615,1922
1615,2546
1615,1935
1615,2349
1615,2166
1615,2191
1615,1616
1615,1934
1615,2297
1615,2009
1615,2197
1616,2551
1616,1626
1616,1636
1616,2270
1616,2053
1616,2545
1616,2436
1616,2180
1616,2466
1616,1642
1616,2578
1616,1661
1616,1617
1616,2461
1616,2602
1616,2167
1616,2199
1616,2170
1616,2359
1617,2185
1617,2466
1617,2145
1617,2275
1617,1646
1617,1645
1617,2168
1617,2264
1617,1670
1617,1642
1617,2230
1617,2465
1617,1673
1617,1632
1617,1631
1617,2182
1617,1618
1617,1629
1617,1926
1617,2584
1617,2349
1617,2456
1617,2165
1617,2176
1617,2458
1618,2185
1618,2201
1618,2460
1618,1662
1618,1631
1618,2195
1618,1678
1618,1633
1618,1625
1618,2545
1618,2199
1618,2296
1618,2541
1619,2464
1619,2362
1619,1748
1619,2403
1619,2109
1619,2407
1619,2405
1619,1907
1619,2103
1619,1915
1619,2625
1619,2132
1619,2398
1619,2633
1619,2694
1619,1820
1619,2104
1619,2057
1619,2044
1619,2211
1619,2523
1619,2363
1619,1846
1619,1799
1619,1911
1619,2616
1619,1770
1619,2251
1619,2701
1619,1949
1620,2198
1620,1626
1620,2270
1620,2696
1620,1897
1620,1807
1620,1636
1620,1918
1620,2182
1620,1978
1620,2193
1620,1676
1620,1678
1620,2195
1620,2185
1620,2420
1620,1621
1620,2548
1620,1625
1620,2545
1620,1635
1620,1653
1620,2353
1620,2296
1620,1922
1620,1624
1620,2188
1620,2173
1620,2547
1620,2265
1620,1637
1620,2431
1620,2203
1621,1659
1621,2198
1621,1761
1621,1623
1621,1666
1621,2606
1621,1636
1621,2546
1621,2269
1621,2275
1621,2549
1621,2161
1621,2355
1621,2197
1621,2589
1621,2180
1621,1626
1621,1820
1621,1811
1621,2187
1621,2602
1621,1645
1621,2209
1621,2203
1621,1633
1621,2579
1621,2174
1621,2170
1621,2013
1621,1625
1621,2173
1621,2356
1621,2430
1621,2175
1621,1631
1621,2600
1621,1637
1621,2171
1622,2193
1622,2038
1622,1826
1622,1651
1622,2168
1622,2198
1622,1831
1622,2254
1622,1952
1622,2610
1622,2187
1622,2210
1622,1660
1622,1989
1622,2170
1622,2165
1622,1633
1622,2172
1622,2164
1622,2161
1622,2439
1622,2204
1622,2223
1622,1931
1623,2707
1623,2699
1623,2606
1623,1942
1623,1917
1623,1823
1623,1905
1623,2540
1623,2703
1623,2162
1623,2602
1623,2189
1623,1954
1623,2430
1623,2524
1623,2581
1623,2267
1623,2184
1623,2597
1623,2174
1623,2579
1623,2546
1623,2356
1623,2197
1623,2171
1623,1634
1623,2349
1624,2193
1624,2128
1624,2136
1624,1839
1624,2003
1624,1660
1624,2228
1624,2191
1624,2162
1624,2702
1624,2602
1624,2500
1624,2203
1624,2348
1624,1943
1624,2423
1624,2583
1624,2195
1624,1630
1624,2269
1624,2179
1624,2466
1624,2170
1624,2461
1624,1637
1624,2349
1624,1929
1625,2596
1625,2462
1625,1632
1625,2459
1625,1829
1625,2187
1625,2463
1625,1654
1625,2265
1625,1669
1625,1642
1625,2578
1625,2442
1625,1629
1625,1673
1625,2545
1625,2175
1625,1658
1625,1635
1625,2088
1625,1627
1625,2461
1625,2602
1626,2551
1626,2178
1626,2120
1626,2052
1626,2267
1626,2173
1626,2169
1626,2443
1626,1718
1626,2652
1626,2429
1626,2174
1626,1638
1626,1633
1626,2420
1626,2576
1626,1636
1626,2164
1626,1637
1626,2421
1626,2607
1626,1936
1626,2270
1626,2176
1627,2707
1627,2462
1627,2185
1627,1655
1627,1654
1627,1632
1627,1837
1627,2188
1627,2187
1627,2583
1627,1638
1627,1633
1627,1629
1627,2164
1627,2545
1627,2424
1627,2189
1627,1656
1627,2173
1627,2198
1627,2174
1627,2356
1627,2168
1628,2423
1628,2286
1628,2462
1628,1663
1628,1761
1628,1821
1628,2168
1628,1666
1628,2577
1628,1647
1628,2587
1628,2272
1628,2264
1628,1676
1628,1672
1628,1662
1628,1648
1628,2586
1628,1640
1628,1818
1628,2429
1628,2459
1629,2224
1629,2580
1629,2431
1629,1655
1629,2502
1629,2175
1629,2550
1629,2269
1629,2053
1629,2271
1629,2179
1629,1650
1629,2652
1629,1635
1629,1829
1629,1810
1629,2579
1629,2461
1629,2170
1629,1944
1629,1631
1629,2290
1629,1897
1629,1813
1629,2583
1629,2355
1629,2161
1629,1633
1629,2541
1629,2165
1629,1955
1630,2707
1630,2438
1630,1677
1630,1822
1630,1653
1630,2581
1630,1800
1630,2191
1630,2182
1630,1899
1630,2430
1630,2195
1630,2172
1630,2658
1630,1922
1630,2184
1630,1633
1630,2697
1630,2274
1630,1658
1630,1884
1631,1641
1631,2547
1631,1663
1631,1677
1631,1655
1631,2441
1631,2436
1631,2579
1631,2184
1631,2174
1631,2707
1631,1673
1631,2165
1631,2349
1631,1953
1631,2182
1631,2175
1631,1940
1631,1658
1631,1652
1631,1934
1631,1632
1631,2355
1631,1653
1632,2175
1632,1651
1632,2443
1632,1662
1632,1640
1632,2224
1632,1653
1632,2197
1633,2361
1633,2580
1633,1655
1633,2466
1633,2270
1633,2576
1633,1821
1633,1829
1633,1834
1633,1718
1633,2188
1633,2183
1633,2180
1633,2170
1633,2167
1633,2165
1633,1637
1633,1768
1633,2185
1633,2438
1633,1780
1633,2297
1633,1677
1633,2265
1633,1658
1633,2174
1634,2397
1634,2357
1634,2519
1634,2431
1634,2414
1634,1952
1634,2627
1634,2546
1634,2275
1634,2443
1634,1829
1634,2193
1634,1804
1634,2180
1634,2191
1634,1950
1634,1920
1634,1979
1634,2163
1634,1953
1634,2427
1634,2059
1634,2438
1634,1921
1634,2527
1634,1775
1634,2166
1635,2357
1635,2547
1635,1822
1635,2190
1635,2658
1635,2215
1635,2603
1635,2180
1635,2704
1635,2600
1635,2225
1635,2267
1635,2420
1635,2032
1635,2220
1635,2174
1635,2465
1635,2185
1635,1950
1635,2195
1635,2262
1635,2165
1635,1658
1635,2166
1635,2184
1635,2193
1635,2285
1635,2548
1635,2197
1635,2634
1635,2070
1636,2193
1636,2202
1636,1677
1636,1660
1636,2544
1636,2262
1636,2546
1636,2549
1636,2254
1636,2182
1636,2169
1636,1760
1636,2458
1636,1813
1636,2189
1636,1672
1636,1640
1636,1674
1636,2185
1636,2179
1636,1820
1636,2125
1636,2172
1636,2163
1636,1637
1636,2441
1636,2355
1637,2193
1637,1802
1637,2516
1637,1761
1637,1677
1637,2546
1637,2696
1637,2288
1637,1639
1637,1813
1637,2187
1637,2543
1637,1670
1637,2274
1637,2171
1637,2197
1637,2198
1637,2586
1637,2029
1637,2167
1637,2264
1637,2707
1637,2028
1637,1638
1637,2164
1637,1829
1638,1761
1638,1655
1638,2359
1638,1653
1638,2182
1638,2584
1638,2465
1638,2191
1638,2579
1638,2548
1638,1673
1638,2264
1638,2171
1638,2164
1638,1649
1638,2607
1638,2223
1638,1676
1638,2267
1639,2706
1639,2193
1639,2500
1639,2544
1639,1909
1639,2543
1639,1838
1639,2703
1639,2427
1639,2254
1639,2668
1639,2576
1639,2234
1639,2229
1639,2208
1639,1677
1639,2194
1639,2429
1639,2288
1639,2165
1639,2163
1639,1773
1639,2279
1639,2226
1639,2267
1639,2220
1639,2197
1639,1652
1639,2169
1640,1656
1640,2582
1640,2424
1640,2704
1640,1792
1640,2587
1640,2586
1640,2458
1640,1658
1640,2460
1640,1666
1640,2230
1640,2541
1640,2546
1640,2357
1640,1644
1641,2462
1641,2652
1641,2457
1641,2273
1641,2458
1641,1718
1641,2268
1641,2264
1641,1666
1641,1672
1641,1670
1641,1648
1641,1649
1641,2576
1641,2460
1641,2184
1642,2255
1642,2273
1642,2269
1642,2272
1642,1670
1642,2195
1642,1664
1642,2264
1642,2424
1642,2423
1642,2188
1643,1665
1643,1656
1643,1651
1643,2423
1643,1647
1643,1837
1643,1667
1643,2650
1643,2457
1643,2576
1643,2578
1644,1663
1644,2603
1644,2273
1644,2145
1644,1648
1644,2581
1644,2703
1644,2189
1644,2586
1644,1649
1644,1673
1644,2580
1644,2161
1644,1661
1644,1801
1644,2356
1644,1652
1644,1659
1645,1913
1645,2431
1645,2290
1645,2634
1645,2356
1645,2262
1645,2226
1645,2225
1645,2220
1645,1941
1645,2197
1645,2172
1645,2166
1645,1948
1645,1934
1645,1780
1646,2017
1646,2015
1646,1674
1646,1672
1646,2030
1646,2702
1646,1937
1647,2707
1647,1807
1647,2229
1647,2273
1647,2577
1647,1718
1647,1661
1647,1650
1647,1648
1647,2586
1647,2462
1647,2274
1647,2184
1647,1674
1647,2033
1648,1651
1648,2424
1648,1779
1648,2261
1648,1661
1648,2546
1648,2173
1648,1667
1648,2577
1648,2193
1648,2287
1648,1675
1648,1718
1648,1671
1648,1657
1648,1654
1648,2265
1648,1649
1648,2576
1648,1674
1648,2172
1649,2356
1649,2582
1649,2607
1649,1667
1649,2587
1649,2268
1649,1678
1649,1665
1649,2586
1650,2580
1650,2605
1650,1663
1650,1652
1650,2169
1650,2700
1650,1664
1650,1669
1650,1800
1650,2458
1650,2266
1650,2584
1650,2587
1650,2579
1650,2426
1650,1674
1651,1654
1651,1667
1651,2270
1651,1675
1651,1657
1651,2583
1651,2576
1651,2274
1651,1663
1651,1674
1651,1662
1651,2421
1652,2285
1652,2193
1652,2582
1652,2549
1652,2587
1652,1718
1652,2586
1652,1667
1652,1761
1652,2462
1652,1663
1652,2650
1652,2274
1653,2604
1653,1942
1653,1894
1653,2650
1653,2270
1653,1816
1653,2011
1653,2578
1653,1899
1653,2540
1653,2149
1653,2466
1653,2183
1653,2018
1653,2162
1653,2696
1653,2188
1653,1671
1653,2271
1653,2168
1653,2459
1653,2170
1653,2429
1653,1657
1653,2583
1654,2582
1654,2273
1654,2702
1654,2577
1654,2458
1654,2264
1654,1675
1654,2212
1654,1881
1654,2586
1654,2189
1654,1655
1655,2356
1655,2582
1655,2185
1655,2039
1655,2589
1655,2703
1655,2169
1655,2271
1655,2298
1655,2423
1655,2188
1655,1718
1655,2236
1655,2189
1655,1672
1655,2584
1655,2175
1655,1658
1655,2170
1655,2172
1655,2176
1656,2037
1656,2018
1657,2551
1657,1660
1657,2480
1657,2287
1657,1678
1657,1671
1657,1669
1658,1659
1658,2462
1658,2650
1658,1761
1658,2681
1658,2179
1658,1829
1658,2168
1658,1787
1658,2280
1658,1669
1658,2217
1658,2170
1658,2659
1658,2272
1658,1832
1659,2707
1659,2253
1659,1800
1659,2543
1659,1679
1659,1672
1659,2423
1659,1718
1659,1671
1659,1669
1659,1662
1659,2583
1660,1827
1660,2597
1660,2593
1660,2123
1660,2018
1660,1823
1660,2206
1660,2189
1660,2168
1660,2546
1660,2430
1660,2607
1660,2190
1660,2192
1660,2543
1660,2429
1660,2235
1660,2226
1660,2584
1660,1677
1660,2162
1660,2550
1660,2262
1660,2165
1660,2359
1660,2548
1660,2228
1660,2178
1660,2275
1660,1950
1660,2088
1660,2164
1660,2270
1660,2176
1660,2579
1660,2297
1660,1884
1660,2166
1660,2707
1660,1931
1660,2549
1660,1789
1661,2551
1661,1665
1661,2271
1661,1664
1661,2463
1661,2268
1661,2265
1661,1672
1661,1670
1661,1669
1661,2581
1661,2462
1662,2582
1662,2189
1662,2584
1662,2577
1662,2458
1662,1676
1662,1670
1662,2581
1662,2184
1662,2273
1662,2195
1663,2582
1663,2423
1663,1664
1663,2271
1663,1679
1663,1670
1663,2577
1663,2581
1664,2547
1664,2192
1664,1667
1664,2587
1664,1679
1664,1676
1664,2577
1664,1718
1664,1672
1664,1942
1664,2457
1665,2551
1665,2009
1665,1890
1665,2194
1665,1823
1665,2203
1665,2264
1665,1678
1665,1666
1665,1672
1665,1669
1665,2582
1665,2184
1665,1673
1666,2421
1666,2262
1666,2271
1666,2458
1666,2268
1666,1679
1666,1675
1666,1671
1666,2576
1666,2580
1666,2178
1666,2460
1666,2165
1666,1674
1666,2465
1666,1833
1666,2585
1666,2193
1666,1676
1667,2266
1667,2031
1667,1834
1667,2540
1667,2264
1667,1670
1667,2182
1667,1679
1668,2532
1668,2342
1668,1828
1668,2119
1668,2109
1668,2447
1668,2038
1668,2135
1668,2143
1668,2121
1668,2089
1668,2083
1668,2100
1668,2118
1668,2127
1668,2125
1668,1856
1668,2599
1668,2624
1668,2419
1668,2281
1668,2140
1668,2095
1668,2659
1668,2111
1668,2252
1668,2649
1668,2228
1668,2496
1669,2423
1669,2262
1669,1811
1669,2183
1669,2264
1669,1676
1669,2274
1669,1674
1669,2269
1669,2457
1669,2586
1669,2581
1670,2424
1670,2423
1670,2271
1670,2280
1670,2578
1670,2707
1670,1673
1670,2457
1670,2577
1670,2696
1670,2581
1670,1914
1670,2582
1671,1718
1671,2271
1671,2136
1671,2421
1671,2463
1671,2272
1671,2268
1672,2535
1672,1677
1672,2273
1672,1718
1672,2043
1672,2583
1672,2585
1672,2167
1672,2183
1672,2545
1672,2462
1672,2576
1673,2193
1673,2421
1673,1677
1673,2652
1673,2586
1673,2577
1673,2265
1673,2264
1673,2585
1673,2579
1673,2465
1673,2696
1673,2274
1673,2174
1673,2543
1673,2490
1673,2578
1673,2460
1673,2610
1673,1674
1673,2185
1674,2273
1674,1761
1674,2466
1674,2275
1674,2262
1674,1811
1674,2587
1674,2586
1674,2429
1674,2421
1674,2280
1674,1675
1674,2285
1674,2578
1674,2457
1674,1718
1674,2585
1675,2273
1675,2457
1675,2578
1675,2707
1675,1676
1675,1678
1676,2582
1676,2423
1676,1825
1676,2583
1676,2458
1676,2579
1676,2463
1676,2161
1676,2167
1676,2578
1676,2193
1676,2429
1676,2265
1677,2198
1677,1820
1677,2328
1677,2183
1677,2546
1677,2203
1677,2236
1677,2584
1677,2267
1677,2173
1677,2458
1677,2270
1677,2551
1677,2175
1677,1829
1677,2221
1677,2585
1677,2275
1677,2197
1677,2166
1677,1947
1677,1792
1677,1933
1678,2551
1678,2421
1678,2546
1678,2358
1678,2270
1678,2587
1678,2429
1678,2362
1678,1679
1678,1829
1678,2355
1679,2346
1679,2175
1679,2169
1679,2577
1679,2584
1680,1866
1680,1714
1680,1709
1680,1869
1680,1684
1680,2321
1680,1717
1680,1879
1680,2340
1680,1682
1681,2521
1681,1705
1681,1703
1681,1694
1681,1701
1681,1842
1681,1707
1681,1711
1681,1706
1681,1696
1681,1685
1682,2319
1682,2513
1682,1714
1682,1928
1682,1684
1682,2321
1682,2364
1682,1685
1682,2258
1682,1710
1682,1860
1682,1704
1682,1695
1683,1698
1683,1697
1683,1715
1684,1869
1684,1698
1684,2371
1684,1877
1684,1719
1684,1690
1684,2533
1684,1701
1684,2258
1684,1873
1685,2313
1685,1709
1685,1689
1685,1703
1685,1715
1685,2386
1685,1701
1685,1699
1685,1861
1685,2365
1685,1695
1685,1696
1686,1856
1687,1701
1687,1707
1687,2708
1687,1868
1687,1699
1687,1688
1687,1697
1687,1851
1688,1713
1688,1698
1688,1689
1688,1711
1688,1696
1688,1694
1688,2477
1688,1866
1688,2321
1688,1714
1688,1706
1689,2499
1689,1708
1689,2386
1689,1695
1689,1693
1689,1863
1689,1706
1689,1756
1689,1974
1690,1709
1690,1842
1690,1696
1690,1693
1690,1706
1690,1715
1690,1711
1690,1707
1690,2365
1690,1708
1690,1719
1690,2591
1691,1717
1692,1714
1692,1700
1692,2370
1692,1717
1692,2371
1692,1696
1692,1693
1692,1709
1692,1710
1693,1717
1693,1713
1693,1708
1693,1697
1693,1694
1693,2385
1693,2095
1693,1719
1694,1709
1694,2471
1694,1713
1694,1864
1694,1714
1694,1710
1694,2369
1694,1711
1694,1696
1695,2538
1695,2320
1695,1708
1695,1716
1695,2378
1695,2317
1695,2385
1695,2315
1696,1707
1696,2647
1696,1877
1696,1699
1696,1814
1696,1711
1696,1710
1696,2321
1696,1708
1696,1717
1697,2313
1697,2475
1697,1974
1697,1866
1697,1699
1697,2622
1697,1713
1697,2384
1697,1715
1697,2320
1697,2106
1697,1700
1697,1879
1698,1849
1698,1870
1698,1716
1698,2617
1698,1707
1698,2258
1699,1709
1699,1703
1699,1866
1699,1710
1699,2630
1699,1719
1699,2565
1700,1717
1700,2118
1700,1864
1700,1862
1700,1704
1700,1877
1700,1863
1700,1843
1700,2386
1700,1716
1700,1711
1700,1703
1700,2691
1701,2258
1701,2321
1701,1856
1701,1715
1701,1870
1701,2630
1701,2647
1702,1868
1702,2316
1702,1866
1702,1851
1702,1859
1703,2240
1703,1867
1703,1716
1703,1706
1703,1715
1703,1708
1704,2510
1704,1870
1704,1852
1704,2110
1704,2592
1704,2476
1704,2385
1704,1865
1704,1861
1704,1855
1704,1814
1704,2105
1704,1875
1704,2613
1704,2115
1704,2514
1704,2616
1704,2405
1704,2106
1704,2121
1704,2321
1704,2619
1705,2478
1705,2382
1705,1707
1705,1713
1706,1866
1706,2538
1706,2384
1706,1861
1706,1719
1706,2630
1706,2621
1706,1716
1707,1866
1707,1870
1707,2378
1707,1851
1707,2321
1707,1714
1707,2323
1708,2386
1708,1709
1708,1715
1708,2379
1709,2258
1709,1717
1709,1711
1709,2499
1709,2318
1709,2312
1709,2619
1710,1845
1710,2334
1710,1711
1710,2258
1710,1843
1711,1861
1711,1719
1711,2708
1711,1876
1711,1714
1712,2408
1712,2669
1712,2224
1712,1989
1712,1972
1712,2411
1712,2693
1712,2055
1712,2243
1712,2063
1712,1793
1712,2638
1712,2232
1712,2413
1712,2068
1712,2697
1712,2234
1712,2077
1712,1967
1712,2671
1712,2432
1712,2667
1712,2660
1712,2071
1712,1978
1712,1973
1712,1971
1712,2503
1712,1986
1712,1949
1712,1780
1712,2283
1712,1822
1712,2057
1713,2314
1713,2376
1713,1717
1713,1872
1713,2258
1713,1715
1713,2371
1714,2258
1714,2313
1714,1866
1714,1716
1714,1860
1715,2478
1715,2475
1715,2630
1716,2396
1716,2258
1716,1855
1716,2245
1716,2645
1716,1877
1716,2637
1717,2701
1717,1866
1717,1877
1717,2117
1717,2105
1717,2320
1718,2462
1718,2421
1718,2175
1718,2005
1718,2461
1718,2273
1718,1941
1718,2463
1718,2587
1718,2577
1718,2423
1718,2586
1718,2205
1718,1829
1718,2272
1718,2459
1719,2258
1719,2383
1719,2630
1719,2371
1720,2256
1720,2331
1720,1721
1720,2012
1720,2560
1720,1754
1720,1728
1720,2307
1720,2445
1720,2154
1720,2034
1720,2128
1720,2093
1720,2023
1720,2036
1720,2673
1720,1897
1720,2136
1720,1916
1720,1819
1720,1737
1720,1886
1720,2141
1720,1753
1721,2346
1721,2561
1721,2454
1721,2554
1721,2406
1721,2562
1721,1750
1721,1729
1721,1856
1721,2034
1721,2005
1721,2484
1721,2553
1721,2141
1721,1753
1721,2003
1721,1745
1721,2133
1721,2146
1721,1881
1721,2703
1722,2346
1722,2363
1722,1844
1722,1729
1722,2131
1722,2404
1722,2331
1722,2007
1722,2125
1722,2116
1722,2103
1722,2100
1722,2094
1722,2105
1722,2478
1722,2381
1722,1901
1722,2146
1722,2084
1722,1890
1722,1819
1723,2452
1723,1730
1723,1738
1723,1740
1723,1755
1723,1744
1723,1880
1724,2559
1724,2557
1724,1727
1724,2444
1724,2308
1724,2302
1724,1726
1724,2445
1724,1740
1724,1755
1724,2146
1724,2346
1724,2628
1724,1737
1724,2345
1724,2295
1724,2141
1724,2080
1725,2559
1725,1733
1725,1912
1725,2682
1725,2308
1725,2406
1725,2331
1725,2530
1725,1731
1725,1750
1725,1738
1725,2113
1725,2097
1725,2367
1725,2081
1725,2376
1726,2542
1726,2141
1726,1745
1726,2557
1726,2530
1726,1731
1726,2407
1726,2281
1726,2308
1726,2562
1726,1751
1726,2304
1726,2028
1726,1737
1727,1732
1727,2307
1727,1735
1727,1846
1727,2309
1727,2455
1727,1747
1727,1731
1727,2347
1727,2451
1727,2301
1727,1759
1727,1728
1727,2147
1727,1730
1727,1757
1727,2449
1727,2308
1727,1744
1727,2120
1728,2530
1728,2307
1728,2601
1728,2448
1728,2304
1728,1755
1728,2159
1728,2128
1728,1762
1728,2403
1728,1892
1728,2158
1728,1758
1728,2278
1729,2561
1729,2553
1729,2311
1729,2303
1729,2200
1729,2560
1729,2153
1729,2451
1729,2305
1729,1759
1729,1738
1729,2343
1729,2120
1729,2133
1729,2205
1729,2557
1729,2345
1729,1740
1729,1800
1729,2277
1729,2301
1730,2559
1730,1745
1730,2307
1730,2552
1730,1741
1730,1733
1730,2311
1730,2556
1730,1740
1730,1737
1730,1916
1730,2038
1731,2300
1731,2295
1731,1733
1731,2672
1731,2308
1731,2302
1731,2542
1731,2448
1731,1745
1731,2556
1731,2451
1731,2029
1732,2542
1732,2309
1732,2446
1732,1741
1732,2147
1732,2552
1732,1753
1732,2125
1732,2343
1732,1759
1732,2363
1732,2284
1732,2562
1732,1740
1732,2556
1733,2449
1733,2346
1733,2452
1733,2451
1733,1737
1733,1734
1733,1757
1733,2344
1733,2142
1733,2561
1733,2127
1733,2002
1734,2141
1734,1745
1734,2284
1734,2406
1734,2444
1734,2451
1734,1759
1734,2680
1734,2301
1734,2677
1734,2010
1734,1742
1734,2448
1735,2530
1735,2306
1735,1746
1735,2448
1735,1747
1735,2147
1735,2341
1735,2450
1735,1758
1735,2310
1735,2302
1735,2399
1735,1736
1735,1741
1735,1737
1735,2105
1735,2449
1735,2148
1736,2484
1736,2303
1736,1746
1736,2310
1736,2446
1736,1741
1736,1753
1736,2307
1736,2448
1736,1743
1736,1844
1736,2595
1736,1749
1736,1890
1736,2301
1736,2295
1736,2557
1736,1756
1736,1747
1737,2445
1737,2295
1737,2303
1737,2153
1737,1755
1737,1813
1737,2446
1737,2399
1737,1741
1737,2305
1737,2368
1737,1756
1737,2343
1737,2134
1737,1745
1738,2539
1738,2491
1738,2278
1738,2153
1738,1753
1738,1750
1738,2399
1738,1741
1738,2448
1738,2135
1738,2594
1738,2559
1738,2152
1738,2407
1738,2300
1738,2301
1739,2303
1739,2363
1739,2281
1739,2147
1739,2560
1739,1880
1739,2556
1739,1744
1739,2307
1739,2113
1739,1742
1739,2144
1739,2628
1739,2037
1739,2309
1740,2559
1740,2159
1740,2491
1740,2303
1740,2487
1740,2345
1740,2147
1741,2559
1741,2672
1741,2147
1741,2309
1741,2448
1741,2444
1741,2302
1741,2304
1741,2026
1741,1758
1741,2003
1742,2484
1742,1747
1742,2339
1742,2552
1742,1753
1742,2402
1742,2150
1742,1751
1742,2542
1742,2344
1742,1757
1742,2305
1742,2679
1743,2530
1743,2557
1743,2276
1743,2452
1743,2341
1743,2622
1743,2147
1743,2399
1743,2455
1743,2487
1743,2451
1743,2092
1743,2554
1744,2559
1744,2705
1744,2449
1744,2346
1744,1747
1744,2305
1744,1753
1744,2097
1744,2080
1744,2676
1744,2030
1744,1749
1744,2219
1744,2309
1744,2678
1744,2090
1745,2308
1745,2672
1745,1754
1745,2552
1745,2115
1745,2087
1745,2553
1745,2152
1745,2451
1746,1757
1746,2295
1746,2245
1746,2336
1746,2554
1746,2141
1746,1759
1746,2555
1746,1756
1746,2300
1747,2468
1747,2672
1747,2129
1747,2303
1747,2555
1747,2448
1747,2450
1747,2308
1747,1890
1747,2558
1747,2305
1748,2574
1748,2532
1748,2539
1748,2538
1748,1874
1748,1867
1748,2100
1748,2401
1748,2590
1748,2572
1748,2390
1748,2381
1748,1848
1748,1842
1748,2113
1748,2389
1748,2093
1748,2509
1748,2142
1748,1869
1748,1890
1748,2007
1748,2512
1748,2625
1748,2525
1749,2295
1749,2307
1749,2303
1749,2559
1749,2310
1749,2339
1749,2552
1749,1753
1749,2300
1749,2137
1749,2557
1749,1758
1749,2672
1749,2343
1750,2530
1750,2626
1750,2486
1750,2539
1750,2304
1750,1759
1750,2560
1750,2591
1750,1758
1750,1907
1751,1757
1751,2484
1751,2552
1751,2092
1751,2304
1751,2300
1751,2018
1751,2346
1751,2678
1752,2295
1752,2650
1752,2129
1752,2034
1752,2031
1752,2023
1752,1880
1752,2014
1752,2674
1752,2017
1752,2675
1752,1834
1752,2575
1752,1917
1752,2011
1752,2139
1752,1810
1752,2028
1752,2605
1752,2607
1752,2004
1752,2239
1753,2338
1753,1754
1753,1759
1753,2556
1753,2123
1753,2339
1753,2594
1753,1906
1753,2141
1753,2147
1753,1860
1754,2555
1754,2446
1754,2310
1754,2448
1754,2104
1754,2083
1754,2295
1754,2304
1754,2552
1754,2308
1754,2557
1755,2012
1755,2303
1755,2553
1755,2306
1755,1918
1755,2403
1755,2305
1755,2402
1755,1756
1755,2343
1755,2138
1755,2084
1755,2448
1755,2557
1755,2128
1755,1912
1755,2295
1755,2007
1755,2681
1756,2307
1756,2470
1756,2486
1756,2400
1756,2127
1756,2081
1756,2018
1756,2027
1756,2284
1756,2093
1756,2399
1756,1855
1756,2449
1757,2559
1757,2453
1757,2558
1757,2345
1757,2449
1757,2308
1757,2154
1758,2300
1758,2295
1758,2672
1758,2099
1758,2446
1758,2310
1758,2451
1758,2339
1759,2342
1759,2561
1759,2305
1759,2343
1759,2082
1759,2347
1759,2159
1759,2206
1759,2445
1760,2224
1760,1942
1760,2204
1760,2198
1760,2495
1760,1779
1760,2419
1760,1796
1760,2687
1760,2358
1760,2526
1760,2517
1760,2702
1760,2699
1760,2182
1760,2229
1760,2502
1760,2220
1760,1943
1760,2288
1760,2500
1760,2594
1760,1936
1760,2077
1760,1813
1760,1954
1760,2048
1760,1777
1760,1965
1760,1799
1760,2582
1760,1971
1760,2671
1760,1980
1760,2243
1760,1945
1760,2160
1760,2348
1760,1784
1760,2352
1760,2493
1760,1929
1760,2465
1761,2189
1761,2430
1761,2169
1761,2602
1761,2270
1761,2175
1761,1829
1761,2167
1761,2271
1761,2174
1761,2465
1761,2165
1761,2359
1761,2179
1761,2545
1761,2197
1761,2183
1761,2193
1761,2290
1761,1949
1761,1947
1761,1925
1762,2605
1762,2337
1762,2063
1762,2647
1762,2146
1762,2653
1762,2697
1762,1917
1762,2208
1762,2288
1762,2333
1762,2078
1762,2054
1762,1775
1762,2070
1762,1929
1762,2667
1762,1977
1762,2221
1762,2238
1762,2456
1762,2507
1762,1896
1762,2496
1762,1979
1762,2226
1762,2181
1762,1933
1763,2522
1763,1783
1763,2635
1763,2500
1763,2414
1763,2294
1763,1768
1763,2627
1763,2042
1763,2299
1763,2675
1763,2200
1763,2668
1763,1772
1763,2063
1763,1969
1763,2415
1763,2238
1763,2335
1763,1785
1763,1970
1763,2649
1763,2437
1763,1920
1763,2566
1763,2422
1763,1784
1763,2442
1763,2526
1763,2232
1763,2056
1763,2205
1763,2496
1763,1787
1763,1789
1763,2662
1763,2111
1763,1958
1763,1770
1763,2072
1763,2698
1763,2213
1763,1931
1763,2655
1763,2410
1763,2605
1763,1786
1763,1980
1763,2456
1763,2650
1763,1874
1763,1921
1763,2669
1763,1796
1764,1783
1764,2051
1764,2689
1764,2063
1764,1969
1764,1793
1764,2489
1764,2517
1764,2504
1764,2041
1764,1995
1764,1786
1764,2212
1764,2494
1764,1958
1764,2056
1764,1779
1764,1967
1764,2664
1764,2660
1764,2124
1764,1795
1764,1946
1764,2181
1764,2416
1764,2064
1764,2525
1764,1773
1764,2294
1764,2247
1764,1777
1764,1939
1764,2043
1764,1945
1764,2671
1764,1792
1764,1943
1765,2665
1765,2639
1765,2519
1765,2069
1765,2709
1765,2649
1765,2060
1765,2332
1765,2328
1765,2232
1765,1979
1765,1967
1765,1766
1765,2636
1765,1988
1765,2504
1765,1987
1765,1982
1765,1964
1765,1962
1765,2298
1765,2251
1765,1994
1765,1986
1765,2441
1765,1775
1766,2160
1766,2432
1766,2350
1766,2629
1766,1793
1766,2042
1766,2700
1766,2279
1766,2443
1766,2077
1766,2236
1766,2048
1766,1965
1766,1799
1766,1794
1766,1771
1766,2524
1766,2054
1766,2049
1766,2393
1766,1923
1766,1782
1766,1796
1766,1937
1766,1984
1766,1949
1766,1933
1766,2249
1766,2212
1766,1977
1766,1789
1766,1968
1766,1780
1766,2041
1766,1994
1766,2251
1767,1942
1767,2333
1767,2204
1767,2350
1767,2181
1767,2523
1767,2364
1767,1776
1767,2046
1767,2360
1767,1778
1767,1783
1767,2656
1767,2074
1767,2041
1767,1773
1767,2064
1767,1999
1767,2234
1767,2516
1767,1772
1767,1909
1767,2632
1767,1799
1767,2283
1767,1798
1767,1797
1767,2664
1767,2517
1767,1929
1767,2351
1767,1769
1767,1771
1767,1936
1767,2077
1767,1983
1767,2070
1767,1973
1767,1775
1767,2163
1767,2211
1767,2206
1767,2665
1767,1921
1767,1780
1768,1946
1768,1854
1768,2157
1768,2196
1768,1905
1768,2325
1768,2616
1768,1973
1768,2222
1768,2508
1768,2061
1768,2057
1768,2655
1768,2517
1768,2656
1768,2074
1768,1790
1768,2511
1768,2229
1768,1776
1768,1796
1768,2439
1768,2077
1768,1968
1768,2632
1768,2046
1768,2375
1768,1793
1768,2234
1768,2503
1768,1998
1768,1992
1768,2526
1768,2667
1768,1788
1768,2066
1768,1784
1769,2224
1769,2495
1769,2350
1769,2516
1769,2322
1769,2294
1769,2196
1769,2498
1769,2409
1769,2494
1769,2628
1769,1977
1769,2497
1769,2079
1769,2259
1769,2162
1769,2201
1769,1778
1769,2234
1769,2211
1769,2232
1769,1941
1769,2237
1769,2519
1769,1937
1769,2579
1769,2288
1769,2496
1769,2655
1769,2073
1769,2056
1769,2075
1769,1981
1769,1790
1769,1960
1769,2054
1769,2456
1769,1777
1769,1921
1769,1922
1769,1799
1769,1826
1770,2687
1770,2299
1770,2232
1770,1788
1770,2489
1770,2055
1770,2525
1770,2043
1770,2075
1770,1786
1770,1778
1770,1947
1770,2229
1770,1943
1770,1988
1770,1941
1770,2517
1770,2665
1770,2524
1770,1772
1770,2439
1770,2048
1770,2073
1770,2502
1770,1797
1770,2667
1770,1790
1770,2501
1770,1796
1770,2219
1770,2656
1770,2515
1770,1973
1771,2207
1771,2516
1771,1776
1771,2299
1771,1969
1771,1991
1771,1985
1771,1797
1771,2072
1771,2077
1771,2333
1771,1957
1771,1773
1771,1777
1771,1794
1771,2292
1771,1799
1771,2350
1771,2632
1771,2697
1772,1946
1772,1783
1772,2333
1772,2495
1772,2294
1772,2348
1772,1779
1772,2257
1772,2696
1772,2526
1772,2443
1772,2206
1772,2704
1772,2697
1772,2440
1772,2238
1772,2229
1772,2706
1772,2221
1772,2698
1772,2213
1772,1954
1772,1943
1772,1967
1772,2073
1772,1979
1772,1932
1772,2209
1772,1795
1772,1957
1772,2442
1772,2054
1772,1982
1772,2210
1772,1975
1772,1787
1772,1784
1772,1925
1772,1894
1772,1929
1772,1792
1772,2687
1773,2478
1773,1946
1773,2527
1773,2042
1773,1989
1773,2414
1773,2422
1773,2348
1773,1926
1773,2493
1773,2299
1773,2520
1773,2434
1773,2409
1773,2383
1773,1794
1773,2473
1773,2415
1773,2649
1773,2692
1773,2504
1773,1775
1773,2066
1773,2685
1773,2235
1773,1958
1773,2056
1773,1791
1773,1979
1773,1965
1773,2062
1773,1968
1773,1797
1773,2436
1773,2671
1773,2210
1773,2437
1773,1967
1773,2059
1773,2045
1773,1927
1773,2218
1773,1983
1773,2181
1773,1793
1773,2040
1773,1973
1774,2393
1774,2293
1774,2204
1774,2085
1774,2501
1774,2299
1774,2046
1774,2511
1774,2052
1774,2692
1774,2467
1774,1788
1774,2525
1774,2212
1774,2697
1774,2422
1774,1937
1774,1927
1774,2218
1774,2077
1774,2048
1774,2057
1774,1775
1774,2664
1774,1985
1774,1964
1774,2197
1774,1942
1774,1931
1774,2670
1774,2282
1774,2517
1774,1970
1774,2076
1774,2497
1774,1836
1774,2439
1775,1946
1775,2714
1775,2242
1775,2050
1775,2409
1775,1791
1775,2494
1775,2186
1775,2283
1775,2096
1775,2404
1775,2640
1775,2523
1775,2232
1775,2717
1775,2508
1775,2061
1775,2150
1775,2062
1775,1786
1775,2071
1775,2168
1775,2230
1775,1981
1775,2660
1775,1787
1775,2243
1775,2049
1775,2063
1775,1966
1775,1782
1775,2064
1775,1973
1775,2503
1775,2056
1776,2706
1776,2333
1776,2495
1776,2350
1776,2618
1776,2181
1776,2201
1776,2417
1776,1783
1776,2074
1776,2055
1776,2540
1776,2425
1776,2435
1776,2237
1776,2210
1776,2208
1776,1796
1776,2524
1776,2518
1776,2494
1776,2076
1776,1979
1776,1795
1776,1792
1776,2414
1776,2608
1776,1787
1776,2046
1776,2054
1776,2049
1776,2279
1776,1794
1776,1988
1776,1980
1776,2164
1776,2068
1776,1937
1776,1933
1776,1931
1776,2699
1776,2214
1776,1923
1776,2698
1776,1922
1776,1921
1776,2362
1776,2168
1776,1780
1777,2047
1777,2500
1777,2418
1777,2207
1777,2650
1777,2294
1777,2655
1777,2441
1777,2337
1777,1998
1777,1942
1777,2233
1777,1921
1777,2697
1777,1932
1777,2417
1777,2229
1777,1943
1777,2633
1777,1954
1777,1980
1777,2077
1777,2620
1777,2056
1777,1977
1777,1967
1777,1799
1777,1973
1777,2067
1777,2210
1777,1975
1777,1790
1777,1984
1777,2502
1777,1823
1777,2412
1777,2298
1777,1794
1777,2700
1778,2499
1778,2047
1778,2333
1778,2670
1778,2502
1778,2257
1778,2425
1778,2243
1778,2437
1778,2436
1778,1788
1778,1874
1778,2410
1778,2205
1778,2366
1778,2075
1778,2657
1778,2497
1778,2074
1778,1781
1778,2072
1778,2209
1778,2076
1778,1988
1778,1794
1778,2082
1778,1983
1778,1934
1778,2096
1778,1976
1778,2073
1778,1954
1778,1810
1779,1952
1779,2527
1779,2223
1779,2175
1779,1924
1779,2357
1779,2697
1779,2234
1779,2203
1779,2210
1779,1950
1779,2656
1779,2421
1779,1936
1779,2518
1779,1967
1779,2054
1779,2618
1779,2230
1779,2170
1779,2294
1779,2585
1779,2441
1779,2436
1779,2349
1779,2199
1779,2296
1779,1953
1779,1949
1779,1947
1779,1937
1779,1934
1779,1933
1779,2698
1779,2213
1779,1922
1780,2648
1780,2352
1780,2656
1780,1969
1780,2494
1780,2078
1780,2068
1780,1972
1780,2066
1780,2427
1780,1958
1780,1968
1780,1945
1780,2524
1780,2054
1780,1988
1780,2518
1780,2671
1780,1981
1780,2358
1780,1973
1780,2467
1780,2044
1780,1997
1780,1920
1780,1931
1781,2231
1781,1946
1781,2456
1781,2411
1781,2350
1781,2493
1781,2293
1781,2434
1781,2655
1781,2232
1781,2052
1781,1791
1781,2592
1781,2075
1781,2055
1781,2525
1781,2201
1781,2076
1781,2074
1781,2520
1781,1999
1781,2057
1781,2241
1781,2573
1781,2526
1781,2208
1781,2612
1781,2518
1781,2494
1781,1967
1781,1790
1781,2059
1781,2054
1781,2045
1781,2488
1781,1971
1781,2251
1782,2418
1782,2267
1782,2361
1782,2244
1782,2494
1782,2519
1782,2237
1782,1791
1782,2496
1782,1984
1782,2074
1782,1980
1782,2352
1782,2493
1782,2211
1782,1964
1782,2686
1782,1999
1782,2234
1782,2191
1782,2661
1782,2456
1782,1798
1782,2715
1782,1922
1782,2687
1782,1794
1782,1978
1782,2706
1782,2330
1782,2048
1782,2047
1783,2706
1783,2236
1783,2509
1783,2002
1783,1899
1783,2216
1783,2337
1783,2237
1783,2210
1783,2186
1783,1954
1783,1936
1783,2523
1783,2299
1783,2437
1783,2288
1783,1967
1783,1951
1783,1799
1783,1797
1783,1793
1783,1792
1783,1790
1783,2443
1783,2442
1783,2503
1783,2649
1783,1970
1783,1966
1783,1960
1783,1994
1783,1933
1783,1923
1784,2501
1784,2299
1784,2434
1784,1976
1784,2070
1784,2079
1784,2062
1784,2422
1784,2610
1784,1967
1784,1932
1784,1792
1784,2667
1784,2054
1784,1988
1784,1966
1784,1935
1784,2233
1784,1883
1784,1789
1784,2492
1784,2333
1784,2051
1784,2239
1784,2662
1784,2066
1784,1990
1784,2523
1784,2335
1784,1959
1784,1785
1784,2569
1785,2522
1785,1802
1785,2493
1785,2212
1785,2511
1785,1791
1785,2260
1785,2641
1785,2076
1785,2497
1785,2656
1785,2074
1785,2169
1785,2072
1785,2068
1785,2015
1785,2062
1785,1999
1785,2051
1785,1954
1785,1970
1785,2649
1785,1991
1785,2064
1785,1967
1785,1966
1785,2283
1785,2671
1785,2416
1785,1947
1785,1972
1785,1875
1785,1955
1785,1986
1785,2517
1785,2235
1785,2667
1785,2690
1786,2699
1786,2669
1786,2293
1786,2207
1786,2204
1786,2253
1786,2350
1786,1998
1786,1985
1786,1791
1786,2482
1786,2523
1786,2232
1786,2717
1786,1924
1786,2409
1786,2691
1786,2078
1786,2043
1786,2229
1786,2326
1786,2076
1786,2074
1786,2517
1786,2715
1786,2133
1786,2697
1786,2686
1786,2065
1786,2636
1786,1790
1786,2046
1786,1961
1786,1993
1786,2060
1786,2052
1786,2062
1786,1969
1786,2524
1787,2604
1787,2375
1787,2544
1787,1964
1787,2352
1787,2069
1787,1832
1787,2652
1787,2361
1787,2502
1787,2439
1787,2051
1787,1937
1787,2519
1787,1940
1787,2425
1787,2697
1787,2212
1787,1930
1787,1939
1787,2075
1787,2483
1787,2060
1787,1796
1787,2669
1787,2105
1787,2496
1787,1991
1787,2226
1787,2288
1787,2224
1787,2130
1787,2442
1787,2063
1787,2238
1787,2456
1787,2217
1787,2064
1788,2224
1788,2474
1788,2502
1788,1926
1788,2299
1788,2694
1788,2354
1788,2275
1788,2243
1788,2176
1788,2090
1788,2186
1788,1798
1788,1793
1788,2298
1788,1813
1788,2201
1788,2238
1788,1943
1788,2234
1788,1954
1788,2496
1788,1997
1788,2288
1788,2670
1788,1991
1788,1945
1788,2068
1788,2056
1788,2055
1788,1958
1788,1796
1788,2251
1788,2221
1788,1986
1788,2212
1788,2656
1788,1977
1788,1789
1788,2232
1788,1950
1789,2699
1789,2047
1789,2665
1789,2333
1789,2042
1789,2508
1789,2061
1789,2234
1789,1943
1789,2439
1789,2298
1789,2523
1789,2288
1789,2077
1789,1795
1789,2416
1789,2040
1789,1980
1789,2639
1789,2075
1789,1981
1789,2686
1789,2518
1789,1973
1789,1945
1789,1992
1789,1923
1789,1989
1789,1985
1789,1939
1789,2207
1789,2442
1790,1976
1790,2618
1790,2523
1790,2511
1790,2046
1790,2337
1790,1791
1790,2436
1790,2493
1790,2504
1790,2324
1790,2041
1790,2047
1790,2241
1790,2704
1790,2496
1790,2209
1790,2077
1790,1799
1790,2064
1790,2049
1790,1978
1790,1966
1790,2067
1790,1973
1790,2249
1790,2065
1790,1798
1790,2488
1790,2604
1790,1925
1790,1990
1790,2641
1790,2439
1790,2298
1791,2592
1791,2522
1791,2160
1791,2350
1791,1926
1791,2434
1791,2669
1791,1796
1791,2519
1791,2422
1791,2057
1791,2048
1791,2489
1791,2222
1791,1837
1791,2075
1791,2657
1791,2076
1791,2174
1791,2077
1791,1924
1791,2700
1791,2618
1791,2279
1791,2210
1791,2437
1791,1965
1791,1792
1791,2663
1791,1977
1791,2071
1791,2065
1791,1983
1791,1797
1791,2690
1792,2706
1792,1946
1792,2519
1792,2361
1792,2236
1792,2333
1792,2698
1792,2292
1792,2687
1792,2502
1792,2627
1792,2694
1792,2358
1792,2437
1792,1915
1792,2222
1792,2366
1792,2075
1792,2057
1792,1958
1792,2443
1792,2208
1792,1950
1792,2288
1792,2073
1792,2186
1792,1798
1792,2351
1792,1988
1792,1980
1792,2046
1792,2234
1792,2414
1792,2220
1792,1925
1792,2226
1792,1944
1792,1991
1792,2065
1792,1968
1792,1990
1792,1795
1792,2212
1792,2071
1792,2230
1792,2522
1792,2425
1792,2566
1793,2224
1793,2519
1793,2069
1793,2050
1793,2244
1793,2687
1793,2299
1793,2414
1793,2511
1793,2063
1793,2523
1793,2717
1793,2508
1793,2417
1793,2076
1793,2041
1793,2096
1793,2212
1793,2697
1793,2238
1793,2221
1793,2047
1793,1950
1793,1965
1793,1795
1793,1968
1793,2065
1793,2350
1793,2059
1793,2234
1793,2040
1793,2653
1793,1971
1793,2348
1793,1960
1793,2442
1793,1957
1794,2522
1794,2432
1794,2547
1794,2422
1794,2293
1794,2351
1794,2437
1794,2237
1794,1943
1794,2042
1794,2512
1794,2415
1794,2227
1794,1945
1794,2632
1794,2662
1794,1946
1794,2040
1794,1981
1794,2352
1794,1929
1794,2292
1794,1963
1794,2690
1794,2358
1794,1980
1794,2393
1794,2495
1794,2213
1794,1978
1794,2664
1794,1968
1794,2250
1794,1984
1795,2207
1795,2160
1795,2629
1795,2179
1795,2224
1795,2238
1795,2232
1795,1950
1795,1920
1795,2635
1795,2501
1795,1937
1795,1946
1795,2181
1795,1993
1795,2498
1795,1981
1795,2047
1795,2282
1795,2063
1795,2439
1795,2048
1795,2518
1795,1966
1795,2516
1795,2069
1795,1975
1795,1979
1796,2102
1796,1927
1796,2519
1796,2456
1796,2571
1796,2007
1796,2501
1796,1878
1796,2042
1796,2624
1796,1930
1796,2415
1796,2075
1796,2657
1796,2216
1796,1979
1796,2076
1796,2055
1796,2443
1796,1991
1796,1968
1796,1799
1796,1798
1796,2214
1796,2440
1796,2052
1796,1960
1796,1922
1796,2494
1796,2071
1796,2667
1796,2049
1796,1984
1796,1970
1796,2070
1796,1929
1796,2063
1797,2604
1797,2665
1797,2042
1797,2502
1797,2046
1797,1969
1797,2697
1797,2072
1797,1978
1797,1965
1797,1988
1797,2199
1797,1949
1797,2443
1797,1973
1797,1967
1797,2522
1797,2663
1797,2523
1797,1935
1798,1942
1798,2160
1798,2659
1798,2523
1798,2655
1798,2232
1798,2494
1798,1976
1798,2333
1798,2568
1798,2508
1798,2078
1798,2041
1798,2422
1798,1999
1798,2418
1798,2700
1798,1995
1798,2059
1798,1965
1798,2204
1798,2439
1798,2077
1798,2054
1798,2564
1798,1953
1798,2667
1798,2161
1798,1943
1798,2691
1798,2503
1798,2438
1798,1968
1798,1902
1798,2043
1799,2438
1799,2291
1799,2047
1799,2500
1799,2362
1799,2042
1799,2571
1799,2046
1799,2232
1799,2526
1799,2702
1799,1955
1799,2440
1799,2060
1799,2220
1799,2210
1799,1958
1799,2422
1799,2298
1799,1991
1799,1932
1799,2078
1799,2172
1799,2161
1799,1935
1799,2565
1799,1983
1799,2065
1799,2289
1799,2494
1800,2547
1800,2253
1800,2202
1800,1822
1800,2484
1800,2338
1800,2177
1800,1803
1800,2652
1800,2154
1800,1891
1800,1834
1800,1889
1800,1811
1800,2603
1800,2215
1800,1899
1800,2611
1800,1835
1800,1833
1800,1830
1800,2485
1800,1813
1800,2653
1800,2607
1800,2004
1800,1815
1800,2699
1800,2602
1800,2696
1800,1823
1800,1890
1800,1937
1800,1939
1800,1905
1801,2267
1801,2286
1801,1832
1801,2003
1801,2179
1801,2020
1801,2436
1801,1816
1801,1818
1801,2035
1801,2009
1801,2194
1801,1903
1801,1887
1801,2262
1801,1810
1801,1830
1801,2426
1801,2439
1801,2088
1801,2596
1801,1820
1801,2177
1801,2610
1801,2130
1802,2706
1802,2535
1802,2156
1802,2127
1802,2146
1802,2155
1802,2028
1802,2026
1802,2262
1802,1910
1802,1838
1802,2032
1802,2674
1802,1885
1802,1837
1802,2006
1802,1812
1802,2200
1802,1824
1802,2257
1802,2223
1802,2611
1802,2218
1802,2694
1802,2228
1802,1902
1802,1805
1802,2627
1802,1808
1802,2017
1802,2464
1802,2579
1802,2441
1803,2253
1803,2603
1803,2088
1803,2601
1803,2038
1803,1917
1803,2210
1803,1919
1803,1804
1803,1890
1803,2157
1803,1839
1803,2683
1803,1810
1803,2187
1803,2252
1803,1836
1803,1806
1803,2567
1803,1895
1803,2600
1803,1811
1803,2654
1803,2169
1803,1805
1803,2096
1803,2235
1803,1881
1803,1906
1803,2197
1804,2596
1804,2603
1804,2276
1804,2481
1804,2546
1804,2515
1804,2128
1804,1942
1804,2083
1804,2398
1804,2257
1804,1834
1804,1831
1804,1828
1804,2602
1804,2236
1804,2219
1804,2202
1804,1920
1804,2480
1804,2535
1804,2629
1804,2201
1804,2103
1804,2150
1804,2567
1805,2462
1805,2546
1805,2364
1805,2547
1805,2359
1805,2699
1805,2605
1805,2718
1805,2200
1805,1917
1805,2224
1805,1895
1805,2202
1805,1826
1805,2628
1805,2139
1805,2703
1805,2168
1805,2427
1805,2230
1805,2211
1805,2353
1805,2535
1805,2607
1806,1818
1806,2088
1806,1908
1806,2597
1806,2694
1806,2345
1806,2696
1806,2030
1806,2010
1806,2650
1806,2262
1806,1834
1806,2633
1806,1833
1806,2535
1806,2632
1806,2252
1806,2628
1806,2219
1806,2009
1806,1815
1806,1901
1806,2192
1806,2702
1806,1907
1806,2425
1806,2037
1806,1958
1806,2718
1806,1824
1806,1837
1806,2184
1806,2226
1806,2288
1807,2256
1807,1894
1807,1846
1807,2481
1807,2464
1807,2658
1807,2605
1807,2263
1807,2342
1807,1872
1807,1919
1807,2521
1807,1910
1807,1904
1807,2259
1807,1883
1807,1913
1807,1819
1807,1808
1807,1905
1807,2140
1807,2560
1807,1902
1807,2209
1807,1830
1807,2311
1807,2614
1807,1815
1807,2183
1807,2599
1807,2142
1807,1907
1807,2565
1807,1834
1807,1889
1808,2397
1808,2136
1808,2603
1808,2634
1808,2466
1808,2675
1808,2157
1808,1900
1808,1889
1808,2252
1808,1834
1808,2172
1808,1881
1808,2703
1808,2032
1808,2173
1808,1824
1808,2194
1808,2000
1808,1812
1808,1944
1808,2624
1808,1919
1808,1890
1808,2177
1809,2596
1809,1906
1809,2516
1809,2352
1809,1832
1809,2145
1809,2428
1809,2017
1809,1903
1809,1890
1809,2633
1809,2044
1809,1881
1809,1835
1809,1828
1809,2168
1809,2704
1809,2575
1809,2187
1809,2253
1809,2173
1809,2609
1809,1930
1809,1833
1809,2541
1809,2627
1809,1895
1809,2002
1810,2342
1810,2200
1810,2031
1810,2679
1810,1818
1810,1902
1810,1836
1810,1824
1810,1820
1810,2011
1810,2540
1810,2286
1810,2650
1810,2703
1810,1825
1810,2547
1811,2597
1811,2361
1811,2253
1811,2605
1811,2120
1811,2018
1811,1839
1811,1837
1811,2703
1811,1830
1811,2228
1811,2254
1811,2442
1811,1892
1811,2280
1811,1823
1811,1838
1811,1820
1811,2088
1812,1827
1812,2597
1812,2253
1812,2185
1812,1832
1812,1822
1812,2190
1812,2482
1812,2252
1812,2260
1812,1837
1812,1830
1812,2157
1812,1828
1812,1885
1812,2214
1812,1897
1812,2226
1812,1887
1812,2600
1812,2464
1812,2491
1812,1909
1812,2609
1812,1904
1812,2000
1812,2682
1813,2711
1813,2207
1813,2603
1813,2185
1813,2088
1813,2177
1813,2466
1813,2597
1813,2694
1813,2096
1813,1889
1813,1883
1813,2588
1813,2650
1813,2262
1813,1828
1813,2211
1813,1823
1813,2397
1813,1815
1813,1923
1813,2214
1813,2229
1813,1897
1813,2418
1813,2427
1813,1921
1813,2018
1813,2464
1813,2173
1813,1914
1814,2314
1814,1870
1814,2086
1814,2528
1814,2372
1814,1873
1814,2315
1814,1843
1814,2099
1814,2101
1814,1879
1814,2473
1814,2537
1814,1851
1814,2322
1814,2613
1814,2396
1814,2388
1814,2623
1814,2113
1814,2695
1814,2510
1814,2219
1814,2044
1815,2428
1815,2490
1815,1906
1815,2200
1815,2467
1815,2120
1815,2094
1815,2194
1815,1903
1815,2624
1815,2398
1815,2589
1815,1889
1815,1886
1815,1836
1815,1830
1815,2155
1815,1826
1815,1823
1815,2597
1815,2124
1815,2512
1815,2535
1815,2464
1815,2099
1815,2487
1815,2205
1815,2088
1815,2207
1815,2186
1816,2468
1816,2397
1816,2650
1816,2003
1816,2200
1816,1818
1816,2594
1816,2005
1816,1888
1816,1837
1816,2705
1816,1826
1816,2280
1816,1839
1816,2535
1816,1834
1816,2018
1816,2600
1816,2230
1816,2500
1816,2209
1816,2465
1816,2429
1817,2003
1817,2277
1817,2001
1817,2039
1817,2397
1817,2021
1817,2024
1817,2705
1817,2654
1817,2036
1817,1828
1817,2464
1817,2011
1817,2199
1818,2278
1818,2008
1818,1898
1818,2010
1818,2276
1818,1887
1818,2011
1818,2205
1818,2580
1818,2168
1818,2185
1818,2602
1818,2016
1818,2274
1819,1894
1819,1827
1819,2597
1819,2490
1819,2253
1819,2141
1819,2626
1819,2202
1819,2601
1819,1906
1819,2003
1819,2020
1819,2113
1819,2154
1819,2481
1819,2093
1819,2593
1819,2292
1819,1904
1819,2676
1819,1900
1819,1886
1819,1883
1819,1917
1819,1910
1819,2589
1819,2420
1819,1838
1819,2254
1819,2150
1819,2624
1819,2483
1819,1833
1819,1902
1820,2042
1820,2185
1820,1822
1820,2634
1820,2611
1820,2526
1820,1917
1820,1882
1820,2456
1820,2650
1820,2262
1820,2252
1820,1885
1820,2129
1820,1838
1820,2221
1820,1833
1820,2610
1820,1908
1820,2203
1820,2613
1820,2201
1820,2589
1820,2578
1821,1888
1821,2481
1821,2605
1821,1891
1821,2200
1821,1909
1821,1904
1821,1889
1821,2658
1821,1881
1821,1838
1821,2633
1821,2507
1821,1828
1821,1825
1821,2253
1821,2156
1821,2609
1821,1831
1821,2185
1821,2214
1821,2201
1821,2597
1821,2707
1821,2610
1821,1823
1821,2208
1821,1902
1822,2597
1822,2490
1822,2286
1822,1901
1822,1832
1822,2363
1822,2093
1822,1886
1822,2658
1822,2650
1822,1836
1822,2633
1822,1826
1822,2402
1822,2634
1822,1833
1822,1897
1822,1831
1822,2607
1822,1823
1822,2502
1822,1932
1822,2488
1822,2600
1822,2550
1822,2053
1823,2428
1823,2626
1823,2544
1823,2259
1823,1901
1823,2593
1823,2609
1823,2611
1823,2718
1823,2194
1823,2033
1823,2006
1823,2488
1823,1889
1823,1836
1823,2703
1823,1830
1823,1828
1823,1885
1823,2214
1823,1911
1823,2397
1823,2605
1823,2634
1823,1917
1823,2600
1823,2487
1823,2252
1823,2500
1823,2694
1823,2150
1823,2177
1823,2263
1823,2570
1823,1891
1824,2397
1824,2535
1824,2361
1824,2136
1824,1898
1824,1910
1824,2696
1824,2036
1824,1883
1824,1834
1824,1838
1824,2219
1824,2288
1824,1839
1824,2597
1824,2694
1824,1862
1824,2683
1824,2088
1824,1888
1824,1919
1824,2184
1824,2099
1825,2627
1825,2464
1825,1917
1825,1902
1825,2144
1825,2633
1825,1884
1825,1836
1825,2491
1825,2679
1825,2632
1825,2214
1825,2698
1825,2177
1825,2600
1825,2657
1825,2427
1825,2236
1825,1907
1825,1890
1825,2219
1825,1903
1825,2702
1825,2547
1825,1936
1825,2226
1825,2222
1825,2535
1825,2065
1825,2227
1825,2550
1825,2503
1826,2604
1826,2428
1826,2389
1826,2535
1826,2346
1826,2185
1826,2461
1826,2139
1826,2611
1826,2683
1826,2718
1826,1836
1826,2030
1826,1903
1826,2483
1826,1905
1826,1884
1826,2261
1826,1838
1826,2252
1826,2205
1826,2567
1826,2230
1826,2169
1826,2158
1826,2678
1826,2203
1826,2157
1826,2600
1826,2286
1827,2699
1827,2472
1827,2138
1827,2152
1827,2100
1827,2010
1827,1891
1827,1834
1827,1910
1827,1905
1827,1889
1827,1882
1827,2401
1827,2362
1827,2654
1827,2128
1827,2419
1827,2480
1827,2593
1827,2591
1827,2629
1827,2144
1827,2705
1827,2143
1827,2262
1827,2485
1827,2194
1827,2134
1827,1835
1827,2124
1827,1833
1827,2633
1827,1828
1827,2588
1827,2567
1827,2489
1827,2043
1827,2018
1827,2218
1827,2703
1827,2580
1827,2361
1827,2523
1827,2049
1827,2160
1827,2120
1827,1926
1828,2596
1828,2024
1828,2705
1828,2333
1828,2136
1828,1908
1828,2634
1828,2629
1828,2654
1828,2257
1828,2652
1828,2485
1828,2200
1828,1909
1828,1919
1828,2598
1828,2033
1828,2227
1828,1839
1828,1837
1828,1861
1828,2216
1828,2211
1828,2428
1828,2597
1828,2694
1828,2702
1828,2254
1828,1904
1828,2293
1828,1905
1828,1834
1828,2610
1828,1882
1828,2021
1828,1885
1828,2129
1828,1838
1829,2203
1829,2216
1829,2192
1829,2191
1829,2187
1829,1889
1829,2265
1829,2524
1829,2460
1829,2420
1829,2190
1829,2096
1829,2170
1829,2036
1829,2174
1829,2703
1829,2551
1829,2269
1829,2273
1829,2696
1829,2179
1829,1944
1830,2631
1830,2124
1830,2609
1830,2601
1830,2003
1830,2257
1830,2673
1830,2263
1830,2008
1830,1911
1830,1918
1830,1892
1830,1888
1830,1885
1830,2206
1830,2041
1830,2718
1830,2427
1830,2397
1830,2009
1830,1908
1830,2599
1830,1837
1830,1907
1830,2596
1830,2208
1830,2200
1831,2596
1831,2361
1831,2699
1831,2088
1831,2599
1831,2236
1831,2142
1831,1834
1831,2489
1831,2139
1831,2233
1831,2704
1831,2427
1831,2487
1831,1923
1831,2162
1831,2202
1831,1887
1831,2634
1831,1882
1831,1835
1831,2600
1831,2603
1831,1950
1832,2397
1832,2256
1832,2456
1832,2362
1832,2347
1832,2253
1832,2198
1832,1901
1832,2120
1832,2089
1832,2039
1832,2157
1832,2594
1832,2487
1832,1908
1832,1890
1832,1883
1832,2144
1832,2021
1832,2674
1832,2020
1832,1903
1832,2485
1832,2194
1832,1881
1832,2224
1832,1836
1832,2257
1832,1909
1832,2088
1832,2096
1832,2440
1832,2358
1832,2229
1832,2597
1832,1918
1832,2209
1832,1932
1832,1834
1832,2416
1832,2576
1832,2578
1832,2275
1833,2705
1833,2547
1833,1898
1833,2202
1833,2088
1833,2683
1833,2407
1833,2122
1833,1902
1833,1892
1833,1985
1833,2156
1833,1838
1833,2718
1833,2427
1833,2672
1833,2187
1833,2209
1833,2014
1833,1883
1833,2030
1833,1836
1834,1938
1834,2547
1834,2253
1834,1888
1834,2276
1834,2139
1834,2634
1834,2003
1834,2718
1834,1904
1834,2001
1834,1903
1834,2485
1834,2147
1834,1982
1834,2009
1834,2228
1834,1839
1834,2487
1834,2261
1834,2271
1834,2017
1835,2177
1835,2611
1835,1910
1835,2020
1835,1899
1835,1911
1835,1892
1835,2194
1835,2000
1835,1884
1835,1935
1835,1838
1835,2187
1835,1930
1835,2225
1835,2219
1835,2697
1835,2549
1835,1906
1835,1880
1835,1883
1835,2139
1835,2633
1835,2594
1836,2428
1836,2547
1836,2699
1836,2464
1836,1888
1836,2544
1836,2490
1836,2601
1836,2581
1836,2611
1836,2634
1836,1882
1836,1881
1836,2214
1836,2610
1836,2702
1836,2397
1836,1917
1836,1895
1836,2253
1836,2018
1836,2002
1837,2650
1837,2603
1837,2088
1837,2181
1837,2601
1837,2275
1837,2154
1837,2035
1837,1889
1837,1881
1837,1885
1837,1838
1837,2703
1837,1903
1837,2490
1837,2199
1837,1909
1837,2597
1837,2487
1838,2635
1838,2535
1838,1888
1838,2603
1838,2202
1838,1906
1838,2358
1838,2257
1838,2694
1838,2154
1838,2132
1838,2081
1838,2006
1838,1991
1838,2549
1838,2036
1838,1881
1838,2657
1838,2005
1838,2705
1839,2631
1839,2356
1839,2609
1839,2177
1839,2634
1839,2575
1839,2589
1839,2180
1839,1903
1839,2002
1839,2286
1839,2346
1839,2485
1839,2715
1840,2539
1840,2537
1840,2382
1840,1912
1840,2470
1840,1845
1840,2334
1840,1872
1840,1844
1840,2475
1840,2378
1840,2381
1840,2117
1840,2319
1840,2619
1840,2314
1840,2614
1840,2365
1840,2245
1840,2533
1840,1865
1841,2537
1841,1870
1841,1846
1841,2363
1841,2534
1841,1876
1841,1845
1841,2369
1841,1852
1841,1871
1841,1862
1841,1859
1841,2531
1841,2360
1841,1843
1841,2392
1841,2372
1841,1865
1841,2469
1841,2573
1842,2532
1842,1855
1842,2539
1842,1849
1842,2570
1842,2510
1842,2572
1842,2689
1842,2383
1842,1848
1842,2388
1842,2385
1842,2152
1842,2117
1842,2099
1842,2616
1842,2118
1842,2021
1842,2370
1842,2149
1842,1863
1842,2322
1842,1846
1842,2091
1842,2086
1842,2614
1842,2300
1842,1912
1842,2494
1843,2544
1843,2475
1843,1974
1843,2615
1843,2651
1843,1876
1843,2323
1843,1874
1843,1859
1843,2473
1843,1878
1843,2531
1843,2155
1843,1845
1843,2315
1843,1851
1843,2476
1843,2499
1843,1879
1843,2714
1844,2574
1844,2118
1844,2388
1844,1847
1844,2569
1844,2084
1844,2512
1844,1877
1844,2323
1844,2368
1844,2098
1844,2531
1844,2373
1844,2573
1845,2102
1845,2564
1845,1873
1845,2322
1845,1974
1845,2405
1845,2312
1845,2090
1845,1872
1845,2572
1845,2315
1845,1865
1845,1851
1845,1847
1845,2104
1845,2367
1845,2379
1845,1861
1845,2521
1845,2388
1845,2470
1845,2316
1845,2376
1845,2380
1845,2392
1845,2410
1846,2110
1846,1862
1846,2323
1846,2622
1846,2476
1846,2104
1846,2123
1846,2114
1846,2091
1846,2082
1846,1875
1846,1854
1846,2240
1846,2116
1846,2372
1846,2312
1846,2107
1846,2374
1846,2647
1847,2537
1847,2490
1847,1849
1847,2521
1847,2411
1847,2314
1847,1850
1847,2312
1847,1874
1847,1872
1847,1864
1847,1854
1847,2371
1847,1877
1847,2379
1847,1867
1847,2378
1847,2635
1847,1859
1847,2471
1847,1863
1847,2390
1847,2046
1847,2510
1847,2392
1847,2515
1847,2321
1848,2477
1848,2329
1848,2102
1848,2340
1848,1855
1848,2108
1848,2570
1848,2510
1848,2627
1848,2312
1848,2118
1848,1867
1848,1861
1848,2483
1848,2401
1848,1857
1848,2651
1848,1875
1848,2106
1848,1894
1848,2379
1848,2383
1848,2598
1849,2590
1849,2564
1849,2382
1849,2534
1849,2322
1849,2622
1849,2472
1849,2365
1849,1863
1849,1858
1849,1851
1849,1876
1849,1856
1849,2381
1849,2620
1849,2405
1849,1857
1849,2369
1849,2404
1849,2378
1849,2473
1849,1869
1849,2316
1849,2447
1849,2471
1849,2481
1849,2480
1849,2512
1849,2703
1850,2042
1850,2240
1850,2103
1850,1875
1850,2533
1850,2514
1850,2509
1850,2477
1850,2380
1850,2377
1850,2095
1850,2312
1850,2565
1850,2643
1850,2623
1850,2055
1850,2645
1850,2709
1850,2498
1850,1857
1851,2319
1851,2539
1851,2312
1851,2316
1851,2038
1851,2388
1851,1872
1851,1859
1851,1863
1851,1858
1851,2640
1851,2533
1851,2531
1851,2382
1851,2479
1851,2086
1851,2370
1852,2475
1852,2364
1852,2528
1852,1870
1852,2499
1852,1872
1852,1928
1852,1861
1852,1858
1852,2148
1852,1868
1852,1863
1852,1862
1853,2532
1853,2396
1853,2537
1853,1866
1853,2528
1853,1870
1853,2323
1853,2104
1853,1871
1853,1859
1853,2372
1853,2378
1853,1861
1853,2320
1853,1865
1853,1862
1853,2469
1853,2086
1853,1873
1854,2149
1854,2537
1854,2470
1854,1928
1854,2475
1854,2363
1854,1874
1854,1871
1854,1862
1854,2055
1854,1861
1854,2094
1854,2093
1854,2390
1854,2104
1854,2395
1854,2410
1854,2312
1854,1912
1854,2106
1854,2379
1854,2614
1854,2318
1854,2464
1854,2622
1855,2119
1855,1874
1855,2322
1855,2392
1855,2383
1855,2314
1855,1865
1855,2372
1855,2537
1855,1858
1855,1873
1855,2620
1855,2376
1855,1867
1855,1861
1855,2369
1855,2513
1855,2529
1855,2509
1856,2314
1856,2574
1856,2312
1856,1928
1856,2374
1856,2402
1856,2372
1856,1871
1856,2084
1856,2573
1856,2360
1856,1875
1856,2075
1856,1861
1856,2095
1856,2148
1856,2369
1856,2475
1856,2470
1856,2373
1856,1874
1856,2391
1857,2621
1857,2478
1857,2593
1857,2571
1857,2510
1857,2376
1857,2470
1857,2373
1857,2104
1857,1874
1857,1859
1857,2365
1857,1875
1857,2360
1857,1868
1857,2318
1857,2643
1857,2477
1857,2380
1857,2532
1858,2314
1858,1974
1858,1864
1858,2384
1858,2479
1858,2371
1858,2475
1858,2378
1858,2391
1858,2318
1858,1859
1858,2531
1858,2130
1858,2312
1858,1871
1858,2590
1858,2396
1858,1873
1858,2379
1858,2473
1858,2568
1858,1869
1858,2478
1859,1873
1859,2322
1859,2055
1859,2470
1859,2316
1859,1871
1859,2531
1859,1863
1859,1864
1859,2381
1859,2395
1859,2537
1859,1876
1859,2475
1859,2378
1859,1875
1859,2528
1859,2372
1860,2396
1860,2317
1860,2322
1860,2510
1860,2107
1860,2531
1860,2476
1860,2479
1860,1877
1860,1863
1860,2509
1860,2391
1860,2387
1860,1870
1860,2084
1860,2314
1860,2623
1860,2086
1860,2619
1861,2513
1861,2382
1861,1913
1861,2613
1861,1876
1861,1871
1861,2385
1861,2365
1861,1877
1861,2570
1861,2476
1861,1865
1861,1863
1861,2509
1861,2364
1861,2095
1861,2102
1862,2318
1862,1870
1862,2622
1862,2110
1862,2533
1862,2510
1862,2369
1862,2479
1862,1872
1862,2082
1862,1873
1862,2390
1862,2529
1862,1871
1862,2384
1862,2509
1862,2382
1863,2590
1863,2102
1863,1873
1863,2314
1863,2319
1863,2388
1863,2476
1863,2371
1863,2447
1863,1865
1863,2568
1863,1874
1863,1867
1863,2643
1863,2669
1863,2572
1863,2086
1863,2122
1863,2616
1863,1872
1863,2392
1863,2101
1863,2404
1864,2317
1864,1876
1864,2622
1864,2369
1864,1869
1864,2372
1864,2385
1864,2371
1864,2106
1864,2363
1864,1878
1864,2531
1864,1871
1864,2534
1864,1877
1864,2360
1864,2590
1864,2386
1864,2572
1864,2537
1865,2240
1865,2572
1865,1876
1865,2622
1865,2369
1865,1872
1865,2709
1865,1878
1865,2365
1865,2368
1865,1867
1865,2643
1865,2094
1865,2370
1866,2314
1866,2531
1866,2102
1866,2630
1866,2072
1867,2396
1867,2317
1867,2340
1867,2086
1867,1876
1867,2095
1867,2372
1867,1874
1867,2371
1867,2099
1867,2326
1867,2525
1867,2322
1867,2385
1867,1900
1867,2572
1867,2258
1867,2514
1867,2510
1867,2682
1868,2317
1868,2313
1868,1874
1868,1872
1868,1871
1868,2315
1868,2382
1868,2366
1868,1876
1868,2323
1868,2098
1868,2373
1868,2533
1868,1878
1868,1974
1868,2645
1868,2472
1868,1913
1868,2689
1868,2369
1868,2660
1869,2592
1869,2396
1869,2597
1869,2471
1869,2340
1869,2387
1869,1879
1869,2093
1869,2573
1869,2614
1869,2376
1869,2380
1869,1878
1869,2613
1869,2643
1869,2075
1870,2317
1870,2564
1870,2313
1870,2240
1870,2396
1870,2384
1870,2479
1870,2114
1870,2117
1870,2371
1870,2315
1870,2568
1870,2616
1871,2711
1871,2528
1871,1873
1871,2510
1871,2513
1871,2320
1871,2113
1871,2321
1871,2391
1871,2144
1871,1879
1871,2086
1871,2537
1871,1876
1871,2382
1871,2620
1871,2470
1871,2385
1872,2499
1872,2478
1872,2319
1872,2564
1872,2398
1872,2470
1872,2373
1872,1928
1872,2316
1872,2240
1872,2337
1872,2531
1872,2386
1872,2114
1872,2360
1872,2395
1872,2213
1872,2447
1872,2392
1872,2537
1872,2572
1872,2231
1872,2318
1872,2085
1872,2570
1872,2376
1872,2525
1872,2099
1872,2390
1873,2528
1873,2102
1873,2258
1873,2536
1873,1874
1873,1876
1873,2365
1873,1879
1873,1877
1873,2314
1873,2475
1873,2082
1873,2117
1873,2369
1873,2377
1873,2313
1873,2410
1873,2352
1874,2469
1874,2510
1874,2475
1874,2320
1874,2388
1874,2371
1874,2092
1874,2379
1874,2391
1874,2620
1874,1876
1874,2360
1874,2362
1875,2396
1875,2102
1875,2382
1875,2322
1875,2110
1875,2622
1875,2320
1875,2313
1875,2119
1875,2572
1875,2378
1875,2699
1875,2505
1875,2117
1875,2568
1875,2369
1875,2566
1875,1928
1875,2316
1875,2539
1875,2245
1875,2090
1875,2392
1875,2101
1875,1907
1875,2402
1875,2643
1876,2319
1876,2314
1876,2240
1876,2322
1876,2613
1876,2364
1876,2086
1876,2098
1876,2392
1876,2378
1876,2315
1876,1974
1876,1877
1876,2109
1876,2007
1876,2104
1876,2365
1876,2091
1876,2284
1876,2369
1876,2528
1876,2533
1876,2515
1876,2638
1876,2410
1877,2564
1877,2322
1877,2314
1877,2318
1877,2470
1877,2630
1877,2538
1877,2573
1877,2104
1877,2365
1877,2315
1877,2086
1877,2377
1877,2378
1878,2478
1878,2314
1878,2240
1878,2370
1878,2312
1878,2479
1878,2385
1878,2476
1878,2573
1878,2076
1878,2716
1878,2510
1878,2316
1878,2319
1878,2515
1878,2570
1878,2473
1879,2366
1879,1974
1879,2370
1879,2323
1879,2320
1879,2384
1879,1919
1879,2387
1879,2086
1879,2709
1880,2347
1880,2136
1880,2557
1880,2278
1880,2137
1880,2139
1880,2311
1880,2673
1880,2003
1880,2026
1880,1903
1880,2295
1880,2624
1880,2005
1880,2427
1880,2192
1881,2464
1881,2253
1881,2198
1881,1901
1881,2177
1881,2629
1881,2136
1881,2718
1881,2599
1881,2595
1881,2033
1881,2158
1881,2117
1881,1891
1881,1895
1881,1890
1881,1887
1881,2028
1881,1922
1881,1918
1881,1897
1881,2188
1881,2336
1881,2239
1881,2032
1881,2128
1881,1883
1881,2359
1881,1892
1881,2220
1881,2200
1881,1888
1881,2626
1881,2003
1882,2528
1882,2468
1882,2597
1882,2490
1882,2333
1882,2136
1882,2259
1882,2331
1882,2629
1882,2601
1882,2278
1882,2654
1882,2351
1882,2343
1882,1903
1882,1892
1882,1910
1882,2201
1882,2589
1882,2252
1882,2206
1882,2226
1882,1933
1882,2219
1882,2239
1882,2401
1882,2544
1882,2156
1882,2588
1882,2023
1882,2070
1882,2574
1882,1895
1882,2125
1882,1937
1882,2678
1882,1902
1882,1891
1883,1894
1883,2055
1883,2428
1883,2153
1883,2306
1883,2159
1883,2031
1883,1905
1883,1902
1883,1897
1883,2032
1883,2111
1883,2491
1883,1909
1883,2588
1883,2609
1883,2683
1883,1907
1883,1910
1883,2481
1883,2214
1883,2109
1883,2156
1883,1898
1883,2144
1883,1956
1884,2286
1884,2257
1884,1903
1884,2133
1884,1907
1884,1895
1884,2261
1884,1885
1884,2411
1884,2002
1884,2233
1884,2219
1884,2596
1884,1891
1884,2032
1884,2220
1884,1958
1884,2217
1884,2624
1884,2483
1884,2547
1884,2124
1884,2015
1884,2253
1884,2018
1884,2464
1884,2229
1885,2397
1885,2253
1885,1913
1885,2259
1885,1901
1885,2003
1885,2683
1885,2020
1885,2127
1885,2030
1885,1889
1885,1886
1885,2497
1885,2280
1885,2654
1885,1911
1885,2287
1885,1903
1885,2420
1885,1921
1885,2491
1885,2006
1885,2033
1885,2487
1885,1918
1885,2237
1885,2589
1886,2631
1886,1898
1886,2129
1886,1912
1886,2654
1886,2481
1886,1917
1886,2339
1886,2121
1886,2594
1886,2130
1886,2219
1886,1913
1886,2117
1886,2158
1886,1914
1887,2596
1887,2396
1887,1894
1887,2505
1887,1913
1887,2680
1887,2609
1887,2003
1887,2428
1887,2658
1887,2543
1887,2157
1887,2277
1887,2371
1887,2150
1887,2678
1887,2154
1887,2138
1887,2035
1887,2205
1887,2011
1887,1914
1887,1907
1887,2694
1887,1918
1887,1892
1887,1890
1887,2588
1887,2032
1887,1900
1887,2130
1887,2599
1887,1897
1887,2659
1887,2228
1887,2679
1888,2547
1888,2535
1888,2128
1888,2575
1888,2276
1888,2259
1888,2624
1888,1917
1888,2342
1888,2487
1888,2261
1888,2155
1888,1901
1888,1895
1888,2629
1888,2177
1888,2611
1888,2589
1888,2216
1888,2674
1888,2610
1888,2190
1889,2699
1889,2631
1889,2256
1889,2535
1889,2253
1889,2521
1889,2342
1889,2336
1889,2481
1889,2519
1889,2422
1889,2605
1889,2080
1889,2152
1889,2397
1889,2009
1889,2596
1889,2014
1889,2598
1889,2623
1889,2000
1889,2206
1889,1973
1889,1911
1889,2626
1889,1907
1889,1910
1889,2252
1889,1980
1889,2597
1890,2256
1890,2259
1890,1901
1890,2481
1890,2260
1890,2020
1890,2700
1890,2080
1890,2158
1890,2120
1890,2030
1890,2594
1890,1892
1890,2490
1890,1904
1890,2140
1890,2625
1890,2589
1890,1918
1890,2123
1890,2208
1890,2028
1890,1900
1890,2288
1890,2133
1890,1919
1890,2601
1890,2407
1890,2116
1890,1921
1890,2022
1891,1906
1891,1908
1891,2629
1891,2553
1891,2019
1891,2194
1891,2278
1891,2560
1891,2263
1891,2004
1891,1909
1891,2481
1891,2594
1891,2138
1891,2116
1891,2131
1892,1894
1892,1913
1892,1898
1892,2627
1892,2605
1892,2718
1892,2599
1892,1974
1892,1909
1892,2006
1892,1902
1892,2130
1892,2482
1892,2420
1892,2032
1892,2304
1892,2342
1892,2633
1892,2025
1892,1910
1892,2589
1892,2159
1892,2115
1892,2563
1892,1905
1892,1911
1893,2532
1893,2468
1893,1894
1893,1898
1893,1901
1893,2609
1893,1928
1893,2654
1893,2308
1893,2402
1893,2158
1893,2151
1893,2135
1893,2401
1893,2675
1893,2133
1893,2154
1893,2113
1893,1919
1893,1914
1893,2150
1893,2575
1893,1896
1893,2540
1893,2631
1893,2140
1893,2591
1893,2138
1893,1903
1894,2149
1894,2132
1894,1915
1894,2012
1894,2094
1894,2624
1894,2380
1894,2629
1894,1917
1894,2491
1894,1898
1894,2566
1894,2626
1894,2654
1894,1906
1894,2488
1894,1998
1894,2131
1894,1896
1894,2342
1894,2020
1894,2489
1894,2515
1894,2418
1894,2511
1894,2096
1895,2223
1895,2240
1895,2658
1895,2718
1895,2609
1895,2139
1895,2092
1895,2015
1895,2263
1895,2259
1895,2162
1895,2683
1895,2709
1895,2020
1895,1928
1895,2561
1895,1903
1895,2595
1896,2592
1896,2408
1896,2635
1896,2348
1896,2629
1896,2627
1896,2102
1896,2485
1896,2202
1896,2343
1896,2625
1896,2415
1896,2219
1896,2218
1896,2657
1896,2414
1896,2649
1896,2237
1896,2123
1896,2217
1896,2056
1896,1919
1896,1966
1896,2706
1897,2397
1897,2256
1897,2535
1897,2464
1897,1913
1897,2650
1897,2129
1897,2609
1897,2177
1897,1908
1897,2605
1897,2563
1897,2486
1897,2153
1897,2596
1897,1917
1897,2093
1897,2135
1897,1900
1897,2600
1897,2430
1897,2254
1897,2088
1897,2099
1897,2002
1897,2235
1897,2588
1897,1907
1897,2096
1897,1902
1897,2694
1897,1918
1897,2625
1898,2596
1898,2428
1898,2147
1898,2034
1898,2595
1898,2158
1898,2491
1898,1909
1898,2103
1898,2563
1898,2683
1898,2194
1898,2485
1898,1919
1898,2003
1898,2096
1898,1902
1898,2127
1898,2589
1898,1910
1898,2521
1898,2366
1898,2383
1898,2603
1898,1905
1898,2681
1898,2134
1898,2046
1898,2264
1899,2609
1899,2561
1899,2481
1899,2605
1899,2659
1899,2033
1899,2107
1899,2106
1899,2263
1899,2626
1899,2485
1899,2426
1899,2567
1899,2202
1899,2155
1899,2625
1899,2628
1899,1971
1899,2601
1900,1938
1900,1906
1900,2259
1900,2398
1900,2680
1900,2275
1900,2388
1900,2089
1900,2679
1900,1903
1900,2480
1900,1909
1900,2428
1900,2553
1900,2155
1900,2404
1900,2263
1900,2121
1900,2594
1901,2468
1901,2375
1901,2253
1901,1913
1901,2126
1901,2624
1901,2130
1901,1902
1901,2331
1901,1908
1901,2002
1901,2631
1901,1906
1901,2658
1901,2611
1901,2194
1901,2487
1901,2252
1901,1918
1901,2680
1901,2481
1901,2135
1901,2567
1901,2131
1901,2683
1901,2416
1902,2468
1902,2397
1902,2160
1902,1913
1902,2626
1902,2255
1902,2348
1902,2627
1902,2654
1902,2605
1902,2718
1902,2597
1902,2112
1902,2629
1902,2634
1902,2343
1902,2123
1902,2491
1902,2200
1902,2006
1902,2489
1902,2263
1902,1953
1902,2196
1902,2002
1902,2342
1902,2633
1902,2483
1902,1919
1902,2124
1902,2609
1902,2331
1902,2020
1902,2678
1902,2596
1902,2208
1902,2130
1903,2276
1903,2299
1903,1916
1903,2428
1903,2597
1903,2694
1903,2136
1903,2718
1903,2200
1903,2156
1903,2148
1903,2485
1903,2487
1903,1905
1903,2018
1903,2261
1903,2624
1903,2130
1903,2674
1903,2255
1903,2347
1903,1913
1903,2088
1903,1910
1903,2589
1904,2597
1904,2464
1904,2307
1904,2561
1904,2104
1904,2679
1904,2263
1904,2130
1904,2097
1904,1909
1904,2588
1904,2029
1904,2252
1904,2205
1904,2082
1904,2035
1904,2120
1904,1943
1904,2483
1904,1919
1904,2233
1904,2535
1904,2676
1904,2012
1904,2658
1905,2631
1905,2428
1905,2597
1905,2535
1905,2102
1905,2490
1905,2361
1905,2422
1905,2007
1905,2654
1905,2110
1905,2595
1905,2119
1905,2158
1905,2156
1905,1909
1905,2006
1905,2594
1905,2593
1905,2483
1905,2327
1905,1939
1905,2133
1905,2488
1905,1911
1905,2657
1905,2075
1905,2220
1905,2215
1905,2599
1906,2256
1906,2596
1906,2402
1906,2099
1906,2137
1906,2093
1906,2023
1906,2680
1906,2609
1906,2594
1906,2485
1906,2155
1906,2130
1906,2259
1906,2366
1906,2100
1906,2488
1906,2101
1906,2683
1906,2200
1906,2589
1906,2694
1906,2300
1906,2607
1906,2215
1906,2527
1907,2626
1907,2603
1907,2609
1907,2284
1907,2490
1907,1908
1907,2681
1907,2605
1907,2020
1907,2261
1907,1913
1907,2010
1907,2566
1907,2625
1907,2140
1907,2628
1907,2540
1907,2155
1907,2526
1907,2428
1907,1917
1907,2633
1907,2094
1907,2521
1907,1919
1907,2601
1908,2397
1908,2635
1908,2464
1908,2447
1908,2362
1908,2346
1908,2141
1908,1913
1908,2177
1908,2609
1908,2278
1908,2138
1908,2125
1908,2100
1908,2035
1908,2155
1908,2133
1908,2130
1908,2404
1908,1919
1908,2263
1908,2236
1908,2694
1908,2485
1908,2191
1909,2596
1909,2397
1909,2136
1909,2088
1909,2139
1909,2658
1909,2694
1909,2515
1909,2277
1909,2194
1909,2679
1909,2035
1909,2013
1909,1913
1909,2261
1909,1914
1909,2611
1909,2029
1909,1911
1909,2674
1909,2228
1909,2272
1909,2184
1909,2123
1909,2026
1909,1929
1909,2589
1909,2213
1909,2157
1909,2129
1909,2032
1910,2256
1910,2490
1910,2544
1910,2481
1910,2599
1910,2624
1910,2594
1910,2261
1910,2133
1910,2464
1910,2367
1910,2595
1910,2389
1910,2486
1910,2419
1910,2006
1910,2588
1910,2512
1910,2605
1910,2342
1910,2633
1910,2029
1910,2214
1910,2205
1910,2228
1910,2425
1910,2018
1910,2212
1911,2408
1911,2341
1911,2020
1911,2177
1911,2036
1911,2635
1911,2259
1911,2588
1911,2205
1911,2610
1911,2594
1911,1915
1911,2344
1911,2398
1911,2373
1911,2718
1912,2529
1912,2400
1912,2119
1912,2115
1912,2107
1912,2097
1912,2090
1912,2080
1912,2470
1912,2472
1912,2281
1912,2367
1912,2122
1912,2084
1912,2626
1912,2109
1912,2101
1912,2099
1912,2146
1912,2152
1912,2114
1912,2020
1912,2150
1913,2464
1913,2595
1913,2260
1913,2404
1913,2135
1913,2038
1913,2291
1913,2609
1913,2157
1913,2155
1913,2601
1913,2428
1913,2654
1913,2591
1913,2021
1913,2718
1913,2694
1913,1927
1913,2218
1913,2211
1913,2130
1913,2026
1913,1929
1914,2428
1914,2593
1914,2650
1914,2342
1914,2481
1914,2601
1914,1916
1914,2157
1914,2135
1914,2030
1914,2127
1914,2125
1914,2491
1914,2103
1914,2483
1914,2480
1914,2625
1914,2037
1914,2134
1914,2228
1914,2404
1914,2275
1914,2468
1914,2130
1914,1936
1914,2683
1914,2114
1915,2477
1915,2362
1915,2366
1915,2654
1915,2651
1915,2257
1915,2157
1915,2158
1915,2123
1915,1930
1915,2588
1915,2229
1915,2397
1915,2632
1915,2594
1915,2592
1916,2149
1916,2342
1916,2311
1916,2278
1916,2129
1916,2301
1916,2451
1916,2153
1916,2339
1916,2122
1916,2027
1916,2026
1916,2140
1917,2547
1917,2347
1917,2259
1917,2656
1917,2486
1917,2194
1917,2560
1917,2594
1917,2263
1917,2130
1917,2013
1917,2480
1917,2144
1917,2132
1917,2188
1917,2599
1917,2123
1917,2589
1917,1918
1917,2254
1917,2481
1917,2628
1917,2697
1918,2253
1918,2207
1918,2085
1918,2609
1918,2428
1918,2634
1918,2034
1918,2039
1918,2624
1918,1919
1918,2024
1918,2703
1918,2540
1918,2192
1918,2134
1918,2005
1918,2000
1918,2009
1918,2096
1918,2482
1919,2428
1919,2397
1919,2236
1919,2611
1919,2464
1919,2658
1919,2554
1919,2277
1919,2448
1919,2321
1919,2026
1919,2123
1919,2401
1919,2403
1919,2594
1919,2487
1919,2330
1919,2133
1919,2081
1919,2593
1919,2205
1919,2075
1919,2481
1919,2609
1920,2223
1920,2276
1920,2656
1920,2053
1920,2546
1920,2160
1920,2257
1920,2176
1920,1930
1920,2254
1920,1944
1920,2041
1920,2182
1920,2162
1920,2440
1920,1943
1920,2234
1920,2072
1920,2213
1920,2222
1920,2524
1920,2518
1920,2048
1920,1979
1920,2420
1920,1934
1920,2163
1920,2349
1920,1959
1920,1939
1920,2215
1920,1933
1920,2604
1920,2703
1920,1937
1920,2207
1920,2046
1920,1949
1921,2522
1921,2397
1921,2516
1921,2292
1921,2354
1921,2700
1921,2436
1921,2168
1921,1922
1921,2213
1921,2210
1921,2467
1921,2047
1921,1950
1921,2164
1921,2353
1921,1955
1921,2046
1921,1949
1921,2223
1921,1932
1921,1941
1921,1979
1921,2096
1921,1954
1921,2136
1921,2427
1921,2627
1921,2239
1921,2429
1921,2221
1921,2174
1922,2178
1922,2519
1922,2207
1922,2204
1922,2433
1922,2292
1922,2223
1922,2176
1922,2291
1922,2150
1922,1932
1922,2152
1922,2199
1922,1959
1922,2333
1922,2662
1922,1957
1922,2296
1922,1956
1922,2502
1922,1949
1922,1937
1922,1978
1922,1935
1923,2699
1923,2604
1923,2500
1923,2286
1923,2223
1923,2527
1923,2292
1923,2069
1923,1940
1923,1926
1923,2354
1923,2549
1923,2173
1923,2225
1923,1943
1923,1954
1923,2518
1923,2048
1923,1932
1923,2042
1923,2465
1923,1949
1923,1942
1923,1989
1923,2164
1923,1934
1923,1925
1923,2217
1923,2250
1923,2185
1923,2467
1923,2434
1923,2212
1923,1944
1923,2441
1923,2422
1924,2500
1924,2414
1924,2687
1924,2422
1924,2673
1924,2206
1924,2653
1924,2435
1924,2239
1924,2348
1924,2519
1924,1955
1924,1985
1924,2578
1924,2541
1924,2434
1924,2199
1924,2163
1924,2053
1924,1954
1924,2440
1924,2064
1924,2299
1924,2150
1924,2526
1924,2667
1924,1931
1924,1963
1924,1986
1924,2655
1924,1950
1924,2663
1925,2516
1925,2352
1925,2461
1925,2160
1925,1972
1925,1930
1925,1950
1925,2279
1925,2215
1925,2173
1925,1965
1925,2161
1925,2700
1925,1948
1925,1942
1925,2600
1925,2439
1925,2048
1925,2618
1926,2291
1926,2207
1926,1952
1926,2516
1926,2414
1926,1940
1926,1942
1926,2130
1926,2191
1926,2443
1926,2435
1926,2333
1926,2239
1926,2438
1926,2203
1926,1955
1926,2702
1926,1950
1926,1943
1926,1941
1926,2524
1926,1951
1926,1945
1926,2068
1926,2209
1926,2416
1926,1936
1926,2201
1926,2436
1926,1953
1926,1948
1926,1980
1926,1933
1926,1931
1926,2205
1926,2064
1927,2236
1927,2233
1927,2714
1927,2076
1927,2066
1927,1968
1927,1989
1927,2474
1927,1983
1927,2662
1927,1998
1927,2667
1927,1965
1927,2059
1927,1950
1927,2078
1927,1981
1927,2660
1927,2049
1927,2181
1927,1993
1927,1992
1927,2502
1927,1985
1927,2669
1927,1984
1927,1978
1927,2196
1927,2293
1927,1961
1927,2058
1927,2518
1927,2299
1927,1970
1927,1967
1927,2249
1927,2041
1927,1994
1927,1999
1927,2522
1927,2328
1927,1948
1927,2069
1927,2492
1927,2639
1927,2185
1927,1997
1928,2364
1928,2538
1928,2363
1928,2119
1928,2104
1928,2080
1928,2470
1928,2082
1928,2107
1928,2152
1928,2105
1928,2379
1928,2121
1928,2083
1928,2130
1928,2638
1929,2706
1929,2699
1929,2375
1929,2207
1929,2160
1929,2286
1929,2435
1929,2257
1929,2355
1929,2075
1929,2215
1929,2237
1929,2627
1929,1943
1929,2223
1929,2270
1929,1941
1929,2056
1929,1971
1929,2700
1929,1944
1929,2358
1929,2053
1929,2213
1929,1937
1930,2224
1930,2516
1930,1940
1930,2293
1930,2434
1930,2501
1930,2159
1930,2206
1930,2238
1930,2425
1930,2237
1930,2229
1930,2221
1930,2220
1930,2706
1930,1954
1930,1950
1930,2366
1930,1943
1930,2524
1930,1991
1930,1951
1930,2440
1930,2064
1930,2632
1930,2209
1930,2579
1930,2352
1930,2164
1930,2161
1930,2355
1930,2607
1930,1949
1930,2075
1930,1934
1931,2223
1931,2088
1931,2502
1931,2290
1931,2222
1931,1952
1931,2704
1931,2209
1931,2195
1931,1976
1931,2211
1931,2197
1931,2203
1931,1954
1931,2233
1931,2434
1931,2188
1932,2333
1932,2698
1932,2352
1932,2202
1932,2351
1932,2700
1932,2467
1932,2337
1932,2525
1932,2075
1932,2527
1932,2292
1932,2519
1932,2237
1932,2221
1932,2054
1932,2526
1932,1962
1932,2494
1932,1977
1932,2161
1932,1935
1932,2199
1932,2299
1932,2440
1932,2670
1932,2435
1932,1983
1932,2269
1932,2204
1932,1949
1933,2361
1933,2223
1933,2248
1933,2441
1933,2227
1933,1958
1933,1955
1933,2524
1933,2496
1933,1991
1933,2351
1933,2163
1933,2349
1933,2077
1933,2435
1933,1948
1933,2202
1933,2296
1933,1999
1933,2353
1933,2409
1933,1939
1934,2706
1934,2431
1934,2351
1934,2203
1934,2467
1934,2415
1934,2222
1934,2173
1934,2225
1934,2221
1934,2213
1934,2671
1934,1964
1934,2288
1934,1959
1934,2437
1934,1973
1934,1953
1935,2604
1935,1952
1935,1942
1935,2527
1935,2293
1935,2656
1935,2441
1935,2425
1935,2467
1935,2262
1935,2073
1935,2496
1935,2176
1935,1988
1935,1953
1935,2352
1935,1956
1935,2663
1935,2160
1935,1959
1935,2440
1936,2698
1936,2186
1936,2348
1936,2519
1936,2591
1936,2050
1936,2191
1936,2292
1936,2057
1936,2440
1936,2211
1936,1950
1936,1966
1936,2541
1936,2172
1936,2545
1936,2229
1936,1947
1936,2221
1936,1939
1936,2220
1936,2289
1936,2524
1936,2434
1936,2431
1936,2414
1936,1944
1936,1958
1937,2207
1937,2527
1937,2668
1937,2186
1937,2670
1937,1940
1937,2694
1937,2434
1937,2443
1937,2068
1937,2375
1937,2046
1937,2610
1937,2213
1937,1958
1937,2073
1937,2496
1937,2202
1937,2467
1937,2420
1937,1949
1937,2221
1937,1939
1937,2204
1937,1969
1937,1956
1937,2351
1937,2236
1937,2291
1937,2333
1937,2427
1937,1938
1937,2173
1938,2606
1938,2397
1938,2129
1938,2103
1938,2567
1938,2057
1938,2188
1938,2704
1938,2699
1938,2182
1938,2361
1938,2443
1938,2702
1938,2237
1938,2085
1938,2226
1938,2348
1938,2211
1938,2627
1938,2439
1938,2294
1938,2456
1938,2427
1938,1957
1939,2207
1939,2348
1939,2203
1939,2289
1939,2653
1939,2699
1939,2229
1939,2435
1939,1943
1939,2518
1940,2604
1940,2223
1940,2431
1940,2175
1940,2279
1940,2358
1940,2234
1940,2182
1940,2229
1940,2180
1940,2227
1940,2596
1940,2220
1940,2211
1940,2073
1940,1977
1940,1998
1940,2072
1940,2354
1940,1959
1940,1957
1940,2501
1940,2440
1940,2199
1941,2699
1941,2422
1941,2441
1941,2351
1941,2580
1941,1969
1941,2437
1941,2230
1941,2696
1941,2602
1941,2188
1941,2235
1941,1955
1941,2218
1941,2288
1941,2203
1941,1968
1941,2503
1941,2440
1941,2064
1941,1970
1941,2526
1941,1962
1941,2294
1941,2059
1941,2333
1941,1957
1941,1942
1941,2352
1941,2161
1941,1973
1941,2436
1941,1958
1942,2551
1942,2289
1942,2206
1942,2497
1942,2222
1942,2504
1942,1944
1942,2235
1942,2229
1942,2333
1942,2518
1942,2496
1942,2627
1942,2298
1942,2160
1942,2063
1942,1955
1942,2435
1942,2669
1942,2458
1942,2493
1942,2164
1942,2290
1942,2057
1942,2292
1942,1956
1942,2441
1942,2628
1942,2250
1942,2663
1943,2224
1943,2527
1943,2500
1943,2185
1943,2466
1943,2441
1943,2176
1943,2413
1943,2237
1943,2210
1943,2208
1943,2279
1943,2182
1943,1947
1943,2523
1943,2232
1943,1997
1943,2124
1943,2221
1943,2715
1943,1964
1943,2211
1943,2299
1943,2699
1943,1959
1943,1951
1943,2212
1943,2203
1943,2494
1943,2456
1943,1960
1943,2289
1943,2610
1943,2055
1944,2236
1944,2435
1944,1969
1944,2219
1944,2239
1944,2652
1944,2229
1944,2176
1944,2217
1944,1950
1944,2207
1944,2348
1944,2442
1944,2649
1944,2226
1944,2547
1944,2641
1944,2527
1944,2433
1944,2166
1944,2434
1944,2199
1944,1977
1944,2296
1944,2656
1944,2441
1944,2497
1944,2352
1944,2201
1945,2522
1945,2223
1945,2350
1945,2456
1945,2409
1945,2526
1945,2443
1945,2437
1945,2229
1945,2188
1945,2662
1945,1979
1945,2604
1945,2416
1945,2618
1945,2054
1945,2502
1945,1985
1945,1970
1945,1951
1945,2519
1945,2096
1945,2105
1945,2076
1945,2226
1945,2212
1945,2494
1945,2375
1946,2412
1946,2565
1946,2415
1946,2655
1946,2517
1946,2058
1946,2203
1946,2052
1946,1958
1946,2496
1946,2442
1946,1967
1946,2063
1946,1976
1946,2664
1946,2656
1946,1998
1946,2065
1946,2059
1946,2501
1946,1984
1946,2075
1946,1981
1946,2495
1946,1978
1946,1975
1946,2715
1946,1994
1947,2350
1947,2207
1947,2348
1947,2236
1947,2232
1947,2441
1947,2206
1947,2292
1947,2226
1947,1955
1947,2694
1947,2059
1947,2291
1947,2197
1947,2289
1947,1948
1947,2227
1947,2656
1947,1951
1948,2291
1948,1989
1948,2181
1948,2466
1948,2299
1948,2467
1948,2702
1948,2225
1948,2073
1948,2355
1948,2217
1948,1955
1948,1953
1948,1991
1948,2229
1948,2250
1948,2297
1949,2207
1949,2352
1949,2186
1949,2606
1949,2269
1949,2053
1949,2354
1949,2179
1949,2497
1949,2168
1949,2289
1949,2297
1949,1957
1949,2204
1949,1955
1949,2355
1949,2686
1950,2699
1950,2236
1950,2650
1950,2352
1950,2181
1950,2435
1950,2629
1950,2441
1950,2074
1950,2656
1950,1998
1950,2176
1950,2436
1950,2355
1950,2044
1950,2600
1950,2440
1950,2166
1950,2218
1950,2523
1950,2434
1950,2627
1950,2495
1950,2504
1950,2548
1950,2211
1951,2551
1951,2438
1951,2500
1951,2456
1951,2292
1951,2715
1951,2435
1951,2599
1951,2237
1951,2334
1951,2700
1951,2239
1951,2523
1951,2232
1951,2073
1951,2213
1951,2212
1951,2494
1951,2282
1951,2048
1951,1979
1951,2350
1951,2059
1951,2524
1951,2289
1951,2250
1951,2246
1951,2238
1951,2222
1951,2299
1951,2714
1951,2111
1952,2604
1952,2357
1952,2291
1952,2236
1952,2654
1952,2041
1952,2182
1952,2361
1952,2238
1952,2352
1952,1958
1952,1955
1952,2523
1952,2167
1952,2703
1952,2172
1952,2171
1952,2467
1952,2527
1952,2668
1952,2208
1952,2289
1952,1953
1952,2441
1953,2604
1953,2519
1953,2435
1953,2354
1953,2046
1953,2203
1953,2355
1953,2219
1953,2327
1953,2161
1953,2296
1953,2201
1953,1959
1953,2606
1953,2418
1953,2189
1953,2351
1953,2163
1954,2224
1954,2527
1954,2500
1954,2333
1954,2414
1954,2186
1954,2375
1954,2516
1954,2611
1954,2687
1954,2358
1954,2526
1954,2467
1954,2214
1954,2211
1954,2425
1954,2096
1954,2237
1954,1955
1954,2289
1954,2524
1954,2238
1954,1993
1954,1992
1954,2626
1954,2063
1954,2439
1954,2048
1954,2440
1955,2291
1955,2494
1955,2632
1955,2216
1955,2655
1955,2467
1955,2279
1955,2226
1955,2225
1955,2221
1955,2298
1955,2249
1955,2239
1955,2662
1955,2500
1955,2606
1955,2223
1955,2699
1955,2262
1956,2375
1956,2516
1956,2177
1956,2442
1956,2160
1956,2204
1956,2063
1956,1973
1956,1983
1956,1960
1956,1957
1956,2503
1956,1965
1956,2168
1956,2232
1956,2163
1957,2286
1957,2354
1957,2696
1957,2467
1957,2516
1957,2704
1957,2361
1957,2549
1957,2358
1957,2217
1957,1958
1957,2518
1957,1988
1957,1984
1957,2197
1957,1959
1957,2675
1957,2208
1957,1973
1958,2707
1958,2223
1958,2626
1958,2352
1958,2294
1958,2190
1958,2435
1958,2434
1958,2425
1958,2467
1958,2632
1958,2282
1958,2235
1958,2516
1958,2225
1958,2565
1958,2518
1958,2073
1958,2667
1958,2351
1958,2492
1958,2229
1958,2519
1958,2375
1958,1987
1958,2213
1958,2289
1958,2500
1958,2070
1958,2211
1959,2456
1959,2431
1959,2523
1959,2653
1959,2516
1959,2704
1959,2191
1959,1990
1959,1985
1959,2517
1959,2427
1959,2248
1959,2671
1960,2522
1960,2669
1960,2223
1960,2495
1960,2687
1960,2352
1960,1976
1960,2493
1960,2181
1960,2055
1960,2441
1960,2511
1960,1996
1960,2063
1960,1969
1960,2520
1960,1992
1960,1990
1960,1984
1960,1997
1960,2518
1960,1979
1961,2393
1961,2223
1961,2050
1961,2243
1961,2417
1961,2328
1961,2600
1961,1991
1961,2662
1961,2350
1961,2071
1961,2065
1961,2049
1961,2045
1961,2181
1961,2040
1961,1990
1961,1984
1961,2688
1961,2030
1961,2641
1961,1983
1961,1963
1961,2623
1961,2670
1961,2251
1961,2249
1961,2242
1961,2618
1961,1966
1961,2436
1961,1997
1962,2231
1962,2665
1962,2242
1962,1989
1962,2294
1962,2299
1962,1998
1962,1969
1962,2700
1962,2657
1962,1977
1962,2671
1962,2667
1962,1992
1962,1988
1962,1984
1962,1982
1962,1980
1962,1973
1962,2416
1962,2669
1962,1964
1962,2527
1962,1963
1962,2496
1962,2332
1962,1987
1962,2492
1963,2438
1963,2519
1963,2393
1963,2160
1963,2495
1963,2698
1963,2181
1963,1996
1963,2692
1963,2283
1963,2381
1963,2715
1963,2057
1963,2044
1963,2326
1963,2074
1963,1965
1963,2667
1963,2664
1963,1986
1963,2503
1963,1984
1963,2248
1963,2624
1963,2671
1963,2357
1963,2639
1963,1981
1963,1964
1963,2298
1963,1990
1963,1967
1963,1985
1964,2669
1964,2418
1964,2375
1964,2242
1964,2495
1964,2670
1964,2181
1964,2055
1964,2243
1964,1996
1964,2133
1964,2719
1964,2222
1964,2076
1964,1972
1964,2066
1964,2041
1964,2288
1964,2048
1964,2212
1964,1977
1964,2662
1964,2409
1964,2691
1964,2503
1964,2049
1964,2045
1964,1990
1964,1973
1964,2492
1964,2432
1964,2671
1964,1966
1964,1981
1964,2047
1964,1983
1965,2669
1965,2375
1965,2333
1965,1989
1965,2506
1965,2649
1965,2504
1965,2068
1965,2225
1965,2204
1965,1969
1965,2298
1965,2073
1965,1979
1965,1988
1965,2500
1965,1983
1965,1970
1965,1966
1965,2292
1965,2719
1965,1967
1965,2059
1965,2208
1965,1973
1965,2663
1966,2699
1966,2231
1966,2456
1966,1976
1966,2523
1966,2375
1966,2046
1966,2055
1966,2243
1966,2232
1966,2252
1966,2068
1966,2217
1966,2496
1966,2056
1966,2416
1966,2059
1966,1981
1966,2425
1966,2049
1966,1980
1966,2078
1966,2077
1966,2047
1966,2517
1967,2706
1967,2604
1967,2522
1967,2293
1967,2207
1967,2350
1967,2074
1967,2244
1967,2299
1967,2409
1967,2041
1967,2058
1967,2427
1967,2237
1967,2684
1967,2496
1967,1991
1967,2071
1967,2055
1967,1990
1967,2077
1967,1983
1967,2502
1967,1972
1967,2442
1967,1996
1967,2292
1967,2057
1967,2333
1967,2042
1967,2708
1967,2422
1968,2375
1968,2361
1968,2350
1968,2670
1968,2588
1968,2232
1968,2326
1968,1995
1968,1991
1968,2432
1968,2667
1968,2054
1968,2064
1968,2666
1968,1980
1968,2298
1968,2250
1968,2049
1968,2456
1968,2409
1969,2260
1969,2065
1969,2059
1969,2181
1969,2040
1969,1990
1969,2686
1969,2077
1969,1983
1969,1980
1969,1970
1969,2409
1969,2503
1969,2665
1969,2618
1969,2432
1969,2197
1969,2212
1969,1977
1969,2353
1969,2330
1969,2283
1970,2522
1970,2389
1970,2666
1970,2375
1970,2207
1970,2495
1970,2059
1970,2350
1970,2698
1970,2053
1970,2241
1970,2058
1970,2077
1970,1977
1970,2210
1970,2501
1970,1990
1970,1981
1970,2660
1970,2049
1970,2040
1970,1993
1970,2069
1970,2492
1970,2352
1970,2249
1970,2055
1970,2075
1970,2045
1970,2409
1970,2503
1971,1989
1971,2248
1971,2069
1971,2437
1971,2283
1971,1999
1971,2048
1971,1978
1971,1980
1971,1998
1971,2496
1972,2688
1972,2597
1972,2618
1972,2051
1972,2251
1972,2085
1972,2617
1972,2637
1972,2413
1972,2646
1972,2411
1972,2052
1972,2079
1972,2074
1972,2636
1972,2645
1972,2493
1972,2072
1972,2093
1972,1999
1972,2716
1972,2328
1972,1979
1972,2208
1972,2067
1972,2686
1972,2058
1973,2522
1973,2500
1973,2375
1973,2336
1973,2493
1973,2047
1973,2435
1973,2063
1973,2571
1973,2409
1973,2700
1973,2437
1973,2436
1973,2657
1973,2068
1973,2610
1973,2496
1973,1990
1973,2201
1973,2492
1973,2352
1973,2056
1973,1984
1973,2071
1973,2662
1973,2656
1973,2062
1973,1981
1974,2323
1974,2531
1974,2387
1974,2384
1974,2360
1974,2476
1974,2709
1975,2522
1975,2669
1975,2375
1975,2495
1975,2350
1975,2069
1975,2655
1975,2299
1975,2425
1975,2418
1975,2700
1975,2056
1975,1979
1975,2671
1975,2664
1975,2181
1975,2416
1975,2040
1975,1993
1975,2644
1975,2409
1975,1986
1975,2687
1975,2641
1975,2077
1975,1983
1975,2071
1975,2618
1975,2712
1975,2565
1975,2176
1975,2245
1975,2662
1976,2711
1976,2042
1976,2495
1976,2350
1976,2055
1976,2456
1976,2070
1976,2655
1976,2417
1976,2076
1976,1995
1976,2684
1976,2522
1976,2328
1976,2203
1976,2493
1976,2502
1976,2298
1976,2075
1976,2618
1976,2501
1976,1998
1976,2243
1976,2049
1976,1981
1976,2063
1976,1986
1976,2353
1976,2416
1976,1990
1976,1984
1976,2663
1977,2047
1977,2665
1977,2293
1977,2495
1977,2414
1977,2687
1977,2422
1977,2175
1977,2231
1977,2715
1977,2232
1977,2625
1977,2710
1977,2489
1977,2497
1977,2070
1977,2525
1977,1999
1977,1995
1977,2492
1977,2686
1977,2077
1977,2253
1977,2059
1977,1988
1977,2667
1977,1991
1977,2504
1977,2518
1977,2636
1977,2517
1978,2389
1978,2519
1978,2571
1978,2294
1978,2716
1978,2283
1978,2218
1978,1983
1978,2715
1978,2643
1978,1985
1978,2064
1978,2350
1978,2068
1978,2525
1978,2666
1978,2687
1978,2640
1978,2495
1978,1988
1978,1996
1979,2412
1979,2231
1979,2523
1979,2232
1979,2283
1979,2368
1979,2222
1979,2497
1979,2074
1979,2518
1979,2496
1979,2066
1979,2248
1979,2442
1979,2237
1979,2049
1979,1990
1979,1988
1979,2349
1979,2250
1979,2502
1979,2441
1979,2524
1979,2040
1979,1993
1979,1985
1980,2055
1980,2046
1980,2693
1980,2367
1980,2044
1980,2699
1980,2041
1980,2213
1980,2330
1980,2333
1980,2662
1980,1993
1980,1985
1980,2432
1980,2359
1980,2687
1980,2660
1980,2440
1980,2413
1980,1990
1980,2063
1981,2639
1981,2670
1981,2522
1981,2441
1981,2706
1981,2511
1981,2508
1981,2072
1981,2375
1981,2328
1981,2667
1981,2049
1981,2181
1981,1993
1981,2220
1981,1985
1981,2715
1981,2669
1981,2293
1981,2431
1981,2055
1981,2619
1981,2666
1981,2692
1981,1987
1981,2333
1981,2395
1982,2393
1982,2655
1982,2043
1982,2439
1982,2248
1982,2671
1982,1988
1982,2212
1982,2071
1982,2669
1982,2293
1982,1983
1982,2209
1982,2045
1983,2522
1983,2501
1983,2497
1983,2527
1983,2715
1983,2057
1983,1996
1983,2043
1983,2173
1983,2227
1983,1991
1983,1993
1983,2519
1983,1990
1983,2520
1983,2684
1983,2436
1983,2222
1984,2047
1984,2506
1984,2656
1984,1998
1984,2693
1984,2494
1984,2588
1984,2079
1984,2685
1984,2238
1984,2696
1984,1991
1984,2671
1984,2664
1984,2660
1984,1993
1984,1990
1984,2621
1984,2618
1984,2474
1984,2640
1984,2065
1984,2067
1984,2236
1984,2283
1984,2299
1985,2522
1985,2648
1985,2500
1985,2571
1985,2219
1985,2044
1985,2293
1985,2527
1985,2715
1985,2057
1985,2415
1985,2249
1985,2234
1985,2432
1985,2244
1985,2495
1986,2055
1986,2693
1986,2643
1986,2235
1986,2710
1986,2684
1986,2065
1986,2249
1986,2061
1986,2665
1986,2289
1986,2520
1986,2539
1987,2418
1987,2350
1987,2670
1987,2493
1987,2354
1987,2646
1987,2525
1987,2667
1987,2045
1987,2686
1987,2249
1987,2248
1987,2671
1987,2648
1987,1990
1987,2330
1987,2716
1987,2058
1987,2069
1988,2350
1988,2069
1988,2493
1988,2501
1988,2437
1988,2222
1988,2283
1988,2048
1988,2181
1988,2416
1988,2225
1988,1990
1988,2694
1988,2495
1988,2636
1988,2439
1988,2298
1988,2051
1988,2666
1989,2047
1989,2594
1989,2655
1989,1999
1989,2669
1989,2058
1989,1991
1989,2219
1989,2501
1989,2350
1989,2049
1989,1992
1989,2525
1989,2243
1989,1990
1989,2230
1989,2071
1989,2283
1989,2247
1990,2432
1990,2412
1990,2670
1990,2248
1990,1998
1990,2212
1990,2522
1990,2425
1990,2091
1990,2489
1990,2511
1990,2330
1990,2250
1990,2056
1990,2662
1990,2422
1990,2049
1990,1992
1990,2077
1990,2064
1990,2052
1990,2065
1990,2664
1990,1997
1990,2350
1990,2641
1991,2290
1991,2063
1991,2052
1991,2709
1991,2072
1991,2068
1991,2060
1991,2422
1991,1999
1991,2502
1991,2220
1991,2054
1991,2218
1991,2077
1991,2257
1991,2492
1991,2523
1992,2527
1992,2069
1992,2520
1992,2641
1992,2348
1992,2442
1992,2686
1992,2248
1992,2671
1992,2662
1992,2660
1992,2049
1992,2337
1992,2666
1992,2181
1992,1993
1992,2040
1992,2670
1992,2247
1992,2246
1992,2506
1992,2067
1992,2637
1992,2684
1992,2048
1993,2047
1993,2042
1993,2422
1993,2248
1993,2244
1993,2181
1993,2523
1993,2647
1993,2688
1993,2077
1993,1998
1993,2045
1993,2618
1993,2663
1993,1997
1993,2073
1993,2069
1993,2502
1993,2079
1993,2660
1994,2375
1994,2618
1994,2422
1994,2612
1994,2568
1994,2649
1994,2248
1994,2041
1994,2328
1994,2417
1994,2092
1994,2690
1994,2413
1995,2069
1995,2244
1995,2409
1995,2511
1995,2078
1995,2043
1995,2714
1995,2229
1995,2520
1995,2417
1995,2041
1995,2062
1995,2327
1995,2045
1995,2243
1995,2061
1995,2646
1995,2657
1995,2066
1995,2410
1995,2670
1995,2641
1995,2059
1995,2247
1995,2231
1995,2328
1996,2639
1996,2069
1996,2687
1996,2502
1996,2244
1996,2501
1996,2693
1996,2506
1996,2493
1996,2070
1996,2051
1996,2440
1996,2298
1996,2664
1996,2181
1996,2416
1996,2071
1996,2665
1996,2442
1997,2495
1997,2670
1997,2501
1997,2043
1997,2517
1997,2662
1997,2511
1997,2041
1997,2349
1997,2664
1997,2250
1997,2416
1997,2661
1997,2660
1997,2639
1997,2242
1997,2663
1998,2432
1998,2389
1998,2291
1998,2527
1998,2684
1998,2393
1998,2293
1998,2495
1998,2186
1998,2422
1998,2474
1998,2051
1998,2251
1998,2160
1998,2216
1998,2062
1998,2350
1998,2332
1998,2217
1998,2047
1998,2664
1998,2071
1998,2049
1998,2040
1998,2501
1998,2493
1998,2244
1998,2517
1998,2618
1998,2055
1998,2337
1998,2666
1999,2711
1999,2329
1999,2042
1999,2571
1999,2336
1999,2493
1999,2501
1999,2617
1999,2520
1999,2502
1999,2643
1999,2415
1999,2515
1999,2068
1999,2492
1999,2649
1999,2393
1999,2064
1999,2065
1999,2063
2000,2267
2000,2256
2000,2307
2000,2088
2000,2344
2000,2003
2000,2008
2000,2675
2000,2017
2000,2345
2000,2486
2000,2016
2000,2039
2000,2139
2000,2280
2000,2442
2000,2705
2000,2680
2000,2257
2000,2029
2000,2006
2001,2136
2001,2276
2001,2675
2001,2159
2001,2121
2001,2031
2001,2016
2001,2004
2001,2624
2001,2005
2001,2002
2001,2197
2001,2421
2001,2151
2002,2611
2002,2014
2002,2008
2002,2015
2002,2480
2002,2139
2002,2280
2002,2011
2002,2408
2002,2629
2002,2024
2002,2005
2003,2528
2003,2597
2003,2088
2003,2139
2003,2560
2003,2255
2003,2016
2003,2035
2003,2010
2003,2009
2003,2705
2003,2611
2003,2026
2003,2028
2003,2021
2003,2694
2003,2445
2003,2561
2003,2279
2004,2286
2004,2484
2004,2658
2004,2033
2004,2008
2004,2673
2004,2031
2004,2025
2004,2009
2004,2674
2004,2036
2004,2220
2004,2030
2004,2491
2004,2303
2004,2021
2005,2276
2005,2674
2005,2010
2005,2025
2005,2603
2005,2133
2005,2028
2005,2457
2005,2019
2005,2011
2006,2428
2006,2555
2006,2132
2006,2027
2006,2013
2006,2675
2006,2487
2006,2307
2006,2589
2006,2019
2006,2489
2006,2192
2006,2039
2006,2133
2006,2274
2006,2033
2006,2032
2006,2599
2006,2255
2006,2682
2006,2400
2007,2149
2007,2102
2007,2141
2007,2402
2007,2104
2007,2379
2007,2107
2007,2260
2007,2099
2007,2092
2007,2143
2007,2105
2007,2101
2007,2100
2007,2084
2007,2038
2007,2588
2007,2368
2007,2138
2007,2091
2007,2089
2007,2097
2007,2708
2007,2118
2008,2397
2008,2276
2008,2278
2008,2255
2008,2675
2008,2017
2008,2036
2008,2035
2008,2027
2008,2022
2008,2039
2008,2019
2009,2601
2009,2138
2009,2028
2009,2011
2009,2112
2009,2276
2009,2177
2009,2016
2009,2010
2010,2024
2010,2705
2010,2544
2010,2342
2010,2466
2010,2696
2010,2515
2010,2098
2010,2678
2010,2037
2010,2035
2010,2030
2010,2021
2010,2575
2010,2011
2010,2026
2010,2260
2010,2676
2010,2018
2011,2024
2011,2088
2011,2278
2011,2138
2011,2025
2011,2023
2011,2162
2011,2610
2011,2015
2011,2484
2012,2468
2012,2449
2012,2129
2012,2126
2012,2111
2012,2154
2012,2128
2012,2099
2012,2122
2012,2114
2012,2081
2012,2134
2012,2121
2012,2144
2012,2400
2012,2041
2012,2261
2012,2164
2013,2468
2013,2178
2013,2650
2013,2342
2013,2336
2013,2675
2013,2435
2013,2123
2013,2683
2013,2260
2013,2025
2013,2030
2013,2015
2013,2222
2013,2036
2013,2014
2013,2032
2014,2024
2014,2609
2014,2338
2014,2136
2014,2031
2014,2015
2014,2481
2014,2680
2014,2022
2014,2130
2014,2028
2014,2127
2014,2033
2014,2589
2014,2019
2014,2254
2014,2032
2014,2173
2015,2149
2015,2139
2015,2037
2015,2673
2015,2031
2015,2035
2015,2021
2015,2169
2015,2575
2015,2694
2015,2255
2015,2016
2015,2674
2016,2575
2016,2301
2016,2037
2016,2347
2016,2676
2016,2017
2016,2261
2016,2026
2016,2680
2016,2022
2016,2028
2016,2397
2016,2679
2016,2021
2016,2027
2016,2139
2016,2280
2016,2338
2016,2674
2016,2029
2016,2443
2016,2036
2017,2347
2017,2255
2017,2139
2017,2464
2017,2558
2017,2021
2017,2022
2017,2019
2017,2026
2018,2631
2018,2361
2018,2603
2018,2136
2018,2575
2018,2034
2018,2675
2018,2628
2018,2546
2018,2485
2018,2195
2018,2491
2018,2535
2018,2159
2018,2488
2019,2362
2019,2650
2019,2608
2019,2681
2019,2159
2019,2491
2019,2679
2019,2675
2019,2035
2019,2130
2019,2074
2019,2189
2020,2102
2020,2024
2020,2256
2020,2547
2020,2253
2020,2491
2020,2185
2020,2481
2020,2658
2020,2281
2020,2448
2020,2109
2020,2097
2020,2134
2020,2127
2020,2346
2020,2152
2020,2343
2020,2100
2020,2390
2020,2632
2020,2595
2020,2150
2020,2468
2021,2535
2021,2278
2021,2657
2021,2560
2021,2678
2021,2679
2021,2039
2021,2221
2021,2027
2021,2496
2021,2583
2021,2030
2022,2575
2022,2034
2022,2154
2022,2025
2022,2609
2022,2673
2022,2367
2022,2031
2022,2440
2022,2347
2022,2253
2022,2255
2022,2681
2023,2551
2023,2561
2023,2575
2023,2675
2023,2676
2023,2351
2023,2673
2023,2674
2023,2039
2023,2035
2023,2464
2024,2037
2024,2407
2024,2674
2024,2276
2024,2027
2024,2575
2024,2144
2024,2028
2024,2681
2024,2088
2024,2032
2024,2194
2024,2694
2024,2029
2025,2599
2025,2031
2025,2489
2025,2481
2025,2575
2025,2146
2025,2165
2025,2705
2025,2033
2025,2032
2026,2397
2026,2267
2026,2481
2026,2634
2026,2145
2026,2147
2026,2652
2026,2159
2026,2427
2026,2039
2026,2252
2026,2599
2026,2674
2026,2399
2026,2484
2026,2563
2026,2561
2027,2428
2027,2575
2027,2341
2027,2278
2027,2277
2027,2033
2027,2149
2027,2035
2027,2028
2027,2686
2027,2039
2027,2345
2027,2676
2027,2397
2027,2681
2027,2611
2027,2553
2027,2138
2028,2705
2028,2136
2028,2255
2028,2461
2028,2034
2028,2285
2028,2379
2028,2032
2028,2540
2028,2211
2028,2157
2028,2428
2028,2177
2029,2278
2029,2035
2029,2182
2029,2429
2029,2683
2029,2290
2030,2255
2030,2177
2030,2278
2030,2675
2030,2487
2030,2596
2030,2032
2030,2556
2030,2039
2030,2457
2030,2344
2031,2553
2031,2681
2031,2194
2031,2037
2031,2131
2031,2577
2031,2488
2032,2449
2032,2276
2032,2683
2032,2597
2032,2564
2032,2611
2032,2255
2032,2675
2032,2158
2033,2603
2033,2599
2033,2200
2033,2436
2033,2142
2033,2694
2033,2036
2033,2121
2033,2259
2034,2295
2034,2236
2034,2544
2034,2681
2034,2675
2034,2556
2034,2039
2034,2143
2034,2037
2034,2148
2035,2346
2035,2603
2035,2142
2035,2627
2035,2674
2035,2218
2035,2550
2035,2127
2035,2715
2035,2224
2035,2673
2035,2658
2035,2105
2035,2301
2035,2202
2035,2155
2036,2491
2036,2560
2036,2559
2036,2136
2036,2277
2036,2675
2036,2039
2036,2674
2036,2447
2036,2259
2036,2575
2036,2270
2036,2599
2036,2201
2036,2261
2037,2278
2037,2677
2037,2039
2037,2487
2037,2156
2037,2673
2037,2149
2037,2083
2037,2563
2038,2559
2038,2129
2038,2659
2038,2400
2038,2307
2038,2119
2038,2098
2038,2080
2038,2099
2038,2143
2038,2450
2038,2121
2038,2112
2038,2091
2038,2147
2038,2103
2038,2117
2038,2624
2038,2263
2038,2484
2038,2625
2039,2675
2039,2676
2039,2674
2039,2485
2039,2397
2040,2522
2040,2432
2040,2714
2040,2414
2040,2244
2040,2074
2040,2656
2040,2289
2040,2181
2040,2666
2040,2692
2040,2467
2040,2394
2040,2646
2040,2495
2040,2072
2040,2068
2040,2642
2040,2066
2040,2568
2040,2662
2040,2697
2040,2503
2040,2243
2040,2228
2040,2416
2040,2071
2040,2046
2041,2474
2041,2196
2041,2069
2041,2051
2041,2511
2041,2052
2041,2482
2041,2205
2041,2412
2041,2225
2041,2085
2041,2667
2041,2662
2041,2437
2041,2636
2041,2422
2041,2324
2041,2096
2041,2417
2041,2055
2041,2497
2042,2604
2042,2357
2042,2231
2042,2527
2042,2207
2042,2389
2042,2098
2042,2599
2042,2659
2042,2517
2042,2052
2042,2515
2042,2068
2042,2650
2042,2704
2042,2516
2042,2279
2042,2627
2042,2239
2042,2229
2042,2213
2042,2210
2042,2524
2042,2063
2042,2442
2042,2687
2042,2461
2042,2171
2042,2065
2042,2489
2043,2456
2043,2393
2043,2204
2043,2698
2043,2571
2043,2715
2043,2627
2043,2620
2043,2051
2043,2651
2043,2718
2043,2705
2043,2123
2043,2588
2043,2335
2043,2076
2043,2436
2043,2048
2043,2060
2043,2058
2043,2686
2043,2079
2043,2065
2043,2663
2043,2643
2044,2051
2044,2437
2044,2315
2044,2498
2044,2122
2044,2717
2044,2419
2044,2330
2044,2649
2044,2105
2044,2288
2044,2497
2044,2062
2044,2070
2044,2567
2044,2238
2044,2574
2044,2079
2044,2439
2045,2432
2045,2375
2045,2506
2045,2350
2045,2670
2045,2493
2045,2511
2045,2437
2045,2641
2045,2126
2045,2072
2045,2071
2045,2065
2045,2571
2045,2054
2045,2565
2045,2050
2045,2324
2045,2501
2045,2060
2046,2699
2046,2604
2046,2432
2046,2224
2046,2464
2046,2352
2046,2292
2046,2656
2046,2093
2046,2649
2046,2456
2046,2068
2046,2232
2046,2443
2046,2229
2046,2221
2046,2506
2046,2700
2046,2502
2046,2494
2046,2439
2046,2298
2046,2288
2046,2073
2046,2048
2046,2282
2046,2234
2046,2671
2046,2063
2046,2684
2046,2199
2046,2212
2046,2697
2047,2337
2047,2649
2047,2393
2047,2196
2047,2052
2047,2060
2047,2511
2047,2427
2047,2186
2047,2502
2047,2048
2047,2074
2047,2416
2047,2065
2047,2243
2047,2437
2047,2049
2047,2181
2047,2375
2047,2686
2047,2669
2047,2055
2047,2249
2047,2662
2047,2639
2047,2665
2048,2522
2048,2193
2048,2361
2048,2223
2048,2207
2048,2656
2048,2628
2048,2279
2048,2298
2048,2201
2048,2282
2048,2330
2048,2524
2048,2288
2048,2496
2048,2170
2048,2073
2048,2494
2048,2071
2048,2218
2048,2063
2048,2663
2048,2242
2048,2456
2048,2604
2049,2253
2049,2412
2049,2364
2049,2409
2049,2500
2049,2077
2049,2333
2049,2662
2049,2247
2049,2216
2049,2075
2049,2660
2049,2698
2049,2706
2049,2565
2049,2437
2049,2296
2049,2055
2049,2243
2049,2666
2049,2671
2050,2706
2050,2714
2050,2078
2050,2517
2050,2409
2050,2504
2050,2079
2050,2068
2050,2509
2050,2608
2050,2220
2050,2210
2050,2502
2050,2503
2050,2064
2050,2058
2051,2669
2051,2502
2051,2160
2051,2645
2051,2571
2051,2514
2051,2517
2051,2219
2051,2214
2051,2070
2051,2249
2051,2337
2051,2243
2051,2418
2051,2612
2051,2068
2051,2060
2051,2520
2051,2493
2051,2299
2051,2649
2051,2196
2051,2409
2051,2503
2051,2059
2051,2085
2052,2639
2052,2456
2052,2418
2052,2655
2052,2523
2052,2498
2052,2069
2052,2409
2052,2337
2052,2293
2052,2653
2052,2078
2052,2649
2052,2417
2052,2076
2052,2331
2052,2234
2052,2714
2052,2326
2052,2518
2052,2659
2052,2077
2052,2379
2052,2667
2052,2065
2052,2669
2052,2249
2053,2500
2053,2136
2053,2668
2053,2292
2053,2461
2053,2523
2053,2632
2053,2215
2053,2442
2053,2459
2053,2199
2053,2290
2053,2172
2054,2375
2054,2248
2054,2715
2054,2498
2054,2520
2054,2443
2054,2569
2054,2099
2054,2695
2054,2243
2054,2072
2054,2524
2054,2437
2054,2249
2054,2655
2054,2232
2054,2714
2054,2056
2054,2568
2054,2716
2054,2204
2055,2293
2055,2495
2055,2619
2055,2482
2055,2638
2055,2517
2055,2417
2055,2060
2055,2282
2055,2494
2055,2439
2055,2181
2055,2503
2055,2059
2055,2078
2055,2349
2056,2185
2056,2501
2056,2212
2056,2425
2056,2108
2056,2437
2056,2627
2056,2063
2056,2408
2056,2079
2056,2075
2056,2169
2056,2442
2056,2523
2056,2288
2056,2073
2056,2181
2056,2416
2056,2375
2056,2337
2056,2333
2056,2233
2057,2432
2057,2414
2057,2520
2057,2434
2057,2063
2057,2636
2057,2623
2057,2075
2057,2657
2057,2653
2057,2070
2057,2072
2057,2241
2057,2065
2057,2497
2057,2106
2057,2221
2057,2104
2057,2492
2058,2085
2058,2716
2058,2244
2058,2326
2058,2335
2058,2078
2058,2492
2058,2507
2059,2699
2059,2669
2059,2294
2059,2655
2059,2069
2059,2651
2059,2374
2059,2377
2059,2709
2059,2233
2059,2330
2059,2698
2059,2213
2059,2237
2059,2247
2059,2061
2059,2070
2059,2065
2059,2298
2059,2251
2059,2684
2059,2496
2060,2418
2060,2698
2060,2715
2060,2196
2060,2572
2060,2630
2060,2568
2060,2670
2060,2623
2060,2689
2060,2219
2060,2414
2060,2210
2060,2511
2060,2417
2060,2413
2060,2520
2061,2477
2061,2333
2061,2376
2061,2196
2061,2487
2061,2334
2061,2625
2061,2219
2061,2417
2061,2062
2061,2714
2061,2525
2061,2337
2061,2418
2061,2709
2061,2649
2061,2288
2061,2074
2061,2439
2061,2442
2061,2425
2061,2078
2061,2243
2061,2220
2061,2509
2062,2236
2062,2519
2062,2393
2062,2350
2062,2716
2062,2655
2062,2375
2062,2569
2062,2498
2062,2337
2062,2063
2062,2283
2062,2415
2062,2201
2062,2070
2062,2074
2062,2649
2062,2249
2062,2439
2062,2335
2062,2064
2062,2330
2062,2065
2062,2478
2062,2501
2063,2223
2063,2069
2063,2422
2063,2501
2063,2224
2063,2612
2063,2212
2063,2409
2063,2232
2063,2096
2063,2211
2063,2375
2063,2181
2063,2066
2064,2569
2064,2523
2064,2409
2064,2482
2064,2070
2064,2649
2064,2074
2064,2068
2064,2237
2064,2422
2064,2589
2064,2442
2064,2608
2064,2655
2064,2232
2064,2079
2064,2358
2065,2522
2065,2714
2065,2325
2065,2422
2065,2519
2065,2333
2065,2242
2065,2571
2065,2669
2065,2434
2065,2646
2065,2075
2065,2207
2065,2648
2065,2066
2065,2662
2065,2350
2065,2497
2065,2074
2065,2684
2066,2648
2066,2501
2066,2105
2066,2417
2066,2079
2066,2076
2066,2649
2066,2334
2066,2237
2066,2071
2066,2506
2066,2655
2066,2569
2066,2519
2066,2330
2066,2526
2067,2389
2067,2292
2067,2069
2067,2511
2067,2413
2067,2641
2067,2685
2067,2073
2067,2686
2067,2071
2067,2247
2067,2242
2067,2571
2067,2501
2067,2636
2067,2190
2068,2231
2068,2375
2068,2571
2068,2693
2068,2493
2068,2079
2068,2714
2068,2520
2068,2417
2068,2708
2068,2497
2068,2074
2068,2241
2068,2427
2068,2071
2068,2501
2068,2210
2068,2422
2068,2508
2068,2649
2069,2714
2069,2669
2069,2638
2069,2499
2069,2640
2069,2201
2069,2337
2069,2655
2069,2493
2069,2417
2069,2602
2069,2665
2069,2618
2069,2474
2069,2662
2069,2692
2069,2715
2070,2706
2070,2714
2070,2418
2070,2422
2070,2656
2070,2474
2070,2520
2070,2282
2070,2589
2070,2222
2070,2074
2070,2190
2070,2697
2070,2208
2070,2442
2070,2299
2070,2440
2070,2293
2070,2716
2070,2246
2070,2655
2070,2702
2070,2501
2071,2639
2071,2243
2071,2508
2071,2649
2071,2072
2071,2355
2071,2073
2071,2660
2071,2409
2071,2246
2071,2217
2072,2669
2072,2688
2072,2500
2072,2124
2072,2655
2072,2409
2072,2413
2072,2684
2072,2078
2072,2715
2072,2698
2072,2416
2072,2337
2072,2618
2072,2686
2072,2605
2072,2511
2073,2357
2073,2456
2073,2698
2073,2299
2073,2435
2073,2203
2073,2437
2073,2439
2073,2702
2073,2238
2073,2337
2073,2234
2073,2627
2073,2212
2073,2706
2073,2078
2073,2519
2073,2076
2073,2497
2073,2496
2073,2333
2073,2430
2073,2233
2073,2524
2073,2289
2074,2571
2074,2422
2074,2364
2074,2212
2074,2086
2074,2692
2074,2367
2074,2076
2074,2442
2074,2686
2074,2651
2074,2684
2074,2435
2074,2715
2074,2241
2074,2501
2074,2078
2075,2432
2075,2474
2075,2506
2075,2181
2075,2715
2075,2627
2075,2706
2075,2436
2075,2501
2075,2598
2075,2222
2075,2653
2075,2710
2075,2697
2075,2218
2075,2077
2075,2664
2075,2525
2075,2206
2075,2497
2075,2496
2075,2223
2075,2299
2076,2477
2076,2432
2076,2231
2076,2519
2076,2571
2076,2196
2076,2493
2076,2655
2076,2714
2076,2520
2076,2569
2076,2692
2076,2118
2076,2337
2076,2640
2076,2623
2076,2641
2076,2653
2076,2330
2077,2706
2077,2701
2077,2608
2077,2493
2077,2212
2077,2494
2077,2391
2077,2567
2077,2467
2077,2079
2077,2662
2077,2422
2077,2713
2077,2437
2077,2670
2077,2213
2077,2288
2077,2656
2078,2714
2078,2519
2078,2293
2078,2366
2078,2687
2078,2571
2078,2435
2078,2425
2078,2494
2078,2467
2078,2437
2078,2133
2078,2508
2078,2330
2078,2442
2078,2160
2078,2316
2078,2222
2078,2337
2078,2279
2078,2523
2078,2512
2078,2464
2078,2515
2078,2655
2078,2260
2078,2335
2079,2412
2079,2593
2079,2571
2079,2129
2079,2493
2079,2337
2079,2243
2079,2413
2079,2299
2079,2651
2079,2416
2079,2375
2079,2350
2079,2662
2079,2641
2080,2593
2080,2505
2080,2129
2080,2149
2080,2572
2080,2363
2080,2111
2080,2106
2080,2094
2080,2109
2080,2117
2080,2447
2081,2532
2081,2513
2081,2135
2081,2122
2081,2112
2081,2486
2081,2301
2081,2395
2081,2480
2081,2402
2081,2120
2081,2363
2081,2598
2081,2594
2081,2105
2081,2144
2081,2279
2081,2555
2081,2114
2081,2094
2082,2418
2082,2313
2082,2521
2082,2108
2082,2399
2082,2132
2082,2105
2082,2367
2082,2084
2082,2533
2082,2339
2082,2502
2082,2114
2082,2281
2082,2390
2082,2379
2083,2108
2083,2486
2083,2402
2083,2118
2083,2115
2083,2087
2083,2387
2083,2152
2083,2122
2083,2116
2083,2114
2083,2106
2083,2101
2083,2089
2083,2483
2083,2616
2083,2480
2083,2363
2083,2091
2083,2109
2083,2134
2083,2112
2083,2135
2083,2093
2083,2102
2084,2447
2084,2505
2084,2088
2084,2284
2084,2115
2084,2392
2084,2148
2084,2127
2084,2401
2084,2152
2084,2146
2084,2125
2084,2294
2084,2100
2084,2143
2084,2628
2084,2091
2084,2114
2084,2131
2084,2112
2084,2615
2084,2089
2084,2368
2084,2094
2084,2482
2084,2118
2085,2706
2085,2665
2085,2474
2085,2418
2085,2411
2085,2196
2085,2648
2085,2335
2085,2712
2085,2329
2085,2717
2085,2498
2085,2504
2085,2716
2085,2693
2085,2685
2085,2360
2085,2283
2086,2319
2086,2303
2086,2370
2086,2531
2086,2378
2086,2360
2086,2363
2086,2340
2086,2534
2086,2376
2086,2369
2086,2322
2087,2331
2087,2284
2087,2601
2087,2407
2087,2363
2087,2309
2087,2403
2087,2402
2087,2400
2087,2097
2087,2626
2087,2156
2087,2367
2087,2094
2087,2565
2087,2300
2087,2112
2087,2099
2087,2103
2087,2486
2088,2160
2088,2207
2088,2273
2088,2136
2088,2718
2088,2679
2088,2194
2088,2549
2088,2348
2088,2694
2088,2162
2088,2286
2088,2189
2088,2683
2089,2570
2089,2318
2089,2622
2089,2109
2089,2134
2089,2381
2089,2106
2089,2125
2089,2120
2089,2114
2089,2094
2089,2148
2089,2103
2089,2573
2089,2107
2089,2624
2090,2539
2090,2557
2090,2626
2090,2403
2090,2118
2090,2107
2090,2094
2090,2100
2090,2608
2090,2408
2091,2574
2091,2389
2091,2449
2091,2572
2091,2119
2091,2111
2091,2112
2091,2148
2091,2101
2091,2381
2091,2486
2091,2387
2091,2105
2091,2405
2091,2363
2091,2124
2091,2400
2092,2129
2092,2405
2092,2336
2092,2281
2092,2310
2092,2301
2092,2403
2092,2111
2092,2343
2092,2154
2092,2134
2092,2479
2092,2103
2092,2098
2092,2097
2092,2102
2092,2400
2092,2099
2092,2284
2092,2566
2093,2592
2093,2490
2093,2403
2093,2400
2093,2118
2093,2115
2093,2142
2093,2146
2093,2137
2093,2120
2093,2094
2093,2331
2093,2532
2093,2336
2093,2100
2093,2407
2094,2631
2094,2593
2094,2177
2094,2400
2094,2098
2094,2401
2094,2121
2094,2336
2094,2101
2094,2690
2094,2281
2094,2100
2094,2363
2094,2397
2094,2491
2094,2284
2095,2539
2095,2615
2095,2608
2095,2369
2095,2240
2095,2337
2095,2371
2095,2533
2095,2381
2095,2476
2095,2573
2095,2395
2095,2590
2095,2396
2095,2417
2095,2708
2095,2376
2095,2473
2095,2512
2095,2643
2095,2373
2096,2706
2096,2522
2096,2291
2096,2198
2096,2286
2096,2603
2096,2461
2096,2348
2096,2290
2096,2351
2096,2282
2096,2467
2096,2632
2096,2413
2096,2704
2096,2513
2096,2610
2096,2169
2096,2238
2096,2235
2096,2205
2096,2496
2096,2358
2096,2702
2097,2447
2097,2313
2097,2363
2097,2622
2097,2194
2097,2119
2097,2109
2097,2498
2097,2122
2097,2487
2097,2628
2097,2217
2097,2468
2097,2098
2097,2143
2097,2566
2097,2478
2098,2447
2098,2110
2098,2331
2098,2373
2098,2529
2098,2363
2098,2128
2098,2146
2098,2125
2098,2101
2098,2570
2098,2100
2098,2216
2098,2468
2098,2515
2098,2574
2098,2103
2098,2129
2098,2105
2098,2633
2099,2559
2099,2626
2099,2350
2099,2307
2099,2601
2099,2595
2099,2339
2099,2135
2099,2143
2099,2121
2099,2360
2099,2117
2099,2148
2099,2132
2099,2133
2099,2609
2099,2115
2099,2616
2099,2281
2099,2336
2099,2402
2099,2134
2100,2408
2100,2362
2100,2342
2100,2336
2100,2403
2100,2367
2100,2152
2100,2390
2100,2117
2100,2144
2100,2380
2100,2281
2101,2631
2101,2574
2101,2149
2101,2108
2101,2609
2101,2608
2101,2555
2101,2109
2101,2378
2101,2156
2101,2591
2101,2106
2101,2263
2101,2390
2101,2616
2101,2284
2101,2575
2101,2388
2101,2316
2101,2413
2101,2402
2101,2107
2102,2115
2102,2107
2102,2392
2102,2336
2102,2110
2102,2108
2102,2559
2102,2380
2102,2377
2102,2390
2102,2629
2102,2284
2102,2486
2102,2651
2102,2396
2102,2105
2103,2631
2103,2375
2103,2131
2103,2401
2103,2146
2103,2137
2103,2122
2103,2120
2103,2117
2103,2154
2103,2483
2103,2108
2103,2155
2103,2598
2103,2407
2103,2468
2103,2552
2104,2149
2104,2539
2104,2240
2104,2137
2104,2363
2104,2692
2104,2113
2104,2150
2104,2109
2104,2115
2104,2114
2104,2364
2105,2331
2105,2317
2105,2363
2105,2111
2105,2122
2105,2114
2105,2626
2105,2336
2105,2570
2105,2106
2105,2401
2105,2125
2105,2113
2105,2404
2105,2388
2106,2532
2106,2613
2106,2123
2106,2594
2106,2591
2106,2480
2106,2114
2106,2211
2106,2565
2106,2396
2106,2566
2106,2694
2107,2532
2107,2505
2107,2572
2107,2486
2107,2108
2107,2399
2107,2134
2107,2633
2107,2574
2107,2152
2107,2589
2107,2673
2107,2363
2107,2470
2107,2401
2107,2261
2107,2111
2108,2340
2108,2539
2108,2447
2108,2342
2108,2109
2108,2344
2108,2128
2108,2137
2108,2398
2108,2379
2108,2395
2108,2316
2108,2157
2108,2601
2108,2507
2108,2390
2108,2359
2109,2609
2109,2157
2109,2486
2109,2252
2109,2228
2109,2395
2109,2489
2109,2400
2109,2118
2109,2323
2109,2308
2110,2574
2110,2477
2110,2329
2110,2317
2110,2688
2110,2564
2110,2152
2110,2120
2110,2405
2110,2490
2110,2393
2110,2379
2110,2366
2110,2533
2110,2613
2110,2149
2110,2510
2110,2316
2110,2396
2110,2601
2110,2390
2110,2588
2110,2568
2110,2372
2110,2182
2111,2561
2111,2284
2111,2406
2111,2373
2111,2112
2111,2403
2111,2402
2111,2122
2111,2218
2111,2118
2111,2140
2111,2407
2111,2116
2111,2119
2112,2596
2112,2361
2112,2574
2112,2301
2112,2119
2112,2531
2112,2132
2112,2491
2112,2444
2112,2152
2112,2125
2112,2594
2112,2651
2112,2369
2112,2130
2112,2656
2112,2402
2112,2629
2112,2473
2113,2486
2113,2281
2113,2400
2113,2121
2113,2529
2113,2381
2113,2427
2113,2284
2114,2532
2114,2405
2114,2118
2114,2401
2114,2390
2114,2598
2114,2574
2114,2470
2114,2119
2115,2336
2115,2454
2115,2380
2115,2363
2115,2598
2115,2486
2115,2553
2115,2116
2115,2532
2115,2628
2116,2532
2116,2608
2116,2605
2116,2363
2116,2389
2116,2486
2116,2281
2116,2151
2116,2122
2116,2407
2116,2521
2116,2331
2116,2137
2116,2142
2117,2580
2117,2245
2117,2403
2117,2119
2117,2144
2117,2390
2117,2539
2117,2125
2118,2532
2118,2539
2118,2404
2118,2128
2118,2281
2118,2510
2118,2402
2118,2159
2118,2512
2118,2284
2118,2593
2118,2507
2119,2389
2119,2362
2119,2129
2119,2595
2119,2402
2119,2363
2119,2128
2119,2390
2119,2400
2119,2588
2119,2157
2119,2373
2119,2398
2120,2574
2120,2428
2120,2362
2120,2626
2120,2259
2120,2593
2120,2633
2120,2171
2120,2375
2120,2125
2120,2134
2120,2132
2121,2129
2121,2284
2121,2654
2121,2363
2121,2260
2121,2151
2121,2132
2121,2401
2121,2134
2121,2143
2121,2137
2121,2404
2121,2122
2121,2133
2121,2288
2121,2135
2121,2127
2121,2591
2121,2193
2121,2123
2122,2428
2122,2490
2122,2196
2122,2546
2122,2152
2122,2125
2122,2482
2122,2532
2122,2144
2122,2646
2122,2566
2122,2419
2123,2590
2123,2468
2123,2516
2123,2622
2123,2281
2123,2260
2123,2471
2123,2142
2123,2134
2123,2404
2123,2165
2123,2654
2123,2125
2123,2129
2123,2127
2123,2491
2123,2402
2123,2131
2123,2151
2124,2613
2124,2588
2124,2482
2124,2597
2124,2488
2124,2489
2124,2218
2124,2216
2124,2205
2124,2342
2124,2201
2124,2358
2125,2621
2125,2468
2125,2362
2125,2672
2125,2491
2125,2336
2125,2419
2125,2281
2125,2158
2125,2154
2125,2146
2125,2327
2125,2155
2125,2622
2125,2447
2125,2156
2125,2260
2126,2682
2126,2626
2126,2561
2126,2553
2126,2556
2126,2563
2126,2259
2126,2678
2127,2544
2127,2491
2127,2276
2127,2609
2127,2331
2127,2131
2127,2141
2127,2529
2127,2135
2127,2143
2127,2138
2127,2514
2127,2281
2127,2140
2127,2403
2127,2679
2127,2284
2127,2305
2127,2128
2128,2129
2128,2538
2128,2451
2128,2148
2128,2130
2128,2331
2128,2415
2128,2373
2128,2138
2128,2155
2128,2452
2128,2601
2129,2453
2129,2407
2129,2593
2129,2468
2129,2152
2129,2599
2129,2678
2129,2629
2129,2140
2129,2486
2130,2626
2130,2259
2130,2481
2130,2651
2130,2345
2130,2599
2130,2260
2130,2154
2130,2138
2130,2133
2130,2679
2130,2485
2130,2155
2130,2137
2130,2342
2130,2633
2130,2157
2130,2601
2130,2310
2130,2491
2131,2631
2131,2331
2131,2278
2131,2658
2131,2200
2131,2515
2131,2404
2131,2154
2131,2152
2131,2450
2131,2134
2132,2593
2132,2516
2132,2260
2132,2622
2132,2154
2132,2151
2132,2148
2132,2134
2132,2455
2132,2673
2132,2403
2132,2397
2132,2138
2132,2331
2132,2284
2133,2605
2133,2677
2133,2629
2133,2205
2133,2277
2133,2343
2133,2155
2133,2146
2133,2595
2133,2566
2133,2138
2133,2491
2134,2397
2134,2521
2134,2491
2134,2342
2134,2276
2134,2609
2134,2481
2134,2260
2134,2257
2134,2451
2134,2142
2134,2146
2134,2485
2134,2162
2134,2141
2134,2236
2134,2401
2135,2331
2135,2658
2135,2554
2135,2158
2135,2401
2135,2594
2135,2155
2135,2678
2135,2402
2135,2281
2135,2447
2136,2551
2136,2178
2136,2177
2136,2605
2136,2214
2136,2393
2136,2192
2136,2544
2136,2197
2137,2447
2137,2468
2137,2609
2137,2608
2137,2491
2137,2154
2137,2622
2137,2152
2137,2146
2137,2482
2137,2338
2137,2595
2137,2380
2137,2568
2137,2574
2137,2151
2137,2507
2138,2631
2138,2342
2138,2202
2138,2278
2138,2428
2138,2331
2138,2599
2138,2156
2138,2282
2138,2144
2138,2314
2138,2516
2138,2628
2138,2564
2138,2400
2139,2347
2139,2521
2139,2255
2139,2277
2139,2142
2139,2575
2139,2679
2139,2601
2139,2200
2139,2213
2140,2397
2140,2593
2140,2342
2140,2470
2140,2521
2140,2419
2140,2146
2140,2633
2140,2158
2140,2595
2140,2622
2140,2152
2140,2515
2140,2373
2140,2363
2140,2344
2140,2391
2140,2594
2141,2346
2141,2301
2141,2368
2141,2622
2141,2338
2141,2557
2141,2153
2142,2449
2142,2481
2142,2683
2142,2609
2142,2159
2142,2158
2142,2426
2142,2680
2142,2276
2142,2156
2143,2331
2143,2572
2143,2446
2143,2339
2143,2479
2143,2573
2143,2219
2143,2363
2143,2253
2143,2397
2144,2448
2144,2401
2144,2492
2144,2515
2144,2192
2144,2200
2144,2679
2144,2499
2145,2285
2145,2535
2145,2652
2145,2426
2145,2462
2145,2268
2146,2593
2146,2505
2146,2447
2146,2404
2146,2152
2146,2401
2146,2565
2146,2330
2146,2591
2147,2557
2147,2554
2147,2555
2147,2451
2147,2305
2147,2301
2147,2307
2147,2399
2148,2311
2148,2260
2148,2572
2148,2389
2148,2483
2148,2468
2148,2403
2148,2404
2148,2682
2149,2347
2149,2344
2149,2311
2149,2553
2149,2154
2149,2202
2150,2256
2150,2505
2150,2658
2150,2281
2150,2260
2150,2515
2150,2482
2150,2643
2150,2591
2150,2151
2150,2480
2150,2490
2150,2362
2150,2592
2150,2481
2151,2597
2151,2491
2151,2370
2151,2599
2151,2281
2151,2260
2151,2401
2151,2483
2151,2468
2151,2595
2151,2658
2151,2157
2152,2593
2152,2437
2152,2620
2152,2284
2152,2378
2152,2447
2152,2156
2152,2211
2152,2658
2152,2324
2152,2157
2152,2322
2152,2260
2153,2347
2153,2303
2153,2553
2153,2278
2153,2552
2153,2345
2153,2339
2153,2677
2153,2451
2154,2389
2154,2336
2154,2627
2154,2555
2154,2407
2154,2373
2154,2256
2154,2159
2154,2591
2154,2447
2154,2156
2154,2485
2154,2252
2154,2454
2154,2491
2154,2566
2154,2367
2154,2351
2154,2261
2154,2483
2155,2631
2155,2490
2155,2626
2155,2419
2155,2157
2155,2158
2155,2609
2155,2233
2155,2213
2155,2313
2155,2219
2155,2548
2155,2220
2155,2594
2155,2491
2155,2632
2156,2428
2156,2626
2156,2491
2156,2342
2156,2260
2156,2595
2156,2158
2156,2628
2156,2205
2156,2280
2156,2483
2156,2549
2156,2507
2156,2679
2156,2367
2156,2488
2157,2428
2157,2408
2157,2158
2157,2481
2157,2594
2157,2591
2157,2566
2157,2482
2157,2654
2157,2632
2157,2279
2157,2629
2157,2488
2158,2491
2158,2555
2158,2599
2158,2260
2158,2277
2158,2594
2158,2401
2158,2591
2158,2342
2158,2633
2158,2525
2158,2468
2158,2634
2159,2256
2159,2552
2159,2673
2159,2674
2159,2610
2159,2259
2159,2276
2159,2558
2159,2419
2160,2438
2160,2535
2160,2223
2160,2615
2160,2439
2160,2604
2160,2600
2160,2435
2160,2237
2160,2234
2160,2226
2160,2524
2160,2471
2160,2527
2160,2687
2160,2460
2160,2465
2160,2436
2160,2467
2160,2292
2160,2434
2161,2606
2161,2431
2161,2461
2161,2703
2161,2191
2161,2541
2161,2166
2161,2164
2161,2282
2161,2547
2161,2443
2162,2198
2162,2185
2162,2461
2162,2356
2162,2550
2162,2359
2162,2269
2162,2543
2162,2435
2162,2257
2162,2206
2162,2280
2162,2178
2162,2275
2162,2707
2162,2610
2162,2549
2162,2199
2162,2254
2162,2188
2162,2230
2162,2420
2162,2193
2162,2189
2162,2519
2162,2168
2163,2461
2163,2441
2163,2434
2163,2358
2163,2354
2163,2576
2163,2176
2163,2190
2163,2225
2163,2220
2163,2195
2163,2541
2163,2467
2163,2171
2163,2215
2163,2438
2163,2297
2163,2197
2164,2175
2164,2550
2164,2179
2164,2189
2164,2704
2164,2610
2164,2234
2164,2186
2164,2171
2164,2296
2164,2579
2164,2632
2164,2209
2165,2707
2165,2551
2165,2582
2165,2423
2165,2494
2165,2703
2165,2188
2165,2168
2165,2254
2165,2227
2165,2210
2165,2429
2165,2420
2165,2167
2165,2548
2165,2171
2165,2461
2165,2170
2165,2579
2165,2195
2165,2289
2165,2456
2165,2549
2165,2585
2165,2696
2165,2169
2165,2193
2165,2540
2166,2193
2166,2424
2166,2550
2166,2190
2166,2354
2166,2699
2166,2229
2166,2217
2166,2606
2166,2465
2166,2274
2166,2269
2166,2541
2166,2467
2166,2466
2166,2184
2166,2497
2166,2459
2166,2698
2166,2434
2166,2545
2166,2359
2167,2551
2167,2270
2167,2205
2167,2188
2167,2627
2167,2265
2167,2190
2167,2696
2167,2198
2167,2195
2167,2213
2167,2297
2168,2707
2168,2178
2168,2580
2168,2589
2168,2546
2168,2254
2168,2230
2168,2549
2168,2220
2168,2586
2168,2548
2168,2185
2168,2462
2168,2227
2168,2466
2168,2523
2168,2429
2169,2193
2169,2185
2169,2245
2169,2543
2169,2707
2169,2190
2169,2549
2169,2698
2169,2228
2169,2191
2169,2211
2169,2195
2169,2199
2169,2208
2169,2184
2169,2704
2169,2440
2170,2699
2170,2421
2170,2352
2170,2179
2170,2546
2170,2262
2170,2183
2170,2238
2170,2225
2170,2438
2170,2579
2170,2195
2170,2184
2170,2551
2170,2189
2170,2275
2170,2279
2170,2174
2170,2171
2170,2549
2171,2433
2171,2275
2171,2606
2171,2700
2171,2550
2171,2189
2171,2182
2171,2237
2171,2186
2171,2703
2171,2523
2171,2543
2171,2202
2171,2461
2172,2356
2172,2290
2172,2348
2172,2279
2172,2516
2172,2704
2172,2173
2172,2180
2172,2227
2172,2466
2172,2184
2172,2550
2172,2268
2172,2193
2173,2699
2173,2544
2173,2186
2173,2502
2173,2627
2173,2694
2173,2425
2173,2546
2173,2358
2173,2230
2173,2610
2173,2187
2173,2213
2173,2210
2173,2199
2173,2197
2173,2289
2173,2608
2173,2466
2173,2254
2174,2193
2174,2421
2174,2175
2174,2577
2174,2184
2174,2270
2175,2462
2175,2286
2175,2580
2175,2191
2175,2551
2175,2203
2175,2178
2175,2272
2175,2184
2175,2430
2175,2195
2175,2193
2175,2265
2175,2588
2175,2433
2176,2193
2176,2333
2176,2668
2176,2433
2176,2290
2176,2354
2176,2355
2176,2466
2176,2541
2176,2353
2176,2289
2176,2696
2176,2358
2177,2592
2177,2464
2177,2253
2177,2276
2177,2397
2177,2629
2177,2507
2177,2194
2177,2611
2177,2600
2177,2458
2178,2575
2178,2285
2178,2657
2178,2426
2178,2540
2178,2180
2178,2543
2178,2516
2178,2579
2178,2421
2178,2545
2178,2267
2178,2461
2178,2359
2178,2431
2178,2355
2178,2354
2178,2297
2179,2198
2179,2180
2179,2225
2179,2578
2179,2195
2179,2546
2179,2358
2179,2197
2179,2193
2179,2545
2180,2424
2180,2550
2180,2546
2180,2466
2180,2359
2180,2261
2180,2703
2180,2540
2180,2183
2180,2430
2180,2254
2180,2197
2180,2191
2180,2220
2180,2187
2181,2432
2181,2714
2181,2456
2181,2618
2181,2374
2181,2243
2181,2210
2181,2638
2181,2187
2181,2348
2181,2436
2181,2492
2181,2663
2182,2291
2182,2236
2182,2198
2182,2696
2182,2544
2182,2262
2182,2188
2182,2610
2182,2549
2182,2205
2182,2440
2182,2460
2182,2548
2182,2358
2182,2202
2182,2466
2182,2355
2183,2461
2183,2550
2183,2359
2183,2543
2183,2470
2183,2282
2183,2540
2183,2296
2183,2274
2183,2267
2183,2607
2183,2424
2183,2686
2184,2707
2184,2267
2184,2193
2184,2348
2184,2270
2184,2206
2184,2579
2184,2462
2184,2274
2184,2265
2184,2285
2184,2191
2184,2550
2184,2188
2185,2361
2185,2201
2185,2540
2185,2459
2185,2430
2185,2254
2185,2226
2185,2549
2185,2220
2185,2429
2185,2425
2185,2580
2185,2548
2185,2650
2185,2359
2185,2197
2185,2628
2186,2357
2186,2224
2186,2223
2186,2516
2186,2632
2186,2418
2186,2230
2186,2291
2186,2526
2186,2232
2186,2702
2186,2697
2186,2435
2186,2238
2186,2235
2186,2351
2186,2210
2186,2236
2186,2524
2186,2288
2186,2662
2186,2696
2186,2441
2187,2550
2187,2269
2187,2703
2187,2607
2187,2230
2187,2195
2187,2583
2187,2579
2187,2602
2187,2549
2187,2540
2187,2211
2187,2474
2187,2420
2187,2518
2187,2429
2188,2707
2188,2611
2188,2581
2188,2228
2188,2192
2188,2549
2188,2220
2188,2460
2188,2548
2188,2461
2188,2269
2188,2191
2189,2286
2189,2580
2189,2466
2189,2579
2189,2296
2190,2490
2190,2606
2190,2703
2190,2600
2190,2430
2190,2215
2190,2425
2190,2579
2190,2275
2190,2197
2191,2668
2191,2550
2191,2270
2191,2543
2191,2696
2191,2430
2191,2702
2191,2271
2191,2199
2191,2210
2191,2607
2191,2549
2191,2461
2191,2359
2192,2551
2192,2267
2192,2253
2192,2687
2192,2233
2192,2703
2192,2560
2192,2274
2192,2199
2192,2198
2192,2262
2192,2597
2192,2349
2192,2516
2192,2704
2192,2610
2193,2603
2193,2704
2193,2706
2193,2429
2193,2545
2193,2696
2193,2577
2193,2198
2193,2359
2193,2270
2194,2519
2194,2650
2194,2634
2194,2605
2194,2601
2194,2560
2194,2230
2194,2419
2194,2694
2194,2404
2194,2683
2194,2589
2194,2252
2194,2223
2194,2397
2194,2233
2194,2277
2194,2235
2194,2420
2195,2356
2195,2490
2195,2424
2195,2718
2195,2271
2195,2703
2195,2579
2195,2578
2195,2420
2195,2548
2195,2197
2195,2354
2195,2549
2195,2551
2196,2231
2196,2648
2196,2635
2196,2505
2196,2340
2196,2391
2196,2415
2196,2241
2196,2385
2196,2517
2196,2411
2196,2223
2196,2417
2196,2369
2196,2498
2197,2356
2197,2203
2197,2525
2197,2420
2197,2359
2197,2218
2198,2233
2198,2546
2198,2526
2198,2227
2198,2627
2198,2439
2198,2698
2198,2606
2198,2543
2198,2579
2198,2359
2198,2273
2198,2548
2198,2483
2198,2607
2198,2431
2199,2291
2199,2421
2199,2668
2199,2440
2199,2516
2199,2234
2199,2524
2199,2254
2199,2632
2199,2209
2199,2355
2199,2496
2199,2698
2199,2699
2200,2253
2200,2634
2200,2611
2200,2718
2200,2599
2200,2485
2200,2398
2200,2228
2200,2694
2200,2209
2200,2216
2200,2697
2200,2237
2200,2683
2201,2706
2201,2263
2201,2649
2201,2358
2201,2419
2201,2483
2201,2282
2201,2655
2201,2209
2201,2208
2201,2547
2201,2368
2201,2697
2201,2398
2201,2425
2201,2566
2201,2229
2202,2699
2202,2631
2202,2596
2202,2547
2202,2490
2202,2253
2202,2259
2202,2611
2202,2629
2202,2233
2202,2704
2202,2607
2202,2515
2202,2205
2202,2430
2202,2654
2202,2287
2202,2217
2202,2288
2202,2503
2202,2461
2202,2355
2202,2467
2203,2291
2203,2698
2203,2433
2203,2441
2203,2270
2203,2254
2203,2506
2203,2215
2203,2699
2203,2602
2203,2241
2203,2235
2203,2227
2203,2221
2203,2211
2203,2237
2203,2508
2203,2217
2203,2204
2203,2604
2203,2438
2203,2618
2203,2225
2203,2707
2203,2416
2204,2236
2204,2223
2204,2328
2204,2215
2204,2393
2204,2440
2204,2235
2204,2225
2204,2208
2204,2221
2204,2291
2204,2435
2204,2294
2204,2500
2204,2436
2204,2668
2205,2224
2205,2464
2205,2650
2205,2516
2205,2491
2205,2273
2205,2634
2205,2629
2205,2257
2205,2488
2205,2599
2205,2282
2205,2633
2205,2628
2205,2692
2205,2222
2205,2591
2205,2497
2205,2427
2205,2616
2205,2228
2205,2213
2205,2289
2205,2611
2205,2489
2205,2485
2206,2351
2206,2257
2206,2718
2206,2282
2206,2238
2206,2523
2206,2288
2206,2209
2206,2229
2206,2653
2206,2594
2206,2234
2206,2591
2206,2259
2206,2239
2206,2527
2207,2522
2207,2224
2207,2426
2207,2348
2207,2516
2207,2239
2207,2226
2207,2221
2207,2282
2207,2527
2207,2494
2207,2466
2207,2541
2207,2436
2207,2349
2207,2296
2207,2217
2207,2238
2207,2422
2207,2434
2207,2441
2207,2247
2208,2699
2208,2519
2208,2500
2208,2393
2208,2362
2208,2222
2208,2227
2208,2211
2208,2439
2208,2288
2208,2419
2208,2235
2208,2232
2208,2702
2208,2351
2208,2210
2208,2437
2209,2356
2209,2361
2209,2253
2209,2627
2209,2419
2209,2212
2209,2599
2209,2262
2209,2218
2209,2602
2209,2214
2209,2517
2209,2220
2209,2252
2209,2628
2209,2425
2209,2227
2209,2488
2209,2565
2210,2412
2210,2604
2210,2523
2210,2669
2210,2605
2210,2257
2210,2526
2210,2488
2210,2508
2210,2230
2210,2702
2210,2218
2210,2389
2210,2289
2210,2597
2210,2692
2211,2650
2211,2352
2211,2637
2211,2219
2211,2215
2211,2414
2211,2602
2211,2226
2211,2220
2211,2422
2211,2680
2211,2351
2211,2299
2211,2440
2211,2239
2212,2456
2212,2223
2212,2698
2212,2523
2212,2294
2212,2391
2212,2497
2212,2425
2212,2525
2212,2662
2213,2707
2213,2650
2213,2294
2213,2259
2213,2627
2213,2621
2213,2427
2213,2425
2213,2489
2213,2440
2213,2215
2213,2225
2213,2608
2213,2220
2213,2223
2213,2279
2214,2285
2214,2253
2214,2580
2214,2696
2214,2221
2214,2512
2214,2427
2214,2442
2214,2282
2214,2633
2214,2219
2214,2610
2214,2419
2215,2606
2215,2627
2215,2359
2215,2358
2215,2233
2215,2703
2215,2607
2215,2434
2215,2456
2215,2221
2215,2495
2216,2593
2216,2626
2216,2603
2216,2629
2216,2409
2216,2435
2216,2618
2216,2628
2216,2232
2216,2228
2216,2229
2216,2235
2216,2442
2216,2627
2216,2439
2216,2602
2216,2226
2216,2443
2216,2428
2216,2333
2216,2286
2217,2356
2217,2224
2217,2698
2217,2627
2217,2358
2217,2625
2217,2227
2217,2456
2217,2221
2217,2548
2217,2440
2217,2333
2217,2494
2218,2606
2218,2698
2218,2629
2218,2358
2218,2464
2218,2494
2218,2654
2218,2624
2218,2219
2218,2704
2218,2282
2218,2235
2218,2706
2218,2566
2218,2237
2218,2702
2218,2351
2218,2633
2218,2238
2219,2631
2219,2236
2219,2441
2219,2526
2219,2263
2219,2238
2219,2657
2219,2234
2219,2442
2219,2428
2219,2334
2219,2596
2219,2279
2219,2299
2219,2696
2220,2606
2220,2236
2220,2705
2220,2571
2220,2292
2220,2627
2220,2435
2220,2434
2220,2700
2220,2567
2220,2704
2220,2233
2220,2427
2220,2238
2220,2694
2220,2526
2220,2235
2220,2226
2220,2431
2220,2237
2221,2224
2221,2535
2221,2414
2221,2627
2221,2550
2221,2435
2221,2351
2221,2516
2221,2227
2221,2687
2221,2433
2221,2352
2221,2634
2221,2235
2221,2359
2221,2566
2221,2349
2221,2619
2221,2390
2222,2499
2222,2629
2222,2627
2222,2523
2222,2282
2222,2485
2222,2588
2222,2489
2222,2238
2222,2227
2222,2252
2222,2706
2222,2236
2223,2409
2223,2546
2223,2443
2223,2704
2223,2516
2223,2234
2223,2524
2223,2289
2223,2434
2224,2397
2224,2419
2224,2591
2224,2361
2224,2232
2224,2435
2224,2440
2224,2526
2224,2238
2224,2357
2224,2627
2224,2516
2224,2700
2224,2434
2225,2527
2225,2431
2225,2348
2225,2282
2225,2461
2225,2226
2225,2518
2225,2351
2225,2435
2225,2634
2225,2700
2225,2297
2225,2495
2225,2354
2226,2236
2226,2535
2226,2698
2226,2523
2226,2419
2226,2256
2226,2233
2226,2375
2226,2704
2226,2239
2226,2266
2226,2548
2226,2594
2226,2229
2226,2227
2226,2602
2226,2440
2226,2544
2227,2361
2227,2611
2227,2351
2227,2232
2227,2299
2227,2440
2227,2442
2227,2696
2227,2459
2227,2627
2227,2497
2227,2229
2227,2547
2228,2631
2228,2547
2228,2535
2228,2718
2228,2425
2228,2600
2228,2230
2228,2282
2228,2288
2228,2633
2228,2229
2229,2361
2229,2331
2229,2694
2229,2351
2229,2425
2229,2696
2229,2427
2229,2440
2229,2288
2229,2519
2229,2498
2229,2518
2229,2237
2229,2443
2229,2697
2230,2236
2230,2375
2230,2544
2230,2609
2230,2441
2230,2358
2230,2282
2230,2279
2230,2535
2230,2632
2230,2600
2230,2238
2230,2235
2230,2497
2230,2602
2230,2427
2230,2254
2231,2520
2231,2393
2231,2243
2231,2412
2231,2293
2231,2414
2231,2416
2231,2670
2232,2253
2232,2292
2232,2655
2232,2543
2232,2425
2232,2495
2232,2526
2232,2234
2232,2439
2232,2440
2232,2496
2232,2494
2232,2238
2233,2626
2233,2466
2233,2605
2233,2323
2233,2483
2233,2628
2233,2632
2233,2443
2233,2234
2233,2296
2233,2594
2233,2273
2233,2634
2234,2389
2234,2236
2234,2456
2234,2366
2234,2361
2234,2425
2234,2294
2234,2494
2234,2443
2234,2567
2234,2602
2234,2660
2234,2497
2234,2496
2235,2456
2235,2361
2235,2591
2235,2704
2235,2440
2235,2237
2235,2296
2235,2280
2235,2427
2235,2241
2235,2496
2235,2687
2235,2702
2236,2482
2236,2526
2236,2500
2236,2282
2236,2333
2236,2519
2236,2440
2236,2581
2236,2296
2236,2481
2236,2434
2237,2361
2237,2352
2237,2523
2237,2543
2237,2257
2237,2283
2237,2607
2237,2704
2237,2602
2237,2526
2237,2288
2237,2239
2237,2665
2238,2596
2238,2361
2238,2687
2238,2502
2238,2629
2238,2698
2238,2282
2238,2700
2238,2523
2238,2442
2238,2496
2238,2602
2239,2527
2239,2687
2239,2627
2239,2718
2239,2436
2239,2288
2239,2441
2239,2696
2239,2348
2239,2656
2239,2440
2240,2478
2240,2537
2240,2411
2240,2472
2240,2392
2240,2646
2240,2471
2240,2701
2240,2507
2240,2364
2240,2327
2240,2360
2240,2332
2241,2521
2241,2613
2241,2244
2241,2612
2241,2334
2241,2243
2241,2377
2241,2640
2241,2646
2241,2623
2241,2251
2241,2316
2241,2413
2241,2688
2241,2375
2241,2569
2241,2417
2241,2691
2242,2377
2242,2713
2242,2495
2242,2660
2242,2416
2242,2571
2242,2375
2242,2639
2242,2248
2242,2247
2242,2661
2243,2688
2243,2669
2243,2293
2243,2502
2243,2493
2243,2318
2243,2501
2243,2571
2243,2612
2243,2533
2243,2525
2243,2649
2243,2641
2243,2328
2243,2503
2243,2417
2243,2289
2244,2350
2244,2636
2244,2495
2244,2662
2244,2251
2244,2434
2244,2283
2245,2478
2245,2472
2245,2615
2245,2573
2245,2533
2245,2514
2245,2314
2245,2476
2245,2617
2245,2437
2246,2639
2246,2663
2247,2333
2247,2637
2247,2398
2247,2283
2247,2250
2247,2325
2247,2639
2247,2666
2248,2375
2248,2411
2248,2409
2248,2665
2248,2416
2248,2337
2248,2690
2249,2655
2249,2685
2249,2328
2249,2334
2249,2518
2249,2251
2249,2664
2249,2639
2249,2686
2250,2425
2250,2524
2250,2298
2250,2667
2250,2715
2251,2493
2251,2645
2251,2506
2251,2437
2251,2501
2251,2686
2251,2663
2252,2428
2252,2397
2252,2650
2252,2259
2252,2629
2252,2512
2252,2633
2252,2298
2252,2589
2252,2485
2252,2458
2252,2632
2252,2464
2252,2696
2252,2628
2252,2489
2252,2254
2253,2535
2253,2464
2253,2456
2253,2575
2253,2624
2253,2594
2253,2487
2253,2261
2253,2679
2253,2705
2253,2589
2253,2491
2253,2588
2253,2653
2253,2526
2253,2397
2253,2494
2253,2687
2253,2631
2253,2420
2253,2421
2254,2650
2254,2544
2254,2540
2254,2276
2254,2704
2254,2718
2254,2345
2255,2307
2255,2673
2255,2575
2255,2680
2255,2487
2256,2604
2256,2681
2256,2276
2256,2624
2256,2263
2256,2261
2256,2259
2256,2488
2256,2595
2256,2683
2256,2674
2256,2480
2256,2286
2256,2427
2256,2650
2256,2435
2257,2547
2257,2603
2257,2464
2257,2658
2257,2260
2257,2628
2257,2594
2257,2593
2257,2652
2257,2465
2258,2479
2258,2320
2258,2630
2258,2619
2259,2631
2259,2428
2259,2490
2259,2342
2259,2675
2259,2481
2259,2658
2259,2605
2259,2589
2259,2703
2259,2610
2260,2468
2260,2553
2260,2428
2260,2331
2260,2622
2260,2281
2260,2404
2260,2488
2260,2591
2260,2482
2260,2415
2260,2491
2260,2278
2260,2504
2261,2609
2261,2611
2261,2303
2261,2681
2261,2605
2261,2435
2261,2599
2261,2263
2261,2683
2261,2404
2261,2624
2262,2285
2262,2419
2262,2676
2262,2267
2262,2420
2262,2589
2262,2585
2262,2348
2262,2460
2262,2605
2262,2279
2262,2611
2263,2597
2263,2615
2263,2288
2263,2429
2263,2515
2263,2596
2263,2694
2263,2483
2263,2404
2263,2654
2264,2424
2264,2426
2264,2584
2264,2274
2264,2268
2264,2265
2264,2275
2265,2551
2265,2587
2265,2463
2265,2585
2265,2461
2265,2268
2266,2584
2266,2463
2266,2458
2267,2285
2267,2597
2267,2356
2267,2280
2267,2707
2268,2582
2268,2549
2268,2577
2268,2356
2268,2576
2269,2357
2269,2356
2269,2430
2269,2606
2269,2465
2269,2460
2269,2353
2269,2296
2270,2423
2270,2549
2270,2582
2270,2584
2270,2429
2270,2702
2270,2420
2270,2275
2270,2466
2271,2707
2271,2551
2271,2582
2271,2424
2271,2576
2271,2587
2271,2577
2271,2652
2271,2586
2271,2696
2271,2579
2271,2584
2272,2576
2272,2287
2272,2423
2273,2463
2273,2587
2273,2578
2274,2462
2274,2356
2274,2458
2274,2287
2274,2609
2274,2466
2274,2607
2274,2583
2275,2433
2275,2421
2275,2352
2275,2629
2275,2466
2275,2359
2275,2694
2275,2543
2275,2430
2275,2550
2275,2582
2275,2696
2275,2607
2276,2397
2276,2303
2276,2675
2276,2342
2276,2718
2277,2682
2277,2347
2277,2311
2277,2308
2277,2301
2277,2278
2278,2553
2278,2339
2278,2563
2278,2347
2278,2678
2278,2301
2278,2561
2278,2559
2279,2699
2279,2290
2279,2550
2279,2435
2279,2696
2279,2282
2279,2526
2279,2567
2279,2355
2279,2632
2279,2543
2279,2697
2279,2706
2279,2657
2279,2610
2280,2577
2280,2465
2281,2331
2281,2284
2281,2428
2281,2381
2281,2448
2281,2635
2282,2711
2282,2698
2282,2481
2282,2627
2282,2569
2282,2588
2282,2699
2282,2497
2282,2361
2282,2700
2282,2617
2282,2494
2282,2589
2282,2298
2282,2467
2283,2375
2283,2656
2283,2489
2283,2417
2283,2660
2284,2408
2284,2490
2284,2491
2284,2529
2284,2339
2284,2403
2284,2319
2284,2620
2284,2676
2284,2342
2284,2483
2284,2658
2284,2614
2284,2567
2285,2606
2285,2551
2285,2629
2285,2632
2285,2652
2285,2610
2285,2287
2285,2420
2285,2421
2285,2359
2286,2707
2286,2552
2286,2718
2286,2680
2286,2627
2286,2465
2286,2578
2286,2548
2287,2679
2287,2457
2287,2583
2287,2576
2288,2418
2288,2414
2288,2502
2288,2715
2288,2299
2288,2456
2288,2330
2288,2518
2288,2352
2288,2523
2288,2516
2288,2442
2289,2291
2289,2527
2289,2352
2289,2434
2289,2696
2289,2697
2289,2456
2289,2496
2289,2706
2290,2527
2290,2431
2290,2526
2290,2519
2290,2541
2290,2545
2290,2355
2290,2436
2291,2706
2291,2604
2291,2596
2291,2540
2291,2352
2291,2523
2291,2333
2291,2375
2291,2436
2291,2467
2291,2618
2291,2434
2292,2706
2292,2604
2292,2527
2292,2650
2292,2456
2292,2526
2292,2358
2292,2687
2292,2548
2292,2541
2292,2467
2292,2441
2292,2299
2292,2439
2292,2298
2292,2549
2292,2502
2293,2393
2293,2482
2293,2655
2293,2473
2293,2714
2293,2520
2293,2409
2293,2569
2293,2387
2293,2422
2293,2299
2293,2686
2294,2361
2294,2611
2294,2511
2294,2456
2294,2500
2294,2602
2294,2299
2294,2496
2294,2298
2294,2521
2294,2609
2294,2541
2294,2441
2294,2433
2295,2559
2295,2453
2295,2449
2295,2530
2295,2448
2295,2672
2295,2451
2295,2557
2295,2403
2295,2677
2295,2444
2295,2481
2296,2358
2296,2354
2296,2581
2296,2584
2296,2578
2296,2425
2296,2700
2296,2466
2296,2696
2297,2540
2297,2353
2297,2355
2297,2604
2297,2696
2297,2443
2297,2668
2297,2431
2298,2432
2298,2350
2298,2501
2298,2441
2298,2618
2298,2524
2298,2662
2298,2503
2298,2435
2298,2517
2298,2411
2298,2492
2299,2456
2299,2527
2299,2333
2299,2358
2299,2489
2299,2629
2299,2492
2299,2518
2300,2448
2300,2530
2300,2562
2300,2451
2300,2305
2300,2399
2300,2406
2300,2449
2300,2308
2300,2672
2301,2303
2301,2554
2301,2446
2301,2624
2301,2305
2301,2311
2301,2343
2301,2339
2302,2452
2302,2448
2302,2446
2302,2399
2302,2406
2302,2592
2303,2308
2303,2556
2303,2399
2303,2402
2303,2552
2304,2452
2304,2559
2304,2451
2304,2446
2304,2555
2304,2554
2304,2448
2305,2445
2305,2446
2305,2343
2305,2381
2305,2308
2305,2552
2305,2311
2306,2372
2307,2682
2307,2556
2307,2535
2307,2446
2307,2563
2307,2331
2307,2676
2307,2491
2308,2530
2308,2552
2308,2451
2308,2559
2308,2444
2309,2453
2310,2449
2310,2347
2310,2341
2310,2554
2310,2552
2310,2555
2310,2406
2311,2530
2311,2445
2311,2347
2311,2339
2311,2343
2311,2678
2311,2338
2311,2561
2312,2590
2312,2396
2312,2613
2312,2510
2312,2318
2312,2521
2312,2572
2312,2533
2312,2614
2312,2377
2312,2391
2312,2712
2313,2320
2313,2510
2313,2315
2313,2475
2313,2572
2313,2476
2313,2379
2313,2360
2313,2369
2313,2533
2313,2499
2313,2483
2313,2712
2313,2649
2314,2532
2314,2469
2314,2701
2314,2322
2314,2323
2314,2385
2314,2479
2314,2539
2314,2537
2314,2369
2314,2376
2314,2395
2314,2370
2314,2627
2315,2318
2315,2392
2315,2614
2315,2319
2315,2507
2315,2710
2315,2573
2315,2613
2315,2528
2316,2340
2316,2701
2316,2528
2316,2472
2316,2376
2316,2396
2316,2619
2316,2638
2317,2372
2317,2531
2317,2323
2317,2396
2317,2479
2317,2614
2317,2322
2317,2617
2318,2336
2318,2319
2318,2513
2318,2572
2318,2378
2318,2620
2318,2370
2318,2400
2318,2497
2318,2473
2318,2391
2318,2374
2318,2392
2319,2320
2319,2472
2319,2385
2319,2378
2319,2572
2319,2405
2319,2372
2319,2321
2319,2533
2319,2380
2319,2568
2320,2471
2320,2384
2320,2378
2321,2475
2321,2534
2321,2701
2321,2384
2321,2514
2321,2472
2321,2646
2321,2386
2321,2630
2322,2593
2322,2622
2322,2384
2322,2371
2322,2385
2322,2365
2322,2572
2322,2405
2322,2382
2322,2533
2322,2362
2323,2539
2323,2470
2323,2372
2323,2377
2323,2537
2323,2574
2324,2522
2324,2412
2324,2648
2324,2498
2324,2519
2324,2337
2324,2667
2324,2612
2325,2716
2325,2713
2325,2717
2325,2688
2325,2642
2325,2684
2325,2350
2325,2511
2325,2332
2325,2475
2325,2636
2326,2432
2326,2612
2326,2647
2326,2671
2326,2391
2326,2715
2326,2623
2326,2571
2326,2712
2326,2625
2326,2498
2326,2617
2326,2664
2326,2637
2326,2640
2327,2414
2327,2569
2327,2636
2327,2643
2327,2711
2327,2617
2327,2713
2327,2525
2327,2717
2327,2708
2327,2395
2327,2644
2327,2691
2328,2499
2328,2664
2328,2716
2328,2670
2328,2660
2328,2410
2328,2641
2328,2503
2329,2621
2329,2590
2329,2376
2329,2619
2329,2712
2329,2648
2329,2352
2330,2714
2330,2474
2330,2493
2330,2351
2330,2573
2330,2565
2330,2507
2330,2391
2330,2657
2330,2644
2330,2504
2330,2649
2330,2482
2330,2412
2330,2470
2330,2689
2330,2440
2331,2552
2331,2626
2331,2363
2331,2601
2331,2372
2331,2651
2332,2669
2332,2474
2332,2569
2332,2692
2332,2684
2332,2335
2332,2351
2332,2612
2333,2641
2333,2697
2333,2706
2333,2700
2333,2440
2333,2432
2333,2437
2333,2715
2333,2604
2333,2698
2333,2506
2334,2621
2334,2644
2334,2598
2334,2612
2334,2509
2334,2693
2334,2646
2334,2637
2334,2437
2335,2472
2335,2640
2335,2612
2335,2565
2335,2337
2335,2497
2335,2569
2335,2381
2335,2416
2335,2716
2336,2574
2336,2470
2336,2367
2336,2385
2336,2363
2336,2369
2336,2573
2336,2679
2336,2401
2336,2471
2337,2511
2337,2485
2337,2625
2337,2374
2337,2617
2337,2440
2337,2350
2337,2439
2337,2655
2338,2449
2338,2672
2338,2561
2338,2392
2338,2451
2338,2677
2339,2682
2339,2346
2339,2558
2339,2343
2340,2371
2340,2620
2340,2533
2340,2708
2340,2514
2340,2509
2340,2396
2340,2392
2340,2616
2340,2473
2340,2568
2340,2471
2340,2609
2340,2623
2341,2530
2341,2449
2341,2672
2341,2455
2341,2446
2341,2452
2341,2450
2342,2596
2342,2343
2342,2599
2342,2487
2342,2368
2342,2601
2342,2633
2343,2347
2343,2553
2343,2368
2343,2540
2343,2402
2344,2347
2344,2678
2344,2553
2344,2681
2344,2658
2344,2703
2345,2631
2345,2678
2345,2681
2345,2553
2345,2677
2346,2542
2346,2347
2346,2556
2346,2609
2346,2403
2346,2567
2347,2678
2347,2553
2347,2676
2347,2680
2347,2675
2348,2522
2348,2352
2348,2526
2348,2430
2348,2518
2348,2439
2348,2700
2348,2435
2348,2434
2348,2441
2349,2352
2349,2516
2349,2465
2349,2583
2349,2541
2350,2418
2350,2443
2350,2625
2350,2495
2350,2375
2350,2496
2350,2501
2350,2662
2350,2503
2351,2699
2351,2362
2351,2524
2351,2567
2351,2607
2351,2440
2351,2497
2352,2357
2352,2659
2352,2697
2352,2433
2352,2435
2352,2540
2352,2700
2352,2662
2352,2604
2352,2436
2352,2607
2352,2687
2352,2434
2353,2433
2353,2551
2353,2697
2353,2414
2353,2527
2353,2664
2353,2355
2354,2438
2354,2357
2354,2495
2355,2709
2355,2704
2355,2697
2355,2440
2355,2700
2355,2438
2355,2668
2355,2433
2356,2707
2356,2581
2356,2429
2356,2426
2356,2578
2356,2421
2356,2548
2357,2699
2357,2438
2357,2432
2357,2358
2357,2523
2357,2581
2357,2431
2357,2436
2358,2535
2358,2516
2358,2435
2358,2588
2358,2567
2358,2606
2358,2602
2358,2634
2359,2652
2359,2543
2359,2702
2359,2578
2360,2590
2360,2381
2360,2470
2360,2613
2360,2568
2360,2572
2360,2574
2360,2477
2360,2622
2361,2596
2361,2669
2361,2565
2361,2425
2361,2523
2361,2496
2361,2668
2361,2718
2362,2593
2362,2658
2362,2629
2362,2566
2362,2588
2363,2554
2363,2402
2363,2572
2363,2407
2363,2380
2363,2565
2363,2567
2364,2499
2364,2474
2364,2615
2364,2392
2364,2588
2364,2598
2364,2512
2364,2507
2364,2592
2364,2689
2364,2374
2364,2710
2364,2646
2364,2617
2365,2382
2365,2570
2365,2405
2365,2538
2365,2392
2365,2614
2365,2377
2365,2482
2365,2533
2365,2370
2366,2389
2366,2635
2366,2500
2366,2490
2366,2521
2366,2387
2366,2547
2366,2407
2366,2419
2366,2659
2366,2565
2366,2625
2366,2409
2366,2427
2366,2442
2367,2468
2367,2398
2367,2629
2367,2489
2367,2503
2367,2384
2367,2368
2367,2651
2367,2567
2367,2608
2368,2574
2368,2484
2368,2381
2368,2588
2368,2389
2369,2478
2369,2564
2369,2510
2369,2620
2369,2470
2369,2373
2369,2472
2369,2476
2369,2572
2370,2537
2370,2405
2370,2531
2370,2473
2370,2590
2370,2374
2371,2510
2371,2675
2371,2379
2371,2515
2371,2613
2371,2472
2371,2392
2371,2590
2372,2592
2372,2537
2372,2382
2372,2533
2372,2590
2372,2396
2372,2392
2372,2573
2372,2390
2372,2620
2372,2570
2373,2532
2373,2398
2373,2450
2373,2401
2373,2539
2373,2590
2373,2591
2374,2477
2374,2613
2374,2405
2374,2637
2374,2651
2374,2509
2374,2717
2374,2709
2374,2517
2374,2689
2374,2512
2375,2412
2375,2669
2375,2493
2375,2711
2375,2700
2375,2698
2375,2647
2375,2664
2375,2662
2375,2715
2375,2519
2375,2671
2375,2663
2376,2701
2376,2471
2376,2689
2376,2403
2376,2622
2376,2531
2376,2387
2376,2378
2376,2381
2376,2614
2376,2473
2376,2472
2376,2617
2377,2613
2377,2419
2377,2509
2377,2637
2377,2708
2377,2623
2377,2717
2378,2477
2378,2622
2378,2479
2378,2392
2378,2616
2378,2590
2378,2643
2378,2570
2378,2473
2379,2408
2379,2389
2379,2398
2379,2613
2379,2659
2379,2390
2379,2566
2379,2471
2379,2568
2379,2470
2379,2512
2379,2565
2379,2608
2379,2590
2379,2616
2379,2381
2380,2513
2380,2568
2380,2638
2380,2710
2380,2635
2381,2539
2381,2614
2381,2598
2381,2590
2381,2566
2381,2622
2381,2570
2381,2473
2382,2385
2382,2475
2382,2570
2383,2499
2383,2408
2383,2513
2383,2441
2383,2565
2383,2623
2383,2616
2383,2646
2383,2411
2383,2657
2383,2640
2384,2701
2384,2470
2384,2479
2384,2473
2384,2396
2384,2509
2384,2532
2385,2590
2385,2396
2385,2447
2385,2620
2385,2675
2385,2539
2385,2388
2385,2473
2385,2469
2386,2396
2386,2630
2387,2532
2387,2526
2387,2509
2387,2471
2387,2472
2387,2590
2388,2478
2388,2509
2388,2529
2388,2521
2389,2614
2389,2566
2389,2608
2389,2624
2389,2414
2389,2512
2390,2509
2390,2470
2390,2620
2390,2570
2391,2635
2391,2564
2391,2571
2391,2498
2391,2689
2391,2392
2391,2617
2391,2514
2391,2615
2391,2719
2391,2711
2391,2568
2391,2471
2392,2478
2392,2537
2392,2418
2392,2590
2392,2396
2392,2405
2392,2471
2392,2533
2392,2682
2392,2614
2393,2468
2393,2412
2393,2410
2393,2511
2393,2713
2393,2618
2393,2660
2393,2513
2393,2416
2393,2686
2394,2474
2395,2514
2395,2512
2395,2471
2395,2616
2396,2403
2396,2537
2396,2475
2396,2405
2396,2473
2396,2658
2396,2521
2396,2616
2397,2428
2397,2659
2397,2487
2397,2563
2397,2535
2397,2485
2397,2718
2397,2603
2397,2547
2397,2599
2397,2589
2398,2596
2398,2477
2398,2635
2398,2570
2398,2510
2398,2592
2398,2505
2398,2566
2398,2591
2398,2598
2398,2515
2398,2616
2398,2567
2398,2417
2398,2594
2399,2559
2399,2554
2399,2400
2400,2559
2400,2595
2400,2681
2400,2446
2400,2403
2401,2654
2401,2407
2401,2486
2401,2678
2401,2649
2401,2598
2402,2560
2402,2483
2402,2542
2402,2595
2402,2454
2403,2484
2403,2447
2403,2554
2404,2491
2404,2481
2405,2532
2405,2622
2405,2573
2405,2480
2405,2568
2406,2555
2406,2454
2406,2449
2407,2574
2407,2714
2407,2547
2407,2658
2407,2624
2407,2480
2408,2624
2408,2566
2408,2482
2408,2515
2408,2485
2408,2521
2408,2568
2408,2610
2408,2602
2408,2705
2409,2522
2409,2502
2409,2493
2409,2434
2409,2598
2409,2647
2409,2413
2409,2568
2409,2664
2409,2712
2410,2474
2410,2521
2410,2411
2410,2656
2410,2689
2410,2638
2410,2415
2410,2712
2410,2684
2411,2474
2411,2565
2411,2472
2411,2710
2411,2637
2411,2717
2411,2647
2411,2711
2411,2701
2412,2711
2412,2701
2412,2626
2412,2638
2412,2520
2412,2417
2412,2413
2412,2498
2412,2692
2412,2688
2412,2686
2412,2670
2413,2627
2413,2522
2413,2569
2413,2641
2413,2416
2413,2715
2413,2571
2413,2523
2413,2493
2413,2690
2413,2660
2413,2648
2413,2695
2414,2433
2414,2657
2414,2697
2414,2602
2414,2435
2414,2494
2414,2496
2414,2690
2414,2459
2414,2604
2414,2718
2414,2524
2415,2571
2415,2635
2415,2485
2415,2482
2415,2517
2415,2504
2415,2642
2415,2610
2415,2416
2415,2508
2415,2422
2415,2640
2415,2602
2416,2639
2416,2665
2416,2618
2416,2493
2416,2645
2416,2520
2416,2512
2416,2497
2417,2631
2417,2569
2417,2517
2417,2684
2417,2688
2417,2641
2417,2656
2417,2692
2417,2671
2418,2714
2418,2648
2418,2474
2418,2512
2418,2497
2418,2655
2418,2644
2418,2427
2418,2502
2419,2706
2419,2532
2419,2481
2419,2627
2419,2474
2419,2594
2419,2483
2419,2588
2419,2596
2420,2461
2420,2577
2420,2579
2420,2429
2420,2585
2420,2610
2420,2457
2420,2580
2420,2607
2421,2580
2421,2457
2421,2584
2421,2460
2422,2618
2422,2598
2422,2497
2422,2508
2422,2704
2422,2443
2422,2656
2422,2567
2422,2698
2422,2646
2422,2436
2422,2492
2422,2666
2423,2458
2424,2584
2424,2586
2424,2583
2425,2627
2425,2605
2425,2508
2425,2427
2425,2526
2425,2567
2426,2458
2427,2540
2427,2602
2427,2610
2427,2543
2427,2567
2427,2659
2428,2631
2428,2596
2428,2609
2428,2566
2428,2561
2428,2675
2429,2606
2429,2578
2429,2546
2429,2579
2429,2543
2429,2516
2429,2601
2430,2593
2430,2550
2430,2707
2430,2703
2430,2548
2430,2543
2432,2522
2432,2524
2432,2496
2432,2506
2432,2639
2433,2697
2434,2500
2434,2436
2434,2516
2434,2502
2434,2668
2435,2519
2435,2516
2435,2677
2435,2624
2435,2608
2435,2702
2436,2699
2436,2606
2436,2508
2436,2440
2436,2441
2436,2500
2436,2697
2437,2604
2437,2456
2437,2516
2437,2494
2437,2669
2437,2706
2437,2518
2437,2442
2437,2714
2437,2687
2437,2519
2437,2656
2437,2580
2438,2603
2438,2649
2438,2602
2438,2463
2438,2466
2438,2541
2438,2467
2438,2492
2439,2715
2439,2654
2439,2549
2439,2550
2440,2699
2440,2500
2440,2466
2440,2485
2440,2632
2440,2627
2440,2526
2441,2523
2441,2465
2441,2524
2441,2585
2441,2467
2441,2699
2442,2519
2442,2687
2442,2502
2442,2627
2442,2664
2442,2656
2442,2703
2443,2494
2443,2544
2443,2632
2443,2567
2443,2697
2443,2600
2443,2605
2443,2456
2443,2650
2443,2704
2444,2554
2444,2552
2444,2449
2444,2455
2444,2563
2445,2451
2445,2446
2445,2563
2446,2672
2446,2452
2446,2555
2446,2562
2446,2676
2447,2552
2447,2598
2447,2515
2448,2542
2448,2530
2448,2557
2449,2451
2449,2552
2449,2591
2450,2451
2450,2452
2451,2672
2451,2491
2451,2557
2451,2542
2453,2455
2454,2491
2454,2651
2456,2706
2456,2699
2456,2519
2456,2470
2456,2567
2456,2502
2456,2496
2456,2461
2456,2518
2456,2516
2456,2488
2456,2698
2456,2548
2456,2584
2456,2494
2456,2467
2456,2668
2456,2523
2457,2707
2457,2580
2457,2578
2457,2576
2457,2583
2457,2465
2458,2607
2458,2652
2459,2634
2459,2466
2459,2607
2459,2702
2459,2696
2460,2462
2460,2581
2460,2584
2460,2587
2461,2544
2461,2634
2461,2540
2461,2606
2461,2546
2461,2704
2461,2581
2461,2548
2461,2696
2461,2697
2461,2466
2462,2582
2462,2584
2462,2576
2463,2577
2463,2584
2464,2596
2464,2597
2464,2535
2464,2599
2464,2658
2464,2485
2464,2594
2464,2544
2464,2591
2464,2634
2464,2606
2465,2544
2465,2466
2465,2583
2465,2577
2465,2550
2465,2551
2465,2702
2466,2580
2466,2699
2466,2524
2466,2696
2466,2587
2466,2606
2467,2606
2467,2700
2467,2687
2468,2631
2468,2676
2468,2674
2468,2594
2468,2485
2469,2539
2469,2479
2469,2533
2470,2574
2470,2478
2470,2505
2470,2572
2470,2620
2470,2473
2470,2654
2470,2528
2470,2565
2471,2621
2471,2564
2471,2613
2471,2509
2471,2626
2471,2485
2471,2623
2472,2692
2472,2573
2472,2514
2472,2513
2473,2570
2473,2701
2473,2507
2473,2475
2473,2643
2473,2509
2474,2619
2474,2648
2474,2507
2474,2711
2474,2638
2474,2569
2474,2641
2474,2692
2474,2693
2474,2493
2474,2503
2475,2476
2475,2533
2476,2590
2476,2701
2476,2613
2476,2622
2476,2645
2477,2509
2477,2565
2477,2635
2477,2643
2477,2592
2477,2711
2477,2617
2477,2499
2477,2511
2477,2495
2478,2574
2478,2564
2478,2514
2478,2568
2478,2616
2478,2613
2479,2613
2479,2537
2479,2504
2480,2659
2480,2651
2480,2679
2480,2626
2480,2485
2480,2588
2480,2594
2480,2593
2480,2718
2481,2490
2481,2603
2481,2596
2481,2485
2481,2483
2481,2594
2481,2620
2481,2658
2482,2626
2482,2613
2482,2508
2482,2571
2482,2588
2482,2502
2483,2658
2483,2591
2483,2592
2483,2485
2483,2654
2483,2633
2484,2563
2484,2561
2484,2674
2485,2513
2485,2490
2485,2588
2485,2487
2485,2603
2485,2629
2486,2557
2486,2591
2487,2596
2487,2675
2487,2599
2487,2556
2487,2626
2488,2593
2488,2605
2488,2508
2488,2684
2488,2491
2488,2610
2488,2567
2489,2699
2489,2502
2489,2540
2489,2697
2489,2503
2489,2598
2490,2597
2490,2609
2490,2605
2490,2624
2490,2718
2490,2588
2490,2491
2490,2519
2490,2548
2491,2604
2491,2595
2491,2674
2491,2593
2492,2715
2492,2604
2492,2602
2493,2665
2493,2571
2493,2522
2493,2716
2493,2638
2493,2692
2493,2498
2493,2649
2493,2667
2493,2715
2494,2500
2494,2565
2495,2639
2495,2662
2495,2669
2495,2524
2496,2604
2496,2522
2496,2714
2496,2665
2496,2510
2496,2634
2496,2546
2496,2580
2496,2526
2496,2684
2496,2662
2496,2700
2497,2627
2497,2638
2497,2700
2497,2653
2497,2697
2497,2547
2497,2508
2497,2597
2498,2643
2498,2507
2498,2646
2498,2649
2498,2517
2498,2644
2498,2511
2499,2711
2499,2509
2499,2565
2499,2615
2500,2604
2500,2527
2500,2588
2500,2521
2500,2700
2500,2523
2500,2656
2500,2687
2501,2698
2501,2640
2501,2639
2501,2525
2501,2522
2501,2660
2501,2641
2502,2697
2502,2527
2502,2696
2502,2698
2502,2627
2503,2522
2503,2656
2503,2615
2503,2662
2503,2690
2503,2686
2503,2715
2503,2670
2504,2653
2504,2643
2504,2638
2504,2535
2505,2601
2505,2521
2506,2665
2506,2671
2506,2663
2507,2615
2507,2597
2507,2640
2507,2686
2507,2700
2507,2623
2507,2657
2508,2699
2508,2714
2508,2519
2508,2515
2508,2698
2508,2540
2508,2512
2508,2525
2508,2568
2509,2532
2509,2701
2509,2564
2509,2613
2509,2620
2509,2630
2509,2708
2509,2568
2509,2623
2509,2590
2510,2531
2510,2613
2510,2595
2510,2573
2510,2514
2510,2619
2510,2590
2511,2711
2511,2669
2511,2670
2511,2657
2511,2641
2511,2692
2511,2618
2512,2659
2512,2615
2512,2709
2512,2695
2513,2564
2513,2708
2513,2514
2513,2623
2513,2616
2513,2625
2513,2628
2514,2537
2514,2640
2514,2623
2514,2590
2514,2684
2514,2691
2515,2567
2515,2651
2515,2625
2515,2714
2516,2606
2516,2527
2516,2632
2516,2697
2516,2550
2516,2607
2517,2567
2517,2525
2517,2610
2517,2711
2518,2519
2518,2687
2518,2526
2518,2607
2518,2569
2519,2699
2519,2700
2519,2523
2519,2697
2519,2687
2519,2604
2520,2655
2520,2647
2520,2657
2520,2642
2520,2641
2520,2629
2521,2539
2521,2699
2521,2626
2521,2533
2521,2613
2521,2612
2521,2628
2521,2532
2522,2617
2522,2649
2522,2565
2522,2656
2522,2667
2522,2698
2522,2715
2523,2604
2523,2591
2523,2717
2524,2653
2524,2667
2524,2671
2524,2571
2525,2592
2525,2714
2525,2669
2525,2698
2525,2613
2525,2588
2525,2527
2525,2624
2525,2648
2525,2618
2526,2606
2526,2694
2526,2704
2526,2607
2526,2702
2527,2706
2527,2606
2528,2534
2529,2536
2530,2682
2531,2533
2532,2592
2532,2574
2532,2573
2532,2625
2532,2605
2533,2564
2533,2566
2533,2701
2534,2590
2535,2705
2535,2547
2535,2599
2535,2680
2535,2626
2535,2605
2535,2611
2535,2589
2535,2634
2535,2600
2537,2573
2539,2572
2540,2611
2540,2652
2540,2578
2541,2546
2543,2699
2543,2650
2543,2546
2543,2625
2543,2606
2543,2550
2543,2548
2544,2551
2544,2650
2544,2546
2545,2666
2546,2703
2546,2600
2546,2549
2546,2584
2546,2581
2547,2606
2547,2548
2547,2718
2547,2650
2548,2606
2548,2636
2548,2703
2549,2696
2549,2607
2549,2694
2549,2550
2550,2707
2550,2699
2550,2704
2550,2632
2550,2648
2551,2604
2551,2580
2551,2582
2551,2576
2551,2579
2553,2561
2553,2560
2555,2672
2556,2559
2556,2563
2556,2562
2556,2677
2557,2682
2557,2559
2559,2680
2560,2672
2560,2561
2563,2603
2564,2635
2564,2643
2564,2640
2565,2709
2565,2592
2566,2626
2566,2620
2567,2659
2567,2598
2567,2589
2567,2624
2567,2629
2567,2610
2568,2676
2568,2616
2569,2646
2569,2647
2569,2708
2569,2612
2570,2593
2570,2572
2571,2698
2571,2714
2571,2690
2572,2574
2572,2682
2572,2573
2572,2588
2573,2575
2574,2598
2574,2651
2574,2620
2574,2591
2575,2596
2575,2631
2575,2680
2575,2674
2576,2583
2576,2584
2576,2581
2577,2668
2577,2581
2577,2584
2577,2707
2577,2703
2578,2652
2578,2703
2579,2606
2579,2581
2579,2632
2579,2607
2579,2610
2580,2707
2580,2606
2580,2584
2580,2583
2581,2584
2581,2600
2581,2602
2582,2587
2582,2584
2582,2586
2582,2583
2583,2699
2584,2611
2584,2587
2585,2700
2586,2650
2588,2623
2589,2599
2589,2673
2589,2593
2590,2613
2590,2614
2591,2680
2591,2601
2591,2624
2591,2671
2591,2616
2592,2608
2592,2598
2592,2643
2592,2605
2592,2632
2593,2654
2593,2651
2593,2633
2593,2634
2594,2596
2594,2602
2594,2597
2594,2633
2595,2658
2595,2628
2596,2597
2596,2680
2596,2658
2596,2611
2596,2603
2597,2674
2597,2601
2597,2683
2597,2604
2597,2697
2598,2629
2598,2659
2599,2679
2599,2681
2599,2603
2600,2603
2600,2632
2600,2610
2600,2606
2600,2718
2601,2681
2601,2654
2601,2626
2601,2676
2601,2696
2602,2704
2602,2610
2602,2603
2602,2607
2603,2633
2603,2628
2603,2605
2604,2610
2604,2627
2604,2697
2604,2699
2605,2631
2605,2625
2605,2718
2606,2697
2607,2650
2607,2662
2608,2714
2608,2635
2608,2625
2608,2651
2608,2689
2609,2681
2609,2658
2609,2653
2610,2632
2610,2634
2611,2683
2611,2718
2611,2694
2611,2632
2612,2716
2612,2651
2612,2618
2612,2643
2613,2614
2613,2691
2613,2622
2614,2615
2615,2671
2616,2643
2616,2623
2616,2646
2616,2710
2617,2688
2617,2623
2617,2710
2617,2709
2617,2695
2617,2645
2617,2692
2618,2665
2618,2670
2618,2669
2618,2664
2618,2662
2618,2699
2620,2682
2621,2644
2621,2712
2621,2709
2621,2646
2621,2645
2621,2670
2623,2644
2623,2710
2623,2717
2624,2718
2624,2633
2624,2665
2624,2631
2625,2665
2625,2699
2625,2659
2625,2654
2626,2682
2626,2654
2627,2656
2627,2654
2627,2698
2627,2632
2627,2697
2627,2658
2627,2700
2628,2718
2628,2655
2628,2658
2628,2706
2629,2705
2629,2633
2629,2684
2631,2658
2631,2635
2632,2700
2633,2718
2635,2658
2635,2659
2635,2700
2636,2688
2636,2648
2636,2716
2636,2710
2636,2684
2636,2693
2637,2645
2637,2686
2637,2663
2637,2717
2639,2664
2639,2671
2640,2711
2640,2647
2640,2705
2641,2715
2641,2690
2641,2700
2641,2649
2642,2648
2643,2717
2644,2647
2644,2713
2644,2715
2645,2647
2645,2712
2645,2713
2646,2693
2646,2649
2647,2708
2647,2688
2647,2717
2647,2685
2647,2691
2648,2688
2648,2691
2648,2685
2648,2690
2648,2693
2649,2716
2649,2714
2649,2660
2650,2702
2650,2683
2651,2714
2651,2700
2653,2656
2653,2714
2655,2686
2655,2715
2655,2714
2655,2709
2655,2656
2655,2667
2656,2657
2656,2664
2656,2667
2657,2692
2657,2698
2659,2700
2660,2669
2660,2665
2660,2670
2660,2706
2660,2671
2660,2664
2660,2667
2660,2715
2662,2693
2662,2692
2662,2715
2662,2687
2662,2669
2663,2667
2664,2669
2665,2711
2665,2692
2665,2671
2665,2666
2667,2687
2667,2692
2668,2702
2668,2697
2669,2693
2669,2709
2670,2716
2673,2681
2674,2680
2674,2678
2675,2681
2675,2703
2676,2679
2676,2683
2679,2683
2679,2718
2680,2698
2684,2716
2684,2710
2685,2690
2685,2717
2687,2698
2687,2697
2687,2706
2687,2700
2687,2715
2688,2710
2688,2691
2688,2690
2691,2719
2692,2717
2693,2716
2693,2695
2693,2717
2694,2696
2695,2710
2696,2707
2697,2704
2698,2699
2698,2704
2702,2707
2706,2714
2708,2710
2709,2719
2710,2716
2711,2713
2712,2713
2713,2716
2714,2715
