u,v
0,40
0,9
0,43
0,123
0,90
0,136
0,120
0,154
0,85
0,144
0,117
0,142
0,58
0,37
0,51
0,129
0,94
0,191
0,183
0,175
0,75
0,172
0,162
0,46
0,143
0,119
0,88
0,33
0,130
0,180
0,83
0,179
0,82
0,159
0,62
0,44
0,38
0,186
0,89
0,42
0,113
0,19
0,60
0,103
0,176
0,105
0,108
0,10
0,121
0,74
0,195
0,98
0,101
0,4
0,5
0,189
0,163
0,170
0,73
0,150
1,193
1,55
1,126
1,43
1,123
1,53
1,179
1,61
1,156
1,165
1,80
1,41
1,37
1,112
1,137
1,188
1,91
1,181
1,172
1,171
1,170
1,162
1,58
1,155
1,151
1,147
1,127
1,104
1,199
1,102
1,100
1,197
1,3
1,95
1,89
1,56
1,48
1,145
1,195
1,98
1,4
1,148
1,135
1,38
1,88
1,132
1,35
1,32
1,70
1,93
1,19
1,66
1,114
1,20
1,174
1,157
1,60
1,131
1,72
1,49
1,146
1,97
2,186
2,183
2,158
2,172
2,173
2,120
2,162
2,41
2,180
2,155
2,152
2,151
2,13
2,11
2,79
2,195
2,37
2,179
2,24
2,94
2,104
2,97
2,92
2,78
2,80
2,90
2,165
2,192
2,70
2,69
2,99
2,66
2,106
2,9
2,159
2,62
2,57
2,157
2,100
2,197
2,47
2,143
2,46
2,141
2,44
2,156
2,139
2,42
2,128
2,31
2,114
2,17
2,20
2,117
2,16
2,199
2,12
2,8
2,6
2,178
2,39
2,4
2,142
2,45
3,116
3,55
3,43
3,128
3,173
3,79
3,48
3,120
3,100
3,45
3,160
3,49
3,34
3,99
3,196
3,187
3,86
3,183
3,177
3,172
3,161
3,132
3,107
3,149
3,5
3,102
3,148
3,188
3,91
3,141
3,69
3,33
3,26
3,15
3,178
3,105
3,106
3,39
3,155
3,14
3,111
3,29
3,190
3,12
3,92
3,195
4,14
4,81
4,53
4,48
4,45
4,85
4,30
4,100
4,197
4,108
4,51
4,96
4,186
4,69
4,166
4,161
4,147
4,109
4,104
4,149
4,199
4,5
4,102
4,35
4,132
4,177
4,163
4,66
4,83
4,36
4,27
4,76
4,29
4,190
4,16
4,136
4,39
4,162
4,165
4,68
4,46
4,141
5,115
5,173
5,14
5,111
5,48
5,154
5,135
5,30
5,41
5,193
5,96
5,63
5,195
5,185
5,184
5,181
5,177
5,75
5,172
5,167
5,148
5,143
5,133
5,130
5,125
5,117
5,20
5,116
5,19
5,107
5,196
5,92
5,176
5,158
5,54
5,114
5,67
5,164
5,42
5,16
5,113
5,66
5,62
5,112
5,15
5,106
5,156
5,59
5,12
5,102
5,152
5,126
5,29
5,93
5,190
5,150
5,6
5,27
5,170
5,73
5,197
5,72
5,25
5,131
5,105
5,108
6,193
6,55
6,71
6,53
6,48
6,136
6,135
6,117
6,23
6,63
6,11
6,108
6,67
6,122
6,129
6,187
6,183
6,181
6,177
6,79
6,176
6,175
6,172
6,170
6,167
6,166
6,162
6,159
6,34
6,131
6,125
6,124
6,10
6,107
6,195
6,98
6,182
6,72
6,58
6,155
6,111
6,51
6,148
6,198
6,54
6,197
6,46
6,33
6,130
6,83
6,36
6,26
6,154
6,57
6,56
6,22
6,37
6,134
6,161
6,64
6,105
6,12
7,126
7,173
7,75
7,192
7,90
7,79
7,61
7,100
7,135
7,85
7,80
7,194
7,181
7,67
7,78
7,175
7,170
7,159
7,155
7,122
7,141
7,139
7,13
7,110
7,134
7,131
7,160
7,63
7,125
7,124
7,108
7,113
7,40
7,137
7,94
7,106
7,98
7,92
7,88
7,83
7,69
7,68
7,60
7,59
7,52
7,96
7,150
7,26
7,107
7,10
7,163
7,198
7,103
7,50
7,120
7,23
7,45
7,142
8,40
8,81
8,179
8,48
8,136
8,61
8,156
8,78
8,120
8,94
8,150
8,134
8,37
8,98
8,195
8,86
8,183
8,152
8,140
8,28
8,125
8,20
8,107
8,104
8,102
8,97
8,83
8,76
8,122
8,25
8,72
8,19
8,22
8,69
8,47
8,133
8,74
8,33
8,21
8,63
8,16
8,109
8,15
8,52
8,190
9,65
9,191
9,158
9,75
9,172
9,171
9,41
9,180
9,148
9,134
9,131
9,195
9,63
9,124
9,108
9,119
9,114
9,113
9,24
9,107
9,105
9,102
9,154
9,71
9,95
9,78
9,80
9,82
9,90
9,48
9,165
9,169
9,72
9,69
9,159
9,62
9,56
9,54
9,139
9,42
9,21
9,19
9,196
9,85
9,12
9,97
9,189
9,30
9,50
9,45
10,40
10,126
10,43
10,136
10,156
10,101
10,30
10,63
10,58
10,49
10,91
10,67
10,37
10,110
10,129
10,195
10,185
10,82
10,167
10,139
10,33
10,130
10,124
10,105
10,79
10,176
10,68
10,57
10,60
10,103
10,150
10,183
10,89
10,66
10,178
10,181
10,56
10,99
10,190
10,141
11,65
11,81
11,43
11,199
11,179
11,168
11,180
11,100
11,30
11,195
11,90
11,187
11,183
11,175
11,171
11,167
11,166
11,153
11,141
11,110
11,37
11,114
11,113
11,107
11,104
11,131
11,34
11,194
11,97
11,88
11,87
11,72
11,68
11,99
11,159
11,62
11,59
11,151
11,54
11,52
11,145
11,91
11,53
11,150
11,26
11,22
11,20
11,138
11,15
11,112
12,40
12,126
12,81
12,156
12,78
12,120
12,80
12,41
12,94
12,150
12,195
12,183
12,75
12,172
12,166
12,162
12,63
12,155
12,149
12,141
12,132
12,13
12,110
12,106
12,199
12,102
12,185
12,88
12,87
12,84
12,83
12,174
12,70
12,165
12,68
12,161
12,64
12,60
12,151
12,54
12,24
12,121
12,171
12,74
12,27
12,119
12,25
12,15
12,42
12,19
12,123
12,26
12,136
12,39
12,190
12,147
12,148
12,28
12,146
13,115
13,199
13,173
13,192
13,61
13,156
13,154
13,45
13,77
13,174
13,144
13,117
13,30
13,63
13,94
13,187
13,181
13,177
13,151
13,122
13,140
13,132
13,134
13,37
13,137
13,105
13,104
13,197
13,98
13,180
13,83
13,74
13,70
13,166
13,69
13,162
13,64
13,60
13,155
13,53
13,150
13,129
13,146
13,145
13,44
13,38
13,31
13,28
13,121
13,116
13,19
13,189
13,81
13,178
13,29
13,120
13,23
13,112
14,116
14,191
14,186
14,181
14,177
14,111
14,171
14,166
14,162
14,144
14,143
14,139
14,195
14,121
14,51
14,107
14,71
14,131
14,34
14,91
14,92
14,87
14,183
14,86
14,82
14,145
14,48
14,53
14,173
14,76
14,192
14,169
14,72
14,174
14,77
14,68
14,62
14,146
14,49
14,123
14,44
14,59
14,156
14,38
14,194
14,36
14,35
14,32
14,122
14,25
14,22
14,117
14,193
14,160
14,199
14,170
14,73
14,30
14,55
15,193
15,128
15,90
15,61
15,156
15,120
15,45
15,135
15,144
15,160
15,118
15,67
15,150
15,122
15,37
15,168
15,195
15,194
15,185
15,177
15,170
15,147
15,35
15,132
15,114
15,16
15,113
15,107
15,191
15,131
15,84
15,196
15,199
15,102
15,149
15,52
15,87
15,137
15,36
15,33
15,24
15,121
15,74
15,27
15,159
15,62
15,198
15,182
15,69
15,152
15,82
15,153
15,93
15,189
15,197
16,116
16,193
16,115
16,55
16,126
16,71
16,43
16,188
16,53
16,17
16,48
16,120
16,160
16,67
16,137
16,129
16,194
16,191
16,187
16,170
16,167
16,166
16,132
16,131
16,106
16,95
16,83
16,82
16,77
16,174
16,161
16,113
16,163
16,66
16,146
16,118
16,21
16,93
16,27
16,50
16,62
16,183
16,86
16,39
16,41
16,138
16,139
16,155
16,151
16,57
16,108
17,40
17,65
17,188
17,157
17,194
17,185
17,184
17,67
17,158
17,170
17,169
17,167
17,144
17,41
17,180
17,151
17,148
17,147
17,145
17,43
17,140
17,110
17,134
17,133
17,132
17,63
17,121
17,107
17,34
17,95
17,86
17,84
17,165
17,76
17,99
17,58
17,159
17,62
17,168
17,146
17,49
17,153
17,56
17,52
17,46
17,42
17,96
17,38
17,29
17,122
17,25
17,119
17,22
17,20
17,118
17,190
17,189
17,182
17,30
18,2676
18,2430
18,1891
18,1179
18,2349
18,2077
18,2036
18,1886
18,2217
18,2027
18,1143
18,1320
18,2629
18,861
18,2680
18,1661
18,2681
18,2017
18,1749
18,850
18,1917
18,2553
18,2522
18,1164
18,2037
18,803
18,895
18,1300
18,1591
18,2024
18,2008
18,2000
18,1834
18,1341
18,1369
18,2254
18,2535
18,983
18,1644
18,965
19,116
19,81
19,43
19,123
19,128
19,173
19,192
19,156
19,165
19,100
19,174
19,127
19,99
19,137
19,51
19,91
19,186
19,185
19,177
19,79
19,176
19,171
19,162
19,151
19,143
19,131
19,117
19,20
19,113
19,194
19,97
19,92
19,37
19,134
19,87
19,86
19,179
19,82
19,25
19,172
19,109
19,62
19,158
19,107
19,60
19,146
19,83
19,36
19,27
19,119
19,47
19,138
19,161
19,64
20,40
20,65
20,43
20,123
20,157
20,136
20,156
20,78
20,101
20,80
20,158
20,144
20,117
20,118
20,142
20,96
20,127
20,168
20,91
20,185
20,184
20,183
20,68
20,155
20,109
20,51
20,148
20,187
20,179
20,82
20,181
20,84
20,83
20,176
20,76
20,113
20,66
20,56
20,69
20,22
20,99
20,196
20,190
20,64
20,138
20,46
20,57
20,108
20,31
20,145
20,28
20,199
20,122
20,25
20,195
21,65
21,193
21,43
21,168
21,180
21,78
21,154
21,45
21,197
21,122
21,40
21,137
21,191
21,186
21,155
21,153
21,151
21,47
21,23
21,107
21,98
21,174
21,74
21,35
21,132
21,135
21,38
21,69
21,22
21,99
21,196
21,93
21,190
21,189
21,103
21,62
21,138
21,70
21,147
21,124
21,30
21,127
21,178
22,115
22,126
22,123
22,77
22,75
22,192
22,168
22,144
22,23
22,127
22,49
22,94
22,51
22,129
22,194
22,187
22,186
22,175
22,170
22,166
22,162
22,63
22,133
22,145
22,98
22,87
22,82
22,27
22,124
22,165
22,68
22,159
22,62
22,140
22,143
22,46
22,171
22,74
22,167
22,70
22,44
22,66
22,117
22,149
22,102
22,104
22,198
22,84
22,178
22,110
22,119
22,169
22,72
22,25
22,99
23,65
23,193
23,43
23,199
23,136
23,61
23,120
23,100
23,135
23,142
23,176
23,167
23,134
23,63
23,94
23,106
23,98
23,87
23,83
23,173
23,76
23,64
23,62
23,153
23,56
23,52
23,129
23,42
23,150
23,33
23,118
23,47
23,190
23,189
23,81
23,178
23,198
23,103
23,152
24,116
24,40
24,115
24,126
24,188
24,157
24,177
24,175
24,171
24,161
24,147
24,125
24,37
24,101
24,114
24,51
24,199
24,102
24,127
24,95
24,184
24,87
24,183
24,86
24,82
24,167
24,70
24,69
24,99
24,159
24,62
24,54
24,144
24,47
24,156
24,135
24,38
24,133
24,36
24,150
24,32
24,31
24,109
24,85
24,182
24,41
24,138
24,152
24,136
24,39
25,40
25,43
25,77
25,53
25,173
25,75
25,156
25,180
25,78
25,45
25,127
25,63
25,58
25,49
25,188
25,91
25,34
25,129
25,193
25,96
25,90
25,187
25,181
25,80
25,177
25,171
25,65
25,162
25,152
25,145
25,139
25,110
25,97
25,191
25,86
25,125
25,198
25,154
25,57
25,147
25,138
25,44
25,169
25,29
25,46
25,116
25,163
25,99
25,114
25,159
25,179
25,82
25,199
25,153
26,40
26,115
26,43
26,188
26,156
26,165
26,101
26,135
26,144
26,142
26,112
26,184
26,177
26,167
26,67
26,161
26,151
26,149
26,98
26,195
26,148
26,111
26,94
26,191
26,97
26,74
26,166
26,69
26,86
26,183
26,39
26,89
26,66
26,152
26,108
26,34
26,175
26,153
26,56
26,103
26,133
26,124
26,95
26,72
26,58
26,155
27,55
27,188
27,77
27,53
27,157
27,180
27,120
27,154
27,80
27,142
27,41
27,58
27,94
27,34
27,137
27,51
27,82
27,187
27,140
27,139
27,134
27,133
27,105
27,104
27,101
27,89
27,72
27,64
27,153
27,56
27,144
27,47
27,29
27,32
27,85
27,182
27,73
27,97
27,50
27,63
27,116
27,62
27,196
28,188
28,157
28,48
28,136
28,156
28,101
28,80
28,160
28,49
28,108
28,37
28,195
28,194
28,170
28,65
28,162
28,161
28,125
28,121
28,117
28,105
28,183
28,86
28,82
28,119
28,169
28,72
28,135
28,38
28,33
28,43
28,140
28,46
28,138
28,66
28,149
28,139
28,95
28,189
29,65
29,43
29,77
29,111
29,120
29,45
29,135
29,85
29,41
29,63
29,58
29,34
29,37
29,137
29,51
29,194
29,191
29,186
29,184
29,177
29,78
29,175
29,70
29,167
29,159
29,59
29,149
29,113
29,101
29,183
29,86
29,164
29,165
29,68
29,60
29,42
29,33
29,130
29,36
29,82
29,35
29,195
29,98
29,197
29,50
29,171
29,103
29,95
29,189
29,196
29,166
29,72
29,122
30,116
30,126
30,188
30,136
30,120
30,61
30,158
30,196
30,191
30,90
30,187
30,177
30,175
30,164
30,159
30,153
30,146
30,141
30,134
30,119
30,113
30,40
30,137
30,148
30,51
30,109
30,106
30,104
30,34
30,194
30,97
30,92
30,87
30,83
30,70
30,69
30,66
30,59
30,151
30,54
30,197
30,140
30,38
30,132
30,35
30,33
30,107
30,199
30,103
30,73
30,101
31,188
31,199
31,136
31,174
31,160
31,193
31,96
31,122
31,37
31,51
31,75
31,172
31,69
31,166
31,162
31,153
31,146
31,48
31,145
31,133
31,124
31,168
31,121
31,111
31,105
31,34
31,131
31,178
31,84
31,70
31,138
31,60
31,151
31,101
31,198
31,140
31,143
31,46
31,66
31,73
31,95
31,189
32,126
32,188
32,75
32,192
32,101
32,100
32,160
32,118
32,63
32,197
32,167
32,164
32,151
32,134
32,131
32,162
32,107
32,199
32,58
32,152
32,105
32,52
32,74
32,108
32,82
32,59
32,43
32,184
32,102
32,33
32,144
32,50
32,46
33,40
33,115
33,55
33,43
33,123
33,188
33,77
33,179
33,168
33,78
33,144
33,117
33,118
33,142
33,51
33,183
33,75
33,172
33,170
33,166
33,162
33,155
33,153
33,145
33,131
33,121
33,196
33,95
33,139
33,92
33,186
33,89
33,161
33,44
33,37
33,134
33,87
33,130
33,133
33,36
33,57
33,70
33,190
33,93
33,143
33,50
33,147
33,135
33,38
33,100
33,136
33,39
33,102
33,194
34,116
34,193
34,157
34,136
34,168
34,120
34,101
34,85
34,144
34,117
34,118
34,45
34,142
34,99
34,90
34,187
34,184
34,181
34,172
34,166
34,146
34,131
34,37
34,121
34,119
34,113
34,137
34,98
34,95
34,191
34,89
34,78
34,175
34,70
34,67
34,164
34,52
34,129
34,44
34,140
34,35
34,128
34,123
34,122
34,189
34,178
34,103
34,112
35,115
35,81
35,43
35,157
35,111
35,61
35,168
35,165
35,77
35,174
35,118
35,41
35,112
35,196
35,94
35,185
35,87
35,184
35,183
35,133
35,130
35,75
35,172
35,74
35,171
35,92
35,189
35,95
35,72
35,134
35,64
35,62
35,45
35,46
35,154
35,57
35,198
35,145
35,108
35,155
35,148
35,70
36,65
36,193
36,123
36,199
36,53
36,128
36,173
36,168
36,165
36,120
36,45
36,49
36,94
36,171
36,164
36,161
36,152
36,149
36,139
36,125
36,107
36,101
36,198
36,134
36,87
36,82
36,72
36,66
36,156
36,59
36,145
36,98
36,95
36,47
36,44
36,57
36,84
36,56
36,147
36,88
36,109
37,81
37,71
37,53
37,111
37,90
37,61
37,180
37,78
37,165
37,120
37,100
37,142
37,127
37,49
37,67
37,122
37,196
37,185
37,177
37,159
37,153
37,140
37,134
37,133
37,132
37,131
37,124
37,121
37,114
37,109
37,192
37,95
37,89
37,87
37,86
37,174
37,173
37,76
37,171
37,74
37,169
37,72
37,167
37,70
37,66
37,57
37,149
37,52
37,46
37,137
37,38
37,128
37,110
37,107
37,105
37,195
37,194
37,97
37,198
37,189
37,103
37,50
37,112
38,65
38,55
38,71
38,128
38,61
38,180
38,165
38,120
38,117
38,45
38,142
38,96
38,129
38,185
38,183
38,175
38,161
38,63
38,155
38,143
38,139
38,132
38,130
38,106
38,102
38,187
38,76
38,72
38,114
38,67
38,164
38,109
38,62
38,151
38,54
38,57
38,60
38,134
38,138
38,44
38,147
38,50
38,51
38,148
38,75
38,172
38,40
38,137
38,93
38,95
38,56
39,65
39,126
39,188
39,199
39,157
39,128
39,79
39,168
39,156
39,174
39,99
39,137
39,149
39,83
39,133
39,121
39,114
39,109
39,195
39,198
39,88
39,58
39,155
39,144
39,47
39,140
39,46
39,153
39,106
39,177
39,103
39,190
39,95
39,51
40,176
40,158
40,171
40,167
40,162
40,180
40,152
40,148
40,147
40,141
40,140
40,131
40,108
40,119
40,121
40,106
40,71
40,91
40,92
40,104
40,88
40,80
40,82
40,90
40,165
40,95
40,192
40,62
40,59
40,52
40,129
40,100
40,197
40,47
40,130
40,109
40,142
40,97
40,118
40,182
40,126
40,103
40,111
41,115
41,81
41,53
41,174
41,158
41,160
41,196
41,187
41,183
41,177
41,176
41,148
41,145
41,122
41,140
41,134
41,119
41,127
41,181
41,84
41,179
41,82
41,74
41,166
41,69
41,68
41,58
41,159
41,62
41,60
41,54
41,100
41,197
41,46
41,193
41,96
41,113
41,106
41,98
41,163
41,198
41,93
41,50
42,116
42,157
42,61
42,165
42,144
42,142
42,127
42,58
42,91
42,122
42,110
42,51
42,129
42,168
42,96
42,186
42,185
42,184
42,177
42,151
42,147
42,146
42,134
42,131
42,113
42,132
42,182
42,130
42,83
42,82
42,125
42,72
42,64
42,159
42,62
42,106
42,156
42,59
42,138
42,44
42,199
42,52
42,126
42,143
42,46
42,194
42,152
42,57
42,145
42,98
43,193
43,187
43,181
43,158
43,171
43,164
43,144
43,180
43,55
43,152
43,139
43,131
43,121
43,119
43,137
43,51
43,102
43,183
43,86
43,48
43,169
43,72
43,68
43,65
43,162
43,62
43,60
43,153
43,56
43,54
43,46
43,44
43,59
43,156
43,126
43,114
43,116
43,113
43,197
43,195
43,178
44,116
44,65
44,126
44,199
44,53
44,111
44,90
44,48
44,136
44,101
44,45
44,77
44,174
44,160
44,96
44,108
44,112
44,129
44,195
44,184
44,175
44,167
44,166
44,159
44,153
44,148
44,143
44,125
44,109
44,133
44,183
44,86
44,179
44,82
44,173
44,76
44,165
44,68
44,113
44,66
44,107
44,157
44,60
44,57
44,52
44,178
44,140
44,93
44,119
44,139
44,106
44,59
45,65
45,188
45,136
45,156
45,154
45,67
45,176
45,166
45,161
45,153
45,55
45,152
45,145
45,139
45,187
45,130
45,125
45,124
45,94
45,107
45,102
45,88
45,180
45,83
45,70
45,155
45,58
45,60
45,52
45,129
45,140
45,133
45,142
45,196
45,118
45,92
45,189
45,163
46,193
46,115
46,71
46,61
46,154
46,118
46,127
46,63
46,94
46,99
46,53
46,150
46,177
46,164
46,162
46,155
46,148
46,147
46,146
46,199
46,102
46,97
46,171
46,74
46,70
46,60
46,59
46,149
46,52
46,89
46,139
46,88
46,136
46,82
46,72
46,84
46,178
46,119
46,108
46,125
46,161
46,64
46,100
46,197
46,153
46,56
46,73
46,98
47,55
47,71
47,53
47,157
47,128
47,165
47,101
47,80
47,142
47,58
47,197
47,108
47,91
47,184
47,172
47,147
47,139
47,98
47,95
47,191
47,186
47,89
47,82
47,121
47,74
47,64
47,190
47,73
47,130
47,57
47,63
47,113
47,66
47,88
47,182
47,72
48,65
48,115
48,81
48,53
48,173
48,90
48,194
48,181
48,176
48,75
48,172
48,167
48,164
48,155
48,145
48,134
48,94
48,91
48,78
48,186
48,89
48,88
48,86
48,165
48,74
48,72
48,64
48,60
48,57
48,156
48,125
48,121
48,113
48,85
48,142
48,197
48,99
48,196
48,163
48,152
48,93
48,101
49,193
49,55
49,123
49,53
49,128
49,179
49,136
49,180
49,158
49,181
49,176
49,166
49,65
49,162
49,147
49,145
49,132
49,131
49,168
49,124
49,121
49,51
49,106
49,91
49,76
49,156
49,59
49,155
49,153
49,56
49,133
49,197
49,198
49,138
49,73
50,116
50,193
50,115
50,173
50,79
50,158
50,118
50,194
50,185
50,86
50,183
50,172
50,166
50,65
50,162
50,147
50,134
50,159
50,191
50,189
50,92
50,169
50,167
50,70
50,155
50,148
50,54
50,95
50,138
50,66
50,127
50,126
50,132
50,135
50,73
50,121
50,178
50,57
51,65
51,71
51,53
51,157
51,90
51,180
51,154
51,142
51,127
51,160
51,63
51,58
51,137
51,193
51,96
51,191
51,80
51,177
51,176
51,172
51,171
51,167
51,55
51,152
51,147
51,146
51,141
51,140
51,132
51,131
51,121
51,109
51,95
51,89
51,88
51,72
51,64
51,62
51,156
51,59
51,135
51,130
51,124
51,119
51,116
51,85
51,182
51,93
51,73
51,136
52,81
52,71
52,188
52,53
52,173
52,192
52,156
52,154
52,135
52,195
52,181
52,177
52,169
52,166
52,164
52,155
52,145
52,132
52,130
52,120
52,119
52,114
52,191
52,187
52,82
52,74
52,70
52,66
52,60
52,151
52,104
52,101
52,198
52,143
52,112
52,89
52,87
52,105
52,175
52,129
52,161
52,64
52,88
52,182
52,102
52,99
53,115
53,55
53,126
53,123
53,174
53,185
53,183
53,181
53,176
53,75
53,172
53,170
53,173
53,167
53,67
53,164
53,159
53,180
53,140
53,61
53,131
53,137
53,191
53,94
53,199
53,102
53,97
53,95
53,91
53,82
53,56
53,157
53,149
53,144
53,143
53,141
53,156
53,133
53,196
53,85
53,98
53,190
53,101
53,112
54,65
54,157
54,179
54,180
54,78
54,165
54,144
54,142
54,96
54,150
54,112
54,110
54,191
54,177
54,166
54,159
54,130
54,172
54,125
54,169
54,121
54,145
54,98
54,138
54,91
54,173
54,76
54,164
54,70
54,113
54,163
54,66
54,134
54,87
54,64
54,56
54,104
54,101
54,198
54,95
54,194
54,97
54,73
54,146
54,181
54,84
54,92
55,115
55,81
55,191
55,67
55,177
55,175
55,111
55,171
55,169
55,166
55,180
55,145
55,141
55,133
55,136
55,125
55,121
55,101
55,119
55,179
55,114
55,106
55,104
55,102
55,71
55,92
55,89
55,87
55,84
55,77
55,167
55,70
55,68
55,62
55,146
55,194
55,117
55,113
55,99
55,196
55,118
55,126
55,103
56,116
56,126
56,168
56,158
56,118
56,112
56,194
56,174
56,164
56,159
56,125
56,105
56,199
56,102
56,145
56,98
56,86
56,171
56,170
56,76
56,165
56,68
56,64
56,107
56,60
56,147
56,197
56,150
56,134
56,87
56,59
56,80
56,177
56,135
56,69
56,113
56,66
56,117
56,190
57,116
57,81
57,188
57,199
57,179
57,136
57,101
57,158
57,58
57,94
57,112
57,110
57,195
57,185
57,183
57,80
57,177
57,65
57,162
57,161
57,153
57,148
57,145
57,140
57,134
57,92
57,79
57,176
57,125
57,72
57,103
57,73
57,147
57,117
57,135
57,182
57,60
57,83
58,65
58,115
58,71
58,157
58,128
58,173
58,111
58,61
58,156
58,78
58,85
58,160
58,142
58,186
58,181
58,80
58,177
58,169
58,167
58,166
58,159
58,155
58,152
58,151
58,146
58,143
58,134
58,133
58,131
58,125
58,114
58,94
58,105
58,104
58,192
58,95
58,88
58,86
58,74
58,99
58,154
58,150
58,107
59,116
59,156
59,120
59,135
59,77
59,174
59,61
59,158
59,197
59,94
59,91
59,196
59,172
59,166
59,162
59,155
59,151
59,148
59,147
59,119
59,106
59,104
59,199
59,102
59,97
59,95
59,92
59,187
59,87
59,86
59,129
59,82
59,168
59,161
59,64
59,109
59,159
59,62
59,103
59,153
59,150
59,146
59,139
59,125
59,143
59,70
59,60
59,83
60,123
60,157
60,173
60,179
60,75
60,90
60,71
60,168
60,120
60,85
60,174
60,96
60,94
60,188
60,91
60,112
60,185
60,166
60,155
60,124
60,107
60,86
60,178
60,169
60,72
60,114
60,73
60,198
60,92
60,132
60,125
60,126
60,163
60,66
60,184
60,87
60,111
60,195
61,116
61,126
61,128
61,179
61,136
61,187
61,170
61,67
61,164
61,100
61,153
61,122
61,141
61,140
61,101
61,114
61,191
61,94
61,91
61,175
61,78
61,87
61,181
61,84
61,165
61,171
61,74
61,169
61,72
61,161
61,64
61,117
61,196
61,111
61,85
61,178
61,138
61,103
61,120
61,112
62,71
62,77
62,90
62,78
62,165
62,96
62,160
62,63
62,108
62,91
62,110
62,196
62,184
62,183
62,177
62,170
62,159
62,149
62,133
62,120
62,107
62,105
62,76
62,72
62,140
62,93
62,156
62,82
62,141
62,194
62,182
62,65
62,162
62,64
62,95
62,189
62,145
62,195
62,98
62,135
62,69
63,116
63,65
63,188
63,157
63,128
63,173
63,75
63,180
63,165
63,154
63,127
63,194
63,191
63,181
63,79
63,176
63,171
63,161
63,152
63,151
63,149
63,146
63,139
63,134
63,130
63,120
63,113
63,148
63,98
63,87
63,86
63,169
63,72
63,70
63,196
63,99
63,158
63,122
63,104
63,199
63,92
63,189
63,138
63,103
64,81
64,192
64,136
64,101
64,142
64,96
64,112
64,137
64,110
64,91
64,184
64,170
64,166
64,67
64,164
64,145
64,144
64,149
64,102
64,88
64,86
64,130
64,180
64,83
64,80
64,177
64,72
64,162
64,68
64,159
64,103
64,191
64,74
64,161
64,114
64,113
64,99
64,196
64,190
65,116
65,184
65,181
65,158
65,170
65,173
65,161
65,180
65,139
65,130
65,108
65,179
65,137
65,94
65,71
65,97
65,127
65,186
65,89
65,86
65,77
65,99
65,66
65,155
65,154
65,141
65,135
65,125
65,122
65,85
65,193
65,118
65,178
65,126
65,142
65,112
66,193
66,81
66,71
66,179
66,156
66,165
66,154
66,80
66,174
66,158
66,160
66,142
66,108
66,112
66,137
66,110
66,67
66,164
66,161
66,159
66,152
66,131
66,124
66,119
66,113
66,106
66,186
66,89
66,88
66,87
66,107
66,105
66,83
66,133
66,151
66,175
66,170
66,73
66,69
66,111
66,101
66,125
66,153
66,144
67,173
67,75
67,156
67,180
67,120
67,85
67,174
67,158
67,144
67,197
67,186
67,185
67,162
67,149
67,147
67,141
67,110
67,124
67,134
67,137
67,195
67,98
67,97
67,95
67,94
67,191
67,87
67,179
67,82
67,70
67,129
67,135
67,150
67,123
67,108
67,190
67,92
67,189
67,152
68,116
68,81
68,123
68,188
68,199
68,120
68,135
68,160
68,99
68,185
68,167
68,159
68,151
68,148
68,139
68,133
68,125
68,109
68,197
68,189
68,92
68,87
68,86
68,83
68,171
68,74
68,103
68,146
68,85
68,182
68,76
68,69
68,155
68,114
68,131
68,84
68,98
69,188
69,75
69,192
69,90
69,71
69,168
69,156
69,154
69,135
69,142
69,96
69,108
69,129
69,186
69,184
69,183
69,181
69,171
69,161
69,155
69,139
69,134
69,132
69,191
69,180
69,83
69,82
69,174
69,72
69,93
69,190
69,178
69,70
69,140
69,112
69,88
69,85
69,182
69,150
69,194
69,97
69,123
69,73
69,145
70,199
70,168
70,154
70,80
70,160
70,91
70,150
70,110
70,129
70,191
70,78
70,175
70,171
70,139
70,113
70,104
70,89
70,181
70,84
70,83
70,106
70,156
70,98
70,97
70,163
70,146
70,196
70,76
70,85
70,182
70,189
71,164
71,100
71,153
71,147
71,146
71,110
71,79
71,114
71,109
71,154
71,127
71,92
71,175
71,78
71,87
71,80
71,76
71,192
71,74
71,155
71,168
71,144
71,117
71,199
71,160
71,99
71,111
71,178
71,138
71,152
71,73
72,115
72,188
72,77
72,173
72,90
72,156
72,165
72,158
72,99
72,186
72,175
72,169
72,164
72,152
72,149
72,148
72,147
72,124
72,119
72,114
72,105
72,98
72,86
72,96
72,93
72,190
72,79
72,176
72,159
72,104
72,189
72,166
72,180
72,83
72,73
72,199
72,102
72,121
72,172
72,191
73,193
73,81
73,123
73,111
73,90
73,168
73,156
73,180
73,165
73,160
73,117
73,108
73,122
73,112
73,110
73,196
73,191
73,185
73,183
73,181
73,177
73,132
73,167
73,164
73,162
73,106
73,105
73,147
73,176
73,179
73,82
73,119
73,146
73,92
73,124
73,194
73,103
74,188
74,157
74,173
74,192
74,90
74,180
74,85
74,77
74,174
74,100
74,197
74,122
74,196
74,181
74,175
74,169
74,167
74,166
74,164
74,148
74,147
74,146
74,125
74,124
74,107
74,105
74,104
74,98
74,189
74,92
74,88
74,86
74,81
74,178
74,140
74,165
74,118
74,102
74,143
74,106
75,115
75,179
75,187
75,185
75,184
75,158
75,172
75,170
75,144
75,155
75,100
75,151
75,148
75,147
75,146
75,141
75,140
75,136
75,137
75,105
75,98
75,177
75,80
75,84
75,145
75,165
75,76
75,157
75,129
75,119
75,117
75,196
75,109
75,106
75,118
75,152
75,103
75,190
75,93
76,136
76,156
76,154
76,100
76,172
76,169
76,153
76,146
76,119
76,92
76,135
76,88
76,129
76,176
76,82
76,117
76,120
76,196
76,148
76,91
76,181
76,85
76,124
76,96
76,143
77,116
77,188
77,187
77,183
77,158
77,120
77,155
77,122
77,141
77,131
77,172
77,125
77,124
77,161
77,114
77,113
77,105
77,199
77,102
77,128
77,95
77,181
77,87
77,83
77,135
77,99
77,159
77,156
77,150
77,126
77,121
77,85
77,198
78,116
78,115
78,111
78,179
78,90
78,79
78,156
78,195
78,174
78,183
78,164
78,161
78,144
78,140
78,110
78,133
78,132
78,168
78,124
78,108
78,134
78,121
78,107
78,106
78,131
78,88
78,87
78,180
78,83
78,159
78,197
78,188
78,91
78,130
78,126
78,85
78,99
78,103
78,112
79,188
79,157
79,90
79,195
79,185
79,183
79,171
79,170
79,167
79,166
79,120
79,161
79,149
79,148
79,141
79,131
79,114
79,113
79,94
79,105
79,102
79,95
79,175
79,89
79,165
79,154
79,129
79,196
79,85
79,100
79,178
79,138
79,103
79,147
80,115
80,126
80,123
80,128
80,179
80,168
80,85
80,191
80,90
80,187
80,166
80,159
80,152
80,151
80,146
80,140
80,108
80,102
80,127
80,92
80,186
80,89
80,185
80,88
80,86
80,181
80,84
80,91
80,125
80,122
80,142
80,196
80,81
80,178
80,112
81,187
81,181
81,176
81,175
81,166
81,164
81,144
81,100
81,148
81,146
81,139
81,136
81,108
81,134
81,121
81,114
81,94
81,98
81,92
81,180
81,83
81,82
81,95
81,192
81,171
81,168
81,157
81,123
81,156
81,102
81,199
81,85
81,109
81,142
81,111
81,163
81,103
81,170
81,120
82,99
82,185
82,184
82,183
82,164
82,153
82,151
82,147
82,134
82,132
82,181
82,84
82,190
82,175
82,155
82,98
82,148
82,138
82,172
82,125
82,113
82,109
82,140
82,127
82,104
82,119
82,191
83,193
83,126
83,188
83,199
83,179
83,127
83,112
83,137
83,110
83,129
83,186
83,183
83,175
83,172
83,159
83,147
83,146
83,143
83,105
83,101
83,198
83,97
83,95
83,187
83,88
83,131
83,181
83,84
83,138
83,140
83,93
83,114
83,154
83,165
83,139
83,136
83,166
84,116
84,199
84,192
84,136
84,101
84,154
84,144
84,99
84,196
84,194
84,185
84,170
84,112
84,159
84,151
84,180
84,133
84,132
84,131
84,121
84,98
84,87
84,184
84,189
84,169
84,162
84,165
84,130
84,125
85,116
85,199
85,128
85,111
85,156
85,100
85,187
85,158
85,172
85,164
85,149
85,133
85,130
85,108
85,121
85,114
85,113
85,94
85,105
85,131
85,127
85,104
85,89
85,87
85,86
85,166
85,162
85,155
85,145
85,137
85,96
85,91
85,142
85,99
85,190
85,138
85,101
86,199
86,128
86,111
86,179
86,180
86,174
86,118
86,112
86,129
86,168
86,172
86,166
86,132
86,131
86,130
86,109
86,92
86,89
86,184
86,87
86,190
86,110
86,147
86,123
86,126
86,161
86,156
86,145
87,193
87,123
87,144
87,142
87,194
87,170
87,166
87,147
87,102
87,197
87,95
87,138
87,196
87,133
87,103
87,116
87,124
87,105
87,190
88,116
88,128
88,179
88,154
88,100
88,135
88,117
88,142
88,108
88,122
88,183
88,177
88,167
88,161
88,109
88,104
88,148
88,195
88,98
88,97
88,131
88,178
88,130
88,133
88,121
88,163
88,146
88,138
88,141
88,140
88,93
88,95
88,189
89,115
89,173
89,90
89,136
89,156
89,165
89,174
89,142
89,197
89,191
89,181
89,177
89,170
89,159
89,153
89,151
89,146
89,130
89,125
89,114
89,92
89,131
89,178
89,163
89,138
89,103
89,133
89,113
89,145
89,121
89,95
89,143
89,167
89,141
89,194
89,140
89,93
90,115
90,126
90,188
90,173
90,174
90,184
90,181
90,164
90,180
90,143
90,133
90,132
90,130
90,136
90,125
90,101
90,148
90,94
90,98
90,192
90,95
90,92
90,145
90,165
90,171
90,168
90,157
90,100
90,197
90,97
90,190
91,128
91,192
91,136
91,180
91,165
91,120
91,101
91,135
91,108
91,94
91,186
91,171
91,153
91,148
91,110
91,134
91,130
91,125
91,124
91,119
91,114
91,113
91,109
91,105
91,97
91,167
91,157
91,151
91,139
91,150
91,122
91,189
91,182
91,178
92,126
92,136
92,135
92,127
92,94
92,129
92,196
92,167
92,164
92,162
92,161
92,155
92,143
92,131
92,178
92,186
92,133
92,132
92,104
92,97
92,197
92,95
92,189
92,139
92,142
92,154
92,134
92,148
93,128
93,101
93,118
93,108
93,184
93,151
93,143
93,140
93,123
93,170
93,107
93,166
93,161
93,114
93,173
93,131
93,156
93,193
93,197
93,150
93,103
93,163
94,116
94,128
94,117
94,142
94,108
94,96
94,191
94,184
94,171
94,170
94,169
94,164
94,161
94,155
94,147
94,141
94,110
94,134
94,114
94,113
94,107
94,104
94,98
94,192
94,95
94,188
94,196
94,99
94,150
94,124
94,119
94,105
94,189
94,163
94,138
94,103
94,152
94,112
95,173
95,192
95,120
95,101
95,117
95,96
95,112
95,137
95,168
95,194
95,171
95,104
95,102
95,147
95,100
95,197
95,176
95,174
95,109
95,142
95,106
95,133
95,152
95,128
95,126
95,144
95,195
96,193
96,123
96,188
96,111
96,174
96,195
96,185
96,164
96,146
96,145
96,133
96,124
96,108
96,121
96,113
96,109
96,194
96,97
96,192
96,187
96,173
96,129
96,197
96,137
96,128
96,114
96,104
96,199
96,102
96,189
96,163
96,198
97,199
97,157
97,173
97,192
97,168
97,165
97,120
97,160
97,99
97,137
97,110
97,129
97,181
97,177
97,170
97,132
97,131
97,109
97,107
97,104
97,146
97,175
97,106
97,156
97,140
97,143
97,121
97,124
97,123
97,151
97,149
97,113
97,116
97,189
97,142
97,195
98,116
98,188
98,199
98,168
98,156
98,142
98,100
98,197
98,122
98,129
98,184
98,176
98,166
98,155
98,134
98,114
98,185
98,178
98,181
98,179
98,171
98,119
98,159
98,103
98,153
98,190
98,105
98,124
98,191
98,144
98,195
98,108
98,143
99,188
99,173
99,120
99,154
99,135
99,127
99,160
99,196
99,191
99,172
99,171
99,110
99,133
99,130
99,121
99,109
99,102
99,194
99,181
99,169
99,165
99,150
99,119
99,117
99,107
99,190
99,163
100,193
100,188
100,168
100,159
100,151
100,147
100,146
100,122
100,139
100,110
100,132
100,131
100,125
100,108
100,137
100,192
100,135
100,158
100,150
100,130
100,116
100,197
100,101
101,116
101,115
101,111
101,179
101,136
101,156
101,165
101,174
101,186
101,185
101,177
101,176
101,158
101,166
101,164
101,162
101,155
101,122
101,130
101,114
101,137
101,109
101,105
101,181
101,102
101,154
101,149
101,197
101,145
101,144
101,133
101,129
101,125
101,121
101,142
101,178
101,112
102,116
102,188
102,157
102,128
102,173
102,154
102,118
102,127
102,150
102,181
102,151
102,141
102,140
102,178
102,121
102,169
102,164
102,149
102,177
102,130
102,105
102,109
102,156
103,193
103,157
103,128
103,180
103,135
103,144
103,120
103,122
103,183
103,181
103,176
103,172
103,169
103,148
103,132
103,119
103,113
103,109
103,178
103,138
103,145
103,167
103,106
103,151
103,136
103,137
103,111
103,124
104,115
104,180
104,165
104,120
104,174
104,158
104,118
104,193
104,129
104,186
104,172
104,159
104,124
104,107
104,198
104,131
104,178
104,185
104,171
104,119
104,152
104,149
104,137
104,167
105,193
105,123
105,173
105,179
105,192
105,136
105,120
105,158
105,160
105,122
105,186
105,185
105,181
105,167
105,161
105,140
105,133
105,124
105,106
105,145
105,134
105,184
105,132
105,130
105,177
105,109
105,155
105,176
105,128
105,107
105,146
106,116
106,180
106,165
106,174
106,117
106,120
106,127
106,108
106,196
106,184
106,181
106,177
106,162
106,151
106,172
106,125
106,190
106,178
106,163
106,152
106,147
106,156
106,138
106,133
106,192
106,135
107,126
107,123
107,188
107,173
107,111
107,179
107,156
107,165
107,120
107,135
107,144
107,117
107,110
107,196
107,185
107,170
107,161
107,155
107,152
107,148
107,145
107,143
107,129
107,182
107,116
107,163
107,177
107,109
107,159
107,157
107,147
107,150
107,127
107,114
107,194
108,115
108,179
108,168
108,180
108,135
108,160
108,193
108,167
108,152
108,146
108,145
108,110
108,133
108,131
108,185
108,174
108,172
108,166
108,159
108,196
108,138
108,127
109,115
109,173
109,168
109,180
109,174
109,144
109,118
109,142
109,129
109,184
109,169
109,167
109,164
109,147
109,134
109,124
109,163
109,125
109,155
109,132
109,130
109,149
109,199
109,190
110,115
110,157
110,128
110,179
110,156
110,120
110,160
110,117
110,118
110,150
110,181
110,177
110,171
110,169
110,164
110,153
110,149
110,147
110,143
110,140
110,134
110,125
110,113
110,197
110,183
110,175
110,167
110,151
110,129
110,119
110,178
111,116
111,115
111,173
111,174
111,191
111,185
111,167
111,166
111,152
111,146
111,140
111,130
111,154
111,183
111,155
111,168
111,132
111,196
111,142
111,118
111,198
112,193
112,136
112,120
112,144
112,117
112,127
112,194
112,187
112,171
112,169
112,164
112,159
112,145
112,139
112,134
112,131
112,192
112,129
112,123
112,196
112,195
113,136
113,156
113,180
113,165
113,118
113,142
113,193
113,188
113,195
113,181
113,171
113,169
113,166
113,164
113,149
113,147
113,140
113,139
113,134
113,131
113,127
113,125
113,119
113,194
113,132
113,179
113,176
113,153
113,138
113,141
113,161
113,167
114,123
114,173
114,192
114,185
114,184
114,181
114,171
114,170
114,161
114,147
114,125
114,164
114,187
114,136
114,124
114,174
114,166
114,165
114,132
114,196
114,180
114,157
114,155
115,193
115,158
115,162
115,128
115,159
115,144
115,180
115,151
115,148
115,146
115,141
115,136
115,125
115,179
115,121
115,154
115,177
115,168
115,197
115,132
115,119
115,199
115,152
115,189
115,126
115,147
116,187
116,186
116,176
116,171
116,167
116,155
116,151
116,149
116,146
116,145
116,134
116,130
116,174
116,153
116,141
116,156
116,199
116,197
116,190
116,147
117,188
117,157
117,156
117,144
117,160
117,195
117,184
117,169
117,162
117,155
117,151
117,141
117,133
117,132
117,137
117,191
117,131
117,153
117,129
117,140
117,150
117,130
117,125
117,119
117,187
117,163
117,170
118,193
118,191
118,152
118,146
118,133
118,168
118,197
118,143
118,130
118,196
118,138
118,147
118,120
119,120
119,135
119,127
119,197
119,122
119,187
119,185
119,184
119,183
119,172
119,171
119,166
119,155
119,146
119,134
119,133
119,130
119,121
119,198
119,131
119,145
119,141
119,194
119,140
119,156
119,138
119,177
120,168
120,174
120,170
120,161
120,144
120,155
120,152
120,146
120,122
120,143
120,139
120,125
120,162
120,157
120,156
120,149
120,135
120,133
120,126
120,196
120,163
121,126
121,188
121,157
121,173
121,179
121,192
121,156
121,165
121,154
121,174
121,197
121,122
121,195
121,191
121,184
121,183
121,175
121,170
121,167
121,161
121,151
121,163
121,155
121,178
121,169
121,147
121,189
121,141
121,142
121,134
121,137
121,127
122,199
122,135
122,158
122,150
122,187
122,186
122,183
122,181
122,177
122,175
122,164
122,161
122,153
122,151
122,133
122,132
122,125
122,197
122,129
122,138
123,126
123,188
123,187
123,186
123,181
123,171
123,164
123,162
123,161
123,144
123,152
123,151
123,148
123,124
123,137
123,154
123,131
123,135
123,146
123,197
123,150
123,196
123,142
123,195
124,126
124,160
124,142
124,197
124,196
124,193
124,186
124,183
124,177
124,172
124,167
124,155
124,151
124,147
124,143
124,131
124,141
124,184
124,168
124,125
125,135
125,158
125,195
125,194
125,185
125,184
125,166
125,162
125,152
125,147
125,132
125,190
125,178
125,171
125,164
125,138
125,141
125,186
125,196
125,151
126,191
126,172
126,167
126,159
126,146
126,131
126,154
126,150
126,182
127,157
127,128
127,192
127,156
127,154
127,158
127,186
127,184
127,172
127,169
127,166
127,153
127,151
127,149
127,130
127,160
127,176
127,129
127,143
127,196
127,182
127,178
128,194
128,181
128,173
128,148
128,147
128,141
128,158
128,162
128,146
128,129
128,144
128,193
128,188
128,142
128,196
128,198
129,192
129,136
129,174
129,158
129,144
129,197
129,137
129,196
129,184
129,175
129,164
129,159
129,140
129,134
129,133
129,132
129,130
129,195
129,166
129,156
129,139
129,163
130,193
130,192
130,136
130,174
130,184
130,172
130,140
130,178
130,148
130,190
130,146
130,186
130,132
130,176
131,188
131,179
131,158
131,144
131,150
131,172
131,170
131,169
131,167
131,145
131,165
131,186
131,147
132,173
132,136
132,168
132,180
132,165
132,154
132,174
132,142
132,137
132,196
132,191
132,186
132,177
132,175
132,171
132,161
132,152
132,190
132,189
132,133
132,183
132,166
132,182
132,170
132,194
133,156
133,154
133,144
133,150
133,137
133,172
133,171
133,161
133,153
133,147
133,197
133,178
133,158
133,163
133,136
133,165
133,174
133,149
133,152
133,199
134,193
134,199
134,156
134,180
134,197
134,187
134,181
134,170
134,167
134,164
134,162
134,161
134,146
134,145
134,154
134,149
135,179
135,192
135,136
135,194
135,191
135,183
135,155
135,145
135,188
135,175
135,173
135,158
135,149
135,197
135,199
135,190
135,178
135,198
135,152
136,199
136,157
136,191
136,177
136,166
136,159
136,144
136,139
136,158
136,186
136,180
136,161
136,146
136,197
136,143
136,141
136,178
136,163
136,138
136,198
137,188
137,199
137,179
137,165
137,142
137,193
137,197
137,150
137,187
137,184
137,172
137,169
137,166
137,151
137,149
137,146
137,148
137,180
137,161
137,158
137,195
137,198
137,182
138,193
138,199
138,173
138,156
138,197
138,176
138,155
138,140
138,198
138,153
138,180
138,145
138,169
138,172
139,199
139,157
139,173
139,168
139,158
139,197
139,194
139,191
139,187
139,184
139,152
139,149
139,176
139,174
139,165
139,151
139,198
139,153
139,180
139,190
139,169
140,173
140,156
140,174
140,158
140,184
140,183
140,181
140,177
140,175
140,170
140,155
140,153
140,143
140,141
140,186
140,179
140,178
140,172
140,162
140,151
140,150
140,149
140,161
141,188
141,157
141,179
141,156
141,180
141,160
141,183
141,170
141,162
141,148
141,169
141,166
141,186
141,182
141,161
141,164
141,158
141,177
141,152
141,198
141,196
141,145
142,193
142,165
142,196
142,177
142,176
142,170
142,167
142,164
142,149
142,147
142,143
142,148
142,155
142,158
142,151
142,197
142,190
143,165
143,154
143,197
143,187
143,184
143,164
143,149
143,182
143,145
143,199
143,170
143,173
143,171
143,163
143,191
144,168
144,154
144,183
144,170
144,169
144,162
144,153
144,149
144,146
144,192
144,187
144,190
144,178
145,156
145,180
145,158
145,191
145,185
145,181
145,172
145,170
145,164
145,161
145,146
145,177
145,148
146,188
146,179
146,193
146,161
146,155
146,198
146,182
146,172
146,162
146,165
146,177
146,189
147,157
147,191
147,187
147,186
147,176
147,166
147,162
147,155
147,151
147,163
147,183
147,152
147,156
147,180
147,169
147,198
147,154
148,192
148,168
148,186
148,183
148,162
148,153
148,149
148,178
148,163
148,198
148,189
148,165
148,179
148,154
149,157
149,173
149,179
149,165
149,154
149,158
149,150
149,186
149,171
149,168
149,164
149,162
149,199
149,166
149,167
149,153
150,157
150,165
150,186
150,177
150,172
150,170
150,159
150,188
150,167
150,151
150,199
151,193
151,154
151,160
151,188
151,191
151,185
151,183
151,177
151,175
151,155
151,152
151,171
151,194
151,162
151,172
152,157
152,173
152,174
152,160
152,197
152,168
152,170
152,161
152,153
152,198
152,155
152,183
152,167
153,192
153,165
153,158
153,177
153,195
153,187
153,162
153,176
153,179
153,185
153,172
153,167
153,170
154,192
154,191
154,184
154,158
154,169
154,164
154,174
154,173
154,167
154,155
154,160
154,189
154,198
155,193
155,196
155,194
155,183
155,163
155,189
155,162
155,197
155,165
156,192
156,191
156,185
156,176
156,162
156,180
156,165
156,173
156,167
156,166
156,160
156,195
156,198
157,186
157,184
157,175
157,161
157,159
157,194
157,165
157,192
157,171
157,188
157,160
157,195
157,198
158,188
158,179
158,192
158,165
158,194
158,191
158,184
158,175
158,164
158,177
158,172
158,162
158,189
158,182
158,178
158,163
159,193
159,173
159,160
159,197
159,196
159,185
159,184
159,176
159,161
159,181
159,180
159,169
159,191
159,165
160,188
160,179
160,168
160,180
160,181
160,177
160,171
160,197
160,196
160,190
160,170
161,199
161,173
161,180
161,195
161,191
161,187
161,177
161,170
161,198
162,188
162,174
162,186
162,185
162,183
162,176
162,166
162,164
162,163
162,189
162,187
162,198
162,197
162,195
163,193
163,197
163,191
163,184
163,181
163,169
163,189
163,178
163,194
163,182
163,171
164,180
164,194
164,191
164,185
164,181
164,175
164,166
164,178
164,177
164,169
164,196
165,199
165,173
165,168
165,191
165,177
165,194
165,186
165,171
165,196
166,193
166,188
166,192
166,168
166,170
166,176
166,169
166,196
167,173
167,194
167,187
167,184
167,183
167,169
167,198
167,185
167,171
168,199
168,179
168,191
168,187
168,181
168,180
168,195
168,197
168,182
169,180
169,195
169,187
169,196
169,171
170,179
170,187
170,186
170,184
170,176
170,195
171,179
171,183
171,198
171,189
171,192
171,181
172,186
172,182
172,183
172,197
172,198
172,175
173,174
173,184
173,175
173,187
173,193
173,178
174,199
174,194
174,191
174,187
174,185
174,184
174,181
174,186
175,191
175,177
175,176
176,193
176,180
176,187
176,186
176,189
176,199
177,180
177,185
177,186
177,194
178,188
178,194
178,189
178,186
178,199
178,181
179,193
179,188
179,187
179,184
179,185
179,183
179,197
179,189
179,182
180,192
180,184
180,194
180,190
181,192
181,184
181,189
181,195
181,194
181,186
181,182
181,196
181,197
182,199
182,185
182,198
182,183
182,188
183,199
183,187
183,185
183,197
183,191
184,188
184,192
184,197
184,198
184,195
184,190
184,199
185,188
185,187
185,189
186,192
186,188
186,195
186,190
186,196
187,196
187,190
188,191
188,196
189,199
189,193
189,191
190,193
191,197
191,194
193,194
193,195
194,199
194,197
195,196
196,198
196,199
196,197
197,199
200,317
200,392
200,354
200,310
200,245
200,332
200,366
200,307
200,236
200,281
200,358
200,243
200,327
200,321
200,335
200,238
200,367
200,365
200,318
200,316
200,216
200,214
200,311
200,304
200,398
200,204
200,299
200,292
200,212
200,356
200,303
200,256
200,349
200,255
200,336
200,239
200,260
200,357
200,344
200,247
200,383
200,240
200,283
200,375
200,372
200,253
200,276
200,328
200,231
200,249
200,300
201,289
201,374
201,317
201,345
201,259
201,278
201,310
201,296
201,328
201,397
201,381
201,380
201,379
201,367
201,395
201,334
201,351
201,350
201,252
201,349
201,331
201,306
201,304
201,303
201,389
201,292
201,295
201,279
201,271
201,246
201,242
201,235
201,366
201,327
201,230
201,326
201,229
201,301
201,398
201,204
201,299
201,202
201,388
201,333
201,382
201,377
201,361
201,353
201,352
201,325
201,324
201,314
201,319
201,322
202,392
202,378
202,264
202,301
202,263
202,233
202,363
202,261
202,342
202,269
202,366
202,355
202,289
202,386
202,293
202,236
202,397
202,300
202,290
202,215
202,238
202,287
202,380
202,350
202,344
202,234
202,331
202,226
202,323
202,305
202,294
202,262
202,242
202,365
202,318
202,271
202,224
202,223
202,206
202,299
202,346
202,205
202,288
202,382
202,313
202,216
202,377
202,225
202,214
202,278
202,375
202,265
202,218
202,240
202,207
202,349
202,255
202,374
202,277
202,227
202,324
202,291
203,345
203,264
203,281
203,321
203,387
203,379
203,285
203,367
203,293
203,349
203,339
203,315
203,311
203,309
203,303
203,295
203,391
203,294
203,236
203,385
203,288
203,332
203,274
203,371
203,271
203,266
203,265
203,253
203,250
203,239
203,366
203,230
203,229
203,296
203,301
203,398
203,204
203,377
203,255
203,352
203,324
203,298
203,217
203,314
203,245
203,342
203,287
203,272
203,254
203,228
203,225
203,220
203,267
204,369
204,392
204,384
204,274
204,310
204,279
204,395
204,333
204,378
204,281
204,368
204,227
204,389
204,268
204,365
204,248
204,231
204,326
204,309
204,340
204,390
204,383
204,286
204,219
204,316
204,349
204,352
204,255
204,250
204,242
204,253
204,394
204,206
204,385
204,288
204,285
204,382
204,323
204,370
204,294
204,220
204,314
204,264
204,361
204,337
204,362
204,329
204,372
204,353
204,307
204,210
205,369
205,289
205,345
205,278
205,296
205,233
205,322
205,279
205,366
205,261
205,358
205,302
205,378
205,281
205,321
205,389
205,379
205,365
205,221
205,318
205,214
205,311
205,309
205,306
205,239
205,336
205,283
205,270
205,223
205,347
205,394
205,206
205,346
205,287
205,337
205,256
205,304
205,210
205,372
205,325
205,331
205,334
205,237
205,305
205,355
205,258
205,255
205,352
205,349
205,324
205,381
205,343
206,378
206,354
206,213
206,263
206,313
206,221
206,376
206,293
206,300
206,290
206,241
206,327
206,238
206,388
206,365
206,351
206,349
206,343
206,339
206,305
206,207
206,304
206,391
206,294
206,256
206,250
206,235
206,368
206,271
206,224
206,357
206,212
206,394
206,229
206,370
206,283
206,377
206,286
206,383
206,364
206,220
206,314
206,214
206,308
206,375
206,396
206,225
206,399
206,226
206,239
206,362
206,265
206,218
206,315
207,345
207,284
207,278
207,213
207,296
207,322
207,279
207,267
207,364
207,391
207,373
207,290
207,281
207,211
207,238
207,253
207,350
207,239
207,336
207,214
207,311
207,243
207,340
207,382
207,262
207,371
207,374
207,277
207,230
207,321
207,224
207,320
207,223
207,349
207,396
207,283
207,377
207,263
207,360
207,357
207,209
207,306
207,353
207,240
207,352
207,394
207,297
207,220
207,273
207,370
207,232
207,347
207,351
207,210
207,372
207,325
207,226
208,317
208,345
208,396
208,384
208,264
208,333
208,300
208,397
208,251
208,348
208,399
208,211
208,312
208,215
208,259
208,356
208,385
208,243
208,351
208,336
208,246
208,261
208,358
208,214
208,311
208,346
208,249
208,293
208,390
208,231
208,360
208,237
208,377
208,283
208,281
208,375
208,230
208,226
208,323
208,276
208,326
208,232
208,265
208,218
208,271
208,224
209,259
209,354
209,310
209,296
209,267
209,233
209,322
209,334
209,391
209,397
209,302
209,387
209,290
209,348
209,241
209,388
209,285
209,372
209,349
209,343
209,335
209,331
209,326
209,306
209,303
209,376
209,273
209,262
209,327
209,230
209,309
209,212
209,342
209,314
209,211
209,308
209,395
209,384
209,287
209,283
209,276
209,254
209,244
209,232
210,369
210,374
210,251
210,392
210,384
210,278
210,269
210,342
210,330
210,285
210,300
210,243
210,327
210,234
210,389
210,274
210,371
210,347
210,356
210,309
210,286
210,379
210,368
210,271
210,265
210,257
210,280
210,377
210,333
210,246
210,270
210,223
210,361
210,319
210,222
210,360
210,306
210,256
210,353
210,352
210,258
210,244
210,373
210,276
210,273
210,370
210,326
210,232
210,398
210,226
210,240
210,396
210,299
210,302
210,237
211,374
211,392
211,354
211,387
211,313
211,233
211,298
211,319
211,301
211,398
211,320
211,334
211,236
211,261
211,358
211,348
211,302
211,397
211,300
211,281
211,215
211,270
211,321
211,324
211,227
211,389
211,388
211,372
211,351
211,347
211,344
211,288
211,385
211,338
211,331
211,350
211,303
211,266
211,316
211,343
211,249
211,280
211,377
211,283
211,286
211,383
211,335
211,265
211,357
211,255
211,232
211,311
211,214
211,299
211,287
211,240
212,374
212,284
212,264
212,278
212,354
212,263
212,328
212,320
212,275
212,302
212,290
212,252
212,243
212,215
212,230
212,327
212,335
212,238
212,379
212,339
212,234
212,225
212,326
212,268
212,273
212,250
212,219
212,235
212,255
212,353
212,371
212,373
212,276
212,254
212,350
212,303
212,214
212,283
212,343
212,390
212,271
212,244
212,388
212,294
213,374
213,317
213,259
213,278
213,310
213,358
213,399
213,302
213,300
213,215
213,376
213,327
213,270
213,393
213,293
213,243
213,340
213,389
213,315
213,398
213,309
213,306
213,305
213,392
213,295
213,236
213,275
213,373
213,262
213,313
213,255
213,350
213,253
213,250
213,344
213,247
213,239
213,332
213,235
213,366
213,229
213,311
213,214
213,303
213,267
213,396
213,299
213,383
213,377
213,263
213,360
213,395
213,298
213,308
213,291
213,272
213,244
214,369
214,264
214,278
214,354
214,260
214,221
214,332
214,269
214,285
214,397
214,252
214,241
214,321
214,227
214,380
214,268
214,365
214,323
214,304
214,303
214,381
214,372
214,266
214,265
214,345
214,248
214,339
214,242
214,239
214,377
214,222
214,240
214,337
214,282
214,329
214,287
214,255
214,253
214,277
214,230
214,249
214,299
214,341
214,244
214,223
214,294
215,345
215,301
215,310
215,263
215,328
215,233
215,298
215,261
215,376
215,245
215,342
215,366
215,236
215,275
215,397
215,281
215,252
215,338
215,241
215,259
215,356
215,230
215,327
215,321
215,238
215,389
215,341
215,388
215,359
215,339
215,385
215,326
215,350
215,303
215,256
215,237
215,282
215,223
215,290
215,337
215,336
215,383
215,357
215,384
215,287
215,362
215,304
215,271
215,343
215,396
216,369
216,374
216,317
216,345
216,264
216,354
216,263
216,328
216,363
216,261
216,364
216,236
216,333
216,302
216,270
216,365
216,243
216,340
216,326
216,322
216,225
216,316
216,309
216,304
216,371
216,265
216,350
216,353
216,256
216,342
216,242
216,233
216,330
216,352
216,255
216,385
216,288
216,382
216,306
216,325
216,230
216,324
216,308
216,329
216,283
216,249
216,390
216,298
216,395
216,373
216,276
216,337
216,338
216,388
216,291
216,250
217,369
217,392
217,345
217,278
217,301
217,296
217,328
217,245
217,355
217,358
217,372
217,274
217,371
217,365
217,359
217,350
217,349
217,344
217,343
217,338
217,326
217,318
217,315
217,309
217,306
217,294
217,292
217,288
217,266
217,256
217,347
217,250
217,239
217,316
217,219
217,394
217,280
217,377
217,360
217,325
217,222
217,319
217,373
217,276
217,225
217,300
218,374
218,354
218,310
218,267
218,332
218,342
218,386
218,236
218,290
218,378
218,281
218,243
218,356
218,389
218,225
218,304
218,301
218,398
218,295
218,382
218,278
218,375
218,309
218,262
218,343
218,246
218,284
218,381
218,334
218,237
218,327
218,230
218,224
218,220
218,223
218,308
218,238
218,335
218,288
218,311
218,240
218,287
218,323
218,370
218,232
218,299
218,258
218,390
218,346
219,374
219,396
219,384
219,264
219,319
219,334
219,236
219,285
219,348
219,302
219,252
219,356
219,321
219,385
219,284
219,381
219,335
219,229
219,326
219,225
219,294
219,318
219,271
219,268
219,266
219,256
219,293
219,390
219,249
219,336
219,339
219,242
219,290
219,246
219,320
219,223
219,250
219,269
219,366
219,278
219,375
219,273
219,323
219,276
219,230
219,262
219,377
219,314
220,317
220,392
220,345
220,259
220,328
220,245
220,261
220,355
220,289
220,386
220,333
220,399
220,302
220,290
220,252
220,241
220,389
220,277
220,340
220,339
220,335
220,238
220,379
220,234
220,326
220,311
220,393
220,299
220,288
220,222
220,239
220,283
220,377
220,276
220,370
220,365
220,271
220,224
220,265
220,362
220,357
220,306
220,353
220,244
220,381
220,240
220,384
220,287
220,310
220,272
220,228
221,264
221,301
221,387
221,260
221,267
221,245
221,358
221,241
221,321
221,380
221,285
221,372
221,371
221,393
221,365
221,343
221,323
221,316
221,309
221,294
221,288
221,374
221,277
221,373
221,356
221,334
221,237
221,230
221,223
221,303
221,399
221,307
221,280
221,377
221,265
221,362
221,263
221,360
221,227
221,324
221,314
221,308
221,394
221,297
221,287
221,244
221,337
221,240
221,325
221,228
222,374
222,251
222,384
222,274
222,278
222,301
222,354
222,267
222,332
222,269
222,397
222,341
222,280
222,368
222,296
222,393
222,387
222,290
222,270
222,367
222,365
222,247
222,344
222,237
222,328
222,231
222,311
222,385
222,288
222,286
222,357
222,343
222,293
222,390
222,249
222,339
222,292
222,362
222,234
222,331
222,305
222,258
222,255
222,352
222,283
222,230
222,370
222,373
222,276
222,351
223,374
223,354
223,310
223,387
223,260
223,267
223,298
223,334
223,376
223,342
223,330
223,341
223,241
223,321
223,238
223,385
223,367
223,252
223,349
223,340
223,326
223,316
223,392
223,295
223,284
223,381
223,371
223,268
223,365
223,318
223,271
223,315
223,283
223,282
223,332
223,235
223,370
223,337
223,312
223,262
223,308
223,299
223,325
223,228
223,386
223,242
223,256
223,353
223,398
223,254
223,350
223,303
223,375
223,397
224,289
224,345
224,384
224,378
224,264
224,267
224,398
224,320
224,279
224,261
224,391
224,243
224,259
224,356
224,381
224,350
224,239
224,336
224,305
224,389
224,295
224,282
224,274
224,371
224,374
224,277
224,365
224,271
224,349
224,255
224,347
224,250
224,343
224,249
224,388
224,247
224,353
224,231
224,325
224,310
224,283
224,254
224,238
224,335
224,382
224,338
224,244
224,225
224,298
224,395
225,369
225,374
225,284
225,322
225,298
225,398
225,366
225,373
225,330
225,300
225,290
225,327
225,393
225,380
225,349
225,309
225,289
225,386
225,316
225,268
225,254
225,351
225,257
225,345
225,248
225,246
225,360
225,306
225,353
225,297
225,346
225,285
225,382
225,341
225,244
225,229
225,273
225,370
225,232
225,367
225,226
225,240
225,239
225,265
225,258
225,318
225,396
226,374
226,317
226,259
226,278
226,260
226,313
226,334
226,261
226,312
226,366
226,399
226,241
226,327
226,324
226,227
226,234
226,270
226,303
226,295
226,273
226,271
226,266
226,359
226,265
226,235
226,396
226,288
226,382
226,377
226,361
226,274
226,371
226,342
226,336
226,383
226,291
226,346
226,249
226,293
226,390
226,272
226,304
226,276
226,307
226,393
226,240
227,374
227,378
227,274
227,313
227,322
227,363
227,312
227,293
227,358
227,280
227,356
227,327
227,270
227,380
227,340
227,315
227,254
227,351
227,304
227,335
227,238
227,285
227,382
227,350
227,256
227,395
227,372
227,231
227,370
227,232
227,291
227,341
227,244
227,383
227,234
227,375
227,344
227,250
227,271
228,384
228,284
228,354
228,260
228,245
228,233
228,319
228,334
228,269
228,355
228,236
228,333
228,358
228,368
228,327
228,321
228,385
228,367
228,268
228,365
228,276
228,326
228,316
228,294
228,293
228,390
228,282
228,361
228,362
228,265
228,242
228,377
228,349
228,352
228,255
228,323
228,370
228,360
228,306
228,353
228,300
228,297
228,253
228,320
228,346
229,251
229,274
229,301
229,387
229,267
229,245
229,233
229,319
229,320
229,334
229,269
229,366
229,285
229,399
229,302
229,378
229,281
229,321
229,359
229,339
229,318
229,303
229,294
229,331
229,282
229,376
229,375
229,354
229,257
229,390
229,249
229,246
229,324
229,230
229,394
229,297
229,385
229,338
229,341
229,244
229,370
229,306
229,353
229,357
229,380
229,287
229,395
230,289
230,378
230,259
230,354
230,263
230,332
230,363
230,279
230,366
230,341
230,302
230,280
230,321
230,393
230,385
230,351
230,238
230,335
230,326
230,315
230,294
230,340
230,293
230,390
230,286
230,271
230,250
230,347
230,394
230,388
230,291
230,316
230,319
230,242
230,260
230,357
230,308
230,309
230,256
230,265
230,398
230,283
230,272
230,397
230,300
230,395
231,396
231,274
231,278
231,354
231,260
231,267
231,233
231,332
231,320
231,342
231,312
231,280
231,358
231,252
231,243
231,259
231,356
231,234
231,277
231,270
231,367
231,351
231,288
231,363
231,266
231,265
231,246
231,390
231,398
231,298
231,395
231,283
231,276
231,370
231,324
231,232
231,244
231,389
231,365
231,346
231,255
231,247
231,344
231,383
231,316
232,263
232,260
232,233
232,363
232,279
232,355
232,395
232,391
232,236
232,300
232,316
232,311
232,295
232,292
232,277
232,365
232,368
232,271
232,350
232,353
232,256
232,249
232,247
232,334
232,237
232,347
232,297
232,394
232,286
232,383
232,308
232,352
232,235
232,329
232,380
232,283
232,272
232,254
232,325
232,288
232,382
232,244
232,307
232,240
233,264
233,259
233,278
233,310
233,296
233,391
233,397
233,358
233,280
233,243
233,376
233,327
233,388
233,385
233,381
233,371
233,359
233,323
233,318
233,398
233,309
233,303
233,374
233,277
233,332
233,273
233,271
233,373
233,268
233,255
233,253
233,247
233,339
233,242
233,326
233,313
233,399
233,299
233,320
233,394
233,362
233,360
233,308
233,319
233,258
233,254
234,369
234,345
234,332
234,312
234,395
234,333
234,399
234,261
234,358
234,281
234,252
234,270
234,238
234,389
234,340
234,331
234,301
234,398
234,262
234,250
234,347
234,253
234,396
234,390
234,375
234,256
234,353
234,297
234,287
234,321
234,273
234,314
234,241
234,288
234,382
234,315
234,268
234,346
234,303
235,369
235,317
235,251
235,396
235,384
235,274
235,313
235,328
235,334
235,279
235,269
235,261
235,285
235,300
235,290
235,281
235,393
235,381
235,339
235,311
235,309
235,305
235,295
235,335
235,288
235,363
235,266
235,359
235,265
235,344
235,297
235,347
235,250
235,268
235,337
235,314
235,283
235,380
235,239
235,308
235,270
235,326
235,253
235,276
235,398
235,254
236,345
236,384
236,378
236,264
236,278
236,301
236,398
236,269
236,376
236,251
236,348
236,290
236,241
236,312
236,296
236,393
236,381
236,372
236,351
236,350
236,344
236,340
236,336
236,335
236,323
236,311
236,306
236,304
236,295
236,292
236,282
236,268
236,262
236,249
236,316
236,313
236,299
236,394
236,390
236,337
236,308
237,369
237,289
237,317
237,396
237,354
237,263
237,334
237,342
237,366
237,358
237,348
237,300
237,290
237,241
237,238
237,351
237,243
237,340
237,336
237,398
237,339
237,389
237,292
237,286
237,331
237,275
237,372
237,274
237,371
237,318
237,271
237,365
237,268
237,353
237,256
237,250
237,293
237,390
237,249
237,294
237,247
237,382
237,333
237,283
237,280
237,377
237,308
237,305
237,258
237,291
237,316
237,319
237,240
237,255
237,309
237,359
237,262
237,394
237,325
238,289
238,274
238,301
238,263
238,260
238,322
238,319
238,376
238,364
238,293
238,290
238,296
238,393
238,388
238,385
238,379
238,270
238,367
238,359
238,254
238,351
238,340
238,335
238,295
238,292
238,273
238,239
238,346
238,329
238,244
238,380
238,283
238,331
238,334
238,318
238,321
238,361
238,317
238,353
238,253
238,397
238,323
238,276
239,289
239,378
239,274
239,301
239,310
239,296
239,387
239,313
239,261
239,395
239,275
239,348
239,241
239,327
239,270
239,389
239,388
239,365
239,248
239,247
239,344
239,243
239,340
239,331
239,262
239,359
239,383
239,286
239,326
239,279
239,376
239,363
239,266
239,309
239,342
239,336
239,377
239,325
239,255
239,324
239,272
239,317
239,364
239,305
239,258
239,282
239,294
239,318
239,373
239,276
239,306
239,353
240,369
240,284
240,296
240,328
240,319
240,320
240,363
240,279
240,269
240,391
240,333
240,281
240,368
240,270
240,388
240,380
240,379
240,275
240,372
240,371
240,365
240,350
240,323
240,318
240,311
240,386
240,374
240,277
240,357
240,246
240,394
240,335
240,288
240,382
240,377
240,353
240,346
240,361
240,314
240,248
240,305
240,258
240,293
240,390
240,278
240,375
240,362
240,265
240,304
240,392
240,295
240,325
240,307
241,384
241,378
241,274
241,354
241,263
241,296
241,260
241,328
241,307
241,293
241,358
241,348
241,341
241,302
241,280
241,243
241,388
241,290
241,381
241,365
241,351
241,252
241,349
241,335
241,375
241,262
241,359
241,312
241,362
241,265
241,256
241,242
241,299
241,346
241,276
241,361
241,317
241,364
241,347
241,253
241,394
241,272
241,300
241,367
242,289
242,317
242,278
242,387
242,267
242,334
242,269
242,312
242,348
242,321
242,296
242,393
242,379
242,367
242,351
242,350
242,252
242,349
242,323
242,309
242,396
242,299
242,339
242,389
242,292
242,274
242,371
242,247
242,293
242,390
242,246
242,394
242,325
242,383
242,313
242,360
242,291
242,305
242,258
242,384
242,287
242,357
242,283
242,320
242,315
242,365
242,268
242,362
242,295
242,298
242,395
243,289
243,251
243,396
243,384
243,267
243,398
243,320
243,269
243,312
243,373
243,330
243,399
243,261
243,358
243,378
243,281
243,270
243,385
243,338
243,326
243,316
243,295
243,282
243,250
243,249
243,389
243,292
243,383
243,375
243,361
243,360
243,337
243,307
243,283
243,313
243,352
243,258
243,306
243,259
243,356
243,353
243,371
243,277
243,324
243,325
243,354
243,257
244,369
244,392
244,396
244,264
244,313
244,301
244,398
244,364
244,397
244,300
244,387
244,290
244,252
244,367
244,270
244,348
244,277
244,266
244,292
244,287
244,326
244,373
244,276
244,353
244,324
244,283
244,375
244,329
244,372
244,325
244,255
244,371
244,351
244,307
245,369
245,396
245,284
245,278
245,301
245,354
245,263
245,364
245,397
245,300
245,290
245,280
245,356
245,385
245,380
245,395
245,334
245,293
245,351
245,339
245,363
245,316
245,305
245,304
245,295
245,286
245,275
245,374
245,277
245,332
245,271
245,365
245,268
245,262
245,248
245,322
245,320
245,333
245,382
245,370
245,353
245,249
245,346
245,330
245,329
245,308
245,342
245,394
245,297
245,291
245,384
245,287
245,317
246,317
246,274
246,264
246,296
246,387
246,313
246,301
246,398
246,320
246,363
246,279
246,342
246,395
246,285
246,399
246,280
246,340
246,309
246,295
246,291
246,388
246,294
246,286
246,282
246,253
246,268
246,362
246,353
246,338
246,351
246,370
246,284
246,381
246,346
246,255
246,260
246,357
246,339
246,389
246,292
246,344
247,289
247,374
247,251
247,264
247,278
247,260
247,313
247,267
247,298
247,366
247,391
247,399
247,302
247,281
247,270
247,393
247,385
247,379
247,359
247,351
247,349
247,347
247,343
247,338
247,309
247,306
247,362
247,265
247,255
247,344
247,297
247,287
247,382
247,329
247,370
247,336
247,383
247,396
247,299
247,346
247,328
247,268
247,360
247,337
247,319
247,311
247,305
247,258
248,369
248,312
248,280
248,327
248,274
248,368
248,321
248,388
248,367
248,339
248,281
248,342
248,295
248,266
248,257
248,314
248,361
248,288
248,357
248,300
248,253
248,276
248,334
248,380
248,324
248,261
248,271
248,319
248,282
248,260
248,315
248,268
249,317
249,384
249,278
249,260
249,320
249,279
249,312
249,366
249,298
249,395
249,386
249,275
249,302
249,300
249,290
249,271
249,368
249,379
249,371
249,286
249,309
249,262
249,257
249,250
249,394
249,297
249,326
249,276
249,288
249,382
249,329
249,367
249,273
249,283
249,308
249,292
249,266
249,252
249,349
250,396
250,259
250,354
250,328
250,322
250,363
250,269
250,342
250,312
250,307
250,391
250,302
250,290
250,281
250,393
250,351
250,252
250,349
250,340
250,335
250,326
250,315
250,292
250,273
250,265
250,361
250,260
250,357
250,256
250,394
250,314
250,383
250,360
250,291
250,343
250,329
250,306
250,365
250,301
250,398
250,313
250,276
250,277
251,374
251,310
251,259
251,328
251,252
251,376
251,270
251,392
251,378
251,285
251,372
251,343
251,312
251,338
251,299
251,294
251,286
251,264
251,266
251,301
251,366
251,393
251,296
251,352
251,346
251,291
251,276
251,355
251,258
251,307
252,396
252,264
252,301
252,354
252,310
252,263
252,319
252,279
252,342
252,355
252,391
252,327
252,296
252,393
252,290
252,276
252,371
252,302
252,349
252,331
252,295
252,383
252,286
252,315
252,268
252,309
252,353
252,394
252,370
252,338
252,341
252,375
252,254
253,369
253,317
253,378
253,354
253,313
253,320
253,307
253,399
253,321
253,296
253,393
253,372
253,365
253,359
253,351
253,349
253,340
253,339
253,306
253,326
253,277
253,352
253,255
253,293
253,390
253,361
253,363
253,266
253,360
253,305
253,337
253,286
253,298
253,395
253,295
253,287
253,288
253,338
253,335
253,273
253,300
253,297
253,276
254,378
254,296
254,260
254,363
254,334
254,355
254,307
254,368
254,287
254,371
254,369
254,272
254,350
254,304
254,386
254,255
254,390
254,360
254,282
254,329
254,308
254,300
254,297
254,373
254,276
254,264
254,361
254,338
254,291
254,342
254,326
254,322
254,353
254,321
254,280
254,377
254,333
255,392
255,259
255,376
255,355
255,293
255,281
255,368
255,327
255,393
255,388
255,290
255,380
255,367
255,257
255,323
255,379
255,282
255,304
255,280
255,377
255,375
255,268
255,362
255,360
255,337
255,287
255,347
255,328
255,306
255,395
255,348
255,301
255,398
255,334
255,369
255,272
255,343
255,299
255,357
255,313
255,399
255,339
255,342
256,310
256,328
256,322
256,319
256,398
256,342
256,333
256,373
256,275
256,296
256,393
256,367
256,365
256,349
256,344
256,323
256,315
256,295
256,339
256,292
256,273
256,357
256,343
256,390
256,383
256,377
256,346
256,337
256,288
256,375
256,297
256,374
256,277
256,327
256,363
256,266
256,360
256,353
256,309
256,312
256,300
256,308
257,374
257,384
257,264
257,278
257,298
257,320
257,334
257,342
257,293
257,330
257,261
257,358
257,341
257,281
257,276
257,268
257,365
257,311
257,306
257,305
257,398
257,299
257,290
257,389
257,292
257,282
257,362
257,265
257,333
257,322
257,262
257,308
257,337
257,338
257,291
257,303
257,349
257,344
257,304
257,307
258,374
258,396
258,354
258,363
258,342
258,312
258,366
258,285
258,397
258,300
258,358
258,393
258,389
258,388
258,326
258,295
258,371
258,309
258,262
258,306
258,280
258,377
258,265
258,362
258,324
258,370
258,276
258,294
258,337
258,260
258,357
258,386
258,286
258,383
258,282
258,329
258,287
258,351
259,289
259,392
259,384
259,391
259,348
259,302
259,290
259,378
259,281
259,368
259,278
259,372
259,371
259,270
259,367
259,334
259,359
259,340
259,339
259,315
259,309
259,304
259,292
259,379
259,282
259,332
259,363
259,266
259,301
259,347
259,320
259,299
259,273
259,370
259,395
259,298
259,319
259,373
259,276
259,322
259,323
259,317
260,374
260,378
260,301
260,354
260,387
260,261
260,364
260,341
260,397
260,300
260,280
260,321
260,371
260,365
260,349
260,331
260,299
260,288
260,275
260,279
260,266
260,262
260,313
260,311
260,388
260,286
260,383
260,375
260,362
260,264
260,361
260,346
260,330
260,289
260,386
260,394
260,297
260,287
260,369
260,272
260,328
260,325
261,369
261,264
261,322
261,398
261,279
261,358
261,348
261,341
261,378
261,281
261,356
261,327
261,381
261,351
261,316
261,315
261,268
261,266
261,354
261,336
261,366
261,321
261,390
261,377
261,278
261,375
261,370
261,324
261,317
262,289
262,392
262,378
262,274
262,301
262,322
262,312
262,366
262,296
262,393
262,388
262,381
262,347
262,340
262,338
262,326
262,315
262,374
262,277
262,335
262,288
262,382
262,323
262,370
262,310
262,305
262,355
262,343
262,278
262,375
262,304
262,264
262,361
262,270
262,357
263,378
263,301
263,354
263,355
263,341
263,302
263,348
263,387
263,270
263,367
263,393
263,347
263,343
263,312
263,326
263,318
263,315
263,306
263,295
263,294
263,286
263,332
263,273
263,356
263,327
263,388
263,390
263,377
263,375
263,381
263,308
263,319
263,373
263,276
264,369
264,289
264,317
264,392
264,378
264,310
264,355
264,399
264,376
264,327
264,270
264,385
264,371
264,393
264,334
264,350
264,335
264,305
264,286
264,387
264,271
264,266
264,316
264,311
264,396
264,390
264,382
264,375
264,370
264,298
264,297
264,291
264,287
265,392
265,387
265,319
265,398
265,320
265,363
265,376
265,364
265,386
265,393
265,389
265,381
265,359
265,331
265,311
265,350
265,303
265,315
265,268
265,362
265,360
265,377
265,354
265,361
265,314
265,388
265,291
265,335
265,305
265,352
265,329
265,327
265,357
265,313
265,293
265,390
265,396
265,372
266,384
266,301
266,313
266,319
266,376
266,342
266,355
266,395
266,333
266,275
266,348
266,381
266,359
266,304
266,331
266,390
266,324
266,325
266,303
266,394
266,380
266,339
266,389
266,292
266,272
266,278
266,375
266,285
266,382
266,268
266,338
267,345
267,354
267,399
267,281
267,280
267,270
267,381
267,365
267,334
267,343
267,323
267,301
267,398
267,294
267,295
267,344
267,366
267,382
267,357
267,325
267,324
267,308
267,291
267,283
267,373
267,276
267,369
267,272
267,322
268,278
268,319
268,307
268,293
268,285
268,397
268,348
268,368
268,380
268,367
268,359
268,351
268,343
268,338
268,335
268,323
268,309
268,305
268,326
268,376
268,297
268,394
268,377
268,396
268,299
268,389
268,292
268,336
268,354
268,340
268,295
268,332
268,369
268,272
268,334
269,289
269,374
269,317
269,392
269,274
269,298
269,398
269,399
269,358
269,290
269,367
269,393
269,365
269,359
269,293
269,323
269,304
269,294
269,275
269,282
269,347
269,319
269,394
269,286
269,383
269,278
269,375
269,357
269,352
269,314
269,373
269,276
269,325
269,307
270,289
270,396
270,310
270,387
270,322
270,398
270,275
270,378
270,281
270,356
270,321
270,389
270,373
270,276
270,350
270,339
270,331
270,318
270,306
270,295
270,383
270,288
270,382
270,362
270,324
270,308
270,377
270,380
270,283
270,323
270,338
270,341
270,352
270,375
270,346
270,330
271,374
271,319
271,363
271,373
271,285
271,399
271,348
271,368
271,388
271,381
271,380
271,371
271,367
271,347
271,315
271,305
271,391
271,294
271,335
271,385
271,288
271,395
271,357
271,360
271,327
271,316
271,306
271,353
271,356
271,343
271,390
271,273
271,344
271,295
272,278
272,354
272,298
272,398
272,363
272,293
272,330
272,290
272,312
272,359
272,336
272,364
272,396
272,302
272,329
272,324
272,385
272,338
272,291
272,315
272,301
272,348
272,320
272,287
272,308
273,319
273,398
273,332
273,342
273,366
273,348
273,387
273,290
273,378
273,281
273,321
273,296
273,393
273,388
273,288
273,385
273,349
273,331
273,359
273,305
273,295
273,379
273,282
273,377
273,375
273,360
273,324
273,308
273,344
273,353
273,325
273,351
273,365
273,322
273,394
274,396
274,378
274,381
274,371
274,367
274,293
274,350
274,349
274,344
274,363
274,318
274,316
274,311
274,389
274,292
274,288
274,286
274,282
274,290
274,387
274,313
274,345
274,339
274,334
274,393
274,296
274,398
274,382
274,346
274,330
274,314
274,342
274,319
274,394
274,297
274,287
274,373
274,276
274,322
275,317
275,345
275,398
275,376
275,358
275,341
275,302
275,348
275,371
275,367
275,365
275,335
275,326
275,323
275,318
275,316
275,305
275,304
275,303
275,392
275,295
275,294
275,286
275,282
275,310
275,309
275,299
275,375
275,353
275,346
275,308
275,394
275,297
275,388
275,291
275,276
275,300
276,396
276,384
276,301
276,296
276,298
276,395
276,333
276,348
276,290
276,281
276,280
276,389
276,388
276,379
276,315
276,309
276,375
276,362
276,337
276,311
276,358
276,305
276,300
276,345
276,382
276,353
276,354
277,289
277,392
277,345
277,278
277,301
277,354
277,320
277,395
277,330
277,285
277,358
277,388
277,349
277,336
277,288
277,380
277,377
277,344
277,297
277,372
277,356
277,325
277,350
277,364
277,329
277,338
277,318
277,390
277,396
278,378
278,358
278,321
278,380
278,379
278,285
278,372
278,293
278,349
278,347
278,343
278,340
278,336
278,389
278,331
278,305
278,385
278,288
278,286
278,374
278,359
278,311
278,393
278,296
278,399
278,302
278,396
278,377
278,370
278,362
278,346
278,329
278,284
278,381
278,287
279,374
279,313
279,398
279,384
279,290
279,285
279,359
279,336
279,284
279,331
279,323
279,316
279,311
279,309
279,306
279,303
279,366
279,393
279,392
279,390
279,375
279,362
279,371
279,324
279,342
279,291
279,334
279,381
279,326
279,348
280,384
280,310
280,296
280,301
280,398
280,332
280,399
280,300
280,281
280,388
280,385
280,367
280,343
280,318
280,292
280,360
280,357
280,368
280,321
280,324
280,371
280,305
280,355
280,327
280,340
280,329
280,328
280,325
280,316
280,319
280,373
281,369
281,392
281,328
281,355
281,348
281,341
281,397
281,300
281,327
281,296
281,393
281,340
281,339
281,292
281,383
281,286
281,336
281,361
281,324
281,291
281,371
281,345
281,344
281,287
281,380
281,283
281,315
281,362
281,373
281,301
281,346
281,399
282,378
282,332
282,334
282,391
282,285
282,302
282,284
282,381
282,379
282,338
282,326
282,336
282,335
282,385
282,288
282,361
282,346
282,325
282,324
282,311
282,352
282,337
282,298
282,395
282,323
282,344
282,297
282,358
282,309
282,312
282,318
282,377
282,380
282,283
283,369
283,374
283,384
283,301
283,298
283,366
283,391
283,296
283,393
283,359
283,351
283,350
283,349
283,338
283,336
283,331
283,295
283,385
283,288
283,285
283,382
283,286
283,371
283,348
283,291
283,340
283,339
283,377
283,321
283,379
283,356
283,328
283,305
283,304
283,297
283,357
283,313
283,302
284,369
284,289
284,396
284,355
284,358
284,290
284,368
284,327
284,381
284,365
284,293
284,351
284,349
284,340
284,318
284,389
284,292
284,288
284,376
284,366
284,296
284,388
284,286
284,383
284,362
284,361
284,298
284,342
284,297
284,287
285,289
285,317
285,392
285,345
285,313
285,366
285,290
285,327
285,344
285,339
285,309
285,306
285,305
285,303
285,288
285,379
285,376
285,363
285,311
285,310
285,382
285,362
285,357
285,353
285,329
285,324
285,314
285,355
286,317
286,384
286,310
286,387
286,320
286,363
286,395
286,289
286,386
286,333
286,348
286,296
286,393
286,379
286,334
286,311
286,306
286,335
286,385
286,288
286,383
286,323
286,370
286,315
286,362
286,337
286,329
286,305
286,350
286,324
286,292
286,342
286,319
286,349
286,377
286,344
286,397
287,392
287,354
287,296
287,387
287,328
287,301
287,398
287,376
287,373
287,348
287,389
287,381
287,379
287,367
287,331
287,326
287,304
287,353
287,337
287,369
287,305
287,308
287,330
287,338
287,388
287,291
287,315
287,361
287,364
287,317
287,359
287,309
287,302
287,343
288,354
288,334
288,355
288,330
288,399
288,381
288,371
288,349
288,340
288,339
288,326
288,398
288,299
288,391
288,294
288,386
288,383
288,382
288,362
288,353
288,291
288,374
288,368
288,332
288,357
288,313
288,314
288,333
288,345
288,375
288,305
288,352
289,369
289,358
289,345
289,367
289,351
289,347
289,315
289,398
289,303
289,387
289,332
289,373
289,339
289,393
289,296
289,399
289,302
289,307
289,375
289,361
289,353
289,352
289,330
289,324
289,314
289,342
289,319
289,297
289,317
290,374
290,301
290,313
290,376
290,395
290,391
290,386
290,302
290,327
290,393
290,388
290,379
290,365
290,343
290,340
290,323
290,311
290,377
290,375
290,352
290,325
290,324
290,373
290,357
290,396
290,299
290,397
290,381
290,330
290,316
290,341
290,314
290,364
290,346
290,394
291,374
291,317
291,301
291,364
291,333
291,399
291,389
291,381
291,365
291,338
291,309
291,347
291,394
291,362
291,352
291,346
291,329
291,358
291,324
291,359
291,369
291,396
291,377
291,357
291,313
291,295
292,374
292,328
292,332
292,320
292,342
292,366
292,364
292,395
292,333
292,373
292,399
292,302
292,327
292,381
292,365
292,335
292,310
292,301
292,398
292,392
292,295
292,323
292,370
292,380
292,372
292,325
292,350
292,294
292,305
292,352
292,334
292,363
292,340
292,326
292,338
293,374
293,317
293,378
293,387
293,322
293,332
293,363
293,386
293,348
293,300
293,358
293,393
293,388
293,385
293,379
293,359
293,338
293,335
293,331
293,326
293,295
293,398
293,350
293,339
293,334
293,354
293,319
293,303
293,333
293,390
293,361
293,352
293,346
293,369
293,364
294,374
294,354
294,319
294,393
294,341
294,388
294,320
294,367
294,359
294,377
294,315
294,362
294,314
294,373
294,326
294,372
294,298
294,322
294,344
294,399
294,296
295,374
295,317
295,301
295,354
295,387
295,319
295,366
295,386
295,341
295,300
295,381
295,372
295,336
295,331
295,309
295,299
295,370
295,353
295,325
295,324
295,388
295,371
295,362
295,365
295,303
295,394
295,350
295,337
295,340
295,383
295,308
295,358
295,335
296,369
296,345
296,364
296,358
296,397
296,300
296,368
296,385
296,393
296,365
296,334
296,340
296,338
296,389
296,331
296,323
296,363
296,318
296,316
296,315
296,398
296,371
296,359
296,350
296,366
296,383
296,370
296,360
296,346
296,325
296,324
296,380
296,373
296,351
297,381
297,357
297,313
297,332
297,363
297,312
297,317
297,364
297,327
297,365
297,338
297,335
297,309
297,305
297,310
297,325
297,308
297,330
297,377
297,373
297,374
297,328
297,375
297,341
297,323
298,345
298,396
298,301
298,364
298,376
298,368
298,372
298,359
298,351
298,349
298,347
298,340
298,335
298,316
298,304
298,332
298,354
298,350
298,390
298,377
298,375
298,370
298,361
298,360
298,346
298,325
298,324
298,314
298,308
298,380
299,313
299,363
299,366
299,358
299,356
299,367
299,351
299,347
299,338
299,331
299,370
299,360
299,357
299,353
299,346
299,329
299,324
299,337
299,387
299,372
299,362
299,365
299,348
299,304
299,305
299,397
299,396
300,374
300,354
300,328
300,363
300,397
300,399
300,302
300,381
300,371
300,365
300,344
300,339
300,315
300,309
300,360
300,306
300,341
300,331
300,334
300,350
300,324
300,398
301,317
301,345
301,310
301,355
301,358
301,378
301,327
301,356
301,387
301,372
301,371
301,367
301,393
301,334
301,351
301,349
301,335
301,311
301,306
301,304
301,389
301,332
301,363
301,326
301,320
301,383
301,375
301,362
301,361
301,346
301,337
301,386
302,374
302,345
302,328
302,398
302,364
302,355
302,341
302,371
302,365
302,340
302,326
302,315
302,339
302,316
302,357
302,393
302,335
302,382
302,399
302,323
302,370
302,314
302,329
302,379
303,369
303,317
303,396
303,322
303,334
303,366
303,373
303,368
303,327
303,393
303,389
303,385
303,379
303,372
303,350
303,344
303,335
303,390
303,329
303,398
303,340
303,336
303,383
303,360
303,362
303,315
303,306
303,309
303,351
303,375
303,316
303,392
304,369
304,374
304,345
304,310
304,387
304,328
304,319
304,332
304,366
304,355
304,397
304,379
304,371
304,367
304,365
304,350
304,344
304,305
304,335
304,382
304,370
304,362
304,329
304,361
304,353
304,359
304,312
304,380
304,399
305,317
305,345
305,310
305,363
305,386
305,348
305,341
305,356
305,327
305,393
305,367
305,351
305,349
305,347
305,306
305,396
305,357
305,325
305,339
305,389
305,335
305,385
305,373
305,319
305,358
305,362
305,336
305,331
305,334
305,332
305,321
305,344
305,359
305,372
305,346
305,365
306,369
306,345
306,384
306,378
306,387
306,334
306,391
306,333
306,373
306,358
306,341
306,356
306,359
306,351
306,349
306,339
306,316
306,382
306,377
306,393
306,326
306,318
306,368
306,367
306,357
306,352
306,399
307,354
307,387
307,322
307,319
307,342
307,364
307,397
307,356
307,372
307,365
307,318
307,390
307,362
307,357
307,384
307,337
307,329
307,308
307,344
308,374
308,322
308,319
308,342
308,366
308,373
308,399
308,341
308,327
308,321
308,393
308,372
308,369
308,349
308,336
308,309
308,335
308,382
308,377
308,352
308,337
308,343
308,390
308,354
308,397
308,350
308,334
308,326
309,369
309,374
309,317
309,345
309,320
309,342
309,364
309,391
309,348
309,385
309,372
309,371
309,367
309,359
309,347
309,338
309,331
309,316
309,360
309,337
309,325
309,394
309,388
309,384
309,362
309,346
309,399
309,344
309,343
309,383
309,339
309,334
309,329
309,315
309,311
309,398
309,322
310,369
310,374
310,392
310,345
310,384
310,354
310,355
310,364
310,348
310,341
310,367
310,344
310,343
310,339
310,331
310,395
310,311
310,389
310,336
310,366
310,388
310,390
310,346
310,386
310,394
310,317
311,392
311,384
311,313
311,328
311,320
311,376
311,355
311,333
311,368
311,327
311,393
311,389
311,367
311,365
311,347
311,377
311,375
311,315
311,362
311,314
311,358
311,344
311,379
311,398
311,349
311,397
311,346
311,316
311,354
311,352
312,392
312,396
312,313
312,332
312,351
312,340
312,338
312,326
312,315
312,379
312,373
312,356
312,320
312,383
312,361
312,357
312,323
313,384
313,354
313,328
313,371
313,393
313,395
313,334
313,335
313,315
313,373
313,350
313,336
313,332
313,396
313,390
313,382
313,375
313,362
313,360
313,329
313,325
313,381
313,314
313,342
313,319
313,388
314,392
314,396
314,319
314,334
314,364
314,355
314,395
314,366
314,397
314,393
314,351
314,386
314,339
314,338
314,383
314,361
314,371
314,324
314,376
314,325
314,381
314,377
314,347
314,341
314,388
315,392
315,354
315,319
315,363
315,330
315,348
315,321
315,393
315,389
315,380
315,379
315,366
315,339
315,338
315,343
315,390
315,382
315,361
315,325
315,349
315,384
315,358
315,391
315,318
315,394
315,370
316,396
316,378
316,366
316,373
316,385
316,380
316,342
316,338
316,335
316,394
316,343
316,390
316,377
316,375
316,323
316,370
316,361
316,346
316,399
316,340
316,325
316,372
316,339
316,320
317,397
317,348
317,328
317,368
317,327
317,381
317,365
317,351
317,340
317,338
317,335
317,398
317,343
317,336
317,366
317,390
317,383
317,375
317,370
317,360
317,346
317,325
317,319
317,384
318,358
318,389
318,385
318,350
318,336
318,327
318,372
318,324
318,378
318,370
318,341
318,343
318,391
318,332
319,369
319,328
319,397
319,341
319,388
319,381
319,393
319,350
319,343
319,339
319,323
319,368
319,373
319,365
319,363
319,366
319,327
319,326
319,390
319,383
319,362
319,361
319,360
319,357
319,330
319,329
319,325
320,399
320,341
320,338
320,335
320,380
320,351
320,347
320,365
320,346
320,390
320,377
320,361
320,357
320,353
320,393
320,324
320,328
321,396
321,354
321,376
321,366
321,333
321,368
321,385
321,340
321,337
321,330
321,348
321,389
321,369
321,358
321,394
321,371
322,345
322,397
322,368
322,380
322,395
322,343
322,335
322,331
322,391
322,354
322,394
322,333
322,352
323,369
323,384
323,354
323,366
323,386
323,373
323,358
323,385
323,372
323,340
323,331
323,326
323,382
323,371
323,324
323,389
323,379
323,350
323,330
323,383
323,381
324,374
324,384
324,332
324,391
324,373
324,358
324,348
324,393
324,381
324,380
324,365
324,351
324,347
324,375
324,362
324,361
324,370
324,360
324,388
324,341
324,337
324,336
324,353
324,369
324,371
324,346
325,384
325,376
325,372
325,351
325,350
325,340
325,394
325,390
325,374
325,389
325,387
325,336
325,383
325,357
325,395
325,344
325,397
326,369
326,374
326,392
326,396
326,354
326,366
326,344
326,343
326,338
326,394
326,390
326,383
326,375
326,360
326,357
326,352
326,385
326,384
326,381
326,355
326,327
326,329
326,340
326,395
327,392
327,354
327,332
327,334
327,355
327,373
327,399
327,356
327,388
327,367
327,365
327,390
327,382
327,377
327,362
327,329
327,398
327,394
327,337
327,375
327,345
327,348
327,349
328,369
328,374
328,345
328,399
328,376
328,388
328,372
328,371
328,395
328,334
328,351
328,349
328,340
328,336
328,389
328,375
328,357
328,329
328,394
329,389
329,365
329,337
329,375
329,349
329,346
329,359
329,399
329,352
329,395
329,373
330,345
330,396
330,395
330,333
330,389
330,371
330,359
330,335
330,383
330,382
330,370
330,360
330,352
330,337
330,384
331,374
331,376
331,385
331,349
331,382
331,377
331,380
331,352
331,375
331,399
331,343
332,374
332,387
332,358
332,381
332,393
332,359
332,351
332,339
332,338
332,335
332,385
332,379
332,365
332,383
332,361
332,353
332,346
332,386
332,394
333,396
333,342
333,364
333,399
333,393
333,372
333,350
333,349
333,347
333,336
333,363
333,356
333,382
333,362
333,357
333,373
334,369
334,396
334,378
334,358
334,368
334,372
334,359
334,350
334,344
334,338
334,389
334,379
334,376
334,394
334,375
334,360
334,352
334,337
334,386
334,351
335,398
335,391
335,348
335,341
335,393
335,388
335,381
335,380
335,337
335,392
335,389
335,368
335,362
335,365
335,361
335,364
335,347
335,350
335,360
335,382
335,352
336,345
336,396
336,384
336,354
336,387
336,363
336,364
336,373
336,351
336,394
336,370
336,337
336,372
336,340
336,376
336,357
336,379
336,369
336,358
336,350
336,374
336,349
337,363
337,397
337,341
337,393
337,388
337,365
337,351
337,390
337,340
337,381
337,349
337,352
337,339
337,342
337,355
337,379
337,396
337,399
337,377
338,392
338,378
338,387
338,342
338,364
338,373
338,399
338,341
338,381
338,371
338,343
338,344
338,394
338,389
338,379
338,369
338,398
338,370
338,349
338,340
338,360
339,387
339,364
339,373
339,358
339,348
339,393
339,388
339,371
339,390
339,361
339,353
339,362
339,360
340,354
340,342
340,391
340,373
340,394
340,361
340,352
340,346
340,365
340,347
340,395
340,377
341,369
341,396
341,373
341,348
341,343
341,360
341,365
341,353
341,399
341,375
341,378
341,354
341,393
341,358
341,356
341,392
342,378
342,387
342,391
342,388
342,385
342,381
342,393
342,350
342,344
342,389
342,363
342,394
342,382
342,377
342,360
342,357
342,386
342,395
343,369
343,345
343,378
343,398
343,355
343,356
343,371
343,379
343,359
343,372
343,347
343,395
343,358
343,399
344,387
344,364
344,366
344,381
344,350
344,374
344,390
344,351
345,348
345,380
345,367
345,347
345,389
345,354
345,398
345,399
345,388
345,375
345,352
345,397
345,395
345,373
345,364
346,369
346,392
346,395
346,373
346,397
346,348
346,356
346,393
346,370
346,352
346,383
346,379
346,382
346,378
346,361
346,359
347,369
347,374
347,387
347,376
347,389
347,394
347,362
347,381
347,366
347,365
347,375
347,393
347,399
347,371
347,353
347,350
348,374
348,354
348,376
348,356
348,393
348,389
348,371
348,370
348,373
348,367
348,349
348,369
349,378
349,387
349,376
349,355
349,393
349,389
349,351
349,375
349,361
349,364
349,357
349,354
349,380
349,396
349,395
350,386
350,372
350,365
350,359
350,377
350,360
350,389
350,383
350,382
350,361
350,362
350,353
350,396
351,369
351,384
351,378
351,364
351,373
351,368
351,380
351,365
351,361
351,360
351,397
351,357
352,374
352,384
352,378
352,363
352,376
352,366
352,397
352,383
352,361
352,358
352,372
352,385
352,359
352,393
352,399
353,354
353,387
353,388
353,381
353,394
353,377
353,370
353,372
353,357
353,362
354,396
354,378
354,358
354,368
354,398
354,391
354,385
354,374
354,356
354,366
354,388
354,364
354,383
354,375
354,361
354,357
354,384
355,374
355,392
355,388
355,376
355,371
355,373
355,363
355,396
355,382
355,375
355,370
355,357
356,391
356,381
356,382
356,370
356,390
356,396
356,383
356,371
356,362
357,392
357,384
357,376
357,373
357,372
357,375
357,396
357,359
357,399
357,383
357,380
358,369
358,384
358,376
358,361
358,383
358,365
358,382
358,370
358,396
359,387
359,385
359,371
359,367
359,361
359,375
359,376
360,369
360,398
360,363
360,386
360,393
360,388
360,385
360,381
360,380
360,394
360,390
360,362
360,361
361,373
361,367
361,370
361,382
361,398
362,369
362,366
362,386
362,397
362,379
362,394
362,377
362,383
362,373
362,371
363,385
363,381
363,380
363,379
363,383
363,377
364,392
364,368
364,381
364,393
364,390
364,377
365,374
365,384
365,386
365,373
365,393
365,383
365,377
365,375
365,399
365,387
365,370
365,397
365,394
365,381
365,398
365,372
366,387
366,379
366,372
366,389
366,371
366,394
366,380
367,369
367,371
367,394
367,381
367,382
367,373
367,388
367,391
368,384
368,378
368,390
368,369
369,391
369,376
369,385
369,378
369,379
369,372
369,389
369,374
369,393
369,384
369,380
370,378
370,380
370,394
370,375
370,398
371,381
371,394
371,390
371,385
371,382
371,377
371,375
371,398
372,384
372,378
372,388
372,376
372,394
372,396
372,399
373,378
373,388
373,385
373,377
374,397
374,378
374,381
374,393
374,392
374,389
374,385
374,387
374,396
374,390
374,383
374,382
375,378
375,388
375,381
375,390
375,383
375,382
375,394
375,397
376,388
376,385
376,395
376,382
377,399
377,393
377,385
377,381
377,382
377,391
377,390
377,388
377,380
377,379
377,397
377,396
378,392
378,385
378,395
378,383
378,386
379,391
379,397
379,393
379,383
379,390
380,384
380,395
380,399
380,381
381,395
381,391
381,383
381,387
381,384
381,399
382,387
382,389
382,388
382,399
383,388
384,399
384,389
384,398
385,396
385,387
385,391
385,399
385,394
385,390
386,398
386,391
386,387
386,397
387,399
387,393
387,389
387,398
387,392
388,398
388,391
388,392
389,394
389,390
390,391
390,393
390,394
391,392
392,398
392,394
393,395
393,399
395,398
397,398
397,399
398,399
400,461
400,549
400,511
400,432
400,502
400,544
400,459
400,527
400,409
400,506
400,503
400,482
400,579
400,578
400,561
400,433
400,587
400,572
400,562
400,586
400,442
400,539
400,440
400,537
400,528
400,526
400,473
400,570
400,426
400,522
400,425
400,557
400,460
400,413
400,510
400,593
400,596
400,499
400,488
400,585
400,491
400,555
400,411
400,508
400,582
400,485
400,568
400,521
400,474
400,566
400,469
400,550
400,581
400,472
400,403
400,436
400,444
400,494
400,512
400,420
400,552
401,447
401,582
401,548
401,423
401,432
401,482
401,522
401,523
401,459
401,527
401,541
401,595
401,477
401,584
401,554
401,496
401,565
401,463
401,560
401,480
401,438
401,433
401,424
401,518
401,421
401,417
401,567
401,552
401,442
401,539
401,437
401,534
401,431
401,528
401,418
401,515
401,559
401,512
401,525
401,478
401,591
401,494
401,545
401,448
401,446
401,434
401,547
401,406
401,570
401,526
401,429
401,585
401,491
401,419
401,516
401,422
401,410
401,504
401,412
401,536
401,420
401,476
401,573
401,479
401,449
401,403
402,588
402,549
402,488
402,463
402,511
402,432
402,522
402,598
402,595
402,535
402,451
402,531
402,551
402,487
402,419
402,592
402,493
402,590
402,581
402,577
402,443
402,540
402,569
402,465
402,562
402,418
402,515
402,555
402,411
402,508
402,532
402,485
402,576
402,579
402,525
402,478
402,564
402,467
402,426
402,429
402,547
402,406
402,2388
402,448
402,567
402,470
402,449
402,546
402,405
402,412
402,574
402,408
402,445
402,422
402,552
402,410
403,549
403,453
403,591
403,409
403,502
403,598
403,523
403,441
403,447
403,544
403,490
403,557
403,580
403,428
403,482
403,579
403,561
403,584
403,487
403,468
403,438
403,527
403,430
403,418
403,496
403,593
403,592
403,493
403,590
403,484
403,581
403,577
403,456
403,553
403,586
403,442
403,539
403,533
403,532
403,485
403,528
403,578
403,478
403,474
403,469
403,566
403,472
403,454
403,564
403,420
403,517
403,470
403,545
403,448
403,450
403,547
403,406
403,429
403,504
403,554
403,457
403,411
403,471
403,509
404,588
404,447
404,591
404,575
404,511
404,415
404,441
404,549
404,452
404,489
404,595
404,476
404,543
404,594
404,583
404,560
404,551
404,500
404,430
404,596
404,559
404,458
404,555
404,507
404,539
404,436
404,533
404,558
404,579
404,582
404,485
404,564
404,470
404,502
404,405
404,450
404,471
404,542
404,448
404,440
404,412
404,577
404,526
404,411
404,516
404,422
404,420
404,449
405,462
405,548
405,599
405,522
405,544
405,490
405,595
405,554
405,439
405,531
405,496
405,557
405,514
405,561
405,500
405,535
405,438
405,424
405,421
405,506
405,592
405,585
405,570
405,465
405,562
405,555
405,539
405,534
405,436
405,533
405,431
405,528
405,513
405,497
405,475
405,512
405,576
405,579
405,577
405,525
405,575
405,478
405,426
405,427
405,501
405,516
405,469
405,443
405,540
405,446
405,564
405,487
405,526
405,550
405,410
405,591
405,494
405,542
405,448
405,596
406,588
406,461
406,482
406,441
406,459
406,527
406,549
406,452
406,541
406,506
406,476
406,557
406,514
406,501
406,578
406,565
406,545
406,520
406,487
406,480
406,419
406,496
406,593
406,493
406,590
406,589
406,586
406,488
406,585
406,562
406,526
406,519
406,513
406,462
406,559
406,512
406,455
406,552
406,408
406,505
406,504
406,494
406,435
406,532
406,485
406,469
406,543
406,446
406,454
406,572
406,431
406,567
406,568
406,427
406,484
406,553
406,483
406,436
406,449
406,594
406,497
406,555
406,508
406,511
406,414
406,539
406,445
407,588
407,423
407,463
407,511
407,459
407,456
407,538
407,490
407,489
407,506
407,473
407,584
407,451
407,518
407,501
407,477
407,574
407,530
407,580
407,486
407,579
407,438
407,581
407,573
407,569
407,469
407,566
407,467
407,564
407,562
407,514
407,417
407,461
407,558
407,555
407,446
407,540
407,415
407,512
407,510
407,411
407,505
407,521
407,498
407,422
407,442
407,536
407,529
407,507
407,557
407,460
407,495
407,590
407,449
407,499
408,549
408,423
408,432
408,482
408,544
408,456
408,595
408,535
408,584
408,481
408,530
408,507
408,468
408,514
408,417
408,416
408,593
408,591
408,494
408,564
408,581
408,534
408,526
408,425
408,465
408,562
408,418
408,515
408,558
408,504
408,537
408,431
408,528
408,455
408,552
408,411
408,458
408,503
408,563
408,466
408,516
408,422
408,445
408,571
408,454
408,567
408,427
408,506
408,413
408,436
408,540
408,446
409,488
409,575
409,432
409,439
409,579
409,578
409,574
409,503
409,452
409,423
409,520
409,487
409,486
409,480
409,468
409,438
409,598
409,527
409,567
409,559
409,461
409,558
409,459
409,556
409,524
409,542
409,540
409,539
409,502
409,526
409,521
409,516
409,596
409,499
409,498
409,592
409,495
409,494
409,557
409,491
409,428
409,572
409,475
409,568
409,471
409,454
409,553
409,456
409,449
409,440
409,425
409,420
409,597
409,500
410,588
410,549
410,447
410,548
410,591
410,423
410,432
410,524
410,441
410,527
410,541
410,473
410,496
410,543
410,466
410,579
410,574
410,560
410,545
410,577
410,480
410,419
410,515
410,418
410,456
410,553
410,540
410,484
410,581
410,437
410,534
410,533
410,572
410,525
410,521
410,467
410,564
410,517
410,562
410,509
410,414
410,411
410,508
410,472
410,450
410,547
410,539
410,442
410,483
410,435
410,471
410,493
410,590
410,552
410,445
410,595
411,588
411,463
411,482
411,415
411,523
411,476
411,531
411,518
411,428
411,565
411,433
411,419
411,416
411,590
411,488
411,585
411,576
411,570
411,568
411,567
411,558
411,422
411,519
411,562
411,515
411,495
411,529
411,528
411,575
411,478
411,474
411,440
411,537
411,443
411,460
411,455
411,429
411,526
411,553
411,412
411,598
411,413
411,555
411,508
411,414
411,596
411,449
411,483
411,436
411,445
412,588
412,482
412,506
412,439
412,481
412,466
412,594
412,583
412,551
412,524
412,427
412,520
412,424
412,488
412,585
412,577
412,473
412,570
412,515
412,418
412,559
412,546
412,555
412,508
412,505
412,566
412,472
412,467
412,510
412,417
412,464
412,484
412,581
412,440
412,554
412,460
412,451
412,540
412,517
412,590
412,2388
412,448
412,531
412,556
413,591
413,502
413,490
413,476
413,447
413,544
413,451
413,493
413,514
413,501
413,583
413,481
413,578
413,545
413,487
413,424
413,516
413,419
413,589
413,576
413,478
413,569
413,559
413,461
413,558
413,416
413,510
413,459
413,556
413,509
413,498
413,532
413,582
413,485
413,484
413,572
413,467
413,555
413,458
413,427
413,450
413,445
413,443
413,536
413,442
413,567
413,426
413,517
413,566
413,522
413,425
413,414
413,421
413,562
413,515
414,461
414,453
414,447
414,488
414,582
414,482
414,598
414,563
414,527
414,452
414,506
414,477
414,496
414,541
414,444
414,597
414,480
414,438
414,418
414,416
414,586
414,474
414,571
414,459
414,556
414,431
414,528
414,458
414,555
414,508
414,596
414,494
414,469
414,505
414,427
414,498
414,443
414,510
414,534
414,440
414,512
414,465
414,536
414,442
414,497
414,450
414,523
414,426
414,436
414,448
414,425
414,504
414,475
414,503
415,588
415,461
415,463
415,599
415,522
415,594
415,444
415,530
415,520
415,514
415,466
415,424
415,576
415,571
415,567
415,562
415,459
415,556
415,555
415,553
415,547
415,506
415,540
415,536
415,525
415,515
415,476
415,499
415,592
415,495
415,589
415,492
415,580
415,485
415,478
415,472
415,449
415,584
415,445
415,528
415,431
415,429
415,422
415,508
415,504
415,501
416,447
416,463
416,599
416,522
416,524
416,441
416,452
416,473
416,439
416,531
416,496
416,493
416,580
416,597
416,487
416,579
416,438
416,433
416,573
416,542
416,444
416,537
416,470
416,517
416,555
416,508
416,475
416,558
416,464
416,550
416,520
416,426
416,449
416,418
416,465
416,583
416,442
416,450
416,556
416,460
416,505
416,587
416,540
416,446
416,576
417,461
417,453
417,523
417,456
417,563
417,452
417,584
417,493
417,514
417,598
417,501
417,545
417,433
417,530
417,500
417,586
417,556
417,555
417,457
417,537
417,536
417,581
417,437
417,534
417,574
417,430
417,582
417,485
417,505
417,432
417,529
417,579
417,568
417,474
417,522
417,425
417,422
417,519
417,465
417,551
417,481
417,578
417,469
417,478
417,515
418,462
418,548
418,591
418,599
418,538
418,535
418,477
418,584
418,518
418,496
418,444
418,583
418,561
418,551
418,2388
418,545
418,500
418,433
418,430
418,467
418,564
418,556
418,439
418,536
418,533
418,432
418,529
418,596
418,499
418,525
418,478
418,475
418,440
418,577
418,483
418,507
418,460
418,458
418,555
418,511
418,437
418,510
418,526
418,479
418,472
418,449
418,424
418,471
418,539
418,445
419,488
419,423
419,575
419,463
419,511
419,598
419,523
419,459
419,456
419,506
419,473
419,496
419,466
419,561
419,530
419,587
419,568
419,562
419,559
419,558
419,548
419,451
419,576
419,529
419,480
419,430
419,467
419,564
419,420
419,517
419,508
419,492
419,485
419,425
419,472
419,507
419,460
419,498
419,442
419,494
419,574
419,431
419,509
419,526
419,550
419,503
420,588
420,482
420,544
420,535
420,477
420,451
420,439
420,493
420,514
420,578
420,561
420,545
420,596
420,586
420,585
420,576
420,564
420,453
420,550
420,546
420,540
420,533
420,531
420,434
420,431
420,528
420,526
420,556
420,509
420,458
420,555
420,508
420,537
420,490
420,587
420,471
420,510
420,460
420,553
420,505
420,525
420,575
420,478
420,455
420,474
420,465
420,513
420,539
420,442
420,497
420,542
420,445
420,469
420,495
421,588
421,462
421,453
421,423
421,575
421,522
421,598
421,523
421,544
421,531
421,518
421,493
421,594
421,583
421,477
421,574
421,530
421,480
421,582
421,485
421,570
421,461
421,558
421,455
421,552
421,581
421,534
421,508
421,498
421,545
421,448
421,495
421,438
421,528
421,567
421,510
421,460
421,499
421,502
421,494
421,443
421,547
421,442
421,422
421,469
421,517
421,529
422,548
422,591
422,575
422,463
422,599
422,482
422,544
422,549
422,452
422,535
422,473
422,496
422,493
422,543
422,520
422,565
422,468
422,592
422,467
422,564
422,536
422,525
422,513
422,459
422,556
422,509
422,553
422,440
422,537
422,585
422,573
422,479
422,563
422,466
422,516
422,469
422,559
422,562
422,465
422,561
422,464
422,552
422,455
422,498
422,445
422,472
422,426
422,450
422,435
422,596
423,461
423,549
423,462
423,447
423,488
423,594
423,583
423,481
423,578
423,565
423,561
423,551
423,520
423,514
423,433
423,575
423,527
423,564
423,556
423,590
423,493
423,502
423,536
423,528
423,531
423,517
423,516
423,513
423,509
423,476
423,592
423,495
423,494
423,444
423,541
423,582
423,485
423,576
423,479
423,473
423,470
423,555
423,458
423,455
423,553
423,456
423,457
423,554
423,450
423,449
423,545
423,448
423,446
423,442
423,534
423,437
423,435
423,523
423,504
423,595
423,498
424,544
424,456
424,543
424,466
424,551
424,438
424,433
424,451
424,592
424,488
424,582
424,535
424,487
424,581
424,476
424,570
424,552
424,539
424,528
424,526
424,555
424,508
424,495
424,531
424,437
424,484
424,517
424,471
424,467
424,549
424,455
424,475
424,436
424,483
424,507
424,460
424,431
424,427
425,588
425,463
425,599
425,598
425,544
425,441
425,538
425,554
425,518
425,563
425,466
425,597
425,583
425,579
425,481
425,578
425,477
425,574
425,561
425,565
425,468
425,531
425,434
425,433
425,596
425,496
425,593
425,493
425,590
425,587
425,488
425,585
425,571
425,569
425,562
425,556
425,546
425,536
425,533
425,529
425,521
425,566
425,519
425,516
425,553
425,498
425,440
425,537
425,443
425,582
425,485
425,458
425,479
425,550
425,558
425,534
425,572
425,478
425,450
425,513
426,588
426,461
426,582
426,522
426,441
426,447
426,544
426,456
426,563
426,549
426,452
426,489
426,541
426,503
426,451
426,554
426,496
426,493
426,597
426,579
426,480
426,438
426,531
426,434
426,564
426,559
426,536
426,532
426,529
426,430
426,573
426,526
426,525
426,570
426,515
426,513
426,542
426,592
426,495
426,510
426,528
426,458
426,454
426,502
426,596
426,449
426,498
426,569
426,436
426,580
426,483
426,539
426,492
426,494
426,594
426,540
426,446
426,471
427,591
427,482
427,522
427,441
427,527
427,476
427,477
427,518
427,493
427,501
427,466
427,561
427,560
427,507
427,597
427,500
427,589
427,488
427,585
427,474
427,571
427,564
427,445
427,542
427,531
427,434
427,528
427,510
427,529
427,475
427,472
427,516
427,469
427,559
427,465
427,457
427,534
427,440
427,546
427,499
427,429
427,556
427,509
427,557
427,460
427,511
427,471
427,454
428,462
428,502
428,522
428,598
428,541
428,595
428,584
428,574
428,560
428,480
428,535
428,438
428,433
428,506
428,593
428,590
428,589
428,586
428,570
428,569
428,568
428,558
428,542
428,529
428,526
428,525
428,521
428,516
428,505
428,499
428,497
428,592
428,495
428,576
428,479
428,475
428,474
428,566
428,469
428,458
428,442
428,436
428,435
429,588
429,461
429,549
429,591
429,511
429,599
429,456
429,490
429,489
429,541
429,477
429,473
429,451
429,514
429,501
429,583
429,561
429,496
429,593
429,592
429,581
429,571
429,568
429,533
429,532
429,527
429,430
429,519
429,515
429,462
429,559
429,512
429,508
429,498
429,537
429,488
429,585
429,483
429,525
429,475
429,564
429,467
429,554
429,457
429,557
429,460
429,556
429,431
429,575
429,478
429,454
429,500
429,450
429,521
429,449
429,448
429,552
429,539
429,492
429,445
429,543
429,446
430,582
430,548
430,432
430,522
430,441
430,447
430,544
430,541
430,595
430,503
430,439
430,502
430,496
430,580
430,466
430,579
430,507
430,583
430,486
430,434
430,585
430,484
430,581
430,459
430,556
430,555
430,547
430,573
430,526
430,472
430,569
430,521
430,516
430,505
430,504
430,537
430,587
430,431
430,528
430,460
430,489
430,586
430,492
430,445
430,513
430,558
430,477
430,574
430,572
430,525
430,452
430,455
430,506
430,594
430,497
430,597
430,500
430,517
430,470
431,447
431,488
431,582
431,432
431,523
431,477
431,501
431,563
431,466
431,583
431,565
431,561
431,597
431,500
431,487
431,438
431,530
431,433
431,593
431,592
431,589
431,562
431,559
431,558
431,536
431,528
431,509
431,525
431,478
431,521
431,474
431,472
431,467
431,453
431,550
431,469
431,540
431,446
431,483
431,436
431,435
431,455
431,573
431,546
431,596
431,499
431,570
431,471
431,508
431,527
432,461
432,488
432,463
432,560
432,597
432,500
432,583
432,486
432,480
432,438
432,527
432,589
432,587
432,586
432,572
432,564
432,562
432,553
432,502
432,496
432,519
432,516
432,515
432,512
432,576
432,479
432,478
432,474
432,447
432,544
432,472
432,471
432,567
432,470
432,464
432,557
432,460
432,598
432,501
432,551
432,454
432,450
432,448
432,445
432,443
432,442
432,534
432,437
432,435
432,523
432,505
432,499
433,463
433,599
433,482
433,598
433,523
433,544
433,456
433,452
433,2388
433,489
433,535
433,503
433,476
433,473
433,451
433,554
433,518
433,493
433,444
433,466
433,583
433,561
433,594
433,500
433,468
433,585
433,458
433,555
433,526
433,521
433,516
433,509
433,504
433,449
433,546
433,499
433,484
433,595
433,498
433,475
433,557
433,460
433,550
433,455
433,571
433,436
433,519
433,435
433,542
433,487
433,440
433,514
434,582
434,548
434,511
434,447
434,544
434,452
434,476
434,439
434,531
434,481
434,565
434,500
434,584
434,487
434,535
434,438
434,585
434,564
434,562
434,555
434,456
434,553
434,527
434,558
434,510
434,498
434,504
434,457
434,576
434,479
434,587
434,543
434,446
434,442
434,539
434,445
434,581
434,534
434,440
434,435
434,570
434,566
434,449
434,523
434,589
435,461
435,447
435,502
435,522
435,523
435,459
435,563
435,527
435,2388
435,541
435,476
435,493
435,579
435,477
435,574
435,561
435,520
435,500
435,487
435,438
435,589
435,586
435,577
435,571
435,562
435,555
435,552
435,453
435,550
435,593
435,546
435,540
435,440
435,537
435,536
435,533
435,526
435,568
435,521
435,513
435,510
435,451
435,454
435,591
435,494
435,507
435,504
435,528
435,531
435,578
435,516
435,469
435,553
435,525
435,592
435,595
435,498
435,581
435,450
436,441
436,538
436,490
436,541
436,473
436,584
436,531
436,496
436,493
436,557
436,583
436,500
436,438
436,480
436,577
436,474
436,571
436,564
436,556
436,445
436,542
436,484
436,581
436,534
436,558
436,497
436,578
436,512
436,465
436,510
436,456
436,553
436,539
436,476
436,573
436,479
436,550
436,555
436,596
436,547
436,598
436,552
437,461
437,575
437,482
437,599
437,502
437,598
437,523
437,524
437,456
437,527
437,541
437,554
437,481
437,578
437,561
437,545
437,530
437,593
437,474
437,571
437,559
437,556
437,555
437,443
437,540
437,534
437,533
437,438
437,532
437,472
437,569
437,465
437,562
437,515
437,513
437,504
437,473
437,570
437,495
437,494
437,471
437,479
437,455
437,514
437,439
437,536
437,442
438,588
438,462
438,488
438,544
438,459
438,456
438,538
438,489
438,548
438,451
438,554
438,557
438,444
438,598
438,501
438,574
438,563
438,466
438,442
438,539
438,581
438,534
438,513
438,479
438,599
438,500
438,547
438,450
438,495
438,498
438,545
438,448
438,490
438,587
438,543
438,446
438,439
438,536
438,529
438,528
438,578
438,475
438,572
438,518
438,555
439,548
439,598
439,523
439,2388
439,489
439,595
439,477
439,584
439,514
439,486
439,580
439,587
439,581
439,573
439,568
439,566
439,564
439,556
439,555
439,539
439,532
439,496
439,515
439,510
439,596
439,499
439,495
439,591
439,494
439,492
439,588
439,491
439,475
439,463
439,560
439,534
439,599
439,502
440,582
440,523
440,506
440,557
440,477
440,574
440,463
440,560
440,507
440,584
440,487
440,486
440,468
440,581
440,577
440,474
440,571
440,567
440,564
440,461
440,558
440,550
440,541
440,444
440,536
440,533
440,532
440,531
440,515
440,501
440,595
440,498
440,478
440,512
440,465
440,556
440,551
440,454
440,569
440,504
440,446
440,508
440,448
440,522
441,588
441,488
441,535
441,579
441,530
441,518
441,544
441,577
441,576
441,459
441,556
441,552
441,508
441,504
441,499
441,557
441,492
441,473
441,543
441,471
441,457
441,563
441,584
441,443
441,533
441,529
441,524
441,507
442,588
442,549
442,447
442,488
442,591
442,599
442,522
442,527
442,490
442,2388
442,503
442,493
442,514
442,501
442,578
442,574
442,463
442,560
442,551
442,530
442,487
442,593
442,577
442,571
442,547
442,534
442,526
442,519
442,512
442,461
442,558
442,509
442,575
442,478
442,455
442,451
442,528
442,513
442,533
442,570
442,541
442,444
442,594
442,589
442,542
442,595
442,562
442,550
442,543
442,446
443,461
443,549
443,447
443,544
443,506
443,476
443,554
443,531
443,557
443,514
443,541
443,444
443,466
443,579
443,530
443,520
443,507
443,500
443,480
443,593
443,586
443,585
443,576
443,562
443,559
443,553
443,550
443,513
443,510
443,509
443,502
443,594
443,497
443,491
443,587
443,532
443,485
443,578
443,508
443,458
443,475
443,546
443,596
443,499
443,494
443,581
443,484
443,564
443,467
443,515
443,495
443,2388
443,448
443,516
443,469
443,540
443,446
444,582
444,599
444,538
444,527
444,490
444,506
444,595
444,476
444,584
444,531
444,518
444,579
444,574
444,500
444,486
444,586
444,577
444,568
444,558
444,534
444,532
444,529
444,528
444,526
444,516
444,515
444,593
444,499
444,483
444,472
444,469
444,561
444,464
444,457
444,455
444,446
444,539
444,511
445,582
445,591
445,490
445,2388
445,595
445,473
445,557
445,597
445,579
445,578
445,561
445,530
445,583
445,486
445,593
445,589
445,586
445,581
445,576
445,572
445,567
445,566
445,462
445,559
445,558
445,556
445,451
445,540
445,536
445,529
445,526
445,513
445,510
445,509
445,508
445,501
445,491
445,525
445,478
445,564
445,467
445,458
445,552
445,455
445,569
445,472
445,596
445,499
445,449
445,547
445,550
445,521
445,474
445,452
445,507
445,531
445,580
445,483
446,461
446,462
446,453
446,488
446,582
446,591
446,524
446,459
446,538
446,554
446,518
446,496
446,557
446,580
446,594
446,583
446,530
446,507
446,597
446,500
446,468
446,596
446,592
446,587
446,581
446,572
446,562
446,526
446,516
446,513
446,509
446,508
446,552
446,505
446,540
446,590
446,589
446,492
446,579
446,470
446,467
446,561
446,464
446,506
446,595
446,498
446,545
446,448
446,536
446,560
446,535
446,502
446,525
446,575
446,478
446,547
446,573
447,588
447,477
447,451
447,548
447,577
447,569
447,566
447,538
447,553
447,533
447,526
447,525
447,515
447,508
447,591
447,476
447,496
447,593
447,492
447,463
447,479
447,570
447,473
447,474
447,585
447,488
447,564
447,467
447,562
447,465
447,464
447,554
447,546
447,449
447,448
447,532
447,587
447,490
447,582
447,523
447,511
447,510
447,501
447,498
448,588
448,461
448,462
448,463
448,541
448,473
448,584
448,554
448,557
448,580
448,594
448,482
448,579
448,545
448,565
448,468
448,590
448,586
448,567
448,525
448,569
448,504
448,578
448,526
448,576
448,479
448,477
448,574
448,465
448,561
448,464
448,553
448,552
448,455
448,454
448,537
448,585
448,538
448,449
448,546
448,458
448,555
448,508
448,500
448,505
448,592
448,495
449,588
449,488
449,582
449,599
449,482
449,563
449,452
449,506
449,473
449,584
449,451
449,514
449,580
449,561
449,507
449,593
449,577
449,572
449,474
449,571
449,566
449,564
449,562
449,553
449,533
449,526
449,516
449,508
449,499
449,497
449,537
449,460
449,568
449,498
449,598
449,501
449,539
449,542
449,550
449,591
449,494
449,495
449,545
450,453
450,488
450,591
450,502
450,523
450,524
450,544
450,459
450,595
450,481
450,594
450,565
450,560
450,520
450,487
450,480
450,593
450,592
450,589
450,559
450,587
450,540
450,586
450,539
450,536
450,526
450,467
450,564
450,517
450,511
450,505
450,521
450,474
450,571
450,477
450,574
450,451
450,454
450,547
450,491
450,519
450,533
450,504
450,522
450,598
450,501
450,528
451,588
451,575
451,599
451,482
451,459
451,563
451,538
451,503
451,584
451,481
451,574
451,561
451,551
451,520
451,597
451,535
451,501
451,590
451,587
451,585
451,577
451,573
451,568
451,559
451,533
451,531
451,521
451,505
451,497
451,494
451,589
451,492
451,485
451,484
451,580
451,483
451,570
451,472
451,552
451,455
451,554
451,542
451,539
451,532
451,517
451,512
451,510
451,504
452,549
452,463
452,563
452,597
452,595
452,574
452,477
452,583
452,486
452,527
452,514
452,587
452,576
452,573
452,570
452,568
452,562
452,525
452,513
452,510
452,504
452,499
452,494
452,485
452,544
452,470
452,561
452,464
452,460
452,555
452,458
452,454
452,585
452,487
452,584
452,519
452,511
452,503
452,598
452,501
453,549
453,2388
453,535
453,579
453,578
453,487
453,527
453,589
453,587
453,570
453,562
453,558
453,550
453,542
453,506
453,534
453,531
453,521
453,508
453,476
453,593
453,495
453,491
453,569
453,472
453,471
453,469
453,561
453,464
453,460
453,598
453,501
453,456
453,554
453,543
454,548
454,591
454,463
454,511
454,544
454,527
454,506
454,476
454,584
454,554
454,514
454,598
454,501
454,583
454,481
454,578
454,574
454,551
454,586
454,493
454,590
454,488
454,585
454,558
454,555
454,455
454,552
454,539
454,537
454,513
454,499
454,474
454,464
454,557
454,460
454,475
454,572
454,525
454,478
454,576
454,520
454,471
454,589
454,2388
454,495
454,469
455,461
455,488
455,591
455,522
455,523
455,476
455,473
455,531
455,543
455,481
455,466
455,501
455,594
455,574
455,561
455,507
455,487
455,596
455,593
455,589
455,587
455,480
455,577
455,576
455,566
455,559
455,537
455,529
455,509
455,540
455,485
455,458
455,545
455,536
455,533
455,550
455,517
455,470
455,525
455,526
455,588
455,491
455,562
455,516
455,475
456,588
456,488
456,548
456,511
456,481
456,579
456,574
456,551
456,503
456,535
456,530
456,501
456,592
456,577
456,576
456,559
456,493
456,540
456,536
456,532
456,496
456,529
456,528
456,476
456,498
456,492
456,478
456,475
456,544
456,471
456,560
456,555
456,458
456,457
456,584
456,533
456,526
456,507
456,504
457,462
457,488
457,582
457,548
457,511
457,482
457,544
457,556
457,459
457,520
457,527
457,535
457,490
457,487
457,584
457,554
457,565
457,466
457,560
457,473
457,543
457,562
457,2388
457,555
457,542
457,484
457,526
457,505
457,551
457,504
457,541
457,494
457,539
457,492
457,588
457,491
457,497
457,474
457,478
457,550
457,481
457,577
457,483
457,532
458,461
458,488
458,582
458,463
458,459
458,563
458,527
458,541
458,584
458,518
458,496
458,493
458,543
458,580
458,579
458,481
458,578
458,473
458,570
458,557
458,460
458,550
458,540
458,534
458,576
458,529
458,573
458,526
458,521
458,516
458,509
458,505
458,501
458,546
458,497
458,495
458,592
458,542
458,467
458,519
458,523
459,582
459,502
459,522
459,598
459,523
459,551
459,500
459,514
459,487
459,486
459,565
459,468
459,527
459,589
459,581
459,576
459,568
459,461
459,558
459,553
459,546
459,540
459,529
459,513
459,508
459,476
459,494
459,473
459,572
459,475
459,474
459,472
459,566
459,469
459,465
459,460
459,547
459,532
459,587
459,490
459,511
459,510
459,497
460,588
460,488
460,502
460,598
460,544
460,490
460,506
460,476
460,554
460,493
460,514
460,561
460,545
460,520
460,487
460,486
460,489
460,586
460,577
460,576
460,547
460,540
460,536
460,533
460,526
460,516
460,555
460,508
460,497
460,484
460,483
460,529
460,481
460,578
460,571
460,527
460,551
460,517
460,470
460,467
460,465
460,524
460,510
461,530
461,595
461,468
461,598
461,590
461,587
461,577
461,572
461,538
461,462
461,559
461,558
461,553
461,547
461,496
461,509
461,505
461,476
461,495
461,494
461,580
461,541
461,463
461,479
461,478
461,488
461,470
461,465
461,529
461,487
461,584
461,543
461,485
461,582
462,588
462,594
462,579
462,597
462,507
462,595
462,477
462,487
462,520
462,535
462,587
462,586
462,585
462,577
462,576
462,564
462,538
462,555
462,553
462,537
462,532
462,528
462,521
462,517
462,516
462,512
462,505
462,504
462,596
462,499
462,483
462,560
462,463
462,473
462,475
462,472
462,470
462,566
462,469
462,562
462,465
462,561
462,464
462,511
462,501
462,563
462,2388
462,542
462,526
462,485
462,582
462,523
462,503
463,488
463,548
463,599
463,574
463,520
463,514
463,468
463,518
463,466
463,544
463,530
463,587
463,586
463,569
463,568
463,538
463,562
463,493
463,546
463,528
463,525
463,510
463,509
463,594
463,497
463,492
463,484
463,478
463,571
463,474
463,469
463,555
463,529
464,599
464,490
464,549
464,481
464,563
464,466
464,590
464,571
464,472
464,569
464,547
464,533
464,482
464,579
464,532
464,528
464,526
464,517
464,515
464,509
464,596
464,567
464,467
464,465
464,484
464,555
464,598
464,501
464,592
464,539
464,492
464,491
464,504
464,550
464,506
465,591
465,522
465,598
465,563
465,565
465,592
465,517
465,515
465,504
465,537
465,485
465,525
465,478
465,569
465,475
465,514
465,529
465,593
465,581
465,534
465,511
465,571
465,477
465,574
465,510
465,590
466,548
466,599
466,541
466,506
466,500
466,584
466,487
466,480
466,468
466,530
466,490
466,587
466,576
466,570
466,569
466,566
466,562
466,558
466,539
466,532
466,525
466,516
466,515
466,499
466,498
466,594
466,497
466,590
466,483
466,482
466,579
466,573
466,561
466,552
466,509
467,575
467,482
467,502
467,527
467,2388
467,535
467,476
467,518
467,594
467,578
467,477
467,574
467,583
467,486
467,468
467,590
467,487
467,576
467,571
467,471
467,568
467,562
467,555
467,528
467,519
467,510
467,542
467,495
467,484
467,577
467,580
467,483
467,543
467,550
467,505
467,561
468,588
468,548
468,523
468,544
468,595
468,477
468,473
468,518
468,493
468,557
468,501
468,579
468,578
468,561
468,560
468,520
468,486
468,495
468,592
468,562
468,597
468,500
468,547
468,532
468,529
468,525
468,559
468,512
468,577
468,483
468,587
468,555
468,522
468,475
468,546
468,499
468,517
468,470
468,471
468,542
469,482
469,522
469,563
469,538
469,489
469,506
469,578
469,574
469,565
469,561
469,530
469,507
469,487
469,496
469,593
469,493
469,590
469,587
469,577
469,473
469,570
469,542
469,540
469,526
469,517
469,539
469,492
469,585
469,491
469,553
469,556
469,576
469,529
469,474
469,515
469,518
469,558
469,546
469,499
469,519
469,472
469,597
469,498
469,594
470,548
470,511
470,523
470,524
470,563
470,489
470,535
470,476
470,473
470,584
470,518
470,493
470,514
470,583
470,520
470,574
470,480
470,496
470,593
470,555
470,529
470,528
470,516
470,556
470,509
470,598
470,501
470,498
470,580
470,483
470,572
470,575
470,478
470,547
470,533
470,538
470,587
470,540
470,472
470,471
471,582
471,511
471,2388
471,535
471,477
471,557
471,594
471,596
471,570
471,546
471,540
471,533
471,576
471,529
471,519
471,513
471,555
471,508
471,495
471,475
471,585
471,588
471,491
471,530
471,577
471,483
471,501
471,521
471,504
472,582
472,575
472,523
472,489
472,535
472,503
472,473
472,598
472,501
472,578
472,2388
472,545
472,530
472,486
472,566
472,562
472,556
472,548
472,540
472,536
472,508
472,495
472,564
472,533
472,483
472,568
472,571
472,527
472,516
472,553
472,561
472,512
472,497
472,500
472,479
472,504
472,588
472,491
472,539
473,522
473,523
473,563
473,527
473,541
473,535
473,476
473,578
473,561
473,560
473,551
473,500
473,518
473,598
473,501
473,493
473,590
473,581
473,570
473,556
473,553
473,539
473,531
473,521
473,517
473,516
473,513
473,510
473,593
473,495
473,483
473,479
473,571
473,474
473,546
473,534
473,526
473,520
473,497
474,582
474,591
474,482
474,502
474,522
474,544
474,538
474,535
474,503
474,477
474,531
474,518
474,543
474,481
474,565
474,530
474,487
474,486
474,480
474,596
474,593
474,586
474,585
474,476
474,573
474,567
474,556
474,510
474,542
474,495
474,571
474,546
474,539
474,497
474,568
474,516
474,517
474,498
474,534
474,580
474,483
474,555
474,508
474,511
474,505
475,588
475,488
475,522
475,544
475,563
475,490
475,541
475,503
475,531
475,496
475,543
475,501
475,481
475,583
475,520
475,507
475,500
475,567
475,566
475,559
475,556
475,550
475,517
475,505
475,504
475,595
475,498
475,497
475,495
475,540
475,492
475,484
475,483
475,529
475,528
475,560
475,526
475,479
475,537
475,511
475,570
476,549
476,582
476,548
476,511
476,502
476,523
476,544
476,563
476,490
476,2388
476,506
476,535
476,579
476,578
476,500
476,480
476,530
476,586
476,488
476,585
476,573
476,558
476,555
476,493
476,536
476,521
476,513
476,509
476,499
476,492
476,483
476,570
476,543
476,554
476,584
476,520
476,510
476,503
476,501
476,595
476,498
477,575
477,599
477,523
477,538
477,489
477,541
477,535
477,503
477,594
477,481
477,579
477,561
477,560
477,551
477,530
477,500
477,487
477,565
477,493
477,598
477,501
477,581
477,576
477,559
477,558
477,555
477,549
477,534
477,533
477,496
477,525
477,573
477,505
477,495
477,543
477,2388
477,517
478,582
478,541
478,535
478,531
478,565
478,545
478,520
478,593
478,585
478,577
478,570
478,568
478,562
478,555
478,521
478,513
478,576
478,479
478,510
478,509
478,590
478,492
478,546
478,599
478,558
478,519
478,597
478,495
479,488
479,582
479,523
479,541
479,518
479,496
479,514
479,579
479,565
479,560
479,500
479,487
479,596
479,592
479,589
479,490
479,587
479,571
479,568
479,558
479,550
479,546
479,537
479,536
479,534
479,533
479,529
479,526
479,562
479,515
479,513
479,509
479,553
479,531
479,566
479,519
479,569
479,494
479,483
479,552
479,505
479,491
479,516
479,497
479,493
479,590
480,482
480,522
480,490
480,541
480,506
480,531
480,557
480,561
480,560
480,593
480,493
480,590
480,534
480,528
480,525
480,499
480,586
480,492
480,585
480,484
480,555
480,508
480,497
480,513
480,577
480,518
480,485
480,556
480,517
480,520
480,495
481,591
481,523
481,527
481,541
481,518
481,493
481,543
481,580
481,578
481,560
481,487
481,592
481,489
481,586
481,488
481,585
481,576
481,566
481,564
481,542
481,539
481,533
481,528
481,525
481,519
481,515
481,513
481,512
481,492
481,582
481,485
481,581
481,484
481,557
481,556
481,554
481,534
482,575
482,578
482,560
482,507
482,514
482,518
482,544
482,592
482,527
482,573
482,562
482,558
482,522
482,555
482,590
482,493
482,506
482,532
482,528
482,515
482,593
482,492
482,580
482,541
482,485
482,571
482,566
482,564
482,534
482,511
482,509
482,508
482,505
482,597
482,595
482,498
483,549
483,591
483,502
483,544
483,538
483,527
483,518
483,496
483,493
483,543
483,541
483,561
483,487
483,484
483,581
483,577
483,571
483,553
483,542
483,596
483,499
483,491
483,490
483,587
483,485
483,526
483,521
483,560
483,589
483,492
483,520
483,570
483,512
483,519
483,508
483,556
483,554
484,575
484,584
484,548
484,514
484,560
484,586
484,566
484,559
484,556
484,596
484,521
484,515
484,510
484,498
484,508
484,504
484,490
484,587
484,529
484,528
484,553
484,569
484,594
484,497
485,591
485,511
485,523
485,544
485,527
485,535
485,493
485,557
485,574
485,545
485,530
485,520
485,507
485,592
485,587
485,573
485,568
485,556
485,548
485,540
485,534
485,526
485,569
485,522
485,552
485,505
485,559
485,512
485,550
485,506
485,510
485,560
485,595
485,498
485,501
485,566
485,519
485,594
485,497
485,597
485,500
485,529
485,553
485,589
485,492
486,544
486,531
486,578
486,574
486,551
486,520
486,592
486,558
486,542
486,562
486,515
486,492
486,566
486,536
487,488
487,591
487,511
487,544
487,549
487,2388
487,595
487,561
487,551
487,520
487,586
487,567
487,559
487,533
487,519
487,564
487,517
487,513
487,493
487,590
487,492
487,526
487,536
487,504
487,531
487,525
487,556
487,503
487,499
488,579
488,578
488,507
488,597
488,500
488,548
488,575
488,567
488,564
488,493
488,542
488,540
488,536
488,533
488,510
488,573
488,593
488,495
488,491
488,541
488,501
488,546
488,528
488,523
488,508
489,588
489,583
489,597
489,595
489,574
489,518
489,538
489,530
489,585
489,573
489,559
489,558
489,555
489,547
489,546
489,536
489,534
489,529
489,528
489,519
489,509
489,593
489,550
489,554
489,527
489,504
490,548
490,522
490,503
490,595
490,514
490,587
490,586
490,577
490,570
490,568
490,566
490,559
490,558
490,555
490,553
490,547
490,537
490,531
490,505
490,496
490,593
490,499
490,495
490,581
490,576
490,533
490,526
490,517
490,502
490,597
491,588
491,527
491,506
491,544
491,584
491,531
491,493
491,557
491,543
491,579
491,561
491,576
491,572
491,571
491,546
491,540
491,534
491,553
491,556
491,591
491,494
491,558
491,551
491,596
491,515
491,586
491,539
491,589
491,492
492,549
492,599
492,598
492,595
492,544
492,560
492,507
492,500
492,592
492,590
492,589
492,586
492,581
492,571
492,562
492,553
492,546
492,536
492,526
492,521
492,566
492,519
492,512
492,510
492,588
492,533
492,525
492,567
492,556
492,577
492,550
492,561
493,549
493,591
493,544
493,563
493,527
493,554
493,496
493,578
493,561
493,560
493,545
493,530
493,590
493,589
493,577
493,570
493,569
493,559
493,556
493,546
493,536
493,525
493,513
493,512
493,498
493,495
493,579
493,574
493,567
493,555
493,533
493,532
493,523
493,522
493,499
494,582
494,563
494,527
494,557
494,501
494,579
494,565
494,589
494,577
494,570
494,566
494,559
494,556
494,552
494,550
494,539
494,536
494,534
494,517
494,516
494,553
494,497
494,510
494,560
494,537
494,533
494,546
494,562
494,518
494,499
495,549
495,582
495,591
495,511
495,522
495,544
495,506
495,557
495,543
495,580
495,501
495,579
495,561
495,560
495,596
495,496
495,593
495,586
495,581
495,566
495,562
495,547
495,536
495,529
495,517
495,516
495,512
495,555
495,508
495,521
495,569
495,565
495,509
495,542
495,538
495,572
496,575
496,598
496,563
496,538
496,541
496,535
496,531
496,579
496,578
496,565
496,570
496,564
496,537
496,532
496,529
496,528
496,593
496,580
496,566
496,556
496,555
496,522
496,512
496,502
496,498
497,522
497,541
497,583
497,520
497,592
497,576
497,563
497,586
497,539
497,528
497,532
497,582
497,556
497,505
497,555
497,554
497,507
497,557
497,508
497,503
497,546
498,502
498,544
498,527
498,506
498,557
498,514
498,598
498,501
498,594
498,583
498,565
498,507
498,592
498,587
498,576
498,556
498,504
498,574
498,568
498,521
498,528
498,578
498,523
498,564
498,519
498,562
498,515
498,547
499,582
499,548
499,575
499,527
499,2388
499,531
499,543
499,541
499,579
499,507
499,589
499,576
499,567
499,550
499,538
499,519
499,510
499,530
499,592
499,515
499,518
499,572
499,521
499,570
499,555
499,508
500,549
500,523
500,595
500,503
500,557
500,578
500,535
500,507
500,581
500,531
500,516
500,510
500,508
500,505
500,504
500,589
500,519
500,562
500,543
500,577
500,528
500,558
500,514
501,511
501,544
501,563
501,538
501,557
501,597
501,583
501,530
501,520
501,565
501,514
501,589
501,586
501,558
501,540
501,533
501,521
501,517
501,516
501,515
501,513
501,592
501,591
501,569
501,561
501,552
501,551
501,539
501,537
501,526
501,524
501,504
502,575
502,561
502,527
502,572
502,566
502,556
502,555
502,553
502,506
502,537
502,536
502,521
502,519
502,505
502,541
502,525
502,571
502,544
502,563
502,554
502,532
502,529
502,598
502,597
503,588
503,575
503,599
503,598
503,595
503,583
503,2388
503,545
503,507
503,574
503,570
503,568
503,562
503,559
503,558
503,556
503,552
503,550
503,542
503,534
503,533
503,532
503,528
503,596
503,512
503,593
503,572
503,584
503,539
503,520
503,594
504,524
504,541
504,548
504,580
504,583
504,587
504,586
504,566
504,555
504,539
504,525
504,515
504,595
504,519
504,569
504,561
504,556
504,545
504,550
504,508
504,572
504,546
505,522
505,598
505,523
505,544
505,535
505,531
505,557
505,578
505,530
505,507
505,596
505,592
505,587
505,586
505,581
505,577
505,566
505,554
505,539
505,517
505,562
505,515
505,550
505,582
505,521
505,567
505,547
505,597
506,524
506,544
506,2388
506,535
506,574
506,560
506,520
506,563
506,580
506,589
506,587
506,567
506,559
506,558
506,553
506,536
506,596
506,593
506,556
506,540
506,527
506,599
507,548
507,544
507,554
507,557
507,514
507,580
507,583
507,560
507,520
507,564
507,562
507,555
507,533
507,525
507,517
507,508
507,597
507,532
507,582
507,572
507,570
507,550
507,596
507,540
507,539
507,589
507,512
508,588
508,549
508,582
508,544
508,535
508,584
508,583
508,561
508,530
508,590
508,586
508,567
508,562
508,558
508,550
508,539
508,533
508,525
508,517
508,581
508,580
508,557
508,596
508,545
508,540
508,526
508,546
508,543
509,582
509,548
509,591
509,584
509,563
509,574
509,551
509,596
509,593
509,590
509,581
509,577
509,566
509,559
509,585
509,542
509,529
509,564
509,517
509,558
509,550
509,569
509,521
509,586
509,536
509,556
509,597
510,527
510,535
510,543
510,574
510,560
510,530
510,520
510,593
510,571
510,569
510,552
510,526
510,519
510,546
510,596
510,582
510,572
510,515
510,539
510,589
510,528
510,537
510,557
510,529
511,599
511,561
511,560
511,545
511,527
511,585
511,570
511,559
511,522
511,555
511,536
511,534
511,533
511,529
511,516
511,512
511,573
511,593
511,557
511,543
511,568
511,562
511,584
512,588
512,591
512,598
512,563
512,527
512,541
512,557
512,597
512,545
512,530
512,586
512,585
512,576
512,573
512,572
512,568
512,556
512,537
512,533
512,516
512,550
512,566
512,553
512,555
512,560
512,581
512,542
512,589
512,594
513,591
513,563
513,541
513,597
513,545
513,590
513,558
513,552
513,526
513,576
513,572
513,539
513,529
513,532
513,565
513,547
513,561
513,593
514,548
514,575
514,524
514,2388
514,594
514,561
514,590
514,587
514,577
514,573
514,558
514,542
514,519
514,581
514,562
514,557
514,526
515,599
515,524
515,544
515,527
515,535
515,584
515,557
515,597
515,594
515,551
515,545
515,530
515,520
515,556
515,539
515,521
515,517
515,596
515,592
515,547
515,537
515,553
515,589
516,582
516,523
516,544
516,531
516,563
516,594
516,579
516,565
516,520
516,590
516,586
516,577
516,534
516,559
516,526
516,543
516,537
516,550
516,530
516,527
516,568
516,595
517,588
517,582
517,575
517,522
517,523
517,524
517,2388
517,541
517,530
517,587
517,576
517,569
517,567
517,532
517,525
517,519
517,555
517,542
517,592
517,590
517,534
517,579
517,578
517,561
517,562
517,559
517,526
518,588
518,582
518,538
518,527
518,554
518,579
518,560
518,597
518,590
518,577
518,573
518,569
518,568
518,540
518,539
518,537
518,557
518,580
518,576
518,556
518,555
518,595
519,548
519,591
519,563
519,2388
519,554
519,557
519,579
519,551
519,581
519,572
519,569
519,567
519,562
519,553
519,533
519,529
519,521
519,537
519,584
519,582
519,556
519,575
519,576
520,588
520,591
520,522
520,563
520,531
520,597
520,578
520,2388
520,545
520,593
520,589
520,581
520,555
520,552
520,542
520,558
520,582
520,553
520,547
520,575
520,569
521,588
521,549
521,523
521,524
521,544
521,531
521,543
521,583
521,565
521,581
521,569
521,568
521,558
521,547
521,589
521,580
521,586
521,529
521,527
521,566
521,522
521,546
521,596
522,549
522,551
522,545
522,530
522,586
522,585
522,581
522,577
522,573
522,556
522,555
522,536
522,534
522,580
522,582
522,543
522,572
522,584
522,587
522,599
523,548
523,599
523,535
523,583
523,592
523,527
523,587
523,586
523,568
523,562
523,559
523,558
523,556
523,550
523,533
523,529
523,596
523,593
523,557
523,584
524,588
524,549
524,582
524,599
524,535
524,2388
524,545
524,592
524,590
524,589
524,585
524,568
524,566
524,538
524,552
524,539
524,532
524,596
524,531
524,563
524,554
525,598
525,544
525,531
525,580
525,563
525,593
525,590
525,577
525,552
525,584
525,527
525,543
525,576
525,539
525,589
525,555
525,545
526,548
526,591
526,544
526,541
526,579
526,596
526,587
526,586
526,569
526,567
526,564
526,559
526,553
526,550
526,534
526,533
526,582
526,561
526,557
526,543
527,599
527,2388
527,579
527,530
527,589
527,586
527,581
527,573
527,571
527,568
527,566
527,558
527,546
527,542
527,540
527,537
527,536
527,531
527,596
527,588
527,570
527,569
527,564
527,551
527,529
528,548
528,598
528,2388
528,584
528,531
528,557
528,580
528,551
528,593
528,590
528,568
528,559
528,555
528,550
528,534
528,547
528,595
528,577
528,546
528,536
528,586
528,594
528,535
528,564
529,544
529,538
529,599
529,597
529,594
529,583
529,545
529,596
529,577
529,573
529,570
529,569
529,556
529,537
529,586
529,581
529,576
529,565
529,532
529,535
529,560
530,549
530,575
530,538
530,595
530,584
530,594
530,583
530,579
530,578
530,551
530,545
530,585
530,556
530,555
530,540
530,536
530,586
530,564
530,562
530,558
531,582
531,535
531,554
531,594
531,574
531,551
531,2388
531,545
531,597
531,580
531,589
531,586
531,585
531,570
531,569
531,556
531,555
531,550
531,539
531,536
531,534
531,573
531,593
531,557
531,571
531,537
532,599
532,598
532,557
532,561
532,596
532,592
532,590
532,587
532,542
532,586
532,539
532,574
532,537
532,583
532,581
532,553
532,543
533,582
533,595
533,554
533,543
533,579
533,565
533,551
533,545
533,592
533,564
533,555
533,537
533,585
533,536
533,534
533,599
533,546
534,575
534,2388
534,554
534,580
534,597
534,561
534,560
534,596
534,589
534,581
534,569
534,547
534,539
534,553
534,590
534,587
534,552
534,535
534,588
534,571
535,541
535,595
535,594
535,565
535,590
535,589
535,548
535,577
535,576
535,572
535,558
535,550
535,547
535,546
535,573
535,582
535,575
535,570
535,569
535,568
535,543
535,599
536,588
536,548
536,538
536,554
536,565
536,561
536,545
536,590
536,581
536,572
536,570
536,569
536,562
536,550
536,578
536,576
536,556
536,553
536,584
537,563
537,554
537,560
537,592
537,581
537,553
537,547
537,562
537,590
537,2388
538,582
538,594
538,583
538,578
538,551
538,597
538,587
538,573
538,558
538,556
538,546
538,593
538,592
538,585
538,545
539,549
539,582
539,575
539,544
539,584
539,543
539,563
539,589
539,587
539,572
539,564
539,556
539,553
539,550
539,579
539,571
539,569
539,588
539,559
539,594
539,547
539,598
539,546
539,591
540,549
540,541
540,584
540,594
540,578
540,545
540,593
540,589
540,577
540,576
540,562
540,559
540,547
540,542
540,586
540,564
540,599
540,553
541,597
541,574
541,563
541,587
541,573
541,571
541,569
541,568
541,566
541,559
541,546
541,542
541,593
541,557
541,575
541,584
541,595
542,588
542,591
542,584
542,543
542,597
542,596
542,572
542,553
542,578
542,589
542,577
542,562
542,561
542,574
543,591
543,595
543,594
543,578
543,574
543,565
543,545
543,597
543,587
543,577
543,576
543,546
543,585
543,580
543,579
543,570
543,564
543,560
543,555
543,598
544,561
544,560
544,545
544,565
544,585
544,570
544,559
544,558
544,573
544,593
544,580
544,571
544,563
544,547
544,597
545,598
545,584
545,551
545,593
545,589
545,587
545,577
545,566
545,559
545,553
545,550
545,547
545,569
545,558
545,560
546,563
546,584
546,574
546,593
546,572
546,567
546,564
546,559
546,547
546,594
546,588
546,556
546,575
547,588
547,582
547,591
547,575
547,584
547,578
547,590
547,587
547,576
547,571
547,566
547,559
547,553
547,552
547,558
547,561
547,555
547,592
547,567
548,549
548,2388
548,583
548,592
548,590
548,568
548,562
548,558
548,557
548,569
548,553
548,599
549,579
549,560
549,586
549,585
549,581
549,576
549,572
549,571
549,568
549,564
549,562
549,550
549,590
549,557
549,597
549,596
550,575
550,595
550,584
550,557
550,570
550,569
550,568
550,567
550,556
550,554
550,589
550,596
550,594
551,591
551,575
551,594
551,589
551,564
551,555
551,588
551,577
551,562
551,557
551,584
551,560
551,553
552,575
552,599
552,584
552,580
552,598
552,583
552,569
552,560
552,558
552,587
553,575
553,599
553,595
553,594
553,560
553,573
553,572
553,559
553,555
553,579
553,587
553,576
553,580
553,2388
553,569
553,593
554,561
554,560
554,581
554,571
554,569
554,562
554,596
554,580
554,557
554,599
555,584
555,579
555,593
555,576
555,573
555,571
555,592
555,2388
556,575
556,599
556,579
556,578
556,565
556,561
556,593
556,587
556,559
556,591
556,588
556,571
556,569
556,580
557,563
557,598
557,573
557,596
557,588
557,576
557,567
557,592
558,591
558,599
558,579
558,561
558,596
558,593
558,589
558,587
558,586
558,573
558,569
558,568
558,585
558,576
558,566
558,560
559,563
559,580
559,594
559,583
559,573
559,570
559,569
559,566
559,564
559,584
559,585
559,581
559,562
559,579
560,597
560,561
560,569
560,564
560,580
560,562
560,577
560,581
561,582
561,595
561,587
561,576
561,568
561,574
561,2388
561,597
561,566
561,590
561,594
562,582
562,584
562,579
562,593
562,572
562,571
562,595
562,589
562,576
562,565
562,564
562,596
562,586
562,590
562,594
563,588
563,599
563,579
563,565
563,589
563,586
563,568
563,590
563,573
563,584
564,2388
564,580
564,583
564,593
564,592
564,590
564,587
564,586
564,585
564,581
564,576
564,571
564,569
565,584
565,598
565,579
565,578
565,574
565,581
565,569
565,566
565,597
565,580
566,595
566,584
566,599
566,580
566,587
566,577
566,567
566,576
566,578
566,594
566,597
567,582
567,598
567,587
567,577
567,576
567,578
567,596
567,590
567,581
567,569
568,580
568,578
568,581
568,585
568,579
568,582
568,587
568,594
569,588
569,584
569,580
569,589
569,586
569,571
569,582
570,588
570,580
570,571
570,597
570,576
570,591
570,575
570,592
571,599
571,598
571,592
571,587
571,586
571,585
571,588
571,577
572,573
572,586
572,588
573,588
573,2388
573,593
573,586
573,592
573,587
573,577
573,585
574,575
574,584
574,597
574,594
574,579
574,583
574,589
574,581
575,589
575,596
575,584
575,579
575,585
576,591
576,597
576,583
576,579
576,578
576,589
576,581
576,577
576,590
576,588
576,586
576,2388
577,588
577,582
577,587
577,579
577,596
578,588
578,591
578,580
578,592
578,581
578,595
578,2388
579,584
579,583
579,581
579,597
579,599
579,594
580,588
580,598
580,595
580,584
580,2388
581,582
581,595
581,587
581,586
581,585
581,596
582,599
582,597
582,590
582,589
582,587
582,592
582,591
582,584
582,594
583,588
583,584
583,596
583,592
583,589
583,595
584,594
584,586
585,589
585,587
586,591
586,587
586,588
586,594
586,589
587,591
587,599
587,598
587,597
587,589
587,2388
587,595
588,592
588,590
588,591
588,593
588,589
589,599
589,598
589,591
590,599
590,598
591,597
592,598
592,597
592,599
594,597
594,598
596,2388
598,2388
598,599
600,766
600,765
600,725
600,671
600,759
600,734
600,645
600,728
600,631
600,639
600,752
600,655
600,787
600,754
600,781
600,680
600,777
600,771
600,685
600,711
600,614
600,635
600,739
600,735
600,716
600,799
600,721
600,789
600,692
600,723
600,626
600,698
600,688
600,649
600,681
600,615
600,658
600,647
600,737
600,640
600,717
600,620
600,695
600,618
600,617
600,612
600,706
600,797
600,603
600,699
600,796
600,602
601,727
601,716
601,604
601,709
601,746
601,692
601,743
601,744
601,637
601,641
601,738
601,685
601,758
601,693
601,754
601,679
601,636
601,726
601,792
601,788
601,786
601,778
601,760
601,725
601,714
601,686
601,664
601,752
601,653
601,741
601,644
601,699
601,602
601,796
601,780
601,680
601,777
601,674
601,771
601,763
601,659
601,756
601,607
601,651
601,748
601,722
601,698
601,684
601,678
601,609
601,676
601,773
601,632
601,621
601,618
601,732
601,713
601,740
601,643
601,620
601,717
601,751
601,799
601,658
602,784
602,723
602,727
602,716
602,631
602,614
602,660
602,757
602,695
602,652
602,709
602,672
602,615
602,744
602,637
602,613
602,759
602,622
602,677
602,774
602,765
602,760
602,691
602,690
602,664
602,650
602,644
602,611
602,708
602,762
602,780
602,636
602,733
602,732
602,627
602,721
602,657
602,707
602,795
602,698
602,689
602,684
602,678
602,775
602,634
602,681
602,632
602,659
602,643
602,798
602,676
602,773
602,625
602,790
602,618
602,617
602,654
602,699
602,796
602,608
602,720
602,763
603,711
603,623
603,704
603,677
603,692
603,672
603,718
603,782
603,685
603,647
603,729
603,649
603,778
603,667
603,666
603,713
603,710
603,702
603,788
603,691
603,676
603,661
603,645
603,705
603,699
603,793
603,754
603,610
603,707
603,612
603,659
603,771
603,741
603,794
603,624
603,643
603,767
603,617
603,656
603,703
603,728
603,634
604,727
604,619
604,679
604,766
604,755
604,715
604,714
604,713
604,686
604,656
604,645
604,728
604,631
604,623
604,790
604,787
604,673
604,777
604,772
604,796
604,750
604,635
604,739
604,638
604,735
604,798
604,731
604,724
604,696
604,703
604,785
604,688
604,689
604,758
604,781
604,684
604,775
604,678
604,712
604,615
604,749
604,652
604,644
604,741
604,647
604,620
604,725
604,628
604,624
604,746
604,738
604,641
604,660
604,757
604,705
604,608
604,636
604,706
604,698
604,795
605,764
605,727
605,716
605,704
605,677
605,615
605,708
605,641
605,794
605,718
605,655
605,728
605,693
605,729
605,682
605,788
605,760
605,725
605,617
605,714
605,702
605,787
605,690
605,680
605,668
605,765
605,768
605,671
605,715
605,662
605,665
605,656
605,686
605,793
605,771
605,629
605,767
605,646
605,657
605,707
605,684
605,766
605,773
605,778
605,681
605,745
605,651
606,626
606,726
606,778
606,766
606,755
606,752
606,736
606,725
606,702
606,691
606,676
606,666
606,734
606,645
606,794
606,787
606,679
606,776
606,770
606,685
606,797
606,718
606,732
606,724
606,712
606,694
606,758
606,781
606,684
606,648
606,634
607,761
607,631
607,660
607,757
607,652
607,727
607,630
607,708
607,637
607,734
607,693
607,677
607,774
607,687
607,766
607,719
607,713
607,700
607,768
607,671
607,670
607,650
607,646
607,793
607,686
607,783
607,770
607,666
607,763
607,780
607,733
607,724
607,627
607,721
607,698
607,782
607,684
607,740
607,643
607,750
607,703
607,706
607,609
607,773
607,632
607,789
607,712
607,715
607,618
607,722
607,628
607,663
607,714
607,617
607,754
607,657
607,634
607,681
607,776
607,612
607,661
607,705
607,608
608,784
608,723
608,761
608,785
608,744
608,673
608,666
608,622
608,719
608,718
608,671
608,669
608,773
608,676
608,629
608,799
608,699
608,793
608,738
608,644
608,707
608,627
608,721
608,795
608,698
608,789
608,692
608,739
608,646
608,703
608,704
608,657
608,681
608,634
608,632
608,661
608,614
608,685
608,732
608,617
608,615
608,662
608,759
608,618
608,748
609,761
609,706
609,631
609,623
609,709
609,785
609,688
609,615
609,674
609,718
609,685
609,613
609,655
609,649
609,687
609,726
609,747
609,713
609,630
609,758
609,661
609,799
609,702
609,745
609,651
609,645
609,798
609,787
609,763
609,779
609,776
609,753
609,767
609,768
609,624
609,721
609,617
609,703
609,790
609,791
609,697
609,795
609,654
609,692
609,789
609,719
609,635
609,732
609,778
609,731
609,662
610,761
610,704
610,630
610,688
610,672
610,743
610,616
610,637
610,738
610,673
610,742
610,728
610,699
610,726
610,768
610,755
610,725
610,705
610,669
610,753
610,656
610,638
610,799
610,789
610,780
610,775
610,771
610,752
610,749
610,722
610,707
610,632
610,682
610,779
610,797
610,697
610,627
610,721
610,798
610,709
610,612
610,719
610,712
610,689
610,643
610,773
610,667
610,718
610,621
610,787
610,647
610,651
611,794
611,778
611,742
611,745
611,642
611,740
611,736
611,725
611,719
611,737
611,710
611,702
611,680
611,708
611,676
611,671
611,670
611,656
611,650
611,627
611,754
611,772
611,770
611,666
611,763
611,749
611,748
611,791
611,635
611,732
611,731
611,701
611,779
611,682
611,661
611,758
611,615
611,663
611,755
611,658
611,644
611,741
611,625
611,774
611,621
611,618
611,743
611,709
611,612
611,796
612,761
612,630
612,692
612,615
612,696
612,769
612,754
612,729
612,741
612,726
612,786
612,645
612,700
612,671
612,669
612,665
612,749
612,750
612,796
612,724
612,770
612,626
612,661
612,614
612,798
612,651
612,698
612,735
612,663
612,781
612,737
612,640
612,775
612,634
612,675
612,625
612,722
612,650
612,720
613,761
613,737
613,614
613,695
613,652
613,704
613,785
613,746
613,672
613,641
613,633
613,685
613,758
613,768
613,755
613,747
613,740
613,693
613,717
613,705
613,702
613,700
613,675
613,734
613,728
613,793
613,776
613,775
613,770
613,756
613,750
613,748
613,635
613,723
613,626
613,721
613,707
613,779
613,682
613,681
613,764
613,667
613,662
613,751
613,654
613,729
613,632
613,725
613,628
613,621
613,617
613,706
613,699
614,761
614,737
614,706
614,642
614,631
614,639
614,779
614,778
614,765
614,752
614,747
614,719
614,717
614,702
614,687
614,686
614,768
614,671
614,669
614,759
614,656
614,637
614,734
614,645
614,720
614,623
614,710
614,790
614,690
614,787
614,673
614,777
614,675
614,772
614,767
614,756
614,751
614,748
614,718
614,733
614,724
614,712
614,794
614,697
614,795
614,633
614,781
614,684
614,652
614,745
614,648
614,740
614,643
614,616
614,685
614,782
614,771
614,674
614,796
615,619
615,737
615,642
615,760
615,745
615,714
615,784
615,687
615,680
615,668
615,650
615,645
615,638
615,655
615,790
615,787
615,783
615,679
615,776
615,775
615,772
615,767
615,763
615,756
615,751
615,749
615,732
615,731
615,724
615,660
615,757
615,696
615,707
615,701
615,698
615,791
615,694
615,758
615,683
615,667
615,755
615,658
615,782
615,674
615,722
615,625
615,624
615,618
615,641
615,705
615,636
616,727
616,642
616,660
616,757
616,639
616,695
616,709
616,620
616,743
616,710
616,784
616,687
616,690
616,668
616,669
616,666
616,661
616,734
616,653
616,645
616,629
616,795
616,696
616,793
616,777
616,776
616,772
616,771
616,665
616,762
616,753
616,731
616,722
616,786
616,689
616,780
616,683
616,764
616,667
616,659
616,654
616,741
616,745
616,648
616,647
616,738
616,622
616,718
616,621
616,618
616,617
616,636
616,798
616,701
617,764
617,716
617,626
617,652
617,620
617,743
617,744
617,685
617,758
617,693
617,785
617,688
617,622
617,774
617,784
617,687
617,778
617,747
617,767
617,670
617,763
617,639
617,736
617,676
617,629
617,623
617,720
617,669
617,751
617,691
617,733
617,771
617,724
617,703
617,735
617,710
617,663
617,781
617,737
617,640
617,701
617,632
617,712
617,702
617,793
617,789
617,648
617,722
617,625
617,769
618,716
618,639
618,695
618,630
618,696
618,637
618,633
618,718
618,666
618,728
618,688
618,679
618,682
618,741
618,768
618,765
618,752
618,747
618,725
618,720
618,717
618,715
618,710
618,700
618,676
618,664
618,661
618,762
618,647
618,754
618,657
618,707
618,743
618,646
618,735
618,635
618,732
618,681
618,724
618,627
618,764
618,667
618,663
618,699
618,740
618,643
618,659
618,772
618,678
618,632
618,684
618,798
618,701
618,749
619,716
619,792
619,788
619,786
619,768
619,752
619,713
619,702
619,690
619,765
619,668
619,665
619,734
619,650
619,736
619,639
619,629
619,790
619,754
619,784
619,687
619,783
619,673
619,777
619,773
619,772
619,771
619,796
619,767
619,685
619,791
619,642
619,739
619,733
619,732
619,721
619,789
619,692
619,707
619,785
619,698
619,779
619,682
619,649
619,744
619,769
619,712
619,662
619,659
619,658
619,654
619,745
619,648
619,725
619,628
619,774
619,621
619,706
620,727
620,706
620,642
620,626
620,652
620,695
620,792
620,747
620,725
620,699
620,668
620,665
620,645
620,790
620,780
620,776
620,670
620,767
620,763
620,753
620,793
620,731
620,722
620,757
620,697
620,730
620,633
620,694
620,781
620,684
620,769
620,667
620,663
620,662
620,644
620,741
620,647
620,643
620,782
620,632
620,714
620,743
621,737
621,706
621,631
621,723
621,626
621,639
621,692
621,708
621,744
621,633
621,635
621,673
621,734
621,666
621,672
621,769
621,729
621,682
621,636
621,792
621,725
621,719
621,715
621,797
621,700
621,788
621,691
621,690
621,671
621,670
621,741
621,644
621,796
621,795
621,642
621,739
621,686
621,783
621,684
621,781
621,765
621,762
621,627
621,721
621,650
621,694
621,791
621,697
621,735
621,731
621,777
621,683
621,663
621,662
621,657
621,658
621,745
621,648
621,774
621,771
621,740
621,643
622,695
622,709
622,630
622,688
622,728
622,792
622,760
622,713
622,680
622,668
622,764
622,670
622,652
622,699
622,650
622,645
622,780
622,776
622,723
622,770
622,753
622,750
622,779
622,732
622,752
622,799
622,694
622,684
622,667
622,754
622,654
622,643
622,672
622,766
622,719
622,625
622,765
622,671
622,624
622,664
622,708
622,743
623,784
623,660
623,726
623,792
623,779
623,766
623,725
623,720
623,715
623,691
623,666
623,661
623,734
623,709
623,627
623,789
623,781
623,776
623,775
623,773
623,685
623,749
623,748
623,635
623,793
623,739
623,718
623,735
623,799
623,626
623,712
623,703
623,697
623,795
623,730
623,633
623,694
623,688
623,683
623,681
623,667
623,760
623,663
623,756
623,659
623,658
623,751
623,654
623,741
623,634
623,674
623,625
623,746
623,641
623,646
623,743
623,701
624,764
624,761
624,716
624,642
624,652
624,709
624,785
624,672
624,708
624,744
624,637
624,738
624,718
624,635
624,679
624,726
624,682
624,779
624,778
624,766
624,765
624,747
624,725
624,714
624,772
624,675
624,646
624,645
624,693
624,790
624,780
624,661
624,656
624,753
624,751
624,703
624,701
624,795
624,698
624,684
624,794
624,697
624,644
624,662
624,748
624,625
624,767
625,764
625,626
625,785
625,672
625,743
625,641
625,637
625,633
625,635
625,782
625,693
625,754
625,668
625,636
625,786
625,682
625,779
625,760
625,725
625,719
625,714
625,783
625,686
625,774
625,676
625,656
625,655
625,752
625,653
625,798
625,650
625,791
625,789
625,777
625,729
625,632
625,735
625,712
625,627
625,654
625,772
625,775
625,678
625,634
625,651
625,642
625,739
626,784
626,723
626,726
626,740
626,728
626,725
626,713
626,702
626,669
626,661
626,645
626,644
626,720
626,627
626,794
626,686
626,783
626,777
626,775
626,773
626,675
626,772
626,770
626,767
626,750
626,749
626,635
626,731
626,712
626,789
626,692
626,703
626,798
626,701
626,791
626,694
626,689
626,684
626,780
626,683
626,778
626,681
626,659
626,746
626,636
627,784
627,761
627,660
627,639
627,709
627,630
627,637
627,758
627,655
627,673
627,666
627,754
627,774
627,668
627,768
627,720
627,717
627,714
627,702
627,670
627,669
627,750
627,653
627,651
627,650
627,788
627,691
627,741
627,644
627,721
627,638
627,732
627,751
627,704
627,778
627,681
627,789
627,792
627,647
627,694
627,722
627,708
627,667
627,718
627,665
627,795
628,761
628,711
628,660
628,631
628,688
628,708
628,674
628,794
628,685
628,655
628,734
628,693
628,754
628,774
628,649
628,741
628,636
628,779
628,778
628,720
628,716
628,714
628,705
628,787
628,690
628,670
628,661
628,702
628,796
628,793
628,788
628,691
628,750
628,650
628,791
628,724
628,689
628,795
628,654
628,683
628,730
628,634
628,731
628,684
628,759
628,662
628,722
629,723
629,704
629,630
629,744
629,641
629,738
629,718
629,782
629,734
629,672
629,769
629,728
629,754
629,682
629,768
629,765
629,663
629,760
629,720
629,700
629,670
629,792
629,651
629,739
629,686
629,789
629,750
629,763
629,741
629,788
629,694
629,770
629,678
629,632
629,735
629,742
629,766
629,793
630,723
630,727
630,716
630,737
630,642
630,631
630,695
630,785
630,637
630,778
630,768
630,747
630,639
630,736
630,717
630,691
630,668
630,670
630,766
630,669
630,666
630,759
630,651
630,742
630,645
630,644
630,655
630,791
630,690
630,787
630,784
630,687
630,783
630,780
630,777
630,762
630,753
630,750
630,732
630,731
630,724
630,793
630,696
630,703
630,698
630,781
630,684
630,678
630,667
630,663
630,657
630,647
630,643
630,632
630,674
630,641
630,646
630,743
630,636
631,723
631,794
631,726
631,637
631,786
631,768
631,755
631,745
631,714
631,680
631,708
631,761
631,664
631,661
631,651
631,655
631,693
631,790
631,780
631,773
631,685
631,797
631,739
631,732
631,799
631,724
631,721
631,712
631,793
631,696
631,707
631,785
631,701
631,795
631,684
631,778
631,681
631,760
631,663
631,749
631,652
631,756
631,659
631,657
631,654
631,643
631,677
631,774
631,757
631,706
632,716
632,737
632,757
632,639
632,709
632,641
632,744
632,633
632,718
632,666
632,769
632,693
632,797
632,679
632,766
632,713
632,686
632,747
632,650
632,702
632,799
632,791
632,787
632,781
632,780
632,753
632,653
632,750
632,642
632,739
632,727
632,708
632,697
632,779
632,772
632,678
632,767
632,654
632,751
632,657
632,634
632,704
632,652
632,749
632,705
632,712
632,795
632,698
632,715
632,771
632,724
632,648
632,793
632,699
633,757
633,695
633,704
633,641
633,674
633,778
633,768
633,766
633,765
633,747
633,728
633,725
633,713
633,700
633,788
633,691
633,680
633,656
633,742
633,645
633,736
633,734
633,693
633,790
633,787
633,673
633,781
633,775
633,796
633,666
633,763
633,652
633,749
633,646
633,735
633,730
633,724
633,721
633,707
633,785
633,688
633,682
633,758
633,649
633,662
633,659
633,745
633,648
633,640
633,729
633,722
633,774
633,733
633,636
633,798
633,701
634,723
634,764
634,695
634,652
634,785
634,743
634,708
634,674
634,685
634,666
634,693
634,668
634,687
634,747
634,714
634,686
634,783
634,777
634,770
634,659
634,756
634,739
634,733
634,703
634,684
634,753
634,772
634,775
634,678
634,773
634,768
634,798
634,681
634,658
634,745
634,651
634,699
634,719
634,795
635,761
635,660
635,716
635,785
635,672
635,743
635,708
635,696
635,744
635,758
635,655
635,788
635,745
635,728
635,720
635,719
635,687
635,686
635,668
635,675
635,671
635,665
635,747
635,650
635,789
635,773
635,770
635,699
635,796
635,666
635,763
635,797
635,656
635,753
635,749
635,651
635,748
635,731
635,729
635,707
635,791
635,694
635,684
635,678
635,754
635,657
635,654
635,741
635,640
635,782
635,722
635,721
635,715
635,706
636,706
636,642
636,704
636,785
636,727
636,794
636,738
636,758
636,655
636,782
636,769
636,797
636,729
636,746
636,649
636,792
636,779
636,768
636,766
636,719
636,715
636,714
636,691
636,686
636,680
636,675
636,670
636,665
636,650
636,646
636,710
636,693
636,790
636,789
636,784
636,687
636,773
636,763
636,753
636,653
636,750
636,652
636,749
636,748
636,799
636,791
636,694
636,781
636,684
636,663
636,658
636,648
636,740
636,643
636,722
636,796
637,784
637,723
637,737
637,642
637,652
637,672
637,679
637,778
637,768
637,765
637,747
637,745
637,736
637,719
637,713
637,766
637,669
637,665
637,664
637,645
637,728
637,794
637,793
637,791
637,690
637,787
637,686
637,783
637,673
637,781
637,775
637,772
637,771
637,685
637,653
637,750
637,638
637,735
637,733
637,732
637,702
637,799
637,724
637,689
637,682
637,746
637,649
637,760
637,663
637,759
637,662
637,741
637,721
637,707
637,699
637,698
638,784
638,727
638,785
638,677
638,655
638,673
638,759
638,742
638,754
638,729
638,741
638,788
638,702
638,675
638,670
638,715
638,651
638,642
638,739
638,696
638,793
638,787
638,776
638,725
638,775
638,678
638,707
638,681
638,705
638,755
638,658
638,756
638,710
638,663
638,737
638,640
638,789
638,745
638,648
638,792
638,721
638,713
638,700
639,784
639,723
639,761
639,716
639,706
639,642
639,704
639,794
639,679
639,792
639,760
639,742
639,693
639,705
639,702
639,788
639,691
639,699
639,676
639,671
639,766
639,669
639,666
639,661
639,656
639,651
639,646
639,644
639,708
639,789
639,680
639,777
639,767
639,665
639,762
639,797
639,750
639,791
639,732
639,672
639,707
639,795
639,682
639,681
639,667
639,662
639,652
639,756
639,659
639,658
639,654
639,745
639,648
639,713
639,640
639,714
640,784
640,723
640,642
640,746
640,677
640,692
640,672
640,685
640,782
640,759
640,679
640,668
640,695
640,792
640,682
640,779
640,760
640,747
640,719
640,710
640,691
640,686
640,753
640,656
640,796
640,787
640,762
640,731
640,701
640,717
640,764
640,667
640,680
640,770
640,728
640,712
640,756
640,709
640,713
640,664
641,784
641,723
641,642
641,785
641,746
641,740
641,699
641,759
641,708
641,783
641,772
641,770
641,763
641,762
641,656
641,753
641,750
641,749
641,748
641,735
641,794
641,697
641,694
641,758
641,684
641,678
641,764
641,667
641,663
641,782
641,738
641,729
641,712
642,784
642,660
642,792
642,788
642,752
642,747
642,714
642,680
642,765
642,668
642,794
642,783
642,781
642,775
642,711
642,666
642,763
642,685
642,656
642,753
642,751
642,793
642,707
642,785
642,701
642,694
642,780
642,683
642,712
642,663
642,662
642,657
642,741
642,648
642,647
642,643
642,717
642,771
642,674
642,774
642,718
643,723
643,652
643,746
643,688
643,696
643,744
643,679
643,682
643,655
643,752
643,691
643,671
643,646
643,796
643,777
643,773
643,670
643,767
643,656
643,653
643,750
643,739
643,732
643,722
643,707
643,797
643,697
643,772
643,678
643,663
643,759
643,662
643,681
643,762
643,798
643,735
643,712
643,704
643,731
644,764
644,660
644,652
644,704
644,785
644,677
644,692
644,696
644,655
644,672
644,769
644,728
644,693
644,679
644,682
644,687
644,786
644,778
644,668
644,765
644,664
644,710
644,686
644,675
644,670
644,669
644,758
644,661
644,747
644,653
644,795
644,791
644,787
644,773
644,691
644,732
644,724
644,718
644,707
644,734
644,699
644,720
644,751
644,659
645,660
645,711
645,723
645,704
645,785
645,688
645,674
645,782
645,754
645,679
645,668
645,729
645,786
645,766
645,736
645,713
645,691
645,773
645,676
645,665
645,661
645,702
645,646
645,690
645,687
645,767
645,763
645,735
645,721
645,753
645,709
645,706
645,759
645,662
645,654
645,748
645,727
645,750
645,678
645,775
645,681
645,705
645,658
645,772
645,692
645,789
645,792
645,650
645,791
646,764
646,761
646,660
646,716
646,709
646,785
646,794
646,685
646,673
646,759
646,693
646,768
646,747
646,740
646,720
646,719
646,710
646,691
646,686
646,680
646,777
646,775
646,762
646,755
646,658
646,648
646,753
646,661
646,657
646,713
646,702
646,793
647,784
647,711
647,716
647,706
647,695
647,743
647,673
647,729
647,649
647,741
647,788
647,786
647,725
647,714
647,702
647,690
647,772
647,675
647,661
647,752
647,790
647,692
647,789
647,664
647,656
647,750
647,739
647,733
647,773
647,724
647,721
647,748
647,651
647,795
647,698
647,791
647,694
647,667
647,663
647,734
647,776
647,767
647,654
647,715
647,777
647,672
647,769
648,711
648,708
648,673
648,734
648,769
648,728
648,786
648,768
648,752
648,745
648,715
648,702
648,670
648,650
648,793
648,693
648,790
648,784
648,687
648,680
648,777
648,749
648,722
648,712
648,751
648,703
648,743
648,707
648,731
648,684
648,732
648,748
648,701
648,678
648,686
648,783
648,717
648,698
648,661
649,723
649,761
649,727
649,785
649,746
649,743
649,734
649,655
649,752
649,740
649,705
649,686
649,765
649,758
649,661
649,796
649,791
649,679
649,776
649,675
649,772
649,771
649,770
649,753
649,751
649,652
649,749
649,798
649,712
649,698
649,697
649,685
649,782
649,683
649,778
649,681
649,657
649,741
650,761
650,677
650,708
650,685
650,782
650,679
650,668
650,682
650,726
650,792
650,786
650,755
650,720
650,715
650,705
650,788
650,691
650,690
650,686
650,768
650,671
650,670
650,656
650,653
650,651
650,799
650,793
650,791
650,684
650,781
650,777
650,659
650,756
650,724
650,709
650,731
650,654
650,751
650,657
650,795
650,722
650,745
650,729
651,764
651,761
651,711
651,660
651,737
651,652
651,785
651,688
651,794
651,685
651,782
651,728
651,682
651,741
651,699
651,788
651,766
651,765
651,745
651,725
651,720
651,717
651,705
651,686
651,676
651,670
651,653
651,798
651,787
651,684
651,781
651,771
651,712
651,795
651,698
651,739
651,789
651,689
651,748
651,654
651,662
651,726
651,678
651,775
651,776
651,753
651,772
651,721
651,793
652,723
652,727
652,715
652,713
652,700
652,687
652,691
652,686
652,768
652,671
652,665
652,664
652,655
652,708
652,704
652,690
652,787
652,754
652,676
652,773
652,770
652,756
652,751
652,793
652,798
652,703
652,697
652,730
652,780
652,683
652,663
652,662
652,755
652,658
652,717
652,782
652,731
652,719
652,720
652,746
652,743
653,723
653,660
653,737
653,695
653,672
653,743
653,718
653,782
653,666
653,788
653,752
653,720
653,715
653,669
653,702
653,798
653,780
653,678
653,775
653,750
653,684
653,755
653,756
653,662
653,654
653,724
653,791
653,741
653,735
653,736
653,690
653,771
653,679
653,776
654,784
654,764
654,785
654,677
654,672
654,743
654,782
654,734
654,728
654,788
654,752
654,710
654,665
654,776
654,670
654,767
654,749
654,733
654,721
654,664
654,678
654,775
654,778
654,681
654,750
654,694
654,794
654,744
654,753
654,659
654,772
654,773
654,725
654,686
654,783
654,742
654,669
655,764
655,711
655,737
655,757
655,704
655,785
655,727
655,743
655,708
655,758
655,788
655,778
655,765
655,747
655,728
655,720
655,717
655,715
655,714
655,713
655,686
655,675
655,790
655,690
655,787
655,673
655,781
655,777
655,771
655,699
655,796
655,797
655,751
655,749
655,735
655,702
655,799
655,721
655,729
655,697
655,694
655,682
655,683
655,769
655,658
655,657
655,740
655,738
655,703
656,723
656,711
656,695
656,677
656,672
656,696
656,718
656,685
656,734
656,742
656,688
656,679
656,788
656,682
656,779
656,765
656,719
656,714
656,705
656,669
656,665
656,789
656,690
656,787
656,753
656,735
656,721
656,703
656,701
656,775
656,681
656,658
656,797
656,747
656,759
656,662
656,772
656,694
656,751
656,670
656,777
656,790
657,723
657,764
657,711
657,737
657,738
657,685
657,757
657,734
657,688
657,797
657,679
657,741
657,788
657,760
657,745
657,719
657,710
657,661
657,696
657,793
657,783
657,781
657,775
657,739
657,735
657,732
657,673
657,770
657,791
657,694
657,786
657,689
657,670
657,767
657,747
657,729
657,659
657,730
657,790
657,762
657,717
657,708
657,675
657,772
657,759
657,662
657,713
657,724
657,748
657,798
657,701
657,796
658,727
658,704
658,744
658,782
658,666
658,679
658,784
658,687
658,786
658,700
658,796
658,669
658,701
658,798
658,702
658,777
658,790
658,732
658,779
658,748
658,769
658,663
658,756
658,662
658,780
658,733
658,740
658,765
659,727
659,660
659,757
659,695
659,672
659,743
659,794
659,718
659,759
659,693
659,785
659,688
659,682
659,726
659,768
659,765
659,725
659,720
659,680
659,669
659,796
659,793
659,776
659,773
659,770
659,753
659,741
659,739
659,780
659,733
659,786
659,689
659,732
659,782
659,772
659,678
659,663
659,667
659,798
659,701
659,716
660,679
660,786
660,778
660,728
660,719
660,700
660,671
660,666
660,704
660,790
660,789
660,787
660,770
660,767
660,753
660,751
660,749
660,791
660,739
660,735
660,724
660,769
660,756
660,741
660,713
660,674
660,774
660,706
660,796
661,711
661,716
661,723
661,674
661,685
661,782
661,728
661,679
661,699
661,726
661,788
661,766
661,747
661,714
661,710
661,705
661,664
661,781
661,770
661,790
661,732
661,777
661,730
661,721
661,786
661,689
661,760
661,663
661,754
661,698
661,793
661,749
661,692
661,789
661,745
661,667
661,756
661,709
661,662
661,686
661,780
661,736
661,768
661,671
661,715
662,784
662,723
662,761
662,704
662,688
662,674
662,794
662,666
662,729
662,786
662,779
662,765
662,760
662,752
662,736
662,714
662,713
662,787
662,686
662,783
662,676
662,773
662,724
662,798
662,701
662,790
662,732
662,681
662,751
662,750
662,683
662,762
662,738
662,698
662,799
662,722
662,725
663,757
663,673
663,759
663,693
663,754
663,687
663,695
663,792
663,745
663,740
663,787
663,775
663,680
663,772
663,756
663,751
663,735
663,722
663,721
663,732
663,749
663,752
663,694
663,783
663,734
663,684
663,755
663,674
663,771
663,715
663,718
664,706
664,757
664,704
664,785
664,677
664,743
664,718
664,782
664,759
664,728
664,797
664,779
664,671
664,768
664,766
664,760
664,747
664,772
664,675
664,765
664,799
664,787
664,665
664,762
664,758
664,753
664,749
664,745
664,698
664,735
664,667
664,691
664,786
664,689
664,694
664,693
664,790
664,699
665,784
665,704
665,743
665,696
665,668
665,765
665,794
665,747
665,710
665,791
665,781
665,780
665,773
665,767
665,763
665,753
665,749
665,741
665,694
665,797
665,771
665,724
665,666
665,713
665,736
665,681
665,729
665,674
666,711
666,716
666,727
666,692
666,747
666,693
666,719
666,717
666,687
666,788
666,691
666,680
666,676
666,675
666,768
666,671
666,670
666,704
666,795
666,754
666,783
666,796
666,756
666,735
666,722
666,707
666,694
666,782
666,681
666,667
666,755
666,715
667,723
667,704
667,727
667,746
667,782
667,779
667,778
667,747
667,725
667,719
667,799
667,796
667,795
667,690
667,783
667,773
667,767
667,710
667,750
667,722
667,697
667,780
667,724
667,674
667,771
667,738
667,730
667,798
668,761
668,677
668,688
668,708
668,794
668,673
668,728
668,797
668,768
668,752
668,740
668,725
668,713
668,710
668,705
668,784
668,687
668,699
668,742
668,734
668,690
668,787
668,777
668,772
668,763
668,753
668,739
668,730
668,682
668,737
669,695
669,743
669,674
669,718
669,685
669,758
669,757
669,734
669,759
669,728
669,693
669,786
669,779
669,766
669,747
669,745
669,719
669,715
669,676
669,793
669,678
669,775
669,733
669,675
669,722
669,789
669,735
669,700
669,703
669,750
669,709
669,701
669,714
669,702
669,799
670,764
670,761
670,709
670,677
670,696
670,685
670,758
670,759
670,728
670,797
670,679
670,729
670,682
670,779
670,714
670,713
670,671
670,783
670,777
670,771
670,720
670,767
670,763
670,735
670,727
670,676
670,773
670,748
670,721
670,675
670,722
670,705
670,731
671,764
671,737
671,757
671,785
671,746
671,743
671,744
671,782
671,677
671,774
671,699
671,788
671,768
671,766
671,765
671,736
671,728
671,781
671,773
671,770
671,751
671,732
671,680
671,724
671,703
671,745
671,698
671,789
671,792
671,739
671,702
671,791
671,719
671,779
671,683
671,718
671,713
671,731
671,758
672,716
672,695
672,709
672,785
672,746
672,679
672,786
672,779
672,778
672,760
672,747
672,745
672,720
672,713
672,702
672,675
672,734
672,710
672,791
672,787
672,771
672,763
672,762
672,753
672,750
672,793
672,739
672,735
672,732
672,730
672,698
672,795
672,758
672,683
672,678
672,751
672,738
672,774
672,718
672,707
672,699
673,723
673,716
673,706
673,709
673,746
673,692
673,785
673,688
673,696
673,766
673,747
673,720
673,715
673,686
673,759
673,795
673,687
673,777
673,775
673,674
673,771
673,797
673,748
673,798
673,732
673,778
673,681
673,769
673,760
673,754
673,745
673,718
674,723
674,716
674,757
674,695
674,727
674,708
674,779
674,714
674,691
674,793
674,711
674,772
674,796
674,767
674,762
674,748
674,724
674,722
674,721
674,707
674,701
674,794
674,697
674,694
674,758
674,684
674,678
674,764
674,782
674,738
674,725
674,720
674,712
675,737
675,706
675,708
675,782
675,693
675,688
675,729
675,746
675,726
675,792
675,778
675,768
675,765
675,740
675,714
675,700
675,791
675,687
675,783
675,781
675,679
675,776
675,771
675,762
675,795
675,748
675,770
675,712
675,761
675,754
675,780
675,707
675,678
675,713
675,763
676,764
676,709
676,785
676,746
676,696
676,685
676,734
676,728
676,682
676,778
676,755
676,747
676,717
676,680
676,687
676,773
676,751
676,780
676,733
676,721
676,750
676,703
676,701
676,684
676,714
676,783
676,705
676,697
676,700
676,710
676,789
676,694
677,723
677,709
677,746
677,786
677,766
677,755
677,740
677,736
677,693
677,713
677,690
677,747
677,708
677,704
677,791
677,754
677,777
677,776
677,772
677,732
677,730
677,721
677,703
677,795
677,684
677,769
677,737
677,738
677,743
677,798
677,699
678,784
678,761
678,711
678,716
678,737
678,738
678,759
678,774
678,741
678,779
678,768
678,747
678,719
678,713
678,710
678,799
678,789
678,690
678,787
678,783
678,767
678,762
678,751
678,750
678,749
678,733
678,730
678,708
678,697
678,771
678,748
678,769
678,701
678,795
678,712
679,784
679,723
679,727
679,716
679,709
679,738
679,734
679,759
679,726
679,786
679,778
679,714
679,713
679,717
679,752
679,750
679,696
679,793
679,783
679,780
679,777
679,775
679,725
679,772
679,769
679,762
679,739
679,756
679,682
679,799
679,754
679,781
679,737
679,773
679,792
680,785
680,692
680,743
680,758
680,778
680,719
680,784
680,690
680,744
680,791
680,780
680,775
680,773
680,709
680,756
680,751
680,683
680,765
680,699
680,703
680,747
681,727
681,716
681,709
681,744
681,718
681,729
681,741
681,779
681,778
681,747
681,725
681,713
681,710
681,798
681,790
681,783
681,756
681,694
681,730
681,780
681,683
681,724
681,753
681,740
681,689
681,733
681,731
681,771
681,720
681,685
681,782
681,735
681,759
681,712
681,705
681,715
682,764
682,695
682,744
682,759
682,779
682,760
682,745
682,714
682,705
682,700
682,796
682,780
682,775
682,772
682,751
682,712
682,698
682,770
682,741
682,738
682,715
683,761
683,746
683,688
683,738
683,685
683,760
683,740
683,700
683,704
683,798
683,795
683,696
683,790
683,731
683,776
683,789
683,769
683,786
683,727
683,774
683,703
683,705
684,764
684,737
684,706
684,709
684,688
684,743
684,685
684,729
684,766
684,752
684,740
684,705
684,691
684,686
684,797
684,700
684,790
684,753
684,751
684,780
684,733
684,732
684,731
684,689
684,771
684,721
684,698
684,701
684,725
684,793
684,767
684,712
684,747
684,735
684,745
685,727
685,711
685,738
685,726
685,788
685,768
685,742
685,740
685,713
685,759
685,793
685,686
685,783
685,770
685,767
685,751
685,702
685,799
685,724
685,722
685,729
685,780
685,778
685,782
685,774
685,706
685,701
685,700
686,692
686,688
686,708
686,794
686,744
686,738
686,734
686,693
686,760
686,720
686,717
686,710
686,705
686,701
686,798
686,753
686,739
686,732
686,722
686,712
686,776
686,758
686,737
686,773
686,704
686,725
686,788
686,691
686,741
687,723
687,716
687,727
687,692
687,743
687,794
687,744
687,734
687,769
687,728
687,786
687,778
687,768
687,765
687,719
687,717
687,710
687,705
687,700
687,788
687,691
687,742
687,796
687,767
687,762
687,748
687,732
687,799
687,703
687,771
687,745
687,738
687,720
688,723
688,737
688,692
688,726
688,792
688,779
688,700
688,691
688,765
688,734
688,742
688,728
688,772
688,796
688,749
688,793
688,733
688,799
688,712
688,798
688,701
688,698
688,694
688,758
688,780
688,769
688,759
688,754
688,740
688,743
689,784
689,716
689,723
689,695
689,704
689,708
689,744
689,782
689,728
689,741
689,726
689,786
689,736
689,693
689,790
689,780
689,749
689,735
689,732
689,798
689,701
689,697
689,791
689,694
689,781
689,769
689,756
689,722
689,765
689,713
689,770
689,796
690,761
690,716
690,737
690,785
690,696
690,758
690,774
690,755
690,736
690,705
690,775
690,767
690,751
690,698
690,695
690,792
690,786
690,749
690,700
690,738
690,778
690,731
691,716
691,704
691,727
691,785
691,758
691,759
691,729
691,784
691,786
691,755
691,752
691,736
691,720
691,798
691,789
691,777
691,775
691,756
691,749
691,748
691,718
691,712
691,751
691,703
691,698
691,780
691,731
691,781
691,714
691,771
691,700
691,741
691,762
691,725
691,737
691,794
691,707
691,710
692,784
692,761
692,794
692,792
692,719
692,710
692,699
692,713
692,790
692,787
692,780
692,772
692,739
692,730
692,729
692,709
692,756
692,707
692,741
692,782
692,727
692,774
692,744
693,784
693,723
693,706
693,709
693,785
693,758
693,734
693,759
693,788
693,768
693,713
693,705
693,743
693,796
693,793
693,787
693,780
693,771
693,763
693,751
693,750
693,749
693,799
693,724
693,712
693,792
693,694
693,729
693,725
693,722
693,733
693,701
693,795
694,764
694,737
694,757
694,704
694,782
694,741
694,714
694,796
694,789
694,787
694,781
694,777
694,772
694,771
694,767
694,763
694,733
694,731
694,722
694,756
694,698
694,770
694,748
694,717
694,761
694,712
694,707
695,764
695,761
695,711
695,794
695,768
695,765
695,728
695,790
695,789
695,781
695,777
695,767
695,749
695,748
695,733
695,732
695,721
695,712
695,793
695,696
695,798
695,701
695,769
695,760
695,756
695,713
695,731
695,738
695,746
695,796
696,711
696,716
696,737
696,757
696,704
696,785
696,746
696,743
696,788
696,778
696,755
696,752
696,745
696,725
696,717
696,714
696,702
696,791
696,777
696,751
696,750
696,749
696,721
696,712
696,729
696,707
696,703
696,697
696,758
696,744
696,792
696,741
696,782
696,709
697,761
697,743
697,758
697,782
697,742
697,754
697,745
697,795
697,789
697,780
697,775
697,791
697,732
697,730
697,790
697,783
697,734
697,773
697,763
697,798
697,764
697,715
697,762
697,718
697,703
698,784
698,706
698,785
698,728
698,726
698,792
698,786
698,766
698,736
698,725
698,700
698,790
698,775
698,770
698,730
698,788
698,787
698,781
698,779
698,748
698,729
698,767
698,759
698,707
698,796
698,794
699,784
699,716
699,706
699,746
699,708
699,794
699,769
699,759
699,728
699,726
699,755
699,747
699,734
699,771
699,767
699,756
699,724
699,715
699,796
699,795
700,743
700,708
700,754
700,747
700,740
700,725
700,714
700,799
700,798
700,791
700,784
700,767
700,703
700,796
700,788
700,787
700,777
700,726
700,771
700,721
700,763
700,752
700,732
700,781
700,734
700,722
700,712
700,704
701,764
701,761
701,727
701,716
701,709
701,785
701,708
701,718
701,758
701,726
701,788
701,736
701,725
701,705
701,793
701,769
701,790
701,732
701,786
701,776
701,756
701,759
701,798
701,751
701,763
701,719
701,723
701,724
701,712
701,703
702,757
702,758
702,782
702,759
702,774
702,741
702,792
702,788
702,714
702,710
702,777
702,770
702,712
702,766
702,719
702,765
702,705
702,794
702,762
702,703
702,729
702,721
703,716
703,785
703,708
703,744
703,718
703,758
703,769
703,728
703,729
703,726
703,786
703,778
703,760
703,796
703,781
703,773
703,751
703,731
703,721
703,738
703,777
703,750
703,706
703,775
703,723
703,705
703,767
704,723
704,711
704,727
704,716
704,709
704,794
704,760
704,720
704,719
704,715
704,788
704,736
704,790
704,789
704,787
704,754
704,781
704,777
704,775
704,772
704,753
704,751
704,749
704,739
704,735
704,798
704,799
704,724
704,795
704,780
704,705
704,733
705,737
705,757
705,738
705,788
705,786
705,768
705,787
705,783
705,799
705,784
705,758
705,722
705,798
705,751
705,762
705,742
706,779
706,725
706,719
706,710
706,780
706,770
706,797
706,753
706,751
706,793
706,791
706,735
706,724
706,721
706,785
707,757
707,746
707,738
707,734
707,728
707,768
707,783
707,781
707,772
707,750
707,748
707,731
707,771
707,724
707,795
707,741
707,791
707,779
707,762
707,765
707,715
707,756
707,780
707,745
707,796
708,764
708,757
708,779
708,768
708,740
708,759
708,734
708,793
708,756
708,750
708,739
708,735
708,730
708,741
708,725
708,738
708,796
709,761
709,716
709,788
709,786
709,768
709,765
709,720
709,759
709,742
709,783
709,780
709,776
709,767
709,762
709,797
709,753
709,748
709,739
709,731
709,722
709,712
709,778
709,769
709,741
709,782
709,738
709,719
709,721
709,796
710,757
710,718
710,769
710,759
710,728
710,754
710,794
710,760
710,745
710,736
710,720
710,719
710,715
710,790
710,753
710,721
710,775
710,793
710,755
710,756
710,779
710,743
710,729
710,714
710,764
711,723
711,766
711,728
711,736
711,737
711,780
711,773
711,796
711,748
711,718
711,712
711,741
711,792
711,757
712,784
712,761
712,727
712,757
712,794
712,718
712,759
712,792
712,786
712,760
712,725
712,720
712,713
712,791
712,783
712,739
712,732
712,749
712,780
712,733
712,731
712,778
712,762
712,721
712,738
712,728
712,777
712,745
712,714
713,784
713,761
713,727
713,723
713,758
713,741
713,792
713,714
713,780
713,731
713,753
713,786
713,778
713,768
713,756
713,735
713,779
713,771
713,751
713,754
713,789
714,784
714,716
714,737
714,718
714,757
714,782
714,734
714,728
714,729
714,741
714,792
714,778
714,765
714,760
714,747
714,740
714,798
714,783
714,773
714,739
714,796
714,722
714,725
714,767
714,789
714,777
715,784
715,716
715,742
715,754
715,726
715,779
715,740
715,736
715,799
715,790
715,777
715,730
715,773
715,729
715,765
715,731
715,734
715,724
715,772
715,728
715,732
716,723
716,726
716,792
716,760
716,742
716,747
716,745
716,794
716,776
716,772
716,751
716,791
716,718
716,735
716,733
716,724
716,727
716,769
716,741
716,782
716,729
717,764
717,757
717,797
717,784
717,766
717,765
717,752
717,736
717,720
717,776
717,775
717,762
717,753
717,748
717,791
717,773
717,722
717,798
717,754
717,789
717,745
717,755
717,731
718,757
718,742
718,755
718,768
718,734
718,795
718,790
718,754
718,780
718,776
718,772
718,771
718,770
718,735
718,732
718,731
718,799
718,724
718,722
718,778
718,769
718,792
718,756
718,741
718,738
718,729
718,721
719,727
719,794
719,782
719,769
719,741
719,778
719,752
719,799
719,791
719,789
719,783
719,786
719,739
719,790
719,787
719,780
719,798
719,751
719,754
719,762
719,725
720,764
720,727
720,737
720,746
720,769
720,742
720,786
720,779
720,766
720,760
720,745
720,791
720,789
720,781
720,780
720,771
720,763
720,750
720,735
720,751
720,732
720,788
720,770
720,734
721,723
721,764
721,761
721,785
721,746
721,743
721,757
721,734
721,759
721,754
721,741
721,726
721,792
721,768
721,766
721,745
721,740
721,725
721,791
721,787
721,772
721,771
721,763
721,735
721,797
721,781
721,773
721,765
721,756
721,799
721,793
722,757
722,746
722,744
722,738
722,734
722,728
722,754
722,755
722,799
722,798
722,777
722,776
722,772
722,771
722,770
722,750
722,769
722,732
722,756
722,795
722,740
722,783
723,768
723,761
723,752
723,784
723,789
723,787
723,783
723,780
723,772
723,770
723,763
723,751
723,750
723,793
723,724
723,727
723,744
723,764
723,740
723,771
723,738
724,761
724,743
724,758
724,742
724,786
724,765
724,760
724,799
724,796
724,789
724,787
724,777
724,770
724,749
724,762
724,790
724,782
724,729
724,778
724,754
724,747
724,793
724,772
724,748
725,794
725,758
725,782
725,742
725,774
725,768
725,760
725,752
725,745
725,796
725,773
725,738
725,788
725,759
725,780
725,736
725,798
725,751
725,732
725,792
725,764
725,799
726,727
726,743
726,738
726,729
726,760
726,740
726,747
726,746
726,741
726,796
726,773
726,770
726,735
727,761
727,792
727,786
727,779
727,765
727,747
727,745
727,740
727,784
727,752
727,787
727,754
727,783
727,777
727,776
727,773
727,772
727,739
727,731
727,730
727,789
727,785
727,780
727,769
727,743
727,733
728,746
728,769
728,792
728,788
728,740
728,784
728,765
728,734
728,796
728,791
728,775
728,773
728,767
728,731
728,737
728,730
728,774
729,785
729,746
729,758
729,774
729,779
729,760
729,745
729,747
729,796
729,787
729,783
729,775
729,772
729,756
729,751
729,749
729,735
729,732
729,731
729,792
729,781
729,754
729,733
730,785
730,758
730,760
730,795
730,743
730,790
730,787
730,780
730,776
730,770
730,798
730,751
730,766
730,741
730,754
731,761
731,746
731,797
731,774
731,799
731,795
731,793
731,780
731,767
731,732
731,778
731,765
731,789
731,796
732,761
732,746
732,782
732,742
732,766
732,747
732,736
732,799
732,791
732,789
732,787
732,777
732,776
732,771
732,753
732,750
732,748
732,739
732,798
732,768
732,786
732,756
732,745
732,797
733,737
733,785
733,754
733,766
733,755
733,747
733,736
733,798
733,791
733,789
733,790
733,787
733,762
733,750
733,739
733,735
733,758
733,778
733,772
733,767
733,776
734,757
734,785
734,743
734,788
734,778
734,742
734,740
734,765
734,789
734,787
734,775
734,749
734,748
734,739
734,735
735,764
735,746
735,782
735,769
735,792
735,788
735,768
735,789
735,777
735,776
735,791
735,796
735,754
735,751
735,740
735,760
736,761
736,754
736,778
736,752
736,793
736,787
736,777
736,773
736,749
736,779
736,748
736,780
736,776
736,755
736,745
736,741
737,784
737,786
737,766
737,755
737,747
737,788
737,768
737,796
737,750
737,799
737,793
737,791
737,743
738,761
738,785
738,743
738,786
738,778
738,745
738,793
738,773
738,771
738,796
738,763
738,756
738,748
738,799
738,780
738,775
738,792
738,741
738,774
738,795
739,764
739,782
739,769
739,797
739,740
739,791
739,763
739,756
739,759
739,754
739,784
739,798
739,751
740,784
740,744
740,758
740,788
740,765
740,755
740,749
740,775
740,759
741,764
741,785
741,769
741,759
741,760
741,745
741,765
741,790
741,751
741,782
741,779
741,775
741,795
742,761
742,785
742,768
742,766
742,760
742,795
742,793
742,790
742,784
742,775
742,772
742,763
742,762
742,799
742,794
742,751
743,786
743,789
743,776
743,775
743,767
743,763
743,762
743,750
743,799
743,794
743,785
743,781
743,745
743,744
743,782
743,795
744,785
744,745
744,768
744,783
744,770
744,762
744,748
744,799
744,789
744,778
744,769
745,759
745,752
745,795
745,780
745,771
745,770
745,753
745,748
745,782
745,751
745,754
745,766
745,758
745,750
745,781
746,788
746,755
746,759
746,790
746,787
746,754
746,773
746,772
746,771
746,796
746,756
746,749
746,764
746,782
746,774
747,759
747,792
747,765
747,798
747,796
747,795
747,793
747,791
747,787
747,767
747,756
747,777
747,769
747,758
747,752
747,763
747,778
748,758
748,768
748,783
748,769
748,789
748,777
748,782
748,749
749,774
749,768
749,765
749,796
749,793
749,791
749,780
749,763
749,750
749,760
749,751
749,798
749,783
749,781
749,761
749,758
749,772
750,784
750,754
750,774
750,792
750,788
750,786
750,765
750,799
750,789
750,783
750,775
750,766
750,759
751,794
751,774
751,778
751,766
751,793
751,772
751,771
751,762
751,753
751,777
751,756
751,768
751,788
751,769
752,761
752,757
752,794
752,769
752,790
752,775
752,772
752,770
752,789
752,771
752,760
752,759
752,763
752,781
753,782
753,797
753,774
753,786
753,766
753,799
753,795
753,767
753,763
753,770
753,780
753,781
753,794
754,784
754,761
754,785
754,759
754,793
754,790
754,789
754,787
754,776
754,772
754,767
754,771
754,769
754,774
755,768
755,765
755,781
755,757
755,790
755,783
755,799
756,784
756,764
756,761
756,794
756,789
756,780
756,777
756,771
756,798
756,791
756,779
756,760
756,781
756,762
756,792
757,794
757,768
757,761
757,790
757,783
757,780
757,775
757,767
757,785
757,760
758,784
758,792
758,786
758,779
758,778
758,765
758,790
758,787
758,776
758,772
758,767
758,799
758,785
758,769
758,782
758,795
759,785
759,765
759,794
759,791
759,780
759,773
759,772
759,770
760,794
760,765
760,787
760,767
760,777
760,793
761,788
761,778
761,768
761,777
761,776
761,773
761,770
761,796
761,767
761,793
761,785
761,792
762,769
762,766
762,790
762,776
762,773
762,771
763,785
763,769
763,789
763,787
763,780
763,773
763,767
763,794
763,782
763,796
763,772
763,771
763,770
764,786
764,789
764,777
764,769
764,782
765,794
765,788
765,778
765,780
765,771
765,799
765,786
765,774
765,796
766,794
766,788
766,771
766,778
766,786
766,782
766,796
767,794
767,769
767,790
767,787
767,775
767,781
767,772
767,797
767,773
767,799
767,777
768,784
768,788
768,791
768,789
768,780
768,771
768,772
768,779
768,799
769,779
769,794
769,789
769,787
769,781
769,799
769,770
769,774
770,785
770,797
770,793
770,792
770,786
770,781
771,792
771,793
771,788
771,779
771,799
771,791
771,794
772,797
772,788
772,799
772,795
772,781
772,790
772,798
772,791
773,778
773,798
773,791
773,780
773,779
773,796
774,785
774,797
774,786
774,795
774,793
774,791
774,787
774,781
774,777
774,776
775,784
775,786
775,791
775,783
775,781
775,780
775,788
775,787
775,793
776,785
776,786
776,782
776,780
776,779
776,797
777,785
777,781
777,788
777,794
778,788
778,786
778,791
778,790
778,789
778,783
778,787
778,793
779,785
779,792
779,786
779,791
779,790
779,795
780,784
780,792
780,799
780,791
780,796
781,785
781,787
781,792
781,786
782,788
782,783
782,796
782,799
783,786
783,799
783,790
783,789
783,792
784,790
784,793
784,791
784,799
784,785
784,795
785,792
785,788
785,789
785,799
785,793
786,794
786,797
787,788
787,796
787,789
787,799
788,794
788,797
788,795
789,797
789,799
789,795
789,794
789,792
790,791
791,799
791,795
792,794
792,798
792,796
793,799
795,797
795,799
796,798
797,798
800,2601
800,899
800,874
800,839
800,2152
800,1185
800,831
800,882
800,2323
800,1565
800,1732
800,1290
800,2308
800,2278
800,2344
800,889
800,872
800,847
800,1187
800,2445
800,854
800,2331
800,1749
800,1652
800,905
800,2505
800,851
800,877
800,881
800,814
800,1143
800,852
800,825
800,1102
800,819
800,1328
800,832
801,2560
801,2522
801,874
801,2588
801,845
801,833
801,2307
801,855
801,1880
801,2344
801,1762
801,2557
801,2099
801,2481
801,1817
801,2593
801,847
801,1884
801,1811
801,2305
801,1335
801,850
801,2311
801,816
801,2339
801,884
801,2120
801,853
801,812
801,880
801,860
801,857
801,828
801,802
801,879
801,1314
801,829
801,905
801,834
801,824
801,2678
801,1598
801,1721
801,848
801,1527
801,1904
801,1354
801,2480
802,1731
802,1507
802,899
802,839
802,2003
802,831
802,833
802,1942
802,1817
802,2561
802,2556
802,856
802,2311
802,845
802,1815
802,1863
802,1110
802,861
802,2601
802,855
802,2153
802,2120
802,2566
802,820
802,898
802,1125
802,1804
802,817
802,1167
802,890
802,866
802,1139
802,2400
802,2338
802,1165
802,849
802,1916
802,1175
802,877
802,1143
802,852
802,843
802,821
802,895
802,2343
802,888
802,803
802,2344
802,889
802,871
802,825
803,2601
803,2339
803,813
803,2344
803,1905
803,2561
803,810
803,2556
803,1187
803,822
803,2083
803,2490
803,844
803,898
803,1674
803,2308
803,2599
803,820
803,1820
803,854
803,836
803,2661
803,831
803,2480
803,2343
803,987
803,2563
803,1721
803,848
803,829
803,2678
803,835
803,2025
803,1734
803,895
803,2338
803,883
803,871
803,2120
803,859
803,886
803,839
803,2682
803,821
803,863
803,1192
803,804
803,845
803,1815
803,2106
803,2463
803,1881
803,814
803,2666
803,823
804,1806
804,848
804,892
804,1745
804,1905
804,864
804,2319
804,879
804,2561
804,2136
804,1815
804,2344
804,889
804,1103
804,1126
804,890
804,1740
804,1726
804,1141
804,2305
804,850
804,2556
804,866
804,2553
804,1197
804,809
804,829
804,2147
804,1177
804,868
804,1916
804,842
804,1124
804,818
804,811
804,883
804,859
804,852
804,891
804,1596
804,840
804,2682
804,834
804,2083
804,825
804,863
804,860
804,847
804,1720
804,1526
804,841
804,895
804,897
804,2617
804,871
804,824
804,827
805,2704
805,2122
805,2399
805,2584
805,2297
805,2186
805,1824
805,1638
805,916
805,2633
805,1301
805,2077
805,1883
805,2076
805,1413
805,2188
805,2229
805,2222
805,2706
805,2440
805,2702
805,1933
805,2224
805,2291
805,2337
805,2434
805,2298
805,2422
805,2519
805,1788
805,1951
805,2157
805,1769
805,1976
805,2062
805,2010
805,2168
805,2653
805,975
805,2624
805,1712
805,2161
805,1932
805,2223
805,2292
805,2022
805,2404
806,2451
806,2339
806,839
806,892
806,813
806,856
806,2562
806,896
806,2561
806,2455
806,1143
806,2136
806,2594
806,2083
806,1144
806,2308
806,1751
806,861
806,872
806,1720
806,2018
806,2446
806,889
806,820
806,2678
806,2605
806,874
806,1359
806,2038
806,2651
806,1119
806,2087
806,857
806,1917
806,1306
806,846
806,895
806,829
806,871
806,870
806,2227
806,869
806,1740
806,867
806,1894
806,827
806,823
806,807
806,2565
806,1794
806,2705
807,2522
807,1549
807,831
807,856
807,2344
807,1745
807,1359
807,2560
807,2463
807,2561
807,2345
807,1815
807,2682
807,1511
807,2481
807,2641
807,2447
807,837
807,898
807,1835
807,2593
807,1720
807,850
807,2446
807,2153
807,1967
807,880
807,2141
807,854
807,810
807,1101
807,2553
807,2559
807,879
807,893
807,2306
807,851
807,2138
807,877
807,1197
807,818
807,811
807,840
807,883
807,2339
807,1272
807,1916
807,835
807,834
807,899
807,1190
807,1275
807,852
807,819
807,824
807,888
807,1828
807,869
808,2522
808,839
808,2421
808,856
808,2676
808,833
808,2344
808,2562
808,2271
808,1503
808,855
808,1359
808,1736
808,2666
808,2464
808,1670
808,2447
808,2083
808,847
808,884
808,1272
808,2661
808,846
808,1884
808,2563
808,813
808,1395
808,848
808,2400
808,2480
808,1362
808,2102
808,2144
808,2338
808,1902
808,853
808,811
808,1373
808,859
808,837
808,2001
808,1831
808,852
808,2498
808,2595
808,2485
808,1321
809,2673
809,1185
809,845
809,882
809,2562
809,1608
809,1905
809,1733
809,879
809,822
809,2311
809,2308
809,861
809,2560
809,2463
809,1105
809,872
809,890
809,1162
809,1177
809,2141
809,2498
809,849
809,836
809,2480
809,2138
809,1169
809,1146
809,1149
809,1134
809,828
809,1199
809,811
809,1125
809,1167
809,895
809,868
809,1756
809,883
809,870
809,835
809,823
809,1965
809,2014
809,850
809,866
809,825
809,821
809,815
810,2673
810,1144
810,1128
810,839
810,1093
810,2555
810,1160
810,1507
810,1119
810,1107
810,1104
810,1124
810,1117
810,1141
810,1749
810,877
810,860
810,2323
810,2083
810,1815
810,889
810,848
810,1184
810,893
810,890
810,894
810,897
810,891
810,820
810,2147
810,886
810,882
810,881
810,905
810,871
810,859
810,849
810,852
810,2563
810,843
810,2490
810,841
810,834
810,832
810,823
810,819
810,2123
810,1515
810,2553
810,1292
810,2021
810,1300
810,2002
810,885
810,2036
810,1672
810,2560
810,1396
811,1144
811,899
811,845
811,856
811,2323
811,1880
811,1359
811,2593
811,1753
811,1809
811,839
811,2682
811,844
811,1745
811,872
811,850
811,1162
811,892
811,2153
811,2120
811,2428
811,1749
811,854
811,2556
811,890
811,1158
811,906
811,1100
811,2574
811,893
811,829
811,905
811,1140
811,1175
811,894
811,877
811,860
811,883
811,861
811,1152
811,852
811,1173
811,834
811,863
811,1153
811,2553
811,945
811,857
811,819
811,2447
811,895
812,2300
812,2344
812,2311
812,1122
812,2593
812,2308
812,2552
812,1747
812,835
812,2601
812,853
812,2343
813,1731
813,1721
813,831
813,1164
813,2362
813,1198
813,1170
813,1730
813,1362
813,877
813,1724
813,851
813,828
813,856
813,1306
813,846
813,2338
813,2553
813,1272
813,2345
813,890
813,822
813,2481
813,859
813,1117
813,826
813,2149
813,840
813,834
813,2308
813,827
813,824
813,847
813,1753
813,2141
813,2560
813,814
813,1967
813,835
813,2678
813,2595
813,878
813,845
813,1330
813,861
813,2025
813,842
813,2006
813,1671
813,1886
813,1419
813,2485
814,2601
814,1545
814,2489
814,1919
814,892
814,831
814,2323
814,896
814,1646
814,2311
814,1199
814,2009
814,1815
814,2481
814,2593
814,847
814,898
814,2344
814,889
814,1803
814,1306
814,861
814,1892
814,2680
814,2562
814,816
814,1740
814,820
814,2141
814,894
814,1910
814,2678
814,2096
814,2650
814,2343
814,905
814,829
814,1916
814,1391
814,1272
814,871
814,827
814,869
814,2338
814,1886
814,1304
814,1901
814,834
814,842
815,1721
815,899
815,1737
815,892
815,882
815,887
815,874
815,1359
815,2345
815,2015
815,2448
815,1187
815,2136
815,2672
815,2144
815,1306
815,861
815,850
815,1167
815,2311
815,1147
815,1135
815,2139
815,866
815,884
815,1272
815,1350
815,897
815,2002
815,1154
815,2003
815,936
815,877
815,824
815,1109
815,859
815,1740
815,1352
815,860
816,833
816,1935
816,2113
816,1196
816,2561
816,2083
816,2344
816,889
816,1901
816,2593
816,847
816,1720
816,2311
816,2555
816,2121
816,1151
816,1129
816,1156
816,1306
816,880
816,888
816,2343
816,1109
816,818
816,2601
816,855
816,846
816,2338
816,1727
816,854
816,893
816,894
816,897
816,895
816,1162
816,871
816,1740
816,867
816,884
816,2120
816,859
816,819
816,2463
816,2594
816,2109
816,2400
816,1928
816,1815
816,2106
816,1569
816,2675
816,2481
816,2030
816,960
817,2014
817,1721
817,839
817,892
817,2036
817,1745
817,2491
817,2345
817,2311
817,2011
817,2447
817,2278
817,1103
817,861
817,1740
817,838
817,1887
817,820
817,1744
817,888
817,1272
817,880
817,865
817,860
817,2451
817,899
817,1359
817,2338
817,1722
817,1916
817,891
817,886
817,905
817,827
817,825
817,1298
817,897
817,2255
817,1904
818,2451
818,2140
818,1721
818,1144
818,1121
818,1112
818,896
818,855
818,2463
818,1178
818,847
818,1126
818,2561
818,2464
818,1106
818,884
818,892
818,2153
818,2030
818,1107
818,2115
818,1967
818,2595
818,1167
818,1758
818,862
818,2123
818,893
818,905
818,1258
818,1161
818,826
818,1117
818,2149
818,888
818,831
818,2092
818,851
818,881
818,827
818,1359
818,871
818,843
818,1158
818,867
818,845
818,1815
818,840
818,2138
818,823
818,2120
818,859
818,1596
819,2601
819,2339
819,2124
819,892
819,2362
819,2344
819,2126
819,2319
819,2561
819,2447
819,2011
819,847
819,2278
819,1603
819,844
819,1674
819,1125
819,890
819,2562
819,1744
819,2141
819,1362
819,1290
819,1344
819,1359
819,1199
819,2338
819,2674
819,867
819,843
819,886
819,835
819,860
819,852
819,1111
819,905
819,840
820,1721
820,1545
820,1885
820,892
820,864
820,856
820,2659
820,2562
820,2200
820,896
820,916
820,1898
820,822
820,2345
820,2593
820,2566
820,844
820,872
820,1306
820,2120
820,1167
820,1362
820,2343
820,865
820,857
820,2553
820,893
820,2339
820,1272
820,1359
820,2037
820,2344
820,889
820,894
820,895
820,1120
820,829
820,2166
820,905
820,871
820,852
820,1621
820,2278
820,823
820,2141
820,2560
820,1105
820,836
820,2678
820,1533
820,2115
820,1566
820,2014
820,2305
820,850
820,1146
820,1311
820,882
820,1367
820,898
820,1674
820,1965
821,2601
821,2362
821,2218
821,1721
821,1507
821,2654
821,2323
821,2631
821,2561
821,2311
821,2447
821,2083
821,837
821,844
821,1125
821,850
821,2302
821,1740
821,2617
821,2153
821,2120
821,872
821,2149
821,2566
821,1123
821,2339
821,1272
821,831
821,2480
821,2139
821,846
821,2563
821,2553
821,893
821,1170
821,853
821,1734
821,2138
821,877
821,883
821,869
821,2304
821,2595
821,1107
821,1371
821,897
821,1967
821,827
821,824
822,2124
822,899
822,874
822,2080
822,856
822,1745
822,1608
822,2601
822,855
822,1754
822,1734
822,2147
822,1362
822,877
822,2343
822,2083
822,1306
822,1914
822,2593
822,889
822,866
822,854
822,2553
822,897
822,895
822,868
822,2153
822,869
822,2339
822,884
822,826
822,849
822,1125
822,2278
822,2106
822,1591
822,2674
822,1122
822,2308
822,2599
822,1126
822,891
822,1161
822,2131
822,915
823,2560
823,2339
823,1507
823,848
823,839
823,833
823,2344
823,896
823,2125
823,2136
823,939
823,1125
823,861
823,1729
823,2345
823,890
823,1122
823,2480
823,1362
823,893
823,826
823,855
823,2310
823,846
823,1525
823,1724
823,895
823,872
823,1842
823,843
823,1325
823,840
823,871
823,824
823,857
823,1520
823,2083
823,1598
823,852
823,1338
824,2601
824,2004
824,831
824,856
824,1813
824,2481
824,862
824,847
824,1124
824,1125
824,1157
824,1881
824,1359
824,1747
824,1150
824,1745
824,872
824,2445
824,2149
824,850
824,1758
824,894
824,1272
824,846
824,848
824,2554
824,829
824,851
824,868
824,1186
824,1321
824,2121
824,860
824,828
824,897
824,2338
824,883
824,1754
824,863
824,845
824,1815
824,2037
824,2005
824,1329
824,2553
824,898
825,2080
825,2349
825,882
825,873
825,856
825,845
825,2397
825,1905
825,1141
825,2674
825,2319
825,1314
825,2556
825,2132
825,2666
825,2278
825,898
825,2147
825,1817
825,2011
825,2302
825,2120
825,836
825,2661
825,2343
825,866
825,1170
825,1117
825,854
825,1630
825,1180
825,1172
825,881
825,870
825,1916
825,1608
825,832
825,852
825,1592
826,2451
826,831
826,833
826,2562
826,855
826,1725
826,2136
826,1136
826,1815
826,2606
826,2308
826,2017
826,1884
826,1831
826,861
826,850
826,1182
826,1156
826,1123
826,1197
826,828
826,894
826,883
826,2556
826,2153
826,2554
826,905
826,869
826,863
826,859
826,841
826,840
826,827
826,2141
826,2038
826,1902
826,1125
826,1740
826,867
826,2031
826,1352
826,848
826,1818
826,1357
826,2230
827,1144
827,899
827,848
827,839
827,864
827,882
827,2562
827,2151
827,1908
827,855
827,2593
827,1732
827,844
827,1815
827,2678
827,2141
827,898
827,1577
827,2343
827,1167
827,889
827,862
827,1153
827,905
827,1916
827,2306
827,851
827,1300
827,2658
827,860
827,857
827,1316
827,1754
827,1164
827,2037
827,1111
827,852
827,886
827,893
827,1184
827,868
827,1836
827,866
827,2563
827,2463
828,845
828,1745
828,855
828,2319
828,1359
828,2311
828,2305
828,1529
828,1190
828,2557
828,2447
828,1306
828,890
828,884
828,2153
828,1864
828,2446
828,894
828,866
828,2661
828,1167
828,1749
828,1187
828,905
828,851
828,1116
828,1892
828,2338
828,2553
828,1560
828,1754
828,1324
828,854
828,846
828,1229
828,938
828,853
828,877
828,1123
828,861
828,1734
828,1884
828,2563
828,898
828,1741
828,1018
828,843
828,867
828,1557
829,2112
829,1121
829,899
829,892
829,2028
829,864
829,2674
829,874
829,1359
829,2485
829,889
829,861
829,915
829,850
829,890
829,838
829,2678
829,2141
829,854
829,2339
829,1272
829,905
829,846
829,865
829,860
829,898
829,895
829,883
829,871
829,843
829,2560
829,1192
829,2475
829,1893
829,946
829,832
830,1213
830,2028
830,1885
830,920
830,1646
830,2694
830,1655
830,1381
830,1347
830,2634
830,1320
830,2632
830,2314
830,1863
830,2606
830,1335
830,1632
830,2270
830,2561
830,1106
830,1621
830,2033
830,1393
830,2169
830,2430
830,975
830,1935
830,2303
830,876
830,2039
830,939
830,1812
830,1965
830,2198
830,1810
830,2650
830,988
830,1391
830,1367
830,964
830,1352
830,1350
830,1331
830,1316
830,1828
830,1377
830,960
830,1348
830,1321
830,1329
830,1340
830,984
830,1372
830,1392
830,2168
830,2230
830,2466
830,1302
830,1772
830,2617
830,903
830,1388
830,2191
831,2124
831,2654
831,2128
831,1116
831,2080
831,1110
831,1176
831,1134
831,2450
831,853
831,2446
831,2147
831,2323
831,2562
831,856
831,2311
831,2593
831,879
831,1815
831,2338
831,837
831,2345
831,890
831,872
831,899
831,896
831,881
831,2120
831,859
831,1117
831,852
831,888
831,2149
831,834
831,1125
831,2082
831,1167
831,876
831,1908
831,2153
831,2444
831,1722
831,1819
831,1333
831,895
831,878
831,2527
832,2339
832,1144
832,2451
832,899
832,833
832,2562
832,1745
832,2080
832,1886
832,1207
832,879
832,2666
832,2345
832,2447
832,2344
832,889
832,1125
832,1306
832,2153
832,1749
832,1177
832,2678
832,1727
832,836
832,1129
832,2554
832,1168
832,877
832,2328
832,873
832,2037
832,870
832,859
832,839
832,2682
832,2343
832,888
832,841
832,1741
832,1576
832,897
832,2489
832,840
832,857
832,2338
832,883
832,869
833,2152
833,1229
833,2016
833,1129
833,1149
833,862
833,1362
833,2463
833,1539
833,1733
833,899
833,1290
833,866
833,854
833,1359
833,890
833,2305
833,850
833,895
833,2450
833,869
833,867
833,1272
833,884
833,859
833,849
833,2149
833,844
833,2563
833,843
833,835
833,1608
833,2481
833,880
833,2141
833,2132
833,1152
833,1560
833,2094
833,2593
833,847
833,1817
833,1893
833,2658
833,1935
833,1353
833,2082
833,918
834,2339
834,2140
834,2004
834,1721
834,848
834,839
834,845
834,2562
834,2323
834,1807
834,1817
834,855
834,2556
834,1141
834,2305
834,2481
834,2308
834,2561
834,2367
834,838
834,2120
834,2678
834,2092
834,2563
834,2338
834,2370
834,1400
834,2557
834,891
834,890
834,2228
834,1161
834,870
834,895
834,863
834,1916
834,860
834,2280
834,880
835,2451
835,2014
835,1721
835,874
835,1908
835,1898
835,2561
835,2556
835,1187
835,2136
835,837
835,2278
835,1873
835,1306
835,1745
835,872
835,2593
835,2302
835,2308
835,1726
835,884
835,2617
835,2153
835,1749
835,894
835,854
835,2097
835,836
835,1311
835,1884
835,2563
835,1965
835,2348
835,2338
835,851
835,877
835,860
835,891
835,869
835,1740
835,1158
835,867
835,852
835,840
835,1598
835,881
835,845
835,1815
835,2021
835,857
835,2646
836,2560
836,2328
836,2004
836,874
836,839
836,1885
836,864
836,1780
836,2311
836,1541
836,845
836,1136
836,1817
836,847
836,844
836,2092
836,2446
836,2033
836,1168
836,1173
836,1117
836,860
836,857
836,842
836,2482
836,2553
836,1382
836,897
836,895
836,1916
836,841
836,2675
836,1126
836,886
836,1559
836,850
836,866
836,1989
836,2444
836,2285
837,1806
837,1721
837,2451
837,899
837,2128
837,864
837,2511
837,1831
837,856
837,2666
837,1757
837,1667
837,2136
837,2253
837,2447
837,1141
837,2305
837,1723
837,1140
837,1168
837,860
837,1187
837,872
837,883
837,2120
837,859
837,2563
837,1337
837,2001
837,845
837,1815
837,1952
837,2534
837,885
837,2259
837,1171
837,841
837,2005
837,1350
837,1310
837,1305
837,1312
837,921
837,2224
838,1121
838,2091
838,873
838,1159
838,2319
838,2107
838,1725
838,1178
838,2455
838,2082
838,1136
838,1753
838,2419
838,1751
838,1103
838,2599
838,2449
838,1747
838,1165
838,1130
838,2651
838,1100
838,2555
838,1111
838,1198
838,1107
838,2454
838,1173
838,1133
838,1142
838,1104
838,1132
838,1139
838,2109
838,2542
838,1122
838,1853
838,2672
838,1120
839,2560
839,1754
839,1178
839,2301
839,857
839,842
839,1185
839,899
839,879
839,1815
839,889
839,866
839,854
839,2553
839,893
839,1272
839,868
839,2153
839,870
839,1160
839,869
839,867
839,2149
839,1608
839,2308
839,2141
839,2278
839,2311
839,1729
839,1306
839,2276
839,2447
839,895
839,1671
839,2036
839,1131
839,2198
839,2631
839,2589
839,848
839,1915
839,2338
839,2629
839,1109
839,915
839,2535
839,2483
839,2167
840,864
840,1905
840,2345
840,2035
840,845
840,1815
840,2308
840,1306
840,847
840,1720
840,2120
840,1753
840,2141
840,2339
840,1272
840,866
840,2426
840,1362
840,905
840,1863
840,893
840,2595
840,1916
840,2136
840,1166
840,883
840,897
840,869
840,2447
840,895
840,2083
840,843
841,2560
841,2218
841,848
841,2323
841,1762
841,2345
841,2136
841,2447
841,1122
841,2156
841,872
841,2154
841,1672
841,1179
841,2683
841,1967
841,2557
841,2651
841,2004
841,2333
841,1818
841,1646
841,894
841,2149
841,880
841,879
841,863
841,1817
841,877
841,1378
841,2553
841,881
841,870
841,2153
841,1307
841,898
842,1185
842,1116
842,1115
842,952
842,855
842,1196
842,2556
842,2390
842,1667
842,2083
842,2308
842,2278
842,2490
842,1884
842,861
842,1126
842,1720
842,890
842,1967
842,2141
842,1758
842,870
842,884
842,1272
842,872
842,1163
842,1812
842,854
842,857
842,1730
842,1192
842,1173
842,1916
842,877
842,865
842,2447
842,895
842,2559
842,867
842,912
842,859
842,886
843,874
843,864
843,2323
843,1745
843,2260
843,1181
843,879
843,2082
843,2017
843,855
843,850
843,884
843,2149
843,854
843,2553
843,1576
843,897
843,2338
843,1720
843,849
843,1916
843,869
843,1118
843,1310
843,859
843,2278
843,1148
843,871
843,860
844,2601
844,874
844,1721
844,848
844,1185
844,864
844,845
844,2591
844,1608
844,879
844,2556
844,2345
844,1672
844,2308
844,2017
844,1184
844,1742
844,1160
844,1109
844,854
844,859
844,2120
844,891
844,2153
844,871
844,1740
844,867
844,2149
844,866
844,1882
844,846
844,1395
844,883
844,2000
844,2311
844,1729
844,868
844,1928
844,2633
844,2228
844,889
844,1730
844,1827
845,848
845,864
845,1751
845,1124
845,857
845,2562
845,1306
845,2338
845,2345
845,1916
845,1359
845,2553
845,2120
845,1272
845,1740
845,2447
845,882
845,2153
845,2481
845,871
845,863
845,2136
845,852
845,1105
845,898
845,2561
845,2115
845,1595
845,1901
845,2599
845,1720
845,2593
845,1914
845,2259
845,1161
845,2616
845,1391
845,1310
845,866
845,1836
845,1825
846,2601
846,2560
846,1731
846,2448
846,2307
846,1954
846,2491
846,2561
846,2311
846,2107
846,2027
846,2593
846,2490
846,1834
846,1125
846,861
846,872
846,890
846,2446
846,1190
846,2678
846,876
846,1387
846,1272
846,866
846,1118
846,853
846,1362
846,1721
846,848
846,2553
846,2447
846,895
846,891
846,871
846,867
846,2120
846,859
846,2559
846,2259
846,1307
847,1128
847,1745
847,896
847,855
847,2666
847,2561
847,2121
847,1753
847,2481
847,862
847,1820
847,1723
847,2593
847,1720
847,865
847,1359
847,889
847,2553
847,1740
847,895
847,2450
847,886
847,2338
847,883
847,2362
847,2556
847,881
847,2153
847,863
847,859
847,2343
847,2149
847,2083
847,848
847,1886
847,2560
847,1181
847,2345
847,1375
847,2145
848,1721
848,1134
848,862
848,1179
848,2083
848,861
848,864
848,866
848,2338
848,2682
848,886
848,882
848,892
848,2153
848,867
848,889
848,2344
848,1125
848,1935
848,2595
848,1744
848,1519
848,1880
848,1745
848,2036
848,1914
848,957
848,1360
848,1375
848,1335
848,1323
849,1721
849,1112
849,882
849,856
849,2307
849,1101
849,2561
849,1178
849,1122
849,1874
849,2447
849,2278
849,2197
849,898
849,1720
849,2120
849,2445
849,2651
849,1131
849,2308
849,853
849,880
849,2149
849,888
849,2343
849,866
849,2338
849,886
849,868
849,870
849,867
849,1815
849,2678
849,2426
850,1382
850,892
850,882
850,896
850,855
850,972
850,2666
850,2132
850,2121
850,2018
850,1745
850,872
850,1758
850,1272
850,2108
850,894
850,898
850,905
850,863
850,1398
850,1117
850,852
850,1396
850,869
850,1386
850,2089
850,1523
850,2141
850,1756
850,883
850,1729
850,879
850,2403
850,2308
851,899
851,2448
851,882
851,2344
851,1608
851,1505
851,1419
851,2676
851,2094
851,1836
851,855
851,2561
851,2556
851,2557
851,2308
851,864
851,861
851,2109
851,2593
851,1720
851,2446
851,1758
851,2343
851,2563
851,1362
851,1359
851,1916
851,880
851,1147
851,2037
851,1646
851,870
851,2120
851,859
851,2083
851,2553
851,2575
851,1120
851,1863
851,893
851,863
852,2339
852,864
852,2256
852,856
852,2200
852,1159
852,896
852,1898
852,1667
852,2136
852,1306
852,1125
852,1141
852,2133
852,892
852,2153
852,894
852,1671
852,1362
852,893
852,2338
852,1808
852,888
852,897
852,2573
852,2001
853,2560
853,2124
853,899
853,2489
853,2080
853,2349
853,882
853,874
853,1359
853,2634
853,2083
853,906
853,1740
853,880
853,1559
853,2141
853,2037
853,1504
853,861
853,1152
853,866
853,1109
853,2339
853,884
853,1272
853,886
853,1191
853,2255
853,2109
853,857
853,1122
853,2259
854,2560
854,2614
854,1303
854,856
854,2260
854,879
854,1820
854,2136
854,1815
854,2308
854,1603
854,889
854,1306
854,872
854,892
854,2153
854,2120
854,2149
854,2141
854,2597
854,1153
854,2430
854,1169
854,1129
854,1362
854,860
854,886
854,2338
854,883
854,1196
854,905
854,2553
854,1385
854,1758
854,2146
854,2678
854,1902
854,1397
855,892
855,1935
855,1915
855,2406
855,1193
855,1749
855,2463
855,861
855,893
855,2217
855,2120
855,899
855,897
855,2083
855,2481
855,867
855,884
855,863
855,2563
855,1815
855,2561
855,880
855,2141
855,1820
855,1646
855,1518
855,2103
855,1911
855,1360
855,1811
855,1149
855,1828
855,2558
855,2696
856,892
856,2615
856,1967
856,877
856,860
856,2562
856,1720
856,2593
856,889
856,866
856,1272
856,1187
856,896
856,2447
856,895
856,883
856,881
856,2481
856,2136
856,2308
856,1116
856,2561
856,905
856,2679
856,1135
856,1911
856,2682
856,936
856,890
856,1375
856,1349
857,2560
857,2126
857,1745
857,896
857,879
857,2107
857,1190
857,862
857,2344
857,889
857,1740
857,2001
857,2445
857,1758
857,2426
857,866
857,1362
857,1749
857,883
857,2338
857,1916
857,2308
857,1125
857,886
857,1147
857,1120
857,1164
857,2666
857,1114
857,1192
857,863
858,1216
858,1871
858,2386
858,1599
858,2315
858,2521
858,1256
858,1872
858,2479
858,2385
858,2482
858,2377
858,2321
858,1814
858,1246
858,2402
858,1238
858,1244
858,1277
858,1089
858,1856
858,1080
858,2007
858,1081
858,1598
858,1844
858,1068
858,1538
858,2159
858,1065
858,2381
858,1253
858,1958
858,1226
858,1517
858,1503
858,2570
858,1299
858,1728
858,2532
858,1228
858,1593
858,2533
858,1281
858,1876
858,1294
858,1012
858,1266
858,1848
858,1284
858,1556
858,1874
858,1292
858,2312
858,1245
858,2510
858,1241
858,1560
858,1295
858,2658
859,2451
859,1721
859,1737
859,1513
859,882
859,2556
859,862
859,2629
859,2308
859,2278
859,1306
859,1720
859,2562
859,2120
859,2001
859,2428
859,1167
859,884
859,1272
859,2002
859,2553
859,1158
859,2381
859,1359
859,2255
859,1307
859,871
859,863
859,987
859,2447
859,895
859,1511
859,865
859,886
859,2651
859,905
860,2339
860,1721
860,874
860,1908
860,952
860,2556
860,2345
860,1306
860,861
860,1100
860,1729
860,2302
860,1720
860,1732
860,1538
860,2141
860,2149
860,2343
860,1167
860,2451
860,899
860,1168
860,1362
860,2682
860,893
860,866
860,891
860,1325
860,905
860,1125
860,897
860,2543
860,2595
860,1916
860,871
860,1815
861,1899
861,1919
861,2679
861,2323
861,1935
861,896
861,2437
861,2134
861,2682
861,2566
861,2083
861,1306
861,1172
861,1129
861,1104
861,2308
861,1167
861,1734
861,888
861,2343
861,1720
861,899
861,1428
861,2553
861,893
861,2120
861,895
861,1314
861,2125
861,2278
861,1114
861,2561
861,2261
861,2228
861,2131
861,2056
862,1731
862,1144
862,2080
862,864
862,2481
862,899
862,1745
862,1102
862,1177
862,1734
862,870
862,1367
863,2560
863,2295
863,874
863,892
863,1745
863,896
863,1502
863,1101
863,879
863,1815
863,2344
863,889
863,2018
863,1106
863,1740
863,884
863,2681
863,2114
863,890
863,2415
863,2563
863,1721
863,2109
863,2323
863,1159
863,868
863,1135
863,2328
863,2037
863,895
863,869
863,1287
863,905
863,1584
863,888
863,886
863,881
863,2020
863,2480
863,1140
864,2601
864,1148
864,1720
864,2083
864,1306
864,889
864,893
864,872
864,2037
864,2575
864,891
864,2481
864,867
864,884
864,2489
864,2308
864,2141
864,2678
864,1734
864,1540
864,1729
865,2560
865,2654
865,2489
865,892
865,1112
865,2307
865,1195
865,2567
865,1892
865,2575
865,2147
865,1105
865,1100
865,1125
865,890
865,1740
865,2141
865,1114
865,1167
865,2002
865,1190
865,2553
865,1192
865,1135
865,2016
865,1734
865,893
865,1397
865,880
865,1121
865,886
865,884
865,1354
865,1141
865,1178
865,1131
866,874
866,2344
866,2307
866,1880
866,2311
866,1187
866,1125
866,890
866,884
866,2120
866,2678
866,2141
866,2595
866,2679
866,2651
866,1741
866,1723
866,1120
866,1306
866,2308
866,1362
866,888
866,2451
866,899
866,2631
866,1176
866,1815
866,2259
866,1368
867,2451
867,899
867,874
867,2003
867,1382
867,1185
867,2448
867,2305
867,1736
867,2593
867,2136
867,1300
867,2481
867,1135
867,2147
867,884
867,2153
867,1326
867,2555
867,2092
867,2139
867,2120
867,1133
867,2344
867,889
867,2338
867,2278
867,868
867,2082
867,1306
867,1118
867,1504
867,1507
867,905
867,2198
867,1886
868,1229
868,1745
868,1159
868,1141
868,1116
868,1762
868,879
868,2345
868,2311
868,2481
868,2447
868,2083
868,2606
868,1834
868,1125
868,1579
868,2646
868,2449
868,2593
868,1720
868,884
868,2120
868,2633
868,1722
868,2301
868,2599
868,2114
868,2556
868,2444
868,1359
868,2038
868,2000
868,893
868,888
868,877
868,883
868,871
868,2594
868,2109
868,1794
868,1336
869,2673
869,2218
869,899
869,2217
869,1836
869,2342
869,1181
869,2561
869,2485
869,2324
869,2447
869,1330
869,1815
869,2680
869,1887
869,2081
869,2445
869,1749
869,2301
869,1187
869,1738
869,2629
869,2338
869,2036
869,1745
869,2230
869,891
869,2035
869,871
869,2093
869,1105
869,2595
869,1916
869,2015
869,1724
869,2083
869,1537
869,1736
870,2260
870,879
870,2561
870,1199
870,1539
870,2121
870,1815
870,2566
870,1884
870,2154
870,1721
870,2012
870,2678
870,2141
870,894
870,2553
870,1167
870,935
870,905
870,2338
870,1176
870,1523
870,1135
870,877
870,2595
870,1576
870,1251
870,1350
870,1131
870,1515
870,1565
870,1177
870,886
870,2343
870,888
870,2083
870,1729
870,1147
871,2588
871,2344
871,896
871,2125
871,1124
871,2428
871,2682
871,2308
871,2017
871,2556
871,1162
871,1887
871,2141
871,2131
871,1758
871,2096
871,2204
871,892
871,2153
871,2147
871,2341
871,2323
871,1935
871,2226
871,1164
871,2339
871,1272
871,2338
871,2227
871,2098
871,2563
871,2120
871,2468
871,897
871,1967
871,1539
872,2601
872,2339
872,2124
872,2112
872,1832
872,1721
872,899
872,2323
872,1745
872,874
872,1359
872,2631
872,2556
872,1125
872,1754
872,1362
872,1720
872,2114
872,2406
872,1916
872,893
872,890
872,894
872,891
872,886
872,2153
872,2149
872,2481
873,2560
873,1742
873,1731
873,2152
873,2448
873,1165
873,1674
873,1162
873,1143
873,1192
873,1184
873,1746
873,1157
873,1145
873,1743
873,1161
873,2179
873,2082
873,2552
873,2455
873,1754
873,2530
873,1198
873,2310
873,1166
873,1163
873,1133
873,1138
873,1120
873,1197
873,2554
873,1196
873,1734
873,2147
873,2311
873,889
873,883
873,1608
873,2151
874,2601
874,2560
874,899
874,1190
874,1724
874,880
874,2343
874,1306
874,2345
874,2553
874,1272
874,895
874,882
874,2083
874,898
874,2678
874,2561
874,1591
874,1251
874,2255
874,1727
874,2018
874,2030
874,2008
874,1734
874,1831
874,2104
874,1914
874,969
874,2480
875,1920
875,1779
875,1633
875,1188
875,2584
875,2073
875,2163
875,1775
875,2186
875,1793
875,1648
875,1626
875,1944
875,2013
875,1938
875,1925
875,2604
875,1996
875,1600
875,1243
875,2698
875,1936
875,2518
875,1333
875,1621
875,1622
875,2436
875,2412
875,2077
875,1980
875,1962
875,2435
875,1937
875,1712
875,1945
875,2161
875,1639
875,1923
875,1959
875,1760
875,2598
875,2404
876,2548
876,1533
876,2675
876,2511
876,2104
876,1831
876,1378
876,1128
876,1807
876,1202
876,2229
876,2631
876,2485
876,2112
876,1918
876,1644
876,1672
876,2629
876,1905
876,2487
876,1603
876,2683
876,2198
876,2646
876,2447
876,1186
876,1596
876,2678
876,1902
876,2644
876,2611
876,1447
876,1527
876,945
876,2673
876,1110
876,1304
876,2650
876,2603
876,1906
876,2627
876,2014
876,1335
876,1917
876,2208
877,1731
877,2128
877,2256
877,878
877,1359
877,879
877,2455
877,1143
877,1145
877,2308
877,2278
877,890
877,884
877,2153
877,1121
877,1897
877,1150
877,2301
877,1613
877,2001
877,1167
877,905
877,1745
877,1357
877,1730
877,1198
877,2311
877,1147
877,1540
877,1734
877,1916
877,1171
877,880
877,2447
877,895
878,2091
878,2080
878,1093
878,2317
878,2320
878,1674
878,2554
878,1117
878,2463
878,2113
878,2133
878,2529
878,1585
878,1294
878,1199
878,1529
878,2116
878,2146
878,1539
878,2121
878,1592
878,2314
878,2092
878,1928
878,1523
878,2615
878,1548
878,2119
878,2313
878,1570
878,893
878,1281
878,1208
878,1126
878,2100
878,1906
878,2646
878,942
878,2638
879,2448
879,2488
879,1905
879,1181
879,2011
879,2651
879,1164
879,2560
879,1105
879,1117
879,2557
879,2445
879,1362
879,2098
879,2311
879,1815
879,1141
879,1723
879,1740
879,2447
879,895
879,891
879,2323
879,883
879,892
879,2153
879,2149
879,2308
879,2556
879,2553
879,1685
879,1361
879,2131
879,898
879,2644
880,2004
880,899
880,2307
880,1646
880,2021
880,2486
880,896
880,2487
880,2278
880,2367
880,890
880,2311
880,1740
880,892
880,2153
880,2120
880,2000
880,2596
880,905
880,1916
880,2147
880,1953
880,1146
880,883
880,2593
880,888
880,2308
881,2601
881,2004
881,1891
881,2562
881,2003
881,1141
881,2305
881,2561
881,2593
881,1952
881,885
881,889
881,1144
881,2599
881,2147
881,2016
881,896
881,2343
881,888
881,2345
881,890
881,1354
881,1348
881,1116
881,2311
881,1147
881,891
882,1832
882,1806
882,1751
882,1130
882,1749
882,1912
882,2593
882,2345
882,1359
882,2553
882,2446
882,894
882,891
882,886
882,2339
882,884
882,2149
882,2559
882,2566
882,1176
882,1564
882,2014
882,1820
882,2017
882,2276
882,2008
882,2156
882,2556
882,1392
882,1353
882,2217
883,2331
883,1745
883,2561
883,1560
883,1815
883,1732
883,2682
883,1128
883,2278
883,889
883,2147
883,2153
883,2445
883,2678
883,1272
883,2480
883,1359
883,1179
883,888
883,895
883,957
883,2563
883,2553
883,2005
883,2481
884,2362
884,2339
884,1721
884,1121
884,2448
884,2342
884,2676
884,2601
884,2428
884,2035
884,2682
884,1306
884,2302
884,1184
884,891
884,1150
884,2120
884,2149
884,2316
884,2141
884,2561
884,2092
884,1391
885,2036
885,2610
885,2011
885,1780
885,1738
885,2027
885,1300
885,901
885,2606
885,886
885,2380
885,2039
885,2017
885,1729
885,2276
885,2591
885,1330
885,2006
885,2103
885,2680
885,2483
885,1319
885,1366
885,2031
885,1837
885,1390
885,1367
885,2199
885,2005
885,1326
885,1303
885,915
885,1310
885,1305
885,1302
885,2603
885,1913
885,1379
885,2252
885,1312
885,903
885,902
885,900
885,949
885,2145
885,908
885,2256
885,1383
886,899
886,2552
886,2562
886,2561
886,2311
886,2557
886,2121
886,2035
886,1815
886,2481
886,2278
886,2631
886,2144
886,2589
886,890
886,2542
886,1749
886,2304
886,2553
886,2426
886,905
886,2269
886,1754
886,1732
886,2120
886,2308
886,2083
886,897
887,2218
887,1832
887,1549
887,1919
887,2397
887,2150
887,1253
887,1084
887,2115
887,1559
887,2117
887,2367
887,1882
887,1591
887,2072
887,1587
887,1207
887,2276
887,1906
887,2617
887,2485
887,1897
887,1827
887,1354
887,2632
887,1384
887,2288
887,1206
887,1796
887,1777
887,1769
887,2696
888,2601
888,2560
888,2522
888,896
888,1737
888,2125
888,1733
888,1116
888,1359
888,2447
888,1720
888,890
888,2445
888,991
888,2052
888,1511
888,2481
888,2454
888,2595
888,2323
888,905
888,2490
888,2451
888,1093
888,1886
888,2468
888,2307
888,2113
888,1191
889,892
889,1345
889,1745
889,2666
889,2561
889,2345
889,2557
889,2682
889,1149
889,1919
889,1822
889,2311
889,1140
889,1916
889,2651
889,905
889,1153
889,1307
889,894
889,1863
889,2154
889,893
889,2301
889,891
889,1126
889,2136
889,1360
889,1138
889,1623
890,2560
890,1229
890,1185
890,1807
890,1530
890,2593
890,2682
890,1306
890,2304
890,2498
890,1184
890,2445
890,2320
890,1119
890,2557
890,899
890,1203
890,2338
890,2556
890,1754
890,1152
890,2278
890,2141
890,1740
890,1546
890,1136
890,1815
891,1144
891,2323
891,2305
891,2311
891,2447
891,2278
891,2481
891,1306
891,1125
891,2147
891,1827
891,2463
891,1758
891,1326
891,2563
891,1740
891,1129
891,2403
891,2553
891,1167
891,1120
891,2294
891,2339
891,1175
891,1819
891,1916
891,2674
891,2345
891,1734
891,2009
892,1507
892,1721
892,1153
892,2445
892,1167
892,1758
892,2323
892,2098
892,1306
892,2338
892,1916
892,1359
892,2120
892,894
892,897
892,895
892,2481
892,2343
892,2149
892,2308
892,2678
892,1199
892,2101
892,1106
892,1882
892,1551
892,1395
892,1901
892,1908
892,1314
892,2231
892,2080
892,2274
893,2300
893,1742
893,1128
893,1185
893,1513
893,1359
893,2561
893,2556
893,2345
893,2311
893,2136
893,2682
893,2481
893,2447
893,2632
893,2366
893,1545
893,1739
893,2261
893,1740
893,2482
893,2139
893,2563
893,2594
893,1362
893,1167
893,2141
893,1806
893,2485
893,1321
893,905
893,2606
893,2363
893,1183
893,2553
893,1566
893,2149
893,1567
893,1398
893,1144
893,2308
893,1338
893,1325
894,899
894,1817
894,2082
894,2308
894,2530
894,2092
894,2311
894,2217
894,2120
894,1177
894,1197
894,2186
894,1272
894,1734
894,1886
894,2468
894,1820
894,2596
894,1312
895,2080
895,1745
895,1359
895,2463
895,2136
895,1753
895,2447
895,1811
895,1892
895,2562
895,1162
895,2593
895,1720
895,2680
895,2542
895,1721
895,2012
895,2444
895,2553
895,1916
895,1341
895,1362
895,1566
895,1305
895,2295
895,2278
895,897
895,2120
895,943
896,2339
896,899
896,2489
896,2562
896,1184
896,1117
896,1734
896,2338
896,1916
896,2120
896,1740
896,2037
896,2447
896,2153
896,905
896,2149
896,2561
896,2141
896,2278
896,2567
896,1887
896,2011
896,1914
896,1379
896,1336
897,2560
897,2256
897,2323
897,2011
897,2593
897,2099
897,1394
897,2314
897,1823
897,2308
897,1125
897,1740
897,1185
897,991
897,2678
897,2624
897,2451
897,1093
897,1646
897,1161
897,979
897,1891
897,2035
897,2682
897,2147
897,1892
897,1310
897,2004
897,2481
897,2083
897,1192
898,2339
898,2331
898,2311
898,2015
898,1300
898,1674
898,1162
898,2406
898,1107
898,1362
898,2343
898,2308
898,2114
898,2338
898,1359
898,1747
898,2566
898,905
898,1737
898,1834
898,2563
898,1891
898,2141
898,2678
898,2498
898,2595
898,2553
898,1583
898,1500
898,1880
898,1815
898,2661
898,1776
899,2560
899,2124
899,1100
899,2304
899,2016
899,1117
899,2542
899,2626
899,1749
899,1167
899,1758
899,2666
899,1306
899,1815
899,2338
899,2682
899,1185
899,2447
899,2147
899,1856
899,2153
899,1884
899,1166
899,2136
899,2343
899,2149
899,1125
899,2020
899,2363
899,2285
899,2482
899,1803
899,1830
900,1654
900,2194
900,1378
900,1323
900,998
900,1635
900,2578
900,1356
900,1370
900,2144
900,923
900,1761
900,978
900,2182
900,1606
900,981
900,964
900,2187
900,2255
900,993
900,1656
900,970
900,965
900,960
900,959
900,949
900,941
900,1658
900,912
900,911
900,907
900,967
900,1641
900,1678
901,2172
901,1886
901,1378
901,998
901,1618
901,920
901,2457
901,977
901,924
901,1655
901,963
901,1380
901,974
901,957
901,946
901,936
901,950
901,1726
901,2023
901,1335
901,928
901,1316
901,1305
901,2262
901,1348
901,995
901,933
901,937
901,980
901,923
901,2037
901,970
901,968
901,967
901,949
901,948
901,935
901,2284
901,926
901,996
901,930
901,1606
901,2279
901,1632
901,1634
902,1323
902,928
902,2144
902,1647
902,1366
902,2257
902,988
902,974
902,2421
902,1810
902,995
902,1363
902,987
902,961
902,2643
902,2707
902,2096
902,968
902,1389
902,965
902,962
902,982
902,1358
902,949
902,1336
902,1469
902,924
902,985
902,970
902,1346
902,907
902,2459
902,1655
902,903
903,2659
903,2137
903,928
903,2129
903,2009
903,1880
903,2287
903,1888
903,963
903,1308
903,971
903,2018
903,996
903,987
903,1319
903,974
903,1818
903,2167
903,1391
903,1360
903,1325
903,934
903,933
903,922
903,2280
903,961
903,1355
903,967
903,2421
903,2033
903,944
903,935
903,2088
903,2185
903,1399
903,930
904,2707
904,1650
904,973
904,984
904,2032
904,2549
904,1800
904,982
904,1640
904,1363
904,987
904,964
904,1812
904,938
904,1816
904,923
904,2145
904,957
904,1367
904,928
904,1304
904,1651
904,993
904,983
904,1357
904,933
904,980
904,920
904,967
904,961
904,962
904,2694
904,908
904,1372
904,2191
904,1663
904,2227
904,958
904,948
904,930
905,2451
905,2126
905,1502
905,2666
905,1686
905,2641
905,1300
905,2481
905,2083
905,2109
905,1125
905,2498
905,2593
905,1720
905,2311
905,1887
905,2678
905,2346
905,1167
905,2563
905,1359
905,2038
905,2310
905,2123
905,1724
905,2343
905,2338
905,1740
905,1158
905,1815
905,2198
905,2560
906,2707
906,928
906,1638
906,920
906,972
906,950
906,998
906,951
906,2008
906,946
906,993
906,919
906,1318
906,989
906,917
906,964
906,965
906,1385
906,2466
906,962
906,1833
906,987
906,1941
906,954
906,979
906,947
906,944
906,941
906,1376
906,1658
906,971
906,929
906,1381
906,911
906,908
906,996
906,1372
906,2628
907,1664
907,2586
907,966
907,973
907,999
907,950
907,1602
907,1334
907,1308
907,930
907,2026
907,2262
907,978
907,1395
907,934
907,2643
907,1656
907,951
907,989
907,983
907,933
907,980
907,1338
907,962
907,949
907,947
907,2424
907,967
907,918
907,2170
907,1371
907,964
907,917
907,990
907,953
907,961
908,2021
908,2270
908,1941
908,2683
908,2677
908,2706
908,914
908,2183
908,1666
908,1308
908,953
908,910
908,1382
908,1830
908,2018
908,1642
908,966
908,2000
908,2164
908,1318
908,946
908,1399
908,1334
908,958
908,922
908,2614
908,2144
908,969
908,965
908,996
908,949
908,917
908,1669
908,1323
908,947
908,2707
908,1908
908,921
908,1630
908,2014
908,933
908,998
908,1629
909,1214
909,2670
909,2275
909,927
909,1633
909,2064
909,994
909,924
909,2050
909,2351
909,1624
909,2235
909,2578
909,2186
909,2045
909,2703
909,2356
909,989
909,1621
909,1623
909,2495
909,1640
909,2229
909,2127
909,1469
909,1610
909,2551
909,1611
909,2269
909,1655
909,1326
909,2010
909,1634
909,2359
910,1628
910,2610
910,2457
910,2429
910,2287
910,924
910,2458
910,2272
910,2127
910,2577
910,972
910,2462
910,2268
910,960
910,941
910,918
910,970
910,1649
910,1346
910,2019
910,2266
910,2184
911,2137
911,998
911,966
911,914
911,1618
911,2420
911,2021
911,1883
911,982
911,1889
911,2127
911,963
911,1601
911,1356
911,2703
911,1334
911,2144
911,1602
911,923
911,2167
911,2198
911,987
911,978
911,2643
911,1606
911,953
911,2426
911,950
911,1823
911,2145
911,961
911,974
911,1367
911,1350
911,990
911,949
911,918
911,1336
911,964
911,1643
911,2168
911,972
911,1360
911,2549
911,1388
911,989
911,1376
912,2421
912,2584
912,1997
912,977
912,999
912,950
912,982
912,1334
912,1308
912,922
912,2144
912,978
912,2643
912,1656
912,1606
912,973
912,1396
912,953
912,2423
912,937
912,993
912,934
912,921
912,1363
912,1300
912,967
912,2581
912,1641
912,983
912,925
912,1665
912,960
912,2413
912,956
912,996
912,2271
912,955
913,2122
913,2326
913,1533
913,973
913,1726
913,1338
913,924
913,2267
913,1780
913,2168
913,1315
913,2188
913,1888
913,1358
913,1622
913,2543
913,1673
913,1949
913,1616
913,2271
913,2174
913,1393
913,2460
913,2193
913,2178
913,1632
913,1607
913,1620
913,1829
913,2187
913,1655
913,2045
913,1657
913,2703
914,2581
914,1654
914,2583
914,2421
914,1664
914,1369
914,937
914,1637
914,2170
914,2576
914,2274
914,2424
914,2050
914,1822
914,1628
914,1625
914,1640
914,2287
914,2268
914,1669
914,1663
914,1642
914,1617
914,1380
914,1675
914,2354
915,2328
915,1900
915,1213
915,2430
915,2028
915,1891
915,2675
915,2349
915,1303
915,2591
915,2009
915,1880
915,1393
915,1381
915,2027
915,2003
915,2632
915,1756
915,2435
915,2629
915,2631
915,1822
915,1396
915,1881
915,1336
915,2617
915,1652
915,1361
915,2131
915,2008
915,1350
915,1387
915,1340
915,1331
915,1339
915,1341
915,1313
915,1392
915,2426
915,1367
915,1354
915,1965
915,1606
915,1304
915,2088
915,1314
915,1883
915,2174
916,2028
916,1933
916,2584
916,1954
916,1903
916,2484
916,1824
916,2661
916,1350
916,1804
916,1660
916,2048
916,2546
916,1922
916,2544
916,1353
916,1644
916,2383
916,2441
916,2333
916,2328
916,2425
916,2687
916,2500
916,2435
916,2443
916,2235
916,1137
916,2592
916,1833
916,1920
916,2405
916,1338
916,2414
916,2506
916,2234
916,2040
916,1790
916,2090
916,1799
916,2063
916,1384
916,2219
916,1899
916,1802
916,2578
916,2069
916,1712
916,1934
916,2227
916,1936
916,1645
916,2518
917,2581
917,1323
917,1510
917,977
917,1883
917,999
917,2127
917,963
917,1308
917,971
917,2605
917,1656
917,964
917,1344
917,937
917,2603
917,2025
917,2614
917,969
917,957
917,961
917,992
917,989
917,959
917,956
917,1640
917,935
917,996
917,949
917,1307
917,931
917,970
917,967
917,918
917,2129
917,953
917,1658
917,1376
918,2548
918,2707
918,2137
918,966
918,928
918,1997
918,1616
918,924
918,1393
918,1676
918,2164
918,2144
918,2413
918,1880
918,1949
918,1656
918,2096
918,935
918,2424
918,1357
918,946
918,1369
918,943
918,1372
918,936
918,983
918,922
918,1310
918,1606
918,1628
918,1822
918,949
918,1396
919,2300
919,1654
919,2172
919,998
919,1628
919,963
919,2249
919,1334
919,2462
919,2268
919,930
919,2421
919,2033
919,2643
919,1346
919,953
919,1606
919,2285
919,1653
919,974
919,957
919,951
919,945
919,1305
919,933
919,992
919,1377
919,989
919,980
919,1658
919,979
919,970
919,959
919,1813
919,940
919,2586
919,1325
919,931
919,929
919,2368
920,2356
920,2284
920,1626
920,2131
920,1360
920,2576
920,1965
920,1301
920,2194
920,2634
920,1756
920,1428
920,1441
920,979
920,1340
920,964
920,941
920,998
920,2420
920,1372
920,2188
920,2443
920,2204
920,1678
920,1611
920,2184
920,1653
920,2677
920,999
920,2174
920,1610
920,1823
920,943
920,2118
920,1601
921,2470
921,1997
921,1356
921,2577
921,971
921,1363
921,975
921,1341
921,1643
921,976
921,1399
921,934
921,992
921,1642
921,925
921,968
921,1345
921,2144
921,958
921,1335
921,1372
922,2362
922,2278
922,1817
922,969
922,1366
922,2088
922,1333
922,986
922,1340
922,1361
922,1386
922,934
922,961
922,928
922,984
922,990
922,964
922,1816
922,959
922,956
922,955
922,2144
922,941
922,940
922,1656
922,2675
922,929
922,2145
922,972
922,1323
922,1334
922,1637
922,2167
922,2191
922,962
922,1641
922,2270
922,2173
922,2466
923,1617
923,2707
923,966
923,977
923,1650
923,972
923,982
923,963
923,2586
923,2022
923,2144
923,2259
923,2666
923,974
923,2670
923,1965
923,993
923,2045
923,964
923,1308
923,979
923,2526
923,1304
923,967
923,965
923,962
923,1654
923,949
923,947
923,1393
923,2145
923,960
923,1888
923,948
923,1606
923,1663
923,985
923,2019
923,1658
923,2269
924,2588
924,2194
924,2456
924,1635
924,973
924,1997
924,2610
924,972
924,946
924,1393
924,993
924,2643
924,1355
924,967
924,999
924,2129
924,965
924,962
924,2144
924,948
924,944
924,940
924,1658
924,978
924,2145
924,996
924,1606
924,2453
924,1372
924,969
924,2618
924,929
924,1802
924,2272
924,934
924,2127
924,954
924,2311
924,953
924,1632
925,2216
925,1618
925,1510
925,1355
925,999
925,963
925,2606
925,1803
925,928
925,2453
925,1385
925,1808
925,1660
925,2459
925,2421
925,964
925,976
925,935
925,1641
925,1367
925,958
925,970
925,1606
925,948
925,2670
925,978
925,940
925,953
925,1658
925,968
926,1617
926,1323
926,2273
926,1380
926,1334
926,1308
926,1673
926,2643
926,1656
926,1351
926,953
926,981
926,1665
926,2581
926,1641
926,1671
926,2705
926,974
926,969
926,1369
926,1367
926,2209
926,940
926,965
926,961
926,931
926,967
926,1338
926,992
927,2014
927,2157
927,1653
927,1366
927,1352
927,1325
927,1309
927,1836
927,2227
927,2426
927,1811
927,2205
927,1312
927,992
927,1621
927,998
927,2453
927,1637
927,2546
927,1373
927,1349
927,2188
927,1888
927,2230
927,2215
927,1611
927,2169
927,2543
927,2358
927,2702
927,1532
927,2458
927,2194
927,2174
927,2677
927,2183
927,1392
927,2459
927,1618
927,2209
927,2173
927,1469
927,1634
927,2359
927,1615
927,2161
928,2421
928,2707
928,1323
928,1303
928,1928
928,2368
928,974
928,998
928,936
928,2629
928,1333
928,1393
928,934
928,990
928,979
928,970
928,1331
928,959
928,2023
928,956
928,1355
928,971
928,950
928,2145
928,2276
928,1356
928,996
928,2718
928,972
928,2262
928,946
928,1334
928,976
928,1833
928,1336
928,2129
928,1644
928,2543
928,2158
928,2643
928,994
928,2352
928,1676
928,2178
928,953
928,1632
928,2168
928,2459
929,2588
929,1323
929,998
929,1141
929,977
929,2287
929,982
929,963
929,1308
929,978
929,2019
929,2178
929,1658
929,1616
929,937
929,1640
929,961
929,1591
929,936
929,1625
929,946
929,993
929,958
929,968
929,967
929,2614
929,965
929,988
929,941
929,989
929,970
929,960
929,1363
929,931
930,2429
930,2287
930,982
930,1370
930,1308
930,2577
930,2149
930,2001
930,966
930,1357
930,1316
930,993
930,980
930,965
930,931
930,970
930,2285
930,1800
930,1656
930,2267
930,2190
930,1349
930,1611
930,1665
930,1641
930,2024
930,990
930,1365
930,977
931,2004
931,2707
931,2284
931,1315
931,1049
931,999
931,2413
931,985
931,978
931,1656
931,1351
931,2187
931,2266
931,966
931,2144
931,969
931,2011
931,1322
931,993
931,1428
931,958
931,989
931,1356
931,933
931,980
931,967
931,1678
931,976
931,947
931,1726
931,1662
931,962
931,963
931,959
931,943
932,1994
932,1465
932,2621
932,2545
932,1848
932,1269
932,2281
932,1200
932,2689
932,1843
932,2407
932,1496
932,2072
932,1696
932,1461
932,1475
932,1408
932,1478
932,1466
932,1429
932,1416
932,2070
932,1462
932,2637
932,1486
932,2691
932,2079
932,2034
932,2692
932,1781
932,1413
932,1448
932,2148
932,2340
932,1447
932,2058
932,1473
932,2648
932,2693
932,1424
932,1612
932,1487
932,2192
933,2457
933,2287
933,1394
933,1199
933,1308
933,996
933,2021
933,1363
933,987
933,976
933,2219
933,984
933,937
933,966
933,945
933,2254
933,943
933,934
933,947
933,944
933,983
933,960
933,1330
933,954
933,998
933,2549
934,1385
934,1997
934,1510
934,1616
934,977
934,1738
934,982
934,2453
934,1363
934,1816
934,1346
934,1649
934,2019
934,964
934,950
934,1658
934,998
934,1656
934,951
934,968
934,1328
934,947
934,976
934,1634
934,1352
934,1356
935,2586
935,2284
935,1997
935,1628
935,2287
935,982
935,1835
935,1363
935,2023
935,2643
935,1319
935,938
935,976
935,1656
935,1658
935,957
935,946
935,945
935,936
935,1399
935,1356
935,968
935,1652
935,961
935,944
935,941
935,974
935,1606
935,2145
935,2470
935,1665
935,2266
935,1937
936,2028
936,2707
936,2237
936,2421
936,966
936,973
936,1347
936,1837
936,1366
936,987
936,1880
936,1395
936,950
936,1338
936,2603
936,2276
936,940
936,962
936,1818
936,951
936,1321
936,992
936,993
936,1669
936,938
937,2326
937,2129
937,1355
937,977
937,950
937,1676
937,1394
937,2144
937,998
937,1656
937,981
937,966
937,2188
937,1658
937,957
937,995
937,1510
937,993
937,958
937,961
937,2280
937,2634
937,989
937,2255
937,983
937,1391
937,968
937,2178
937,956
937,1822
937,1352
937,959
938,2707
938,966
938,2260
938,1898
938,1646
938,972
938,950
938,2549
938,2261
938,2226
938,981
938,1649
938,2036
938,2424
938,969
938,945
938,1379
938,1302
938,1812
938,2547
938,995
938,992
938,980
938,959
938,954
938,947
938,1365
938,2265
938,1800
939,1832
939,1213
939,2611
939,2430
939,2158
939,1533
939,2064
939,1757
939,1889
939,1394
939,2316
939,2363
939,1817
939,1909
939,2103
939,2259
939,1893
939,2617
939,2005
939,2096
939,2131
939,1368
939,2358
939,1388
939,1374
939,2285
939,1800
939,1829
939,1344
939,1825
939,1340
939,2286
939,1324
939,1329
939,1907
939,1325
939,1397
939,1389
939,1304
939,1804
939,2208
939,2027
939,1348
939,1833
939,1645
939,1839
939,1354
939,2288
939,1317
939,2718
939,2022
939,1828
939,2486
939,2028
939,1349
940,2587
940,1510
940,977
940,984
940,2287
940,2226
940,2144
940,1656
940,1387
940,964
940,953
940,1624
940,988
940,945
940,1338
940,980
940,2104
940,976
940,1352
940,1305
940,944
940,959
940,1396
940,1678
940,983
940,961
940,1679
940,963
941,2707
941,2239
941,2462
941,2165
941,1883
941,2029
941,1644
941,1308
941,2268
941,2680
941,2273
941,2643
941,971
941,2144
941,2285
941,2623
941,1965
941,1641
941,956
941,955
941,1605
941,947
941,967
941,960
941,1336
941,962
941,2175
942,2673
942,2214
942,1288
942,1514
942,2094
942,2631
942,1686
942,1530
942,1570
942,1248
942,1526
942,2102
942,1554
942,1597
942,1598
942,1525
942,1292
942,1228
942,1857
942,2259
942,2132
942,2617
942,2407
942,1619
942,1287
942,1472
942,1459
942,2717
942,1574
942,2544
942,1840
942,1960
943,2253
943,2489
943,1602
943,1644
943,2144
943,1656
943,981
943,996
943,2423
943,2145
943,961
943,1386
943,974
943,945
943,995
943,958
943,990
943,947
943,959
943,1662
943,980
943,979
943,956
943,1387
943,2280
943,1669
943,1341
943,965
943,989
943,2269
944,2581
944,2158
944,1997
944,999
944,1673
944,996
944,1663
944,2582
944,961
944,1726
944,974
944,972
944,1348
944,1656
944,992
944,1816
944,2145
944,970
944,965
944,1606
944,948
944,982
944,1363
944,2266
944,2226
944,2696
944,1356
944,2343
945,1997
945,2194
945,972
945,2226
945,1306
945,2413
945,964
945,2643
945,2300
945,1642
945,2031
945,988
945,969
945,968
945,1335
945,959
945,954
945,1658
945,2687
945,994
945,1605
945,1334
945,1663
945,958
945,1372
945,2276
945,960
945,970
946,1738
946,1997
946,963
946,2682
946,1356
946,2703
946,2156
946,1617
946,1335
946,1673
946,996
946,1807
946,951
946,1365
946,966
946,2658
946,1348
946,1312
946,993
946,2285
946,965
946,1822
946,1396
946,1349
946,970
946,956
946,957
947,2707
947,977
947,984
947,2169
947,1334
947,2549
947,2643
947,1606
947,996
947,976
947,2019
947,1380
947,957
947,993
947,989
947,983
947,1308
947,979
947,970
947,1667
947,962
947,981
947,2022
947,988
947,2424
947,1661
947,956
947,980
947,2426
948,982
948,1661
948,1997
948,963
948,2426
948,1665
948,988
948,974
948,1398
948,1352
948,1354
948,1307
948,995
948,993
948,989
948,959
948,955
948,954
948,1667
948,962
948,2273
948,957
948,1344
948,968
948,979
948,998
948,1656
948,1348
948,1658
948,1329
948,2581
948,983
948,2359
949,2614
949,1792
949,966
949,973
949,1997
949,1638
949,1315
949,1616
949,984
949,950
949,1334
949,2383
949,2103
949,2262
949,2544
949,996
949,2643
949,1678
949,1642
949,2030
949,1392
949,2265
949,962
949,1641
949,1643
949,961
949,958
949,2025
949,2597
949,2703
949,957
949,1305
949,1386
949,2453
949,990
949,1344
949,968
949,955
949,1383
949,970
950,1654
950,1323
950,966
950,1510
950,2287
950,972
950,957
950,2418
950,963
950,1351
950,1391
950,1379
950,1952
950,1370
950,1340
950,2129
950,2226
950,990
950,989
950,1371
950,983
950,1308
950,979
950,962
950,1352
950,976
950,1606
950,2618
950,2235
950,2453
950,2643
950,1625
950,2707
950,1640
950,1675
950,2000
950,2582
950,2359
951,1445
951,2421
951,1891
951,1651
951,2205
951,2129
951,1997
951,1602
951,1393
951,1126
951,1355
951,2131
951,987
951,1375
951,978
951,2643
951,975
951,2303
951,964
951,2017
951,976
951,1658
951,1656
951,1365
951,2174
951,958
951,968
951,1372
951,2188
951,980
951,993
951,2021
951,1342
951,1906
952,2522
952,2328
952,1382
952,1935
952,2498
952,1181
952,2132
952,1685
952,1518
952,2511
952,2256
952,1886
952,2491
952,1898
952,1914
952,2680
952,2641
952,1758
952,1952
952,2631
952,2259
952,1908
952,2154
952,1863
952,1672
952,2635
952,2096
952,2131
952,2658
952,1397
952,1379
952,1426
952,1329
952,2198
952,1325
952,1302
952,1881
952,1836
952,1748
952,2718
952,2650
952,1823
952,1919
952,1822
952,2589
952,1813
952,2215
953,1303
953,982
953,1347
953,1607
953,996
953,964
953,2039
953,1818
953,1325
953,1317
953,1302
953,961
953,2275
953,992
953,989
953,2255
953,983
953,2420
953,965
953,956
953,1367
953,1658
953,1308
953,962
953,1641
954,1301
954,1323
954,998
954,1651
954,1510
954,982
954,1308
954,1664
954,1335
954,1314
954,964
954,1810
954,2024
954,1377
954,1334
954,958
954,989
954,965
954,963
954,1339
954,955
954,995
954,1816
954,970
954,2707
954,968
955,2707
955,2032
955,966
955,1997
955,2610
955,2118
955,2577
955,1363
955,1351
955,981
955,976
955,1665
955,2543
955,993
955,2280
955,1675
955,1343
955,2424
956,2614
956,2583
956,1954
956,1997
956,1922
956,1638
956,1356
956,1661
956,2033
956,987
956,2267
956,2643
956,1326
956,2006
956,2423
956,1616
956,1663
956,2681
956,989
956,983
956,2184
956,962
956,968
956,984
956,2629
956,2535
956,2351
956,988
956,1370
956,1816
956,1393
956,2145
956,970
957,2551
957,2420
957,1738
957,2679
957,987
957,976
957,2284
957,1344
957,984
957,974
957,1302
957,962
957,959
957,999
957,2174
957,995
957,1300
957,971
957,2643
957,1374
957,2154
957,979
957,1333
957,2614
957,2144
957,969
957,2191
957,985
957,1361
957,1398
958,1385
958,966
958,1651
958,2429
958,984
958,971
958,1729
958,1726
958,1363
958,978
958,1661
958,2193
958,1641
958,2586
958,1679
958,1388
958,1304
958,970
958,959
958,992
958,964
958,2031
958,968
958,1377
958,995
959,1816
959,973
959,1787
959,2599
959,2032
959,1656
959,1641
959,1308
959,979
959,1385
959,962
959,960
959,2026
959,1321
959,969
959,989
959,978
959,1625
959,1658
959,1356
960,2362
960,2614
960,998
960,966
960,1510
960,2546
960,2222
960,984
960,1888
960,1600
960,2022
960,1308
960,2144
960,2460
960,996
960,1326
960,975
960,2039
960,2173
960,989
960,983
960,968
960,1373
960,2215
960,2191
960,2705
960,967
960,979
960,1317
960,974
960,1606
960,962
960,970
961,1838
961,2707
961,1323
961,2576
961,977
961,2127
961,2083
961,985
961,966
961,1906
961,1665
961,1816
961,2145
961,2588
961,1202
961,967
961,2285
961,1352
961,1350
961,1381
961,1656
961,1308
961,979
962,1651
962,1997
962,977
962,1602
962,1670
962,1666
962,981
962,1658
962,2024
962,2614
962,969
962,2167
962,1321
962,1363
962,987
962,1338
962,979
962,1662
962,980
962,2028
962,988
962,1641
962,970
962,998
962,1656
963,2014
963,2461
963,2420
963,2272
963,1300
963,1726
963,2023
963,1510
963,993
963,1387
963,990
963,979
963,969
963,2144
963,987
963,1656
963,1658
963,1305
963,1818
963,1816
963,1393
963,970
963,2145
963,2300
963,1360
963,2453
963,1372
963,981
963,1639
964,2581
964,1301
964,999
964,984
964,982
964,1991
964,2035
964,1356
964,2500
964,1602
964,2167
964,1386
964,2453
964,2017
964,1726
964,978
964,1656
964,2643
964,1333
964,1606
964,2285
964,1305
964,990
964,1659
964,980
964,1342
964,1601
964,967
964,1640
964,1816
964,1622
964,1346
964,1652
965,2036
965,1922
965,1394
965,2458
965,2103
965,2262
965,987
965,2144
965,2047
965,2643
965,1396
965,2303
965,2549
965,2141
965,1658
965,1342
965,1383
965,995
965,968
965,2184
965,989
965,1376
965,2576
965,1800
965,1606
965,1393
965,2266
966,2300
966,2275
966,1816
966,1592
966,2583
966,1904
966,969
966,2088
966,2217
966,1825
966,1325
966,989
966,968
966,987
966,1656
966,1658
966,978
966,981
966,2145
966,2276
966,2351
966,2484
966,2274
966,2272
967,1323
967,1636
967,2271
967,1651
967,972
967,2345
967,1644
967,2644
967,2022
967,2643
967,1640
967,1388
967,970
967,998
967,2629
967,1659
967,980
967,1818
967,1630
967,988
967,1620
967,974
967,1606
967,1314
967,990
968,1510
968,1657
968,994
968,1334
968,971
968,1363
968,2421
968,2033
968,2019
968,2423
968,998
968,983
968,2144
968,1659
968,980
968,1679
968,969
968,1610
968,1605
968,2266
968,1629
968,2287
968,1833
968,1309
968,1308
969,2586
969,999
969,2127
969,1381
969,982
969,2154
969,1823
969,2088
969,1818
969,1356
969,1309
969,1322
969,993
969,1656
969,983
969,1372
969,1667
969,2421
969,1662
969,1726
970,2183
970,2167
970,984
970,982
970,1356
970,2666
970,998
970,2022
970,2144
970,2286
970,985
970,978
970,2643
970,1326
970,1344
970,2254
970,2266
970,1363
970,2139
970,981
970,2145
970,974
970,2614
970,1353
970,1626
970,1389
970,2019
970,1738
970,2481
971,2581
971,2430
971,1513
971,1997
971,999
971,2458
971,982
971,1366
971,1357
971,1307
971,991
971,2421
971,1810
971,1363
971,1321
971,992
971,977
971,1353
971,984
971,1399
971,976
971,1656
971,2267
971,2687
971,1658
971,2696
972,2587
972,2421
972,2707
972,2194
972,2176
972,1323
972,998
972,1997
972,1638
972,1313
972,979
972,2144
972,2462
972,2351
972,978
972,2435
972,1650
972,2286
972,2268
972,2127
972,1666
972,1632
973,1653
973,2576
973,1352
973,992
973,1658
973,1622
973,1656
973,2361
973,2424
973,1377
973,2458
973,1659
973,982
973,1640
973,2287
973,985
973,1663
973,1137
973,2265
973,2610
973,2582
973,2423
973,1665
973,1661
973,2460
973,2413
974,2275
974,1301
974,2167
974,984
974,1394
974,1320
974,998
974,1308
974,987
974,2006
974,977
974,1656
974,1323
974,2145
974,1352
974,1381
974,993
974,2182
974,1309
974,980
974,979
974,2284
974,2707
974,1349
974,1325
974,1376
975,2216
975,2670
975,2548
975,2399
975,2586
975,2461
975,2172
975,1635
975,1618
975,2623
975,2598
975,1628
975,1358
975,1300
975,2625
975,1819
975,2164
975,2516
975,1621
975,1335
975,1368
975,1369
975,1833
975,2677
975,1610
975,1390
975,1607
975,2230
975,1937
975,1353
975,2220
975,1662
975,1651
975,1360
975,1633
975,2118
975,1924
975,1806
975,2582
975,1787
975,2175
975,1315
975,1629
975,1657
975,1366
975,978
975,2174
975,2546
975,1673
975,1677
975,2254
975,2579
975,2191
976,2273
976,2137
976,2598
976,1997
976,1510
976,1756
976,2021
976,984
976,2549
976,1320
976,2632
976,1363
976,1640
976,985
976,987
976,1606
976,2606
976,1818
976,1377
976,993
976,2194
976,992
976,1335
976,1323
976,2017
976,977
976,1656
976,1365
976,1665
977,2462
977,1911
977,2096
977,984
977,2707
977,1810
977,1363
977,983
977,979
977,2145
977,1997
977,1318
977,985
978,1445
978,1997
978,1510
978,2183
978,999
978,1356
978,1334
978,1308
978,2496
978,2144
978,996
978,987
978,988
978,2466
978,992
978,990
978,2643
978,2705
978,2145
978,984
978,1372
978,2050
978,1371
978,2694
978,1336
978,1641
978,1643
979,2583
979,998
979,2129
979,984
979,2421
979,1387
979,2707
979,1344
979,988
979,1640
979,1352
979,980
979,1510
979,2168
979,1629
979,2182
979,995
979,1389
979,1367
979,2033
980,2273
980,2158
980,1616
980,1356
980,1326
980,1917
980,1658
980,1810
980,1341
980,2005
980,1628
980,2145
980,995
980,992
980,1349
980,993
980,2707
980,1626
980,1344
981,2707
981,2205
981,999
981,2631
981,1356
981,2460
981,1616
981,1663
981,2235
981,2000
981,1341
981,2165
981,984
981,2583
981,1816
981,1396
981,2144
981,1376
981,2643
981,1656
981,1606
981,1371
981,1318
981,2273
981,1333
981,1662
981,2696
981,996
981,1372
982,1654
982,1816
982,2591
982,2194
982,1651
982,1791
982,984
982,2566
982,2707
982,2610
982,1368
982,1335
982,2033
982,2643
982,999
982,1650
982,996
982,2285
982,1606
982,1334
982,1623
982,1647
982,2150
982,1665
982,1620
983,985
983,2274
983,1642
983,1816
983,2286
983,2145
983,1338
983,1307
983,2718
983,1661
983,1356
983,1363
983,1335
983,2129
983,1678
984,1816
984,998
984,2021
984,2567
984,1376
984,2285
984,1393
984,1313
984,2480
984,1312
984,1363
984,2643
984,1656
984,2145
984,1356
984,996
984,2280
984,1752
984,1336
984,2164
984,992
984,1768
984,1949
984,1346
984,1610
985,1664
985,2551
985,2287
985,2458
985,1381
985,2577
985,2144
985,2453
985,1366
985,990
985,1656
985,2576
985,2145
985,1371
985,1364
985,1641
985,1679
985,1662
985,2582
985,2280
986,2140
986,2028
986,2003
986,1830
986,2205
986,1898
986,1314
986,2694
986,2486
986,2171
986,1393
986,1381
986,2064
986,1670
986,1370
986,2235
986,2629
986,2009
986,1303
986,1206
986,1881
986,1387
986,1930
986,2131
986,1375
986,2632
986,2535
986,1673
986,2008
986,2259
986,1818
986,1397
986,2618
986,1357
986,1374
986,1369
986,1360
986,1810
986,1354
986,2420
986,2226
986,1353
986,2611
986,1350
986,1318
986,1806
986,1321
986,2110
986,2592
986,1331
986,2022
986,1828
986,1826
986,2600
986,1339
986,1832
986,2705
986,1312
986,1402
986,990
986,1800
986,2285
986,2605
986,1825
986,2603
987,1301
987,2674
987,2287
987,999
987,2029
987,1997
987,2035
987,2632
987,1726
987,1380
987,2707
987,1344
987,1329
987,1310
987,1360
987,1656
987,2030
987,2480
987,988
987,2167
987,2026
987,992
987,1346
987,1323
987,1605
988,2270
988,2470
988,2666
988,1602
988,1658
988,995
988,1349
988,2037
989,2165
989,1323
989,1618
989,1997
989,998
989,1386
989,1380
989,1356
989,2167
989,1394
989,1949
989,2707
989,1640
989,1625
989,1656
989,1606
989,1641
989,2266
989,1317
989,993
989,1629
989,1816
989,995
989,2694
990,2137
990,1370
990,1837
990,2577
990,1658
990,1647
990,1364
990,1346
990,2145
990,1891
990,2267
990,1678
990,1629
990,1813
990,1363
990,1654
990,996
990,1356
990,1334
991,2140
991,1832
991,2213
991,1243
991,2430
991,2256
991,2247
991,998
991,2470
991,1954
991,1830
991,2483
991,1793
991,2610
991,2064
991,1817
991,1756
991,1426
991,1796
991,1586
991,1780
991,2326
991,2132
991,1428
991,2017
991,1957
991,1892
991,2261
991,2154
991,1837
991,2702
991,1757
991,1172
991,1231
991,1910
991,1324
991,2096
991,1397
991,1894
991,2088
991,1309
991,1304
991,1812
991,2486
991,2680
991,2650
991,2603
991,1624
991,2303
991,2600
991,1339
991,2286
991,2480
991,1826
991,1373
991,1381
991,2254
992,1891
992,998
992,2271
992,1787
992,2666
992,1820
992,1510
992,2027
992,1644
992,2144
992,2272
992,2131
992,2185
992,1665
992,1398
992,1658
992,1356
992,1349
992,1334
992,2096
992,1647
992,2423
992,2581
992,1206
993,1445
993,1616
993,1738
993,1640
993,1326
993,2145
993,2280
993,1658
993,1893
993,1318
993,998
993,1949
993,2581
994,2362
994,2399
994,2237
994,1382
994,1188
994,1612
994,1829
994,1049
994,1566
994,2464
994,1377
994,1309
994,1757
994,2296
994,1811
994,2280
994,1371
994,1821
994,2694
994,1336
994,1985
994,1888
994,2618
994,2686
994,1358
994,1622
994,2543
994,2220
994,2195
994,2215
994,2191
994,1380
994,2065
994,2178
994,2440
994,1761
994,1948
995,1510
995,2144
995,2198
995,1656
995,1810
995,2230
995,1308
995,1616
995,1647
995,1605
996,2707
996,2610
996,2462
996,1533
996,2144
996,2421
996,1810
996,1363
996,1323
996,2173
996,1656
996,999
996,1375
996,1338
996,1049
996,1331
996,1658
996,2004
996,1816
996,1346
997,2568
997,1430
997,2640
997,2612
997,1220
997,2325
997,2713
997,2688
997,1409
997,2521
997,2250
997,1086
997,1045
997,1297
997,1481
997,1457
997,1451
997,1415
997,1401
997,2332
997,2293
997,1420
997,1970
997,1458
998,1664
998,2005
998,1347
998,1302
998,1881
998,2205
998,1398
998,1308
998,1656
998,1606
998,2144
998,2280
998,1646
998,2423
998,2182
998,1662
998,1346
998,999
998,2127
999,1651
999,2551
999,1997
999,1824
999,2462
999,2183
999,1902
999,1351
999,2643
999,1606
999,2168
999,1372
999,1510
999,2577
1000,1878
1000,2384
1000,2151
1000,1714
1000,1694
1000,1870
1000,1028
1000,1332
1000,1710
1000,1073
1000,1053
1000,1034
1000,1876
1000,2382
1000,1844
1000,1081
1000,1155
1000,2510
1000,1057
1000,1021
1000,1687
1000,1089
1000,1080
1000,1009
1000,1099
1000,1002
1000,1036
1000,1064
1000,1011
1000,1056
1000,1016
1000,1032
1000,2387
1000,1708
1000,1029
1000,1702
1000,1019
1000,1573
1000,2364
1000,1074
1000,1850
1000,1076
1000,2531
1000,2240
1000,1013
1000,1692
1000,1401
1001,1201
1001,1099
1001,1717
1001,1332
1001,1047
1001,2630
1001,1083
1001,1085
1001,1040
1001,1697
1001,1039
1001,1025
1001,1866
1001,1042
1001,1541
1001,1870
1001,1095
1001,1091
1001,1693
1001,1009
1001,1056
1001,1016
1001,1034
1001,1692
1001,1022
1001,1007
1001,1540
1001,2711
1002,1698
1002,1078
1002,1236
1002,1076
1002,2536
1002,1062
1002,1043
1002,1681
1002,2100
1002,1872
1002,1719
1002,1011
1002,2376
1002,2340
1002,1098
1002,1931
1002,1235
1002,1077
1002,1039
1002,1034
1002,1025
1002,1699
1002,1004
1002,1877
1002,1474
1002,1280
1002,1274
1002,1692
1002,1013
1002,2371
1002,1203
1002,1700
1002,1092
1002,1750
1002,1068
1002,1056
1002,2408
1002,1535
1002,1050
1002,2390
1002,1032
1002,1225
1002,1031
1002,1023
1002,1022
1002,1873
1002,1554
1002,1074
1002,1268
1003,1709
1003,1701
1003,1028
1003,1706
1003,1006
1003,1688
1003,1689
1003,1043
1003,1052
1003,1719
1003,1332
1003,1711
1003,1542
1003,1072
1003,1931
1003,1051
1003,1050
1003,1708
1003,1700
1003,1047
1003,1083
1003,1054
1003,1039
1003,1060
1003,1013
1003,1005
1003,1064
1003,1693
1003,1596
1003,1703
1003,1092
1003,1687
1003,1212
1003,1018
1003,1406
1004,2469
1004,2246
1004,1563
1004,1714
1004,1705
1004,1076
1004,1706
1004,1750
1004,1062
1004,1046
1004,1095
1004,1849
1004,1073
1004,1060
1004,1155
1004,1058
1004,1719
1004,1040
1004,2396
1004,1038
1004,1055
1004,1008
1004,1091
1004,1034
1004,1237
1004,1332
1004,1050
1004,1710
1004,1873
1004,1262
1004,1032
1004,1036
1004,2258
1004,1879
1004,1683
1004,1260
1004,2391
1005,1030
1005,1841
1005,1024
1005,1588
1005,1236
1005,1020
1005,1974
1005,1205
1005,1705
1005,1080
1005,2086
1005,1099
1005,1009
1005,1006
1005,1707
1005,1689
1005,1046
1005,1043
1005,1681
1005,2384
1005,1021
1005,1248
1005,2630
1005,1010
1005,1703
1005,2377
1005,1699
1005,1289
1005,1242
1005,1561
1005,1026
1005,1038
1005,1019
1005,1027
1005,1709
1005,1051
1005,1075
1005,1708
1005,1687
1006,1030
1006,2538
1006,1037
1006,1974
1006,1958
1006,2360
1006,1080
1006,1254
1006,1009
1006,1044
1006,1045
1006,1697
1006,1866
1006,1075
1006,1059
1006,1053
1006,1077
1006,1034
1006,1684
1006,1711
1006,1680
1006,1265
1006,1250
1006,1088
1006,1074
1006,1693
1006,1700
1006,1064
1006,1262
1006,1694
1006,1209
1006,1072
1006,1692
1006,1022
1006,1019
1006,1011
1006,1593
1006,1551
1007,1266
1007,1076
1007,1080
1007,1009
1007,2580
1007,1707
1007,1046
1007,1021
1007,1011
1007,2340
1007,1098
1007,1699
1007,1845
1007,1263
1007,1041
1007,1235
1007,1082
1007,1077
1007,1066
1007,1695
1007,1514
1007,1708
1007,1096
1007,1067
1007,1040
1007,1277
1007,1031
1007,1264
1007,1687
1007,1086
1007,1280
1007,1092
1007,1013
1007,1265
1007,1877
1007,1209
1007,1068
1007,1502
1007,1696
1007,1410
1007,1022
1008,2469
1008,1713
1008,1030
1008,1078
1008,2637
1008,1207
1008,2078
1008,1684
1008,1474
1008,2395
1008,1931
1008,1045
1008,1081
1008,2479
1008,1868
1008,1223
1008,1097
1008,1042
1008,1089
1008,2497
1008,1087
1008,1048
1008,2315
1008,1025
1008,1072
1008,2151
1008,1681
1008,1023
1008,1705
1008,1282
1008,1047
1008,1076
1008,2392
1008,2283
1008,1296
1008,1293
1008,1099
1008,1287
1008,1582
1008,1018
1008,2710
1009,1691
1009,1030
1009,2608
1009,1037
1009,1281
1009,1076
1009,2360
1009,1080
1009,2630
1009,1717
1009,1024
1009,1703
1009,1086
1009,1045
1009,1332
1009,1046
1009,1096
1009,1053
1009,1077
1009,1714
1009,1035
1009,1025
1009,1719
1009,1018
1009,1065
1009,1097
1009,1088
1009,1974
1009,1683
1009,1026
1009,1010
1009,1092
1009,1866
1009,1090
1009,1700
1009,1750
1009,1068
1009,1699
1009,1011
1009,1048
1009,1031
1009,1022
1009,1082
1009,1512
1009,1083
1009,1091
1009,1479
1010,1701
1010,1024
1010,1076
1010,2111
1010,1688
1010,1681
1010,1021
1010,1018
1010,1684
1010,2508
1010,1878
1010,2630
1010,1059
1010,1053
1010,1039
1010,1013
1010,1038
1010,1096
1010,2537
1010,1036
1010,1052
1010,1683
1010,1072
1010,1708
1010,1027
1010,2476
1010,1034
1010,1598
1010,1016
1010,1298
1010,1056
1010,1058
1010,1293
1010,1046
1010,1234
1010,1484
1010,1040
1011,1709
1011,1071
1011,1037
1011,1865
1011,2637
1011,1080
1011,1878
1011,2630
1011,2245
1011,1045
1011,1332
1011,1041
1011,1060
1011,2074
1011,1040
1011,1265
1011,1696
1011,1068
1011,1048
1011,1262
1011,2529
1011,1683
1011,1072
1011,1031
1011,1289
1011,1054
1011,1711
1011,1053
1011,2565
1011,1337
1011,1862
1011,1263
1011,1293
1011,1287
1011,1089
1011,1230
1012,2708
1012,1506
1012,2094
1012,1915
1012,1269
1012,1867
1012,1845
1012,1283
1012,1028
1012,2386
1012,2365
1012,1840
1012,1858
1012,1223
1012,1238
1012,2395
1012,2589
1012,1619
1012,1231
1012,2374
1012,1501
1012,1208
1012,1871
1012,1291
1012,1071
1012,1847
1012,1265
1012,1250
1012,2373
1012,1403
1012,1209
1012,1854
1012,2316
1012,2510
1012,1928
1012,1264
1012,1846
1012,2214
1012,1535
1012,1050
1012,2117
1012,1547
1012,1195
1012,1292
1012,1251
1012,1855
1012,1508
1012,2376
1012,2473
1012,1295
1012,1523
1012,2396
1012,1278
1012,1287
1012,1869
1012,1255
1012,1245
1012,1728
1012,1241
1012,1234
1012,1211
1012,1268
1013,1701
1013,1076
1013,1850
1013,1016
1013,1062
1013,1693
1013,2258
1013,1408
1013,1098
1013,1072
1013,1931
1013,1082
1013,1077
1013,1710
1013,1047
1013,1040
1013,1086
1013,1280
1013,1039
1013,2384
1013,1026
1013,1059
1013,1064
1013,1023
1013,1717
1013,1038
1013,1033
1013,1024
1013,1703
1013,1999
1013,1708
1013,1029
1013,1090
1013,1297
1013,1711
1013,1032
1013,1096
1013,1285
1014,2246
1014,1266
1014,1253
1014,2452
1014,2387
1014,1207
1014,1205
1014,1762
1014,2492
1014,1867
1014,1530
1014,1524
1014,1254
1014,2081
1014,1871
1014,1474
1014,1862
1014,1840
1014,1704
1014,1081
1014,1585
1014,1294
1014,1274
1014,1071
1014,1847
1014,1265
1014,1683
1014,1068
1014,1019
1014,1218
1014,1687
1014,1590
1014,1299
1014,1256
1014,1273
1014,1260
1014,2111
1014,1238
1014,1850
1014,1268
1014,1245
1014,1040
1014,1234
1014,1555
1014,1410
1014,1501
1014,1429
1015,2140
1015,1214
1015,2074
1015,1078
1015,1071
1015,1841
1015,1588
1015,1042
1015,1714
1015,1205
1015,1568
1015,2385
1015,1706
1015,1845
1015,1873
1015,2580
1015,1707
1015,1705
1015,2316
1015,1728
1015,2196
1015,1579
1015,1273
1015,1173
1015,1067
1015,1033
1015,2508
1015,1254
1015,1060
1015,1599
1015,1091
1015,1068
1015,1072
1015,1031
1015,2476
1015,1293
1015,1278
1015,1061
1015,1074
1015,1268
1015,1095
1015,1483
1015,1422
1016,1701
1016,1714
1016,1717
1016,1711
1016,1047
1016,1058
1016,1086
1016,1039
1016,1035
1016,1030
1016,1688
1016,1238
1016,1250
1016,1750
1016,1092
1016,1700
1016,1083
1016,1079
1016,1032
1016,1692
1016,1695
1016,1027
1016,1019
1016,1017
1016,1538
1016,1211
1016,2691
1017,2385
1017,1698
1017,1024
1017,1870
1017,1705
1017,2395
1017,1474
1017,1850
1017,1062
1017,1026
1017,1577
1017,1065
1017,1750
1017,1844
1017,2070
1017,2117
1017,1066
1017,1855
1017,1700
1017,1231
1017,1038
1017,1683
1017,1025
1017,2572
1017,1256
1017,1274
1017,1501
1017,1048
1017,1252
1017,1064
1017,1046
1017,1234
1017,1057
1017,1023
1018,2469
1018,1545
1018,1071
1018,2214
1018,1974
1018,1269
1018,1898
1018,1870
1018,2608
1018,1541
1018,2315
1018,1879
1018,2580
1018,1707
1018,1173
1018,1866
1018,2590
1018,1038
1018,1296
1018,1684
1018,1872
1018,1097
1018,1282
1018,1088
1018,2366
1018,1843
1018,1702
1018,1091
1018,1256
1018,1262
1018,1068
1018,1036
1018,1079
1018,1032
1018,1695
1018,1019
1018,1275
1018,2392
1019,1713
1019,2283
1019,1690
1019,1705
1019,1717
1019,1845
1019,1074
1019,1062
1019,1271
1019,1085
1019,1095
1019,1332
1019,1696
1019,1876
1019,1155
1019,1931
1019,1045
1019,1695
1019,2240
1019,1067
1019,1060
1019,1040
1019,2106
1019,1039
1019,1277
1019,1048
1019,1079
1019,1090
1019,1033
1019,1285
1019,1684
1019,1072
1019,1064
1019,1035
1019,1683
1019,1027
1020,1221
1020,1047
1020,1046
1020,1096
1020,1067
1020,1058
1020,1085
1020,1030
1020,1688
1020,1289
1020,1054
1020,1759
1020,1216
1020,1874
1020,1086
1020,1697
1020,1274
1020,1254
1020,1066
1020,1700
1020,1050
1020,1052
1020,1683
1020,1072
1020,1069
1020,1022
1020,1036
1020,2258
1020,1750
1020,1568
1020,1031
1020,1501
1020,1079
1020,2240
1020,2376
1020,1200
1020,1087
1020,2407
1020,1215
1020,1402
1021,2370
1021,1701
1021,1986
1021,2580
1021,2111
1021,1221
1021,1706
1021,1080
1021,2324
1021,2395
1021,1717
1021,1750
1021,1271
1021,1086
1021,1045
1021,1053
1021,1182
1021,1085
1021,1079
1021,1039
1021,1033
1021,1237
1021,1252
1021,1155
1021,1069
1021,1246
1021,1052
1021,1092
1021,1091
1021,1090
1021,1696
1021,1051
1021,2616
1021,1064
1021,1681
1021,2620
1021,1262
1021,1072
1021,1708
1021,1031
1021,1702
1021,1097
1021,1226
1021,1406
1022,1030
1022,2538
1022,2283
1022,1830
1022,1714
1022,1690
1022,1870
1022,1074
1022,1062
1022,1044
1022,1095
1022,1719
1022,1282
1022,1052
1022,1246
1022,1688
1022,1882
1022,1696
1022,1332
1022,1041
1022,2378
1022,1069
1022,1066
1022,1036
1022,1501
1022,1695
1022,1474
1022,1086
1022,1868
1022,1079
1022,1075
1022,1067
1022,1039
1022,1033
1022,1294
1022,1091
1022,1032
1022,1023
1022,1048
1022,1064
1022,1452
1022,1401
1022,1869
1022,1090
1023,2074
1023,1878
1023,2538
1023,1236
1023,1849
1023,1694
1023,2315
1023,1874
1023,2335
1023,1074
1023,1702
1023,1052
1023,1332
1023,1028
1023,1707
1023,1081
1023,1528
1023,1931
1023,1446
1023,1708
1023,1035
1023,2476
1023,1700
1023,1067
1023,1668
1023,1862
1023,2372
1023,1693
1023,1264
1023,1078
1023,1854
1023,1091
1023,1048
1023,1061
1023,1255
1023,1276
1023,1089
1023,1230
1023,1079
1023,1692
1023,2608
1023,1056
1023,1064
1024,1030
1024,1044
1024,1099
1024,1717
1024,1096
1024,1269
1024,1075
1024,1697
1024,1039
1024,1026
1024,1705
1024,1843
1024,1711
1024,2510
1024,1097
1024,1025
1024,1683
1024,1057
1024,1090
1024,1089
1024,1696
1024,1719
1024,1061
1024,1056
1024,1052
1024,1076
1024,1031
1024,1695
1024,1706
1024,1027
1024,1847
1024,1750
1024,2538
1024,2478
1024,1048
1024,2364
1024,1058
1024,1481
1024,2476
1024,2711
1024,1035
1024,2539
1024,1082
1024,2116
1025,1691
1025,2590
1025,2402
1025,1037
1025,1535
1025,1076
1025,1714
1025,1684
1025,1719
1025,1713
1025,2258
1025,1041
1025,1696
1025,1931
1025,1709
1025,1051
1025,1077
1025,1045
1025,1047
1025,2385
1025,1069
1025,1059
1025,1054
1025,1078
1025,1877
1025,1099
1025,1052
1025,1097
1025,1095
1025,1048
1025,1046
1025,1698
1025,1040
1025,1087
1025,2390
1025,1027
1025,1683
1025,1072
1026,1289
1026,1701
1026,1037
1026,1690
1026,1430
1026,1706
1026,1080
1026,1099
1026,1750
1026,1062
1026,1043
1026,1085
1026,2620
1026,1086
1026,1931
1026,1053
1026,1692
1026,1699
1026,1695
1026,1057
1026,1683
1026,1090
1026,1089
1026,1087
1026,1066
1026,1048
1026,1032
1026,2258
1026,1506
1026,1700
1026,2476
1026,1051
1026,2312
1026,1697
1026,2085
1027,1701
1027,1078
1027,1212
1027,1714
1027,1706
1027,1968
1027,1062
1027,1043
1027,1099
1027,1681
1027,1702
1027,1052
1027,1332
1027,1711
1027,1068
1027,1262
1027,1036
1027,1700
1027,1045
1027,1096
1027,1039
1027,1064
1027,1716
1027,1073
1027,1034
1027,1695
1027,1061
1028,2372
1028,2246
1028,2538
1028,2384
1028,1841
1028,2151
1028,1474
1028,2701
1028,2514
1028,2320
1028,1269
1028,1207
1028,1972
1028,2360
1028,2402
1028,1044
1028,1689
1028,1871
1028,1844
1028,1524
1028,1680
1028,1853
1028,2315
1028,1256
1028,1237
1028,1840
1028,2411
1028,2508
1028,1704
1028,1261
1028,1250
1028,1252
1028,1155
1028,1240
1028,1222
1028,2095
1028,1042
1028,1879
1028,1873
1028,1215
1028,1700
1028,1031
1028,1534
1028,1525
1028,1129
1028,1517
1028,2570
1028,1558
1028,1251
1028,1094
1028,1579
1028,1228
1028,1263
1028,1273
1028,2533
1028,1050
1028,1691
1028,2396
1028,1241
1029,1713
1029,1030
1029,1071
1029,1717
1029,1035
1029,1072
1029,1869
1029,1054
1029,1931
1029,1038
1029,1701
1029,1278
1029,1090
1029,1097
1029,1293
1029,1089
1029,1296
1029,1236
1029,1048
1029,1684
1029,2384
1029,1068
1029,1047
1030,1086
1030,1694
1030,1083
1030,1931
1030,1038
1030,1689
1030,1282
1030,1042
1030,1252
1030,1865
1030,1215
1030,1088
1030,1067
1030,1090
1030,1855
1030,1052
1030,1683
1030,1072
1030,1332
1030,1050
1030,1708
1030,1044
1030,1702
1030,1053
1030,1045
1030,1092
1030,1750
1030,1082
1030,1505
1030,1286
1030,1728
1030,1858
1030,1080
1030,2396
1030,1455
1030,1488
1030,2693
1031,1709
1031,2283
1031,1841
1031,1455
1031,1218
1031,1208
1031,1986
1031,1845
1031,1228
1031,1689
1031,1410
1031,1332
1031,1844
1031,1223
1031,2202
1031,1262
1031,1037
1031,1695
1031,1086
1031,1073
1031,1038
1031,1059
1031,1247
1031,1203
1031,1091
1031,1068
1031,1043
1031,2245
1031,2386
1031,2246
1031,2387
1031,1056
1031,1064
1031,2465
1032,2372
1032,1076
1032,1688
1032,1062
1032,1046
1032,1702
1032,2478
1032,1052
1032,1069
1032,1051
1032,1699
1032,1697
1032,1262
1032,1055
1032,1706
1032,1077
1032,1066
1032,1695
1032,1047
1032,1096
1032,1280
1032,1849
1032,1073
1032,2477
1032,1410
1032,1037
1032,2395
1032,1034
1032,1048
1032,1703
1032,1750
1032,1265
1032,1097
1032,1033
1032,1060
1032,1692
1032,2371
1032,1719
1032,1040
1032,1087
1032,1700
1033,1713
1033,2246
1033,1078
1033,2283
1033,2384
1033,1062
1033,1931
1033,1283
1033,1095
1033,1700
1033,1086
1033,1694
1033,1036
1033,1083
1033,1075
1033,1067
1033,1069
1033,1066
1033,1044
1033,1091
1033,1843
1033,1054
1033,1096
1033,1047
1033,1092
1033,1295
1034,1701
1034,2283
1034,1851
1034,1694
1034,1689
1034,2538
1034,1692
1034,1683
1034,1931
1034,1041
1034,1699
1034,1037
1034,1695
1034,1684
1034,1073
1034,1098
1034,1841
1034,2499
1034,1089
1034,1277
1034,1716
1034,1053
1034,1698
1034,1087
1034,2476
1034,1847
1034,1048
1034,1262
1034,1067
1034,2630
1034,1079
1035,1212
1035,1269
1035,1690
1035,1076
1035,1706
1035,1689
1035,1046
1035,1242
1035,1853
1035,1041
1035,1051
1035,2476
1035,1050
1035,1695
1035,1059
1035,1040
1035,1039
1035,1717
1035,1038
1035,1053
1035,1088
1035,1716
1035,1036
1035,1092
1035,1087
1035,1068
1035,1064
1035,1702
1035,1052
1036,2372
1036,1214
1036,1705
1036,1688
1036,1085
1036,1692
1036,1076
1036,2392
1036,1699
1036,1549
1036,2630
1036,1066
1036,1710
1036,1096
1036,1704
1036,1054
1036,1221
1036,1080
1036,1063
1036,1250
1036,1092
1036,1091
1036,1090
1036,1097
1036,1215
1036,1051
1036,2085
1036,1588
1036,2105
1036,1260
1036,1271
1036,2258
1036,1059
1036,1435
1037,1713
1037,1694
1037,1099
1037,1086
1037,1697
1037,1067
1037,1054
1037,2283
1037,1719
1037,1580
1037,1876
1037,2384
1037,1867
1037,1879
1037,1698
1037,2685
1037,1087
1037,1700
1037,1056
1037,1050
1037,2630
1037,1078
1037,1702
1037,1062
1037,1711
1037,1517
1037,1535
1037,1845
1037,1281
1037,1096
1037,2365
1037,1073
1037,1966
1038,1694
1038,1870
1038,2608
1038,1057
1038,2378
1038,1865
1038,2476
1038,1050
1038,1696
1038,1717
1038,1059
1038,1289
1038,1054
1038,1053
1038,1713
1038,1055
1038,1280
1038,1843
1038,1091
1038,1056
1038,1047
1038,1052
1038,1287
1038,1255
1039,1698
1039,2074
1039,1474
1039,1212
1039,1076
1039,1689
1039,1043
1039,2538
1039,1692
1039,1683
1039,2568
1039,1699
1039,1055
1039,1693
1039,1082
1039,1086
1039,1931
1039,1075
1039,1059
1039,1045
1039,1425
1039,1096
1039,2316
1039,1047
1039,1063
1039,1569
1039,1690
1039,1408
1039,1079
1039,1074
1039,1060
1039,1332
1040,1713
1040,1236
1040,1974
1040,1076
1040,1879
1040,1044
1040,1702
1040,1681
1040,1728
1040,2258
1040,1041
1040,1696
1040,1931
1040,2242
1040,1067
1040,1053
1040,1701
1040,1090
1040,2536
1040,1079
1040,1293
1040,1683
1040,2476
1040,1704
1040,1422
1040,1054
1041,1709
1041,1270
1041,2525
1041,1486
1041,1207
1041,2360
1041,1688
1041,1750
1041,1096
1041,1059
1041,1079
1041,1862
1041,1877
1041,1097
1041,1695
1041,1092
1041,1087
1041,1068
1041,1064
1041,1072
1041,1701
1041,1251
1042,2538
1042,2364
1042,1059
1042,1844
1042,1680
1042,2322
1042,1216
1042,2283
1042,1410
1042,1704
1042,1222
1042,1282
1042,1280
1042,1265
1042,2111
1042,1238
1042,2510
1042,2387
1042,1683
1042,2476
1042,1560
1042,2315
1042,1081
1042,1275
1042,2110
1042,1542
1042,1748
1042,1263
1042,1563
1042,2533
1042,2240
1042,1867
1042,1479
1042,1759
1042,1274
1042,1080
1042,1468
1043,2384
1043,1690
1043,1236
1043,1706
1043,1047
1043,1681
1043,1086
1043,1697
1043,1099
1043,1332
1043,1688
1043,1683
1043,1684
1043,1069
1043,1087
1043,1696
1043,1064
1043,2394
1043,2476
1043,1296
1043,2293
1044,1713
1044,2079
1044,1690
1044,1222
1044,2360
1044,1080
1044,2374
1044,1560
1044,2620
1044,2395
1044,1062
1044,1684
1044,1332
1044,1096
1044,1083
1044,1053
1044,1719
1044,1221
1044,1706
1044,2371
1044,1240
1044,1687
1044,1051
1044,1064
1044,1056
1044,1048
1044,1708
1044,1082
1044,1688
1044,2476
1044,1698
1044,1504
1044,2569
1045,1701
1045,1236
1045,1281
1045,1717
1045,1707
1045,1410
1045,1713
1045,1085
1045,1696
1045,1238
1045,1098
1045,2111
1045,1688
1045,1077
1045,1069
1045,1684
1045,1073
1045,1058
1045,1814
1045,1700
1045,1687
1045,1064
1045,1711
1045,1268
1046,1713
1046,2538
1046,2283
1046,1236
1046,1514
1046,1440
1046,2701
1046,2630
1046,1750
1046,2407
1046,1707
1046,1062
1046,1710
1046,1075
1046,1073
1046,1067
1046,1054
1046,1053
1046,1079
1046,1719
1046,1077
1046,1853
1046,1474
1046,1086
1046,1280
1046,1095
1046,1689
1046,1845
1046,1069
1046,1868
1046,1092
1046,1089
1046,1087
1046,1066
1046,1068
1046,1699
1046,1061
1046,1050
1046,1692
1046,1696
1046,1082
1046,1697
1046,1264
1046,1070
1047,2384
1047,1714
1047,1694
1047,1706
1047,1707
1047,1701
1047,1844
1047,2539
1047,1051
1047,1066
1047,1077
1047,1073
1047,1054
1047,1086
1047,1931
1047,1072
1047,1067
1047,1069
1047,2360
1047,1702
1047,1843
1047,1064
1047,2630
1047,1719
1047,1296
1048,1994
1048,2095
1048,1688
1048,1095
1048,1440
1048,1052
1048,1690
1048,1332
1048,2258
1048,1098
1048,1542
1048,1069
1048,1931
1048,1262
1048,2385
1048,1706
1048,1077
1048,1710
1048,1086
1048,1699
1048,1067
1048,1060
1048,1056
1048,1286
1048,1092
1048,1217
1048,1091
1048,1089
1048,1459
1048,1079
1048,1504
1048,2472
1048,1696
1049,2670
1049,2275
1049,2028
1049,1838
1049,1617
1049,2151
1049,1636
1049,1635
1049,1315
1049,1301
1049,1653
1049,2429
1049,1756
1049,1298
1049,1369
1049,1818
1049,1822
1049,2571
1049,1637
1049,2351
1049,1902
1049,1611
1049,1364
1049,1206
1049,1358
1049,2252
1049,2543
1049,1673
1049,2548
1049,1772
1049,2516
1049,1663
1049,1469
1049,1761
1049,2418
1049,1615
1049,1445
1049,2027
1049,1639
1050,1701
1050,2477
1050,1694
1050,1875
1050,1248
1050,1057
1050,1542
1050,1072
1050,1501
1050,1077
1050,1052
1050,1710
1050,1054
1050,1058
1050,2507
1050,1237
1050,1855
1050,1069
1050,1814
1050,1155
1050,1702
1050,1091
1050,1700
1050,1089
1050,1064
1050,1223
1050,2469
1051,1713
1051,2283
1051,1865
1051,1717
1051,1879
1051,1072
1051,1848
1051,1707
1051,2528
1051,1246
1051,2159
1051,1095
1051,1866
1051,1077
1051,1099
1051,1750
1051,1280
1051,2384
1051,1705
1051,1261
1051,1695
1051,1700
1051,1687
1051,1068
1051,1262
1051,1578
1051,1066
1051,2258
1051,1332
1051,1708
1051,2630
1051,1079
1051,1241
1052,1539
1052,1236
1052,1850
1052,1218
1052,1707
1052,1931
1052,1332
1052,1710
1052,1851
1052,1075
1052,1077
1052,1854
1052,1076
1052,2531
1052,1215
1052,1209
1052,1088
1052,1063
1052,1246
1052,1092
1052,1091
1052,1696
1052,1066
1052,2128
1052,1061
1052,1844
1052,1262
1052,1221
1052,1706
1052,1702
1052,1879
1052,1716
1052,1276
1053,1713
1053,1078
1053,2402
1053,2630
1053,1714
1053,2321
1053,1879
1053,1062
1053,1514
1053,2384
1053,1236
1053,1095
1053,1711
1053,1700
1053,1684
1053,1248
1053,1060
1053,1054
1053,1703
1053,1280
1053,2608
1053,1931
1053,1082
1053,1707
1053,1096
1053,1061
1053,1063
1053,1698
1053,1064
1054,1713
1054,1841
1054,2180
1054,1568
1054,1750
1054,1974
1054,1692
1054,1706
1054,1095
1054,1069
1054,1695
1054,1704
1054,1088
1054,1208
1054,1295
1054,1476
1054,1061
1054,1087
1054,1705
1054,1096
1054,1332
1054,1097
1054,1683
1054,1599
1054,2539
1055,1698
1055,1701
1055,1212
1055,1717
1055,1062
1055,1681
1055,1719
1055,1692
1055,1072
1055,1060
1055,1098
1055,1085
1055,1226
1055,1097
1055,1063
1055,1057
1055,1056
1055,1583
1055,1554
1056,1233
1056,1236
1056,1694
1056,1690
1056,1496
1056,1076
1056,2507
1056,1684
1056,1719
1056,1689
1056,1098
1056,1057
1056,1072
1056,1599
1056,1082
1056,2316
1056,1708
1056,1260
1056,1474
1056,1086
1056,1079
1056,1235
1056,1702
1056,1217
1056,1843
1056,1090
1056,1879
1056,1701
1056,2380
1056,1064
1056,1061
1056,2532
1056,1077
1056,1697
1056,1406
1056,1717
1056,1710
1056,1240
1056,1687
1056,1683
1056,1237
1057,1698
1057,1691
1057,1270
1057,1701
1057,1994
1057,2538
1057,1212
1057,1714
1057,1689
1057,1555
1057,2384
1057,1086
1057,1073
1057,1060
1057,1059
1057,1058
1057,1717
1057,2316
1057,1688
1057,1203
1057,1716
1057,1090
1057,1089
1057,1087
1057,1061
1057,1696
1057,1577
1057,1230
1058,1878
1058,1851
1058,1694
1058,1705
1058,1258
1058,1717
1058,1599
1058,1697
1058,1060
1058,1063
1058,1931
1058,1090
1058,1087
1058,1440
1058,1064
1058,2384
1058,1068
1058,1706
1058,1847
1058,2111
1058,1077
1058,1868
1059,1841
1059,1099
1059,1062
1059,2360
1059,1702
1059,1410
1059,1690
1059,2630
1059,1699
1059,1066
1059,1095
1059,1077
1059,2365
1059,1707
1059,1096
1059,1073
1059,1280
1059,1716
1059,1068
1059,1086
1059,1268
1059,1299
1059,2580
1059,1264
1059,1078
1060,1701
1060,1694
1060,1717
1060,1688
1060,1689
1060,1085
1060,2508
1060,1680
1060,2514
1060,2371
1060,2381
1060,2499
1060,1879
1060,1092
1060,1079
1060,1706
1060,1068
1060,1066
1061,1236
1061,1690
1061,1076
1061,1702
1061,1719
1061,1692
1061,2258
1061,1696
1061,1062
1061,1069
1061,1699
1061,1684
1061,1261
1061,1098
1061,1066
1061,1866
1061,1700
1061,1717
1061,1247
1061,1716
1061,1701
1061,1090
1061,1087
1061,1262
1062,1289
1062,2246
1062,2711
1062,1714
1062,1694
1062,1205
1062,1076
1062,2630
1062,1530
1062,1717
1062,1689
1062,1697
1062,1083
1062,1079
1062,1843
1062,1097
1062,1088
1062,1063
1062,1091
1062,1089
1062,1700
1062,1098
1062,1064
1062,1262
1062,1695
1062,1278
1063,2469
1063,1071
1063,2538
1063,2283
1063,1974
1063,2580
1063,1080
1063,1850
1063,2590
1063,1717
1063,1873
1063,1875
1063,1681
1063,1242
1063,1200
1063,2478
1063,2133
1063,1231
1063,1713
1063,2392
1063,1218
1063,2312
1063,1688
1063,1226
1063,1514
1063,1708
1063,1285
1063,2391
1063,1495
1063,1592
1063,1848
1063,1931
1063,1250
1063,2322
1063,1868
1064,1709
1064,2384
1064,1078
1064,2630
1064,1588
1064,2321
1064,1074
1064,2111
1064,1878
1064,1684
1064,1095
1064,2316
1064,1086
1064,1710
1064,1412
1064,1706
1064,1707
1064,1092
1064,1716
1065,1289
1065,1221
1065,1201
1065,2708
1065,1266
1065,1078
1065,2608
1065,1514
1065,1281
1065,1210
1065,2134
1065,1254
1065,2245
1065,1204
1065,1273
1065,2492
1065,1231
1065,2378
1065,2392
1065,1876
1065,1267
1065,2086
1065,2377
1065,1207
1065,2371
1065,2509
1065,2098
1065,1872
1065,1096
1065,2061
1065,1770
1065,1285
1065,1277
1065,1847
1065,1265
1065,1555
1065,1264
1065,1209
1065,1203
1065,1868
1065,1092
1065,2472
1065,2110
1065,1590
1065,1550
1065,1263
1065,1748
1065,2473
1065,1410
1065,2380
1065,1296
1065,1293
1065,2396
1065,1260
1065,1446
1065,1268
1065,1240
1065,1578
1066,2070
1066,1714
1066,1080
1066,1688
1066,1681
1066,1719
1066,1332
1066,1079
1066,1262
1066,1077
1066,1086
1066,1877
1066,1247
1066,1699
1066,1088
1066,1700
1066,1716
1066,1281
1066,1087
1066,1750
1066,2380
1066,2371
1066,1292
1067,1212
1067,2564
1067,1530
1067,2321
1067,2095
1067,1074
1067,2159
1067,1332
1067,1542
1067,1695
1067,1684
1067,1073
1067,1931
1067,1226
1067,2384
1067,1068
1067,2476
1067,2074
1067,1551
1068,2246
1068,1071
1068,1856
1068,1440
1068,1474
1068,2580
1068,2630
1068,2620
1068,2245
1068,1876
1068,1069
1068,1681
1068,1077
1068,2531
1068,1074
1068,2529
1068,1700
1068,1073
1068,1091
1068,1687
1068,1493
1068,1299
1068,2708
1068,1252
1068,1089
1068,1877
1069,1698
1069,1714
1069,1099
1069,2245
1069,1074
1069,2695
1069,1684
1069,1076
1069,1683
1069,1098
1069,1931
1069,1096
1069,1866
1069,1075
1069,1073
1069,1079
1069,1097
1069,1082
1069,1087
1069,1262
1069,1708
1069,1701
1069,1711
1069,1517
1069,1078
1069,2533
1070,1545
1070,2477
1070,1216
1070,1266
1070,1841
1070,1288
1070,1112
1070,1514
1070,1253
1070,1668
1070,1511
1070,1205
1070,2281
1070,1958
1070,2134
1070,1524
1070,1208
1070,1271
1070,1227
1070,1074
1070,1540
1070,1860
1070,1728
1070,1555
1070,1282
1070,1228
1070,2392
1070,2377
1070,1275
1070,2478
1070,1204
1070,2465
1070,1285
1070,1854
1070,1203
1070,1845
1070,1554
1070,1748
1070,2438
1070,1953
1070,1855
1070,1564
1070,1267
1070,1847
1070,1546
1070,1240
1070,1531
1070,1298
1070,1874
1070,1292
1070,1286
1070,1231
1070,1296
1070,1260
1070,1551
1070,1245
1070,2590
1070,1814
1070,1232
1070,1210
1070,1598
1070,1295
1070,1464
1070,1808
1070,2293
1070,2371
1070,1412
1070,2405
1070,1241
1070,1629
1071,2514
1071,1878
1071,2528
1071,1717
1071,1580
1071,2531
1071,2472
1071,1599
1071,2315
1071,1081
1071,1843
1071,1274
1071,1254
1071,1238
1071,1250
1071,1870
1071,2283
1071,1215
1071,1209
1071,1586
1071,1567
1071,2387
1071,1514
1071,1266
1071,1557
1071,1547
1071,1337
1071,1239
1071,1227
1071,1537
1071,1517
1071,2385
1071,1221
1071,1512
1071,1299
1071,1092
1071,1286
1071,1297
1071,1588
1071,2378
1071,1269
1071,1865
1071,1283
1071,1728
1071,2473
1071,1263
1071,2392
1071,1207
1071,1273
1071,2340
1071,1535
1071,2465
1071,1241
1071,2365
1071,1294
1071,2652
1071,1411
1071,1487
1071,1271
1071,2047
1071,1966
1072,2472
1072,1691
1072,1221
1072,2590
1072,2384
1072,1714
1072,2580
1072,1099
1072,1750
1072,1853
1072,1844
1072,1689
1072,1231
1072,1246
1072,1086
1072,1075
1072,2316
1072,1207
1072,1247
1072,1700
1072,2405
1072,1238
1073,2590
1073,1714
1073,1709
1073,2508
1073,1711
1073,1696
1073,1700
1073,1080
1073,1088
1073,1092
1073,1717
1073,1247
1073,1843
1073,2365
1073,1096
1074,1713
1074,2074
1074,1474
1074,1080
1074,1845
1074,1750
1074,1688
1074,1706
1074,1871
1074,1710
1074,1096
1074,1262
1074,2385
1074,1210
1074,1082
1074,1865
1074,2476
1074,1538
1074,1573
1074,1296
1074,1289
1074,1242
1074,2630
1074,1728
1075,2283
1075,1568
1075,1076
1075,1541
1075,2469
1075,1717
1075,1707
1075,1332
1075,1271
1075,2258
1075,1683
1075,1263
1075,2476
1075,1700
1075,1931
1075,1280
1075,1078
1075,1514
1075,1702
1075,1091
1075,2385
1076,1865
1076,1269
1076,1866
1076,1681
1076,1688
1076,1849
1076,1097
1076,1095
1076,2385
1076,1085
1076,1696
1076,1700
1076,1709
1076,1568
1076,1098
1076,1262
1076,1695
1076,1750
1076,2580
1076,1875
1076,2533
1076,1716
1076,1434
1077,1698
1077,1212
1077,1205
1077,1684
1077,1332
1077,1866
1077,1252
1077,1231
1077,1847
1077,1700
1077,1708
1077,1717
1077,1523
1077,1590
1077,1566
1077,1086
1077,1451
1078,1713
1078,1931
1078,1717
1078,1332
1078,1096
1078,1714
1078,1248
1078,2315
1078,2510
1078,1974
1078,1845
1078,1098
1078,1699
1078,1706
1078,2371
1078,1595
1078,1568
1078,1689
1078,2465
1078,1204
1078,1690
1078,1205
1078,2312
1078,2407
1079,2469
1079,1714
1079,1430
1079,1706
1079,1080
1079,2630
1079,1210
1079,2479
1079,1692
1079,2532
1079,1332
1079,1866
1079,1532
1079,1707
1079,1719
1079,1713
1079,2392
1079,1847
1079,1843
1079,1088
1079,2317
1079,2476
1079,1700
1079,1298
1080,2385
1080,1703
1080,1717
1080,1455
1080,2630
1080,1719
1080,1686
1080,1095
1080,2384
1080,1450
1080,1684
1080,1091
1080,1087
1080,1696
1080,2372
1080,1714
1080,1709
1080,1098
1080,1708
1080,2476
1080,1082
1080,2376
1080,2378
1080,2473
1080,2340
1080,1276
1080,1711
1080,1241
1081,2385
1081,1545
1081,1201
1081,2086
1081,1266
1081,1506
1081,2387
1081,2320
1081,1207
1081,2134
1081,2382
1081,2278
1081,2469
1081,1705
1081,2315
1081,1248
1081,1597
1081,1465
1081,1853
1081,1844
1081,1231
1081,1680
1081,1872
1081,1096
1081,1454
1081,1842
1081,1704
1081,1855
1081,1252
1081,1155
1081,1550
1081,2710
1081,1546
1081,2378
1081,2374
1081,1501
1081,1224
1081,1877
1081,1295
1081,1293
1081,1278
1081,1578
1081,1869
1081,1536
1081,2312
1081,2259
1081,1441
1081,2508
1082,2384
1082,2180
1082,1212
1082,1706
1082,1684
1082,1696
1082,1504
1082,2476
1082,1699
1082,2371
1082,1709
1082,1098
1082,1237
1082,1687
1082,1708
1082,2377
1082,1296
1082,1241
1082,1434
1083,2469
1083,1701
1083,1690
1083,1095
1083,2505
1083,1695
1083,2340
1083,1931
1083,1534
1083,1251
1083,1262
1084,1885
1084,1509
1084,2214
1084,1807
1084,2106
1084,1583
1084,2123
1084,1559
1084,2405
1084,1519
1084,1210
1084,1292
1084,1953
1084,1672
1084,1851
1084,1522
1084,1705
1084,2410
1084,1473
1084,2695
1084,1435
1084,1429
1084,1648
1084,2061
1084,2249
1084,1936
1084,2441
1084,2210
1084,1421
1084,1493
1084,1855
1084,2184
1084,2407
1085,2283
1085,1236
1085,1717
1085,1879
1085,1711
1085,1931
1085,1710
1085,1212
1085,1697
1085,1095
1085,2384
1085,1090
1085,1098
1085,1692
1085,1698
1085,1552
1085,1728
1085,2312
1086,1099
1086,1681
1086,2630
1086,1429
1086,2719
1086,1696
1086,1848
1086,2465
1086,1702
1086,2381
1086,1700
1086,1695
1086,1862
1086,1687
1086,1843
1086,1091
1086,1090
1086,1520
1086,1097
1087,1698
1087,1691
1087,1878
1087,1288
1087,1750
1087,1702
1087,1095
1087,2119
1087,1246
1087,1696
1087,1098
1087,1695
1087,1814
1087,1697
1087,2473
1087,1090
1087,1089
1087,1557
1087,1693
1087,1716
1087,1088
1087,1276
1088,1713
1088,1236
1088,1474
1088,1222
1088,1974
1088,1714
1088,1288
1088,2245
1088,2521
1088,2316
1088,2622
1088,2321
1088,1953
1088,1699
1088,2384
1088,1773
1088,1444
1088,1556
1088,1845
1088,1704
1088,1220
1088,1842
1088,1865
1088,1877
1088,1232
1088,1091
1088,1293
1088,1696
1088,1931
1088,1576
1088,1814
1088,1593
1088,1866
1088,1537
1088,1289
1089,1289
1089,2620
1089,1750
1089,1689
1089,1694
1089,2258
1089,1683
1089,1903
1089,1695
1089,1708
1089,1700
1089,1684
1089,1096
1089,1865
1089,2476
1089,1874
1089,1702
1089,2538
1089,1215
1090,1465
1090,1289
1090,2151
1090,2360
1090,1848
1090,1431
1090,1688
1090,1750
1090,2384
1090,1696
1090,1931
1090,1866
1090,1697
1090,1717
1090,1294
1090,1719
1090,2138
1090,2382
1091,1859
1091,2708
1091,1266
1091,2111
1091,1496
1091,1281
1091,1759
1091,2469
1091,1208
1091,2360
1091,1694
1091,1696
1091,1680
1091,2321
1091,1699
1091,1535
1091,1931
1091,1708
1091,1247
1091,1097
1091,1092
1091,1546
1091,1234
1091,1878
1091,1684
1091,1296
1091,1230
1091,1714
1091,2102
1091,1262
1091,1257
1092,1713
1092,1709
1092,2608
1092,2538
1092,1850
1092,2095
1092,1845
1092,1095
1092,1440
1092,1273
1092,1683
1092,1098
1092,1931
1092,1096
1092,1237
1092,1294
1092,1276
1092,1704
1092,1219
1092,1840
1092,1254
1092,1443
1092,1879
1093,2339
1093,1173
1093,1170
1093,1163
1093,2112
1093,2403
1093,2306
1093,1100
1093,1197
1093,2331
1093,2622
1093,2098
1093,1739
1093,1539
1093,2121
1093,1248
1093,2037
1093,2153
1093,2115
1093,1592
1093,2314
1093,1544
1093,1857
1093,1882
1093,1591
1093,1556
1093,1557
1093,2574
1093,1537
1093,2701
1093,2103
1093,1722
1093,1819
1093,2363
1093,1975
1094,2712
1094,1433
1094,2402
1094,1565
1094,1502
1094,2121
1094,2492
1094,1871
1094,1994
1094,2382
1094,1844
1094,1226
1094,1743
1094,1840
1094,1875
1094,2386
1094,1847
1094,2371
1094,2510
1094,1223
1094,2539
1094,1594
1094,1536
1094,2381
1094,1596
1094,1868
1094,1577
1094,2100
1094,1518
1094,1299
1094,1728
1094,2376
1094,2473
1094,2532
1094,1410
1094,2380
1094,1296
1094,1295
1094,1287
1094,1567
1094,1276
1094,1204
1094,1270
1094,1755
1094,2240
1094,1242
1094,1264
1094,1555
1094,1219
1094,1589
1094,2365
1094,1297
1094,1200
1094,2258
1094,1579
1094,1568
1094,2635
1094,2415
1094,1478
1094,2695
1094,1418
1094,2044
1094,2042
1095,2472
1095,2111
1095,2245
1095,1254
1095,2321
1095,2095
1095,1750
1095,1689
1095,1702
1095,1687
1095,1700
1095,1098
1095,1099
1095,1681
1095,1708
1095,2371
1095,1692
1095,2086
1095,2258
1095,1410
1095,1695
1096,1288
1096,1714
1096,1690
1096,1568
1096,1099
1096,1717
1096,2321
1096,1228
1096,1878
1096,1684
1096,1844
1096,2472
1096,1696
1096,1098
1096,1275
1096,1225
1096,2621
1096,1257
1096,1265
1096,1700
1096,1865
1096,1283
1096,1706
1096,2322
1096,1953
1097,1201
1097,1588
1097,1865
1097,2601
1097,1849
1097,2374
1097,2321
1097,1750
1097,1283
1097,1204
1097,1693
1097,1410
1097,1866
1097,2214
1097,1578
1097,1296
1097,2385
1097,1680
1097,2392
1097,1242
1097,2384
1097,1867
1097,2478
1097,1268
1098,2514
1098,1701
1098,2384
1098,1549
1098,2630
1098,1717
1098,1681
1098,2258
1098,1683
1098,1692
1098,1235
1098,1699
1098,1703
1098,1698
1098,2365
1098,2532
1098,1293
1098,1453
1099,2469
1099,1270
1099,1236
1099,1714
1099,1703
1099,1710
1099,1866
1099,2360
1099,1681
1099,1719
1099,1750
1099,1716
1099,2384
1099,1695
1099,2473
1099,1683
1099,1295
1099,1850
1100,1121
1100,2448
1100,1139
1100,1185
1100,1864
1100,1737
1100,2319
1100,2463
1100,2304
1100,1196
1100,2082
1100,2307
1100,1143
1100,1122
1100,2490
1100,1103
1100,2147
1100,1162
1100,2682
1100,1130
1100,1741
1100,1347
1100,1153
1100,1723
1100,2530
1100,1172
1100,1743
1100,1161
1100,1109
1100,1817
1100,2302
1100,1145
1100,2406
1100,1727
1100,1184
1100,1129
1100,1183
1100,1176
1100,1674
1100,1189
1100,1180
1100,1746
1100,1135
1100,2346
1100,1131
1100,1186
1100,1108
1100,1102
1100,1730
1100,1724
1100,1147
1101,2370
1101,2317
1101,1288
1101,1419
1101,2387
1101,1511
1101,1739
1101,2125
1101,2100
1101,1912
1101,2492
1101,2116
1101,1861
1101,1532
1101,2114
1101,2020
1101,2314
1101,1566
1101,2117
1101,1535
1101,2146
1101,2099
1101,2710
1101,1745
1101,1557
1101,1512
1101,1596
1101,1586
1101,2103
1101,1580
1101,2661
1101,1685
1101,2155
1101,1299
1101,2051
1102,1742
1102,1128
1102,1737
1102,2323
1102,1864
1102,1115
1102,1190
1102,1145
1102,1112
1102,2179
1102,1124
1102,1735
1102,1194
1102,1582
1102,1130
1102,1721
1102,1139
1102,2109
1102,2301
1102,1168
1102,1180
1102,2306
1102,2403
1102,1152
1102,1674
1102,2547
1102,1184
1102,2490
1102,2302
1102,1174
1102,1725
1102,1161
1102,1104
1102,1198
1102,1186
1102,1149
1102,1197
1102,1113
1102,1154
1102,1165
1102,1178
1102,1136
1102,1183
1102,1110
1102,2419
1102,1191
1102,1146
1102,1156
1103,2560
1103,2552
1103,2448
1103,1864
1103,1124
1103,1736
1103,1196
1103,1178
1103,2672
1103,2419
1103,2179
1103,1177
1103,1162
1103,1130
1103,1174
1103,1172
1103,1743
1103,1161
1103,2304
1103,1819
1103,1140
1103,2559
1103,1129
1103,1145
1103,1727
1103,2406
1103,2562
1103,1107
1103,1191
1103,1183
1103,1176
1103,1166
1103,1163
1103,1149
1103,2302
1103,1138
1103,1134
1103,1123
1103,1197
1103,2556
1103,1198
1103,2403
1103,1724
1103,1184
1103,2445
1103,1180
1103,2109
1103,1725
1103,1143
1103,1337
1104,2295
1104,2080
1104,2448
1104,2126
1104,1128
1104,1419
1104,1159
1104,1115
1104,1124
1104,1196
1104,2107
1104,1725
1104,1136
1104,2672
1104,2490
1104,2109
1104,1751
1104,1747
1104,1150
1104,1105
1104,2446
1104,1197
1104,1168
1104,1727
1104,2406
1104,1174
1104,2341
1104,1129
1104,1173
1104,1147
1104,2179
1104,1189
1104,2306
1104,1142
1104,2530
1104,1172
1104,1117
1104,1107
1104,2559
1104,2310
1104,1176
1104,2542
1104,1820
1104,1723
1104,2573
1104,1748
1105,2295
1105,2124
1105,1121
1105,2152
1105,1608
1105,1864
1105,2463
1105,2305
1105,2304
1105,2307
1105,1725
1105,1190
1105,1150
1105,1162
1105,1149
1105,2406
1105,1107
1105,1193
1105,1183
1105,1170
1105,1163
1105,1148
1105,1135
1105,1132
1105,2530
1105,1172
1105,1176
1105,2445
1105,2651
1105,2455
1105,1109
1105,2365
1105,2341
1105,1119
1105,1166
1105,2012
1105,1122
1105,2575
1105,1192
1106,2331
1106,2216
1106,2511
1106,1831
1106,2028
1106,2125
1106,1908
1106,1793
1106,2260
1106,2104
1106,2007
1106,1582
1106,1359
1106,2631
1106,1529
1106,2116
1106,2132
1106,2253
1106,2641
1106,2644
1106,1607
1106,2498
1106,2114
1106,1585
1106,2594
1106,2400
1106,1794
1106,1882
1106,2468
1106,1595
1106,2363
1106,1576
1106,2406
1106,2097
1106,2679
1106,2000
1106,1439
1106,1310
1106,2288
1106,2068
1106,1373
1106,1887
1106,2566
1106,1596
1107,1128
1107,1743
1107,1865
1107,2449
1107,1735
1107,1174
1107,2112
1107,1595
1107,1172
1107,1140
1107,2554
1107,1747
1107,1183
1107,1109
1107,1156
1107,1742
1107,1131
1107,2107
1107,2530
1107,1120
1107,1118
1107,2339
1107,1117
1107,1514
1107,2454
1107,1749
1107,2109
1107,1169
1107,2126
1107,1139
1107,1186
1107,2651
1107,2555
1107,1150
1108,2331
1108,2080
1108,1935
1108,1159
1108,1196
1108,2109
1108,1735
1108,2147
1108,1178
1108,1177
1108,1674
1108,2672
1108,1967
1108,1168
1108,1128
1108,1175
1108,2419
1108,1197
1108,1753
1108,1180
1108,2530
1108,2403
1108,2341
1108,1928
1108,1400
1108,1746
1108,2310
1108,1193
1108,1162
1108,1139
1108,1164
1108,1191
1109,2152
1109,2450
1109,2307
1109,2304
1109,1196
1109,2626
1109,2567
1109,2672
1109,2419
1109,2454
1109,2302
1109,2678
1109,1123
1109,2449
1109,1133
1109,2406
1109,1864
1109,1723
1109,1151
1109,1119
1109,2126
1109,1186
1109,1148
1109,2306
1109,1131
1109,2301
1109,2112
1109,1172
1109,1746
1109,1191
1109,1114
1110,1190
1110,2672
1110,1735
1110,1165
1110,1114
1110,2179
1110,1146
1110,1140
1110,2554
1110,1174
1110,2302
1110,1183
1110,1119
1110,1166
1110,1148
1110,1134
1110,2295
1110,1120
1110,1152
1110,1185
1110,1138
1110,1742
1110,2306
1110,1178
1110,2552
1110,1565
1110,1142
1110,1800
1111,2319
1111,1136
1111,1122
1111,1753
1111,2419
1111,2575
1111,2454
1111,1175
1111,1180
1111,2403
1111,1754
1111,1735
1111,2346
1111,2310
1111,1151
1111,2323
1111,1194
1111,1166
1111,2092
1111,1152
1112,1128
1112,1116
1112,1751
1112,1114
1112,1743
1112,1161
1112,2455
1112,1151
1112,1146
1112,2559
1112,2554
1112,1191
1112,1183
1112,1154
1112,1133
1112,1149
1112,1136
1112,1138
1112,1182
1112,2346
1112,1132
1112,2295
1112,1131
1112,1725
1112,2672
1112,1118
1112,2306
1112,1113
1112,1189
1112,2450
1112,1152
1112,2343
1112,2304
1112,1129
1112,2099
1112,1124
1112,2094
1112,1749
1113,2124
1113,1159
1113,1190
1113,2419
1113,2179
1113,2490
1113,1674
1113,1747
1113,2528
1113,2445
1113,1130
1113,2651
1113,1735
1113,2403
1113,1746
1113,2310
1113,1172
1113,1160
1113,1151
1113,1146
1113,1138
1113,1173
1113,1166
1113,2107
1113,1120
1113,1196
1113,1140
1113,1142
1113,1847
1113,1117
1113,1154
1113,1128
1113,1175
1114,2295
1114,1507
1114,1128
1114,1121
1114,1185
1114,2463
1114,2557
1114,2552
1114,2455
1114,2672
1114,2319
1114,2530
1114,1157
1114,2449
1114,1162
1114,1720
1114,1130
1114,2306
1114,2403
1114,2651
1114,1159
1114,1741
1114,1727
1114,1192
1114,2509
1114,1151
1114,1197
1114,2256
1114,1674
1114,1168
1114,1193
1114,1166
1114,1163
1114,1149
1114,1134
1114,2152
1114,2346
1114,1736
1114,1154
1114,1143
1114,2016
1114,2107
1114,2301
1114,2126
1114,2419
1114,1158
1114,1175
1114,1272
1114,1298
1115,2295
1115,2448
1115,2450
1115,1505
1115,1864
1115,1162
1115,1130
1115,2304
1115,1169
1115,1736
1115,1746
1115,1164
1115,1146
1115,2341
1115,1129
1115,1194
1115,1191
1115,1143
1115,1725
1115,1123
1115,2672
1115,1120
1115,1197
1115,2305
1115,1168
1115,1362
1115,1133
1115,2454
1115,1290
1115,2561
1115,1603
1115,1417
1116,1742
1116,2397
1116,2562
1116,1165
1116,1143
1116,2626
1116,1164
1116,2419
1116,2449
1116,2490
1116,1183
1116,2454
1116,1173
1116,1153
1116,1735
1116,1175
1116,1608
1116,1123
1116,2672
1116,1117
1116,2555
1116,1197
1116,1152
1116,1362
1116,1967
1116,1864
1116,1736
1116,1749
1116,2445
1116,1133
1116,1739
1116,2323
1116,1935
1116,1159
1116,1741
1116,2341
1117,2331
1117,1128
1117,2113
1117,1359
1117,1178
1117,2390
1117,1193
1117,1290
1117,1190
1117,2083
1117,2449
1117,2152
1117,2575
1117,1197
1117,2450
1117,2179
1117,1192
1117,1140
1117,1166
1117,1142
1117,2302
1117,1138
1117,2445
1117,1176
1117,1721
1117,1139
1117,1147
1117,1551
1117,1742
1117,1160
1117,1536
1117,1503
1117,2490
1117,1174
1118,2450
1118,2307
1118,1159
1118,2319
1118,2107
1118,1190
1118,2152
1118,2622
1118,2575
1118,2016
1118,1177
1118,1586
1118,1727
1118,1122
1118,2109
1118,1827
1118,1124
1118,2346
1118,1128
1118,2123
1118,2406
1118,1184
1118,1186
1118,1737
1118,2301
1118,1753
1118,1142
1118,1168
1118,1742
1118,1178
1118,1505
1118,1129
1118,1176
1118,2098
1118,2310
1118,1182
1118,1135
1118,2341
1118,1166
1118,1401
1119,1731
1119,2654
1119,2448
1119,1952
1119,1159
1119,1864
1119,1196
1119,2319
1119,1507
1119,1178
1119,1530
1119,1136
1119,2302
1119,1143
1119,2109
1119,1145
1119,2555
1119,1727
1119,2338
1119,2082
1119,1189
1119,1151
1119,1186
1119,1176
1119,1156
1119,1182
1119,1134
1119,1148
1119,2463
1119,2322
1119,1147
1119,1354
1119,2672
1119,2625
1120,1507
1120,1513
1120,1185
1120,1864
1120,1503
1120,2304
1120,1178
1120,2455
1120,1145
1120,2419
1120,2109
1120,1751
1120,2449
1120,1737
1120,2319
1120,1747
1120,1130
1120,2651
1120,1589
1120,1129
1120,1171
1120,1754
1120,1146
1120,1197
1120,2555
1120,1149
1120,1148
1120,1725
1120,1134
1120,1182
1120,1135
1120,1166
1120,1587
1120,1160
1120,2306
1120,1724
1120,1192
1120,1173
1120,1147
1120,1184
1121,1507
1121,2179
1121,1162
1121,1177
1121,1130
1121,1139
1121,1143
1121,2626
1121,1164
1121,1146
1121,1731
1121,1727
1121,1191
1121,1173
1121,1156
1121,2552
1121,1753
1121,1142
1121,1197
1121,1747
1121,1724
1121,1184
1121,1723
1121,1148
1121,2323
1121,2651
1121,2454
1121,1185
1121,1152
1121,2562
1121,1730
1121,1685
1121,1337
1121,2591
1121,1838
1122,1737
1122,1736
1122,1190
1122,2626
1122,1753
1122,1157
1122,1145
1122,1160
1122,1151
1122,1146
1122,2341
1122,2559
1122,2016
1122,1196
1122,2554
1122,2455
1122,1194
1122,1173
1122,1674
1122,1156
1122,1149
1122,2306
1122,2403
1122,1142
1122,1138
1122,2007
1122,1134
1122,1175
1122,1747
1122,1734
1122,1758
1122,1147
1122,2304
1122,1399
1123,1737
1123,1195
1123,1159
1123,2306
1123,1124
1123,2448
1123,1187
1123,1178
1123,2672
1123,1739
1123,2449
1123,1177
1123,1169
1123,1742
1123,1160
1123,2304
1123,1916
1123,1140
1123,1198
1123,1193
1123,1191
1123,1186
1123,1182
1123,1725
1123,2016
1123,1170
1123,1163
1123,1133
1123,1196
1123,2651
1123,1149
1123,1138
1123,1132
1123,1131
1123,1743
1123,1161
1123,1152
1123,1362
1123,2530
1123,1250
1123,2301
1124,1806
1124,2295
1124,2489
1124,1737
1124,2007
1124,1181
1124,1751
1124,1184
1124,2555
1124,1157
1124,1146
1124,2016
1124,1129
1124,2107
1124,2406
1124,1194
1124,1183
1124,2454
1124,1736
1124,1154
1124,1133
1124,1149
1124,1147
1124,1136
1124,1735
1124,2559
1124,1178
1124,2346
1124,1132
1124,1175
1124,2109
1124,2575
1124,2622
1124,2531
1124,1162
1125,2562
1125,2344
1125,2561
1125,1914
1125,2593
1125,2136
1125,1815
1125,2682
1125,2447
1125,2463
1125,1150
1125,1192
1125,1727
1125,2147
1125,1967
1125,2339
1125,1175
1125,1174
1125,2338
1125,1387
1125,2024
1125,1880
1125,2666
1125,1306
1125,2678
1125,1219
1125,1837
1125,1833
1126,2522
1126,1899
1126,1952
1126,1831
1126,1897
1126,2125
1126,1915
1126,1898
1126,2428
1126,2567
1126,2629
1126,2344
1126,1894
1126,1740
1126,2336
1126,1596
1126,2139
1126,2589
1126,1910
1126,1863
1126,2154
1126,1906
1126,1426
1126,1911
1126,1419
1126,1904
1126,1533
1126,1353
1126,2200
1126,1812
1126,1936
1126,2227
1126,2464
1126,2367
1126,2658
1126,1397
1126,1350
1126,2426
1126,2301
1126,1913
1126,2017
1126,2599
1126,2221
1126,2679
1126,1772
1126,2436
1127,1217
1127,2116
1127,1395
1127,2625
1127,1404
1127,1393
1127,1312
1127,2185
1127,2704
1127,2219
1127,1802
1127,2222
1127,2202
1127,1936
1127,2358
1127,2609
1127,2706
1127,2263
1127,2208
1127,2291
1127,2204
1127,1933
1127,2519
1127,2352
1127,2417
1127,2262
1127,2456
1127,2046
1127,2239
1127,2233
1127,2042
1127,2049
1127,1682
1127,1973
1127,2541
1127,1325
1127,1616
1127,1630
1127,2026
1127,2655
1127,2461
1127,2700
1127,1924
1127,1633
1127,1469
1127,2327
1127,2467
1128,1507
1128,2319
1128,1751
1128,1153
1128,1192
1128,1753
1128,1172
1128,1146
1128,1177
1128,2341
1128,1140
1128,2490
1128,1727
1128,1182
1128,1170
1128,1166
1128,1163
1128,2124
1128,1154
1128,1133
1128,1149
1128,1142
1128,2559
1128,1180
1128,1135
1128,2575
1128,2672
1128,2179
1128,2082
1128,2446
1128,1730
1128,2101
1128,1595
1128,2092
1129,2124
1129,1742
1129,2552
1129,2452
1129,1196
1129,1190
1129,2557
1129,2419
1129,1674
1129,1739
1129,1157
1129,1732
1129,1150
1129,1162
1129,2528
1129,1864
1129,1172
1129,1751
1129,1169
1129,1164
1129,2559
1129,1152
1129,1171
1129,1193
1129,1173
1129,2310
1129,1166
1129,1148
1129,1142
1129,2295
1129,1131
1129,2672
1129,2575
1129,1177
1129,1182
1130,2451
1130,2152
1130,2080
1130,1743
1130,1737
1130,2323
1130,1159
1130,1725
1130,2082
1130,1753
1130,2447
1130,1139
1130,2109
1130,1157
1130,2449
1130,1136
1130,1815
1130,1177
1130,2403
1130,2530
1130,1754
1130,1192
1130,1164
1130,1160
1130,1151
1130,2559
1130,2454
1130,1193
1130,2554
1130,1166
1130,1163
1130,2126
1130,1156
1130,1731
1130,1149
1130,1148
1130,1180
1130,1134
1130,1132
1130,1183
1130,1755
1130,1173
1131,2370
1131,2152
1131,2450
1131,2126
1131,1159
1131,1733
1131,1196
1131,1150
1131,1507
1131,2682
1131,2346
1131,2490
1131,2114
1131,1210
1131,2103
1131,1732
1131,1168
1131,2304
1131,2129
1131,1189
1131,1172
1131,1743
1131,2307
1131,2542
1131,1508
1131,1162
1131,1156
1131,1138
1131,1152
1131,1184
1131,1182
1131,1198
1132,2295
1132,1874
1132,1140
1132,1198
1132,1166
1132,1154
1132,1149
1132,1164
1132,2651
1132,1194
1132,1138
1132,2554
1132,1152
1133,1182
1133,2152
1133,1159
1133,1170
1133,1267
1133,1507
1133,1216
1133,2109
1133,1747
1133,2454
1133,2542
1133,2445
1133,2446
1133,1177
1133,2505
1133,1737
1133,2555
1133,1197
1133,1884
1133,2080
1133,1187
1133,2107
1133,1192
1133,1146
1133,1143
1133,2016
1133,1156
1133,2403
1133,1134
1133,1144
1133,2554
1133,1196
1133,1190
1133,1186
1133,1374
1134,2152
1134,1737
1134,1159
1134,2463
1134,2119
1134,2082
1134,1157
1134,2147
1134,1177
1134,1544
1134,2007
1134,2138
1134,1152
1134,1171
1134,2626
1134,2109
1134,1169
1134,1164
1134,1191
1134,1186
1134,1148
1134,2454
1134,1138
1134,1182
1134,1135
1134,1731
1134,2530
1134,2341
1134,1180
1135,1737
1135,1229
1135,1159
1135,2155
1135,1753
1135,2626
1135,2313
1135,2406
1135,1154
1135,2152
1135,2575
1135,2089
1135,1149
1135,1724
1135,1741
1135,2346
1135,2107
1135,1145
1135,2367
1135,2450
1135,1751
1135,1140
1135,2651
1135,1194
1135,1191
1136,1742
1136,1549
1136,2179
1136,2319
1136,1754
1136,1153
1136,1192
1136,1753
1136,1164
1136,2341
1136,2672
1136,2419
1136,2490
1136,1191
1136,1186
1136,1182
1136,1196
1136,2554
1136,1147
1136,2306
1136,1142
1136,1197
1136,1747
1136,2446
1136,1190
1136,1540
1137,1909
1137,2548
1137,1838
1137,1533
1137,2673
1137,1509
1137,2150
1137,1831
1137,1504
1137,2137
1137,2436
1137,1757
1137,1563
1137,1985
1137,1322
1137,2204
1137,1889
1137,2594
1137,2589
1137,1811
1137,2036
1137,1378
1137,2224
1137,1881
1137,2240
1137,2051
1137,2426
1137,2264
1137,1494
1137,1591
1137,2076
1137,2227
1137,2202
1137,1738
1137,1544
1137,2205
1137,2108
1137,1517
1137,1304
1137,2679
1137,1348
1137,1833
1137,2259
1137,2058
1137,2208
1138,2451
1138,2124
1138,1159
1138,2126
1138,1139
1138,1157
1138,1150
1138,1162
1138,2081
1138,2454
1138,1861
1138,1143
1138,2672
1138,1168
1138,2555
1138,1153
1138,2319
1138,1191
1138,1183
1138,2552
1138,1142
1138,1146
1138,1724
1138,1152
1138,1180
1138,1174
1139,2552
1139,1185
1139,2323
1139,1751
1139,1143
1139,1192
1139,2626
1139,1753
1139,1184
1139,1164
1139,1177
1139,2341
1139,2530
1139,2554
1139,2449
1139,1198
1139,2310
1139,1170
1139,1166
1139,1149
1139,2317
1139,1735
1139,2109
1139,2575
1139,2672
1139,2306
1139,1747
1139,2593
1139,2115
1139,2555
1139,1197
1139,2070
1140,1507
1140,1736
1140,1725
1140,2455
1140,1674
1140,2575
1140,2446
1140,1727
1140,1197
1140,1191
1140,2554
1140,1193
1140,2179
1140,2555
1140,2672
1140,1166
1140,2147
1141,2562
1141,1723
1141,2310
1141,1967
1141,2448
1141,2307
1141,1884
1141,1741
1141,2446
1141,2682
1141,2419
1141,2403
1141,2338
1141,2345
1141,2674
1141,1306
1141,1729
1141,1916
1142,2124
1142,1742
1142,2679
1142,2490
1142,1864
1142,2530
1142,2446
1142,2626
1142,2314
1142,1180
1142,1171
1142,1158
1142,2319
1142,2554
1142,1727
1142,1161
1142,1194
1142,1734
1142,1170
1142,1166
1142,2304
1142,1176
1142,1162
1142,1183
1142,2575
1142,1151
1142,1198
1142,1674
1143,1144
1143,2489
1143,2448
1143,2126
1143,2305
1143,2304
1143,1725
1143,1178
1143,2082
1143,1751
1143,1162
1143,1189
1143,1753
1143,1157
1143,1172
1143,1146
1143,2559
1143,2419
1143,1191
1143,2554
1143,1166
1143,2124
1143,1154
1143,1735
1143,2302
1143,2109
1143,2672
1143,2575
1143,2542
1143,1197
1143,1732
1143,1746
1143,1190
1143,2339
1143,1175
1143,2455
1143,1194
1143,2566
1143,2146
1144,1507
1144,2319
1144,1737
1144,2341
1144,1170
1144,2489
1144,2080
1144,2446
1144,1815
1144,1184
1144,2530
1144,1608
1144,2552
1144,1194
1144,2556
1144,2678
1144,1908
1144,1326
1145,2295
1145,1742
1145,2080
1145,1737
1145,1736
1145,1725
1145,1359
1145,1165
1145,2179
1145,1157
1145,1161
1145,1146
1145,2559
1145,2302
1145,1194
1145,1182
1145,2651
1145,1745
1145,1163
1145,1149
1145,1175
1145,1915
1145,2109
1145,2672
1145,2542
1145,1168
1145,1362
1145,2083
1145,2572
1146,2552
1146,2152
1146,1864
1146,2304
1146,1736
1146,2419
1146,1751
1146,2302
1146,1196
1146,2651
1146,1164
1146,1746
1146,1165
1146,2179
1146,2082
1146,1753
1146,1189
1146,1184
1146,1741
1146,1732
1146,1967
1146,1151
1146,1198
1146,1727
1146,2341
1146,1166
1146,2107
1146,1608
1146,2313
1146,1148
1146,2559
1146,1160
1146,1862
1147,2124
1147,1742
1147,2676
1147,1736
1147,1187
1147,2552
1147,2082
1147,1674
1147,1910
1147,1153
1147,2449
1147,1151
1147,2403
1147,2651
1147,1194
1147,1720
1147,1156
1147,2141
1147,1154
1147,1149
1147,1175
1147,2346
1147,1169
1147,2455
1148,2124
1148,1725
1148,1733
1148,2109
1148,1751
1148,2542
1148,2016
1148,1727
1148,1177
1148,1746
1148,1168
1148,2278
1148,1197
1148,1198
1148,1156
1148,1683
1148,1166
1148,1152
1148,2082
1148,1189
1149,2295
1149,2552
1149,1864
1149,2304
1149,2537
1149,1753
1149,1674
1149,1547
1149,1747
1149,2038
1149,2016
1149,2672
1149,1967
1149,1197
1149,1180
1149,1158
1149,2454
1149,1749
1149,2554
1149,2306
1149,2403
1149,1183
1149,1754
1149,2310
1149,1173
1149,1735
1149,2559
1149,1176
1150,1507
1150,2455
1150,2481
1150,1513
1150,1165
1150,1172
1150,1754
1150,1192
1150,2179
1150,1189
1150,1746
1150,2307
1150,2016
1150,1196
1150,2554
1150,2301
1150,2153
1150,1183
1150,1156
1150,2302
1150,2306
1150,1724
1150,2445
1150,2626
1150,1753
1150,1171
1150,1174
1150,1915
1150,2400
1151,2339
1151,2552
1151,1743
1151,1737
1151,1742
1151,2615
1151,2126
1151,2448
1151,1187
1151,1178
1151,2152
1151,1570
1151,2121
1151,2606
1151,2490
1151,2575
1151,1747
1151,2302
1151,1177
1151,2301
1151,2454
1151,1197
1151,2445
1151,2542
1151,1171
1151,1153
1151,1727
1151,2406
1151,1190
1151,1172
1151,1674
1151,1168
1151,1507
1151,1173
1152,1864
1152,1196
1152,1178
1152,2082
1152,2672
1152,2109
1152,1751
1152,1735
1152,2449
1152,1725
1152,2016
1152,2445
1152,2626
1152,1753
1152,2141
1152,2346
1152,1168
1152,1746
1152,2563
1152,1160
1152,2406
1152,1198
1152,2455
1152,1194
1152,1191
1152,1176
1152,2302
1152,2341
1152,1871
1152,1180
1152,2310
1152,1189
1153,1507
1153,1885
1153,2323
1153,1159
1153,2119
1153,1753
1153,2490
1153,2530
1153,1892
1153,2672
1153,2575
1153,1749
1153,2301
1153,2343
1153,2555
1153,1189
1153,1161
1153,1160
1153,1156
1153,2559
1153,1758
1153,2310
1153,1180
1153,1271
1153,2338
1154,2152
1154,1733
1154,1736
1154,2015
1154,2626
1154,1753
1154,2530
1154,1157
1154,2449
1154,2147
1154,2228
1154,2575
1154,2307
1154,1725
1154,2016
1154,1162
1154,1727
1154,2555
1154,2109
1154,1168
1154,1362
1154,1180
1154,1723
1154,1163
1154,1286
1154,1183
1154,1173
1154,2020
1154,1196
1154,2651
1154,1160
1154,2559
1154,2302
1154,1730
1154,1166
1154,1175
1155,2469
1155,1691
1155,1878
1155,2538
1155,2063
1155,1563
1155,1288
1155,2402
1155,1253
1155,2387
1155,1269
1155,1281
1155,2365
1155,1958
1155,1570
1155,1522
1155,1619
1155,1227
1155,1853
1155,1478
1155,1728
1155,1844
1155,1273
1155,2570
1155,2376
1155,1440
1155,1246
1155,1542
1155,1849
1155,2528
1155,1267
1155,2316
1155,2510
1155,2529
1155,1871
1155,2479
1155,1256
1155,1226
1155,1209
1155,1250
1155,1203
1155,2377
1155,1536
1155,1521
1155,1872
1155,1434
1155,1337
1155,1211
1155,2371
1155,1555
1155,1264
1155,1593
1155,1479
1155,1285
1155,1714
1155,1520
1155,1519
1155,1299
1155,1842
1155,2138
1155,1847
1155,1255
1155,1704
1155,1241
1156,2152
1156,2306
1156,1725
1156,2082
1156,2672
1156,2319
1156,1162
1156,1749
1156,1758
1156,2626
1156,1171
1156,1735
1156,1912
1156,2310
1156,1165
1156,1192
1156,1189
1156,1727
1156,2406
1156,2542
1156,1184
1156,1172
1156,1751
1156,1169
1156,2454
1156,1193
1156,1166
1156,2447
1156,1186
1156,1163
1156,1194
1156,1173
1157,2331
1157,1742
1157,1737
1157,2319
1157,2345
1157,1190
1157,1560
1157,2626
1157,1753
1157,2179
1157,2403
1157,1161
1157,1177
1157,2341
1157,2554
1157,2454
1157,1176
1157,2302
1157,1746
1157,2445
1157,1187
1157,1864
1157,2446
1158,2152
1158,2448
1158,2007
1158,2561
1158,2307
1158,1725
1158,2675
1158,1608
1158,1967
1158,1168
1158,1175
1158,1171
1158,2323
1158,1159
1158,1741
1158,2305
1158,1723
1158,2559
1158,1730
1158,1164
1158,1916
1158,2554
1158,1815
1158,2454
1159,2451
1159,1742
1159,2552
1159,2152
1159,2448
1159,2256
1159,2126
1159,1753
1159,1184
1159,1507
1159,2651
1159,2554
1159,1168
1159,1173
1159,2310
1159,1175
1159,2109
1159,2449
1159,1191
1159,1967
1159,1730
1159,1613
1159,1359
1159,1744
1159,2473
1160,2552
1160,2323
1160,1737
1160,1187
1160,2454
1160,2445
1160,2084
1160,2542
1160,1229
1160,1746
1160,2555
1160,1198
1160,2107
1160,1163
1160,1172
1160,1197
1160,1169
1161,2126
1161,1196
1161,2561
1161,2107
1161,1725
1161,2083
1161,1884
1161,1751
1161,2463
1161,2575
1161,1735
1161,2341
1161,1916
1161,1746
1161,2310
1161,1674
1161,2403
1161,2555
1161,1174
1161,2542
1161,1754
1161,2179
1162,1507
1162,1864
1162,2556
1162,2626
1162,2575
1162,2672
1162,1197
1162,2179
1162,1754
1162,1172
1162,2406
1162,1958
1162,1182
1162,2341
1162,1166
1162,1163
1162,2613
1162,1736
1162,1164
1162,1362
1162,1751
1162,2295
1162,2454
1163,1185
1163,2126
1163,1733
1163,2319
1163,2306
1163,1196
1163,1187
1163,1753
1163,1863
1163,1197
1163,2555
1163,2310
1163,1741
1163,1174
1163,2341
1163,1166
1163,2124
1163,2406
1163,1184
1163,2658
1163,2449
1163,1180
1163,1735
1163,2346
1164,1743
1164,2307
1164,2319
1164,1181
1164,2304
1164,1753
1164,2672
1164,2179
1164,1751
1164,1674
1164,1747
1164,2305
1164,1917
1164,1168
1164,2343
1164,2475
1164,1196
1164,2554
1164,2446
1164,1183
1164,1175
1164,2109
1164,1192
1165,2152
1165,2489
1165,1737
1165,1864
1165,1733
1165,2449
1165,2302
1165,2295
1165,2454
1165,1727
1165,2341
1165,1172
1165,1198
1165,1186
1165,1183
1165,1194
1165,2306
1165,2319
1165,1191
1165,1184
1166,1731
1166,1507
1166,2451
1166,1178
1166,2179
1166,1747
1166,2302
1166,1725
1166,2016
1166,2555
1166,1196
1166,2651
1166,1754
1166,1176
1166,1191
1166,2126
1166,2306
1166,2490
1166,1722
1166,1581
1167,2300
1167,2307
1167,1745
1167,1608
1167,1880
1167,1359
1167,2463
1167,2007
1167,1522
1167,2593
1167,1306
1167,2449
1167,2153
1167,2301
1167,2363
1167,2343
1167,2403
1167,2338
1167,1916
1167,2037
1167,2406
1167,2555
1168,1185
1168,2307
1168,2126
1168,1359
1168,1190
1168,1178
1168,2682
1168,2542
1168,1177
1168,2301
1168,2179
1168,1528
1168,1197
1168,2555
1168,1746
1168,1172
1168,2109
1168,1189
1168,1741
1168,1733
1168,1175
1168,1171
1168,2651
1168,2554
1168,1194
1168,2152
1168,2346
1168,1182
1168,2310
1168,1699
1169,2300
1169,1507
1169,2676
1169,1743
1169,1897
1169,1503
1169,2561
1169,1667
1169,2593
1169,2278
1169,2109
1169,2575
1169,2449
1169,2030
1169,2147
1169,1953
1169,2121
1169,1967
1169,2626
1169,1171
1169,2559
1169,1916
1169,1704
1169,1754
1169,1174
1169,1170
1169,1197
1169,2555
1169,1192
1169,2565
1169,2403
1169,1730
1170,2295
1170,1742
1170,1743
1170,1736
1170,1751
1170,2449
1170,2463
1170,1194
1170,1193
1170,2304
1170,1552
1170,2672
1170,2406
1170,1864
1170,1724
1170,1191
1171,1731
1171,2450
1171,2304
1171,1178
1171,2317
1171,1735
1171,1907
1171,2307
1171,2016
1171,2406
1171,2575
1171,1177
1171,2341
1171,1751
1171,2555
1171,1191
1171,2126
1171,1740
1171,2346
1171,1182
1171,2310
1171,1186
1171,1176
1171,2542
1171,1723
1172,2295
1172,1737
1172,1864
1172,2450
1172,1181
1172,1725
1172,2552
1172,2082
1172,2449
1172,2016
1172,1735
1172,2446
1172,2448
1172,2179
1172,2555
1172,1758
1172,2651
1172,1730
1172,2126
1172,1186
1172,2152
1172,1747
1172,2123
1172,1519
1173,1737
1173,1864
1173,2307
1173,1725
1173,1751
1173,1735
1173,2530
1173,2449
1173,1747
1173,2481
1173,1794
1173,1720
1173,1728
1173,2082
1173,2597
1173,1724
1173,2403
1173,2554
1173,2406
1173,1184
1173,2346
1173,1182
1174,2601
1174,2331
1174,2295
1174,2124
1174,1742
1174,2307
1174,1736
1174,2016
1174,2153
1174,2115
1174,1667
1174,2419
1174,1197
1174,1754
1174,1727
1174,1194
1174,1749
1175,2552
1175,2097
1175,2080
1175,2126
1175,2107
1175,2319
1175,2490
1175,2302
1175,2575
1175,2454
1175,2542
1175,1727
1175,1741
1175,2559
1175,1183
1175,1196
1175,2651
1175,2310
1175,1180
1175,1740
1175,2451
1175,1912
1175,2336
1176,1737
1176,1270
1176,1864
1176,1178
1176,2128
1176,2419
1176,1751
1176,2575
1176,1747
1176,2302
1176,1720
1176,2528
1176,2306
1176,2403
1176,2530
1176,1754
1176,2336
1176,2449
1176,2255
1176,1191
1176,1177
1176,1194
1176,1196
1176,2554
1176,2310
1176,2152
1176,1182
1176,1193
1176,2555
1176,1286
1176,1753
1176,1186
1177,2451
1177,2126
1177,2125
1177,1736
1177,2419
1177,1747
1177,1720
1177,2016
1177,2109
1177,2555
1177,2341
1177,1198
1177,1967
1177,1191
1177,2310
1177,2542
1177,1749
1177,1928
1177,1902
1177,1406
1178,2082
1178,2675
1178,1727
1178,2672
1178,1193
1178,2454
1178,2492
1178,1182
1178,2310
1178,1180
1178,2107
1178,2448
1178,2542
1178,2302
1178,1912
1178,2153
1178,2106
1178,2319
1178,1567
1179,2301
1179,2553
1179,2037
1179,1880
1179,1815
1179,2009
1179,2001
1179,2000
1179,1886
1179,2261
1179,1722
1179,1819
1179,1366
1179,2021
1179,2603
1179,2683
1179,1644
1180,2451
1180,2295
1180,2319
1180,2626
1180,1732
1180,2179
1180,2278
1180,1751
1180,2575
1180,2152
1180,2346
1180,2406
1180,1197
1180,2555
1180,1191
1180,2310
1180,2306
1180,2403
1180,1730
1180,1189
1181,2659
1181,1885
1181,2675
1181,2344
1181,1935
1181,1897
1181,2522
1181,1749
1181,2338
1181,2556
1181,2123
1181,1744
1181,2400
1181,1794
1181,1882
1181,1860
1181,1521
1181,2381
1181,1564
1181,1543
1181,1530
1181,1239
1181,2139
1181,2092
1181,1893
1181,2444
1181,1916
1181,2498
1181,2595
1181,1819
1181,1184
1181,1863
1181,1515
1181,2485
1181,2447
1181,2156
1181,2005
1181,1822
1181,2238
1181,2440
1182,1196
1182,1725
1182,1747
1182,1844
1182,1727
1182,2672
1182,1967
1182,2449
1182,2312
1182,2310
1182,1192
1182,1193
1182,1191
1182,1724
1182,2121
1182,2542
1183,2331
1183,1507
1183,1185
1183,2448
1183,2107
1183,2490
1183,1735
1183,2449
1183,2038
1183,1747
1183,1720
1183,2406
1183,1727
1183,2555
1183,1197
1183,1194
1183,2109
1183,2114
1183,1252
1183,1191
1183,1390
1183,2651
1183,2575
1183,2559
1183,2454
1184,2451
1184,2319
1184,2099
1184,2419
1184,2449
1184,2120
1184,2542
1184,1542
1184,1597
1184,2463
1184,1758
1184,2651
1184,1198
1184,1727
1184,1674
1184,1742
1184,1193
1184,2346
1184,1196
1185,2295
1185,2451
1185,1737
1185,1754
1185,1721
1185,1192
1185,2455
1185,2302
1185,1362
1185,1730
1185,1187
1185,1733
1185,2557
1185,1745
1185,1740
1185,1197
1185,2449
1185,2323
1186,1864
1186,1314
1186,1751
1186,1197
1186,2138
1186,1746
1186,2110
1186,1194
1186,1193
1186,1741
1186,1196
1187,2451
1187,1737
1187,2349
1187,1733
1187,2179
1187,1753
1187,2082
1187,1967
1187,2147
1187,2323
1187,2153
1187,2481
1187,2104
1187,1916
1187,2492
1187,2445
1187,2099
1187,1472
1188,2502
1188,1809
1188,2670
1188,2247
1188,2077
1188,2103
1188,1907
1188,1810
1188,2535
1188,2199
1188,2393
1188,2698
1188,1954
1188,2699
1188,2229
1188,2234
1188,2202
1188,2687
1188,2702
1188,2443
1188,2208
1188,2706
1188,2548
1188,1772
1188,2519
1188,1660
1188,2436
1188,1951
1188,2046
1188,1776
1188,2650
1188,1777
1188,1250
1188,2414
1188,1929
1188,2545
1188,1769
1188,2212
1188,2704
1188,1637
1188,2607
1188,2177
1188,2662
1188,2181
1188,1767
1188,1604
1188,1798
1188,1992
1188,1998
1188,1964
1188,2270
1188,2173
1188,1942
1188,1948
1188,1947
1188,2223
1188,1600
1188,2056
1188,1959
1188,2065
1188,2550
1188,2401
1188,2207
1188,2518
1189,2339
1189,2124
1189,1737
1189,2305
1189,1725
1189,2455
1189,1884
1189,1674
1189,2302
1189,1727
1189,1197
1189,1967
1189,1559
1189,1190
1189,1754
1189,1191
1189,2323
1189,1382
1189,1194
1189,1742
1189,1507
1189,1260
1189,1552
1190,1742
1190,1507
1190,1725
1190,1192
1190,2552
1190,2016
1190,2419
1190,2672
1190,1191
1190,2310
1190,2152
1190,1196
1190,2542
1190,1884
1190,2455
1190,1674
1190,1815
1190,1747
1190,2446
1190,1553
1190,1834
1191,1742
1191,1743
1191,2306
1191,2454
1191,2445
1191,1727
1191,1197
1191,2555
1191,1746
1191,2109
1191,2468
1191,1725
1191,1198
1191,1194
1191,1286
1191,1734
1191,1723
1192,1742
1192,1608
1192,2557
1192,2419
1192,2450
1192,1674
1192,2530
1192,1366
1192,2446
1192,2141
1192,2107
1192,2301
1192,1916
1192,2341
1192,2310
1192,2449
1192,1723
1192,2082
1192,2179
1193,2615
1193,1674
1193,1747
1193,2115
1193,2081
1193,2363
1193,2346
1193,2341
1193,1194
1193,1511
1193,2116
1193,2315
1193,1751
1193,2613
1193,1532
1194,2091
1194,2446
1194,2346
1194,2319
1194,1747
1194,1758
1194,2152
1194,2622
1194,2539
1195,1541
1195,2113
1195,1854
1195,2580
1195,2622
1195,1264
1195,2371
1195,1702
1195,1259
1195,1239
1195,2392
1195,2312
1195,1898
1196,1731
1196,2552
1196,1737
1196,2448
1196,2450
1196,2403
1196,1751
1196,2341
1196,2530
1196,2672
1196,2310
1196,2346
1196,1197
1196,2322
1196,2338
1196,2153
1196,2115
1196,1578
1197,2152
1197,1737
1197,2319
1197,1736
1197,2537
1197,2626
1197,1753
1197,2481
1197,2109
1197,2454
1197,2490
1197,2038
1197,2132
1197,1744
1197,2301
1197,1746
1197,2672
1197,1742
1197,1819
1197,2498
1197,1916
1197,2146
1197,2554
1197,1584
1197,1574
1198,2450
1198,2009
1198,2626
1198,2179
1198,2498
1198,2590
1198,2449
1198,1747
1198,2530
1198,2346
1198,1965
1198,1593
1198,2554
1198,2575
1198,1565
1198,2117
1198,1245
1198,1864
1199,2331
1199,1509
1199,2119
1199,1579
1199,1529
1199,1560
1199,2346
1199,2343
1199,1739
1199,2098
1199,1842
1199,1794
1199,1928
1199,1899
1199,2093
1199,1216
1199,2089
1199,1595
1199,1685
1199,1508
1199,1561
1199,1263
1199,1204
1199,2641
1199,2092
1199,2589
1199,1425
1199,1483
1200,1709
1200,2525
1200,2243
1200,2086
1200,2608
1200,1221
1200,1281
1200,2536
1200,1476
1200,1218
1200,2180
1200,2374
1200,1242
1200,1237
1200,1254
1200,2612
1200,1568
1200,1277
1200,1597
1200,1593
1200,1590
1200,1574
1200,1266
1200,1945
1200,1557
1200,2514
1200,1542
1200,1263
1200,2477
1200,2380
1200,1953
1200,2396
1200,1268
1200,1728
1200,1211
1200,1244
1200,1298
1200,1478
1200,1279
1200,1256
1200,2712
1200,1455
1200,1261
1200,2532
1201,1691
1201,2537
1201,2608
1201,1680
1201,1854
1201,2531
1201,2539
1201,1225
1201,1867
1201,2508
1201,1252
1201,1862
1201,1280
1201,1277
1201,1246
1201,1545
1201,1254
1201,1238
1201,2510
1201,1865
1201,2283
1201,1222
1201,2095
1201,1217
1201,1215
1201,1849
1201,2038
1201,2565
1201,1552
1201,1526
1201,1586
1201,1514
1201,2521
1201,1551
1201,1547
1201,1239
1201,1227
1201,1518
1201,2094
1201,1512
1201,2390
1201,2377
1201,2086
1201,1251
1201,1542
1201,1501
1201,2245
1201,1856
1201,1953
1201,1268
1201,1588
1201,1204
1201,1241
1201,1205
1201,2372
1201,1208
1201,1878
1201,1475
1201,1269
1201,1463
1201,1224
1201,1903
1201,2649
1202,2300
1202,2659
1202,1885
1202,1838
1202,2104
1202,1345
1202,2588
1202,1253
1202,2488
1202,1887
1202,1793
1202,2064
1202,2120
1202,2092
1202,2365
1202,1907
1202,2259
1202,1893
1202,1819
1202,1902
1202,1726
1202,1397
1202,1379
1202,1367
1202,1904
1202,2486
1202,2644
1202,1905
1202,2487
1202,2288
1202,1922
1202,2177
1202,2221
1202,1857
1202,2633
1202,1469
1203,2469
1203,1691
1203,1233
1203,1588
1203,1514
1203,1851
1203,2637
1203,2315
1203,2395
1203,2078
1203,1283
1203,1227
1203,1204
1203,1728
1203,1246
1203,1544
1203,2652
1203,1876
1203,1207
1203,2371
1203,1527
1203,2314
1203,2508
1203,1705
1203,2340
1203,1855
1203,1532
1203,1578
1203,1869
1203,1453
1203,1814
1203,1854
1203,1871
1203,1277
1203,1846
1203,1264
1203,2095
1203,2386
1203,1217
1203,1791
1203,1209
1203,1244
1203,1235
1203,1526
1203,1953
1203,1274
1203,1557
1203,2711
1203,1547
1203,2365
1203,1298
1203,1842
1203,1840
1203,2322
1203,1255
1203,1293
1203,1548
1203,1257
1203,1286
1203,1553
1203,1853
1203,2532
1203,1531
1203,1505
1203,2378
1203,2475
1203,1576
1203,1478
1203,1284
1203,1252
1204,1221
1204,1565
1204,1269
1204,1207
1204,2281
1204,1430
1204,2365
1204,1686
1204,1668
1204,2245
1204,2536
1204,1208
1204,1248
1204,2310
1204,2100
1204,1235
1204,2521
1204,1237
1204,2321
1204,1872
1204,2377
1204,2402
1204,1238
1204,2317
1204,1250
1204,2214
1204,1535
1204,1244
1204,2510
1204,1240
1204,1217
1204,1209
1204,2531
1204,1215
1204,2320
1204,1544
1204,1591
1204,1538
1204,1265
1204,1556
1204,1267
1204,1299
1204,1288
1204,1503
1204,2376
1204,2313
1204,1231
1204,1855
1204,2340
1204,1293
1204,2465
1204,1278
1204,1858
1204,1276
1204,2322
1204,1255
1204,1241
1204,2312
1204,2472
1204,1890
1204,2084
1204,1211
1204,1210
1204,1598
1204,1501
1204,1266
1204,1460
1204,2480
1204,1284
1205,2130
1205,2086
1205,2214
1205,1856
1205,2364
1205,2630
1205,1867
1205,2372
1205,1814
1205,1265
1205,2510
1205,1240
1205,1215
1205,2367
1205,1561
1205,2482
1205,2313
1205,1267
1205,1299
1205,2514
1205,1988
1205,2570
1205,2376
1205,2245
1205,1858
1205,1224
1205,1218
1205,1278
1205,1245
1205,1241
1205,1219
1205,1748
1205,2243
1205,1273
1205,2620
1205,1456
1205,1453
1205,1405
1205,2719
1205,1424
1205,1480
1205,1789
1205,2638
1205,2347
1205,1971
1206,2611
1206,2158
1206,2623
1206,1796
1206,2298
1206,2171
1206,2013
1206,2216
1206,2313
1206,1894
1206,1904
1206,2704
1206,1443
1206,2441
1206,1340
1206,2650
1206,2226
1206,2426
1206,1804
1206,1428
1206,1913
1206,1310
1206,1883
1206,2024
1206,1621
1206,1372
1206,2230
1206,1752
1206,1364
1206,2191
1206,1805
1206,1348
1206,1930
1206,2436
1206,2187
1206,2605
1206,1822
1206,2404
1207,1549
1207,1545
1207,2708
1207,1288
1207,1795
1207,2113
1207,2472
1207,1599
1207,1216
1207,1410
1207,1855
1207,1841
1207,1877
1207,1585
1207,1294
1207,1285
1207,1222
1207,2580
1207,1264
1207,1238
1207,2371
1207,1244
1207,2387
1207,1223
1207,1815
1207,1575
1207,2102
1207,1755
1207,2405
1207,1209
1207,1597
1207,1590
1207,1282
1207,1573
1207,1261
1207,2134
1207,1227
1207,1267
1207,1874
1207,1292
1207,2099
1207,1517
1207,2390
1207,1568
1207,1728
1207,1542
1207,2570
1207,2376
1207,2473
1207,1519
1207,1228
1207,1845
1207,1263
1207,2533
1207,1935
1207,1281
1207,1691
1207,2564
1207,1953
1207,1584
1207,1293
1207,1260
1207,1869
1207,2620
1207,1255
1207,1689
1207,1592
1207,2465
1207,1814
1207,1232
1207,1219
1207,1686
1207,1298
1207,2365
1207,1231
1207,1522
1207,1214
1207,1408
1207,2701
1207,2410
1207,1548
1207,1257
1208,1878
1208,1586
1208,1474
1208,1502
1208,1269
1208,2074
1208,2365
1208,2315
1208,1289
1208,1871
1208,1680
1208,1235
1208,1291
1208,1237
1208,2091
1208,2382
1208,2479
1208,1840
1208,2508
1208,1875
1208,1277
1208,2371
1208,1240
1208,1209
1208,1704
1208,1755
1208,1275
1208,1567
1208,1504
1208,1551
1208,2689
1208,1525
1208,2390
1208,1517
1208,2573
1208,1288
1208,2452
1208,1283
1208,1231
1208,1542
1208,1563
1208,2533
1208,2392
1208,2564
1208,1287
1208,1284
1208,1268
1208,1245
1208,1814
1208,2396
1208,1232
1208,2622
1208,1555
1208,1876
1208,2652
1208,2438
1208,1271
1208,1472
1208,1461
1208,1446
1208,1548
1208,1451
1208,1553
1209,1214
1209,1474
1209,1281
1209,1221
1209,1705
1209,1588
1209,2620
1209,1476
1209,1283
1209,1242
1209,2386
1209,2240
1209,1555
1209,1542
1209,2402
1209,1238
1209,2479
1209,2134
1209,1261
1209,1275
1209,2465
1209,2381
1209,1871
1209,1260
1209,1855
1209,2108
1209,2533
1209,1869
1209,2376
1209,2510
1209,2396
1209,1814
1209,1867
1209,1285
1209,1265
1209,1535
1209,2020
1209,1244
1209,1598
1209,1295
1209,1520
1209,1500
1209,1299
1209,1298
1209,2246
1209,2537
1209,1276
1209,2241
1209,2392
1209,1422
1209,1255
1209,1482
1209,2469
1209,1402
1209,1231
1210,1859
1210,1545
1210,1289
1210,1918
1210,1878
1210,1565
1210,2514
1210,1253
1210,1582
1210,2016
1210,2492
1210,1585
1210,2322
1210,1840
1210,2508
1210,1252
1210,2608
1210,2123
1210,2106
1210,1566
1210,1275
1210,1755
1210,1561
1210,1280
1210,1571
1210,1875
1210,1584
1210,1527
1210,1225
1210,1516
1210,1550
1210,1537
1210,2108
1210,1517
1210,1515
1210,1512
1210,1267
1210,1558
1210,1297
1210,1292
1210,1868
1210,1286
1210,1570
1210,2074
1210,2365
1210,2478
1210,1542
1210,2473
1210,2533
1210,2564
1210,1216
1210,2380
1210,2091
1210,1218
1210,1276
1210,1553
1210,2620
1210,1245
1210,1814
1210,1232
1210,1299
1210,2061
1210,2556
1210,1489
1210,1401
1210,1748
1210,1214
1210,2669
1210,1237
1210,2110
1210,2013
1211,2472
1211,2372
1211,2130
1211,1221
1211,1878
1211,2608
1211,1865
1211,1503
1211,1568
1211,1414
1211,1560
1211,2620
1211,2245
1211,1509
1211,2382
1211,1218
1211,1588
1211,2364
1211,1555
1211,2454
1211,2395
1211,1680
1211,2281
1211,2378
1211,1238
1211,2365
1211,1892
1211,1224
1211,2316
1211,2510
1211,2616
1211,1840
1211,2408
1211,1535
1211,2117
1211,1871
1211,2465
1211,2564
1211,2312
1211,1868
1211,1285
1211,2340
1211,1855
1211,1215
1211,1702
1211,1508
1211,1518
1211,1517
1211,1251
1211,1293
1211,1268
1211,1284
1211,2102
1211,1520
1211,1234
1211,1527
1211,2396
1211,1232
1211,1287
1211,1216
1211,1410
1211,2380
1211,1276
1211,2371
1211,1427
1211,2106
1212,1698
1212,1270
1212,1701
1212,1684
1212,1717
1212,1332
1212,1711
1212,1870
1212,2316
1212,1716
1212,1696
1212,1693
1212,1700
1212,1692
1212,1709
1212,1224
1212,2407
1213,2362
1213,1899
1213,2100
1213,2681
1213,1395
1213,2596
1213,2270
1213,1397
1213,1351
1213,1390
1213,2673
1213,1310
1213,2158
1213,2430
1213,1803
1213,2227
1213,2588
1213,1533
1213,2694
1213,1822
1213,2611
1213,1312
1213,1922
1213,2544
1213,2614
1213,2129
1213,1644
1213,2383
1213,1863
1213,2348
1213,2623
1213,2592
1213,1832
1213,2511
1213,2220
1213,2414
1213,1924
1213,1675
1213,1663
1213,1320
1213,1805
1213,2193
1213,2178
1213,2550
1214,2472
1214,2385
1214,2372
1214,2113
1214,2521
1214,1704
1214,1855
1214,2074
1214,1868
1214,1282
1214,2111
1214,1264
1214,2510
1214,1870
1214,2138
1214,1544
1214,1554
1214,1552
1214,2134
1214,1267
1214,1271
1214,1794
1214,2570
1214,2376
1214,1534
1214,1728
1214,1542
1214,2392
1214,2371
1214,1566
1214,2245
1214,1691
1214,2564
1214,2479
1214,1218
1214,1586
1214,1295
1214,1875
1214,1293
1214,1287
1214,1276
1214,2374
1214,2620
1214,1296
1214,1878
1214,2438
1214,2492
1214,1716
1214,1425
1214,1285
1214,1770
1214,1460
1214,2293
1214,1854
1214,1466
1214,1280
1214,2638
1214,1680
1214,1486
1214,2508
1214,2411
1214,2642
1214,1545
1214,2612
1214,1612
1215,2647
1215,1841
1215,1849
1215,2564
1215,1706
1215,1874
1215,2509
1215,1242
1215,1852
1215,1410
1215,1556
1215,1238
1215,1699
1215,2473
1215,1273
1215,1855
1215,2690
1215,2108
1215,1337
1215,1285
1215,2246
1215,1276
1215,2652
1215,1294
1215,1230
1215,1878
1215,1296
1215,1484
1215,2371
1215,1234
1216,2477
1216,1266
1216,1248
1216,1237
1216,1872
1216,1252
1216,2510
1216,1561
1216,1554
1216,1591
1216,1573
1216,1253
1216,1551
1216,1227
1216,1505
1216,1512
1216,1500
1216,2390
1216,1275
1216,2536
1216,1269
1216,1728
1216,1246
1216,2701
1216,1228
1216,2340
1216,1244
1216,1535
1216,1858
1216,1856
1216,1953
1216,1293
1216,1232
1216,1704
1216,1219
1216,1897
1216,1495
1216,1472
1216,2616
1216,1482
1216,1416
1216,1508
1216,2381
1216,1411
1216,2334
1216,2075
1216,2074
1216,1298
1216,2365
1216,1977
1217,2477
1217,2072
1217,1549
1217,1222
1217,2538
1217,2448
1217,1759
1217,1474
1217,2387
1217,1865
1217,2134
1217,2395
1217,2251
1217,1728
1217,1719
1217,1538
1217,1849
1217,1461
1217,1931
1217,1235
1217,1869
1217,2590
1217,1814
1217,1420
1217,1226
1217,2336
1217,1265
1217,2482
1217,1567
1217,1585
1217,1294
1217,1285
1217,1298
1217,1275
1217,2322
1217,1299
1217,1228
1217,1519
1217,1278
1217,1219
1217,1598
1217,1286
1217,1541
1217,1259
1217,2617
1218,1545
1218,2708
1218,1433
1218,2402
1218,2151
1218,1474
1218,1455
1218,1496
1218,1785
1218,2245
1218,1235
1218,1237
1218,1226
1218,1840
1218,1223
1218,1683
1218,2701
1218,1613
1218,1595
1218,1536
1218,1500
1218,2074
1218,1298
1218,1542
1218,1271
1218,2532
1218,1260
1218,1241
1218,1588
1218,2061
1218,1473
1218,1449
1218,1704
1218,2480
1218,1284
1218,1769
1219,1289
1219,2385
1219,1221
1219,2514
1219,1878
1219,2387
1219,2151
1219,1763
1219,1378
1219,1281
1219,1848
1219,2246
1219,2537
1219,2245
1219,2061
1219,1227
1219,2084
1219,1728
1219,2528
1219,1332
1219,2378
1219,2377
1219,1953
1219,2510
1219,2374
1219,1501
1219,1554
1219,2574
1219,2590
1219,2396
1219,1704
1219,1869
1219,1877
1219,1269
1219,1560
1219,1840
1219,2476
1219,2573
1219,1553
1219,1517
1219,1843
1219,1480
1219,1286
1219,1875
1219,1293
1219,1284
1219,1268
1219,2402
1219,2499
1219,1451
1219,1458
1219,1264
1219,1896
1219,1280
1219,1230
1219,2312
1219,1439
1219,2533
1219,1466
1219,1435
1220,2143
1220,1486
1220,2437
1220,1993
1220,2264
1220,1430
1220,2695
1220,2640
1220,2105
1220,1241
1220,2410
1220,1473
1220,1459
1220,1452
1220,1447
1220,1451
1220,1405
1220,1438
1220,2366
1220,1978
1220,1482
1220,2636
1221,1994
1221,1691
1221,1706
1221,1582
1221,1294
1221,1250
1221,1474
1221,1865
1221,2316
1221,1882
1221,1563
1221,1584
1221,2134
1221,1557
1221,1548
1221,1337
1221,1286
1221,2708
1221,1568
1221,2336
1221,1269
1221,2478
1221,2701
1221,2376
1221,2473
1221,1535
1221,2245
1221,2396
1221,1850
1221,1869
1221,2620
1221,2465
1221,2402
1221,1242
1221,1909
1221,1230
1221,2365
1221,2472
1221,1599
1221,1878
1221,1770
1221,2391
1221,1588
1221,1491
1221,2474
1221,2201
1221,2337
1222,1909
1222,1859
1222,1545
1222,1719
1222,2492
1222,1871
1222,1854
1222,2539
1222,1705
1222,1847
1222,1843
1222,1250
1222,1247
1222,2386
1222,2095
1222,1282
1222,1526
1222,2572
1222,1577
1222,1593
1222,1504
1222,2482
1222,1512
1222,1299
1222,2074
1222,1298
1222,1680
1222,1874
1222,1292
1222,1269
1222,2478
1222,1542
1222,2473
1222,2392
1222,2514
1222,1281
1222,1410
1222,2283
1222,2380
1222,1288
1222,2537
1222,1858
1222,1276
1222,2521
1222,1260
1222,2364
1222,1268
1222,1241
1222,2590
1222,1232
1222,1979
1222,1248
1222,2509
1222,1554
1222,2621
1223,2708
1223,2514
1223,2074
1223,1903
1223,1474
1223,1849
1223,2113
1223,1867
1223,1495
1223,1845
1223,2620
1223,1844
1223,1258
1223,1840
1223,2508
1223,1841
1223,1744
1223,1854
1223,1291
1223,1273
1223,1855
1223,1577
1223,1868
1223,2377
1223,1814
1223,1277
1223,1238
1223,1613
1223,2536
1223,1566
1223,1275
1223,2381
1223,1557
1223,1440
1223,1246
1223,1542
1223,2473
1223,2370
1223,2564
1223,1953
1223,2095
1223,1295
1223,1284
1223,1255
1223,1241
1223,1234
1223,1230
1223,2479
1223,1555
1223,1846
1224,2385
1224,1289
1224,1486
1224,1474
1224,2330
1224,1269
1224,1535
1224,2360
1224,1875
1224,1717
1224,1613
1224,1702
1224,2374
1224,2316
1224,1282
1224,2508
1224,1429
1224,2095
1224,1858
1224,2240
1224,2074
1224,1704
1224,2134
1224,1843
1224,1285
1224,1555
1224,1264
1224,1240
1224,1440
1224,2313
1224,1714
1224,1423
1224,1591
1224,1551
1224,1550
1224,1286
1224,2609
1224,1542
1224,1251
1224,1275
1224,2380
1224,1759
1224,1274
1224,1953
1224,2465
1224,1559
1224,1268
1224,2402
1224,2499
1225,2370
1225,1382
1225,2608
1225,2590
1225,1288
1225,2320
1225,1503
1225,2111
1225,1580
1225,2365
1225,2620
1225,1648
1225,1476
1225,1228
1225,1505
1225,2572
1225,1719
1225,1555
1225,1685
1225,1540
1225,2510
1225,1263
1225,1275
1225,1239
1225,1558
1225,1527
1225,1680
1225,1862
1225,1244
1225,2110
1225,1294
1225,1593
1225,1590
1225,1848
1225,1557
1225,2534
1225,1259
1225,1550
1225,1517
1225,2538
1225,1277
1225,1512
1225,1854
1225,1410
1225,1531
1225,2539
1225,1278
1225,1755
1225,2531
1225,1567
1225,1257
1226,2472
1226,1545
1226,2693
1226,1233
1226,1718
1226,2701
1226,1668
1226,1269
1226,2564
1226,1495
1226,1242
1226,1872
1226,2508
1226,1858
1226,1882
1226,2281
1226,2378
1226,1248
1226,1501
1226,1235
1226,2371
1226,1516
1226,1409
1226,2573
1226,1842
1226,1291
1226,1847
1226,1854
1226,1293
1226,1285
1226,1576
1226,1548
1226,1512
1226,1284
1226,1575
1226,1240
1226,1287
1226,1241
1226,1245
1226,1536
1226,1489
1226,1759
1226,1274
1226,1268
1226,1874
1226,1292
1226,1534
1226,1493
1226,1298
1227,2469
1227,1450
1227,2591
1227,2402
1227,1986
1227,2514
1227,1253
1227,2714
1227,2370
1227,2564
1227,1781
1227,1571
1227,2322
1227,1294
1227,1867
1227,1285
1227,1277
1227,2281
1227,2572
1227,2381
1227,1244
1227,2117
1227,1528
1227,1683
1227,1556
1227,1573
1227,1567
1227,1527
1227,1239
1227,2116
1227,1534
1227,1531
1227,2313
1227,1517
1227,1515
1227,1558
1227,1257
1227,1251
1227,2105
1227,1231
1227,2473
1227,2339
1227,2533
1227,2340
1227,1553
1227,1588
1227,1491
1227,2521
1227,1704
1227,1509
1227,1412
1228,2472
1228,2385
1228,2372
1228,1266
1228,2283
1228,1694
1228,1281
1228,2695
1228,2509
1228,1233
1228,2479
1228,2508
1228,1877
1228,1814
1228,1872
1228,2119
1228,1246
1228,1843
1228,1261
1228,1250
1228,1700
1228,2476
1228,2336
1228,1253
1228,1544
1228,1593
1228,2564
1228,1400
1228,1267
1228,1299
1228,1286
1228,2376
1228,2378
1228,2395
1228,1231
1228,1542
1228,1263
1228,2533
1228,2392
1228,2340
1228,1284
1228,1840
1228,2128
1228,1255
1228,2531
1228,2240
1228,1555
1228,1289
1228,1871
1228,1483
1228,1453
1228,1230
1229,2080
1229,1674
1229,2575
1229,2449
1229,2301
1229,1507
1229,2338
1229,2141
1230,1691
1230,2712
1230,2621
1230,1440
1230,1903
1230,2665
1230,1985
1230,1568
1230,2086
1230,1252
1230,2713
1230,2240
1230,1728
1230,2074
1230,2365
1230,1556
1230,1514
1230,2387
1230,2315
1230,1442
1230,1261
1230,2371
1230,1857
1230,2570
1230,2473
1230,1282
1230,1680
1230,2533
1230,1555
1230,1264
1230,1242
1230,1521
1230,1312
1230,2415
1230,1251
1230,1295
1230,1434
1230,1240
1230,1495
1230,2465
1230,1869
1230,1287
1230,2095
1230,1278
1230,1490
1230,1255
1230,1867
1230,2061
1230,1232
1230,1293
1230,2478
1230,1276
1231,1545
1231,1849
1231,2113
1231,2111
1231,2365
1231,1382
1231,1867
1231,2121
1231,1874
1231,1252
1231,2482
1231,2038
1231,2155
1231,1853
1231,1704
1231,2371
1231,1577
1231,2130
1231,1257
1231,2376
1231,2473
1231,1263
1231,1519
1231,2392
1231,2477
1231,2380
1231,1953
1231,1268
1231,1578
1231,1869
1231,2396
1231,1232
1231,1474
1231,1862
1231,1269
1231,1463
1231,2391
1231,1421
1232,2370
1232,2130
1232,1539
1232,2086
1232,2402
1232,2151
1232,1474
1232,2281
1232,1535
1232,1496
1232,1705
1232,1413
1232,2478
1232,1878
1232,1684
1232,1728
1232,2510
1232,1263
1232,2473
1232,1855
1232,2498
1232,2110
1232,1876
1232,1585
1232,1814
1232,1842
1232,1291
1232,1256
1232,1265
1232,2386
1232,1247
1232,1284
1232,1501
1232,1506
1232,1312
1232,2701
1232,1537
1232,1578
1232,1772
1232,2385
1232,1512
1232,2536
1232,1275
1232,1282
1232,1853
1232,2532
1232,1542
1232,1251
1232,1544
1233,2243
1233,1918
1233,2119
1233,1524
1233,2095
1233,1526
1233,1508
1233,1258
1233,2573
1233,1879
1233,1297
1233,1868
1233,1286
1233,1517
1233,2390
1233,1568
1233,1542
1233,1288
1233,2396
1233,2240
1233,2366
1233,1728
1233,2407
1233,1425
1233,2505
1233,1495
1233,2078
1233,1279
1233,2089
1233,2499
1233,1432
1233,1476
1233,1483
1233,1903
1233,1451
1233,1546
1233,1449
1233,2638
1233,1421
1233,2717
1233,1404
1233,2568
1233,1466
1233,1660
1233,2412
1233,2086
1233,1795
1233,1264
1233,1943
1234,1289
1234,2712
1234,2243
1234,2074
1234,2116
1234,2315
1234,2134
1234,2078
1234,1486
1234,1874
1234,1423
1234,1819
1234,2316
1234,1872
1234,2378
1234,2478
1234,2392
1234,2371
1234,1427
1234,1982
1234,2473
1234,2465
1234,2105
1234,2396
1234,2322
1234,1585
1234,1285
1234,1953
1234,1274
1234,1293
1234,1584
1234,1291
1234,1525
1234,1517
1234,1286
1234,1251
1234,1502
1234,1263
1234,2366
1234,1493
1234,1489
1234,1295
1234,2210
1234,1260
1234,2380
1234,2367
1234,1591
1234,1409
1235,2472
1235,1878
1235,1474
1235,1668
1235,1503
1235,1269
1235,2402
1235,2111
1235,2007
1235,2315
1235,1867
1235,2620
1235,2246
1235,2537
1235,1853
1235,1755
1235,2572
1235,1840
1235,2539
1235,1845
1235,2340
1235,1544
1235,1542
1235,2652
1235,1876
1235,1504
1235,1267
1235,2316
1235,2510
1235,1953
1235,1854
1235,1842
1235,1256
1235,1413
1235,1704
1235,1868
1235,1877
1235,1847
1235,1762
1235,1277
1235,2371
1235,1896
1235,1250
1235,2387
1235,1708
1235,2392
1235,2101
1235,1590
1235,1581
1235,1573
1235,1534
1235,1517
1235,1705
1235,1814
1235,2105
1235,1869
1235,1241
1235,2312
1235,1261
1236,1701
1236,2283
1236,1690
1236,1710
1236,1719
1236,1668
1236,1870
1236,1696
1236,1681
1236,1699
1236,1684
1237,1859
1237,2086
1237,2492
1237,2564
1237,2360
1237,2464
1237,1867
1237,2373
1237,2372
1237,2316
1237,1728
1237,1586
1237,1246
1237,1259
1237,1744
1237,2678
1237,2570
1237,2376
1237,1874
1237,1680
1237,1556
1237,1876
1237,1840
1237,1857
1237,1535
1237,1554
1237,2573
1237,2465
1237,2574
1237,2322
1237,2261
1237,1858
1237,2402
1237,1238
1237,1508
1237,1553
1237,1512
1237,2180
1237,1598
1237,1286
1237,1284
1237,1581
1237,1573
1237,1257
1237,1855
1237,1467
1237,1878
1237,1587
1238,2712
1238,2708
1238,1972
1238,1849
1238,1582
1238,2094
1238,1254
1238,2382
1238,2095
1238,1410
1238,1870
1238,2508
1238,1571
1238,2376
1238,2555
1238,2531
1238,2322
1238,1868
1238,1814
1238,1871
1238,1867
1238,1285
1238,1277
1238,1686
1238,2316
1238,2565
1238,1555
1238,1846
1238,1528
1238,2512
1238,1542
1238,1251
1238,2392
1238,1295
1238,1689
1238,2465
1238,1869
1238,1245
1238,1728
1238,1535
1238,2505
1238,1260
1239,2472
1239,2112
1239,1465
1239,2128
1239,2091
1239,1509
1239,1565
1239,1668
1239,2113
1239,2616
1239,1914
1239,1875
1239,2257
1239,2132
1239,1524
1239,2315
1239,2509
1239,2156
1239,2373
1239,2508
1239,1595
1239,2521
1239,2133
1239,1556
1239,2342
1239,1857
1239,2529
1239,2542
1239,2117
1239,2573
1239,1871
1239,2320
1239,1544
1239,2574
1239,1896
1239,2381
1239,1876
1239,1585
1239,1250
1239,2336
1239,2370
1239,1594
1239,1680
1239,1583
1239,1552
1239,1521
1239,1942
1239,1263
1239,1748
1239,1505
1239,2378
1239,2475
1239,1311
1239,1532
1239,2405
1239,1593
1239,1591
1239,1548
1239,1910
1239,1534
1239,1520
1239,2101
1239,1519
1239,1515
1239,1523
1239,1563
1239,2533
1239,1958
1239,2055
1240,2130
1240,2708
1240,1266
1240,1440
1240,1474
1240,1865
1240,1535
1240,2492
1240,2365
1240,1875
1240,2374
1240,1867
1240,1873
1240,2402
1240,2521
1240,2478
1240,2316
1240,2159
1240,2086
1240,2377
1240,1261
1240,2138
1240,1252
1240,1446
1240,2322
1240,2473
1240,1402
1240,1273
1240,2340
1240,2240
1240,1462
1240,2396
1240,1814
1240,1294
1240,1553
1240,1874
1240,1292
1240,1284
1240,1264
1240,1278
1240,1276
1240,2465
1240,1841
1240,1550
1241,2472
1241,2708
1241,1588
1241,1851
1241,2281
1241,1288
1241,1870
1241,2315
1241,2492
1241,2395
1241,1511
1241,1873
1241,1865
1241,1283
1241,1259
1241,2599
1241,1558
1241,2316
1241,1728
1241,1538
1241,1273
1241,2340
1241,1680
1241,1561
1241,1499
1241,2377
1241,2034
1241,1840
1241,1501
1241,1857
1241,1275
1241,1260
1241,2574
1241,2095
1241,1274
1241,1555
1241,1264
1241,1700
1241,1294
1241,1268
1241,1262
1241,1553
1241,1546
1241,1520
1241,1287
1241,2473
1241,2482
1241,1415
1241,1516
1241,1537
1241,1490
1241,1295
1241,1526
1241,1282
1241,1573
1241,1479
1241,1704
1241,1691
1241,1858
1241,1276
1242,2477
1242,2086
1242,2074
1242,1488
1242,1281
1242,2492
1242,1579
1242,2507
1242,1254
1242,1688
1242,1850
1242,1465
1242,1271
1242,1332
1242,1840
1242,1285
1242,1265
1242,1535
1242,1244
1242,1506
1242,1694
1242,2130
1242,1848
1242,1523
1242,1518
1242,2478
1242,1400
1242,1276
1242,2240
1242,2685
1242,1501
1242,1728
1242,2504
1242,2495
1243,2704
1243,2609
1243,2502
1243,2256
1243,1481
1243,2616
1243,2131
1243,2023
1243,2051
1243,2323
1243,1644
1243,2090
1243,2249
1243,2635
1243,2441
1243,2440
1243,2202
1243,2687
1243,2225
1243,1790
1243,1927
1243,2412
1243,1776
1243,1766
1243,2503
1243,2697
1243,2212
1243,1793
1243,2181
1243,1985
1243,2664
1243,2289
1243,2222
1243,2416
1243,2233
1243,2237
1243,2232
1243,2239
1243,1948
1243,1779
1243,1712
1243,2292
1243,1895
1243,2186
1243,2550
1243,2404
1243,2207
1244,2472
1244,1856
1244,1841
1244,2402
1244,1514
1244,1865
1244,1849
1244,1714
1244,1269
1244,2571
1244,2564
1244,1852
1244,2507
1244,2245
1244,1874
1244,1580
1244,1252
1244,2613
1244,2212
1244,2386
1244,1414
1244,2100
1244,2159
1244,2365
1244,2510
1244,2529
1244,1260
1244,2382
1244,2479
1244,2110
1244,1854
1244,1256
1244,1750
1244,1847
1244,1280
1244,1264
1244,1526
1244,1523
1244,1512
1244,2473
1244,1597
1244,2574
1244,2380
1244,1501
1244,1592
1244,1282
1244,2371
1244,2360
1244,1875
1244,1584
1245,2472
1245,2283
1245,2166
1245,1849
1245,2437
1245,2324
1245,1874
1245,1545
1245,2321
1245,1613
1245,2706
1245,1271
1245,2708
1245,2514
1245,2041
1245,1872
1245,1728
1245,1282
1245,2717
1245,1858
1245,2376
1245,2095
1245,1504
1245,1261
1245,2371
1245,1275
1245,1475
1245,2331
1245,1555
1245,2719
1245,1846
1245,2533
1245,1854
1245,1278
1245,1299
1245,1463
1245,2510
1245,1490
1245,1473
1245,1422
1245,1755
1245,2531
1245,1464
1245,1286
1245,1842
1246,2469
1246,2370
1246,1289
1246,2086
1246,1588
1246,2408
1246,1865
1246,2315
1246,2536
1246,1613
1246,2365
1246,1282
1246,1681
1246,1862
1246,1273
1246,1855
1246,2590
1246,1814
1246,1277
1246,1274
1246,1265
1246,2371
1246,2510
1246,1514
1246,2387
1246,1508
1246,1846
1246,2110
1246,2007
1246,2492
1246,1537
1246,1728
1246,1534
1246,1263
1246,1854
1246,2533
1246,2392
1246,1284
1246,1842
1246,1260
1246,1546
1246,1853
1246,2402
1246,2499
1246,1460
1247,2385
1247,1691
1247,1549
1247,2086
1247,1878
1247,1759
1247,1505
1247,1474
1247,1432
1247,2402
1247,2111
1247,1511
1247,1254
1247,1570
1247,1476
1247,2479
1247,1873
1247,1681
1247,1702
1247,1599
1247,1844
1247,1728
1247,1272
1247,2510
1247,2508
1247,2573
1247,2386
1247,1851
1247,1269
1247,1277
1247,1564
1247,1520
1247,1297
1247,2283
1247,1410
1247,2391
1247,1846
1247,1278
1247,1499
1247,2074
1247,2365
1247,1298
1247,2246
1247,2537
1247,1276
1248,2151
1248,1851
1248,1705
1248,1698
1248,2571
1248,2034
1248,2360
1248,1875
1248,1565
1248,2315
1248,1722
1248,1668
1248,1283
1248,1871
1248,1852
1248,2531
1248,2133
1248,1704
1248,1294
1248,1683
1248,1540
1248,2381
1248,1597
1248,1591
1248,1527
1248,1546
1248,1806
1248,1515
1248,2074
1248,1298
1248,1577
1248,1286
1248,1251
1248,1523
1248,2105
1248,1284
1248,1268
1248,2635
1248,2116
1248,2504
1249,2704
1249,2493
1249,1797
1249,2063
1249,1706
1249,2465
1249,1493
1249,2071
1249,1489
1249,1473
1249,1411
1249,1496
1249,2717
1249,1830
1249,2649
1249,2041
1249,1946
1249,2048
1249,2692
1249,2719
1249,2504
1249,2698
1249,1781
1249,2044
1249,1488
1249,2568
1249,1789
1249,2250
1249,2347
1249,2517
1249,2715
1249,2521
1249,2688
1249,1985
1249,2627
1249,2239
1249,1766
1249,1775
1249,2619
1249,2495
1249,1790
1249,1984
1249,1987
1249,1614
1250,2385
1250,1586
1250,1288
1250,1506
1250,2708
1250,1253
1250,1849
1250,1281
1250,1875
1250,1541
1250,2315
1250,2620
1250,2374
1250,1423
1250,2395
1250,1840
1250,2378
1250,1540
1250,2316
1250,2510
1250,2529
1250,2394
1250,1693
1250,2531
1250,2508
1250,2465
1250,1260
1250,2574
1250,1704
1250,1869
1250,2396
1250,1814
1250,1285
1250,1550
1250,1556
1250,1265
1250,2517
1250,1547
1250,1286
1250,1284
1250,1278
1250,1276
1250,2322
1250,1255
1250,2076
1250,1494
1250,1874
1250,1583
1250,1543
1250,2533
1250,2336
1250,1552
1250,2093
1250,1855
1250,1564
1250,1282
1250,2564
1251,2372
1251,1266
1251,2608
1251,2387
1251,1851
1251,1849
1251,1582
1251,1281
1251,2314
1251,2386
1251,2058
1251,1540
1251,2316
1251,2016
1251,1872
1251,1728
1251,1555
1251,2664
1251,1874
1251,1680
1251,2240
1251,2378
1251,1565
1251,1953
1251,2710
1251,1571
1251,2565
1251,2465
1251,1836
1251,2631
1251,2534
1251,1854
1251,1265
1251,1716
1251,1552
1251,2151
1251,1278
1251,1569
1251,1260
1251,1842
1251,1551
1251,2477
1251,1410
1251,2380
1251,1298
1251,2364
1251,1297
1251,1299
1251,1275
1251,1566
1251,1550
1251,1268
1251,1293
1251,2299
1251,2396
1251,1570
1251,1473
1251,1577
1251,1286
1251,2106
1251,1549
1251,1547
1251,1869
1251,2482
1251,1512
1251,1748
1251,1536
1252,1289
1252,1270
1252,2608
1252,2701
1252,1705
1252,1568
1252,1710
1252,1861
1252,1410
1252,1274
1252,2620
1252,1870
1252,2258
1252,1259
1252,2385
1252,1706
1252,2482
1252,1267
1252,1505
1252,2378
1252,1865
1252,1283
1252,2074
1252,2365
1252,1293
1252,1848
1252,2312
1252,1901
1252,1458
1252,2512
1253,1545
1253,1509
1253,1563
1253,1514
1253,1871
1253,2531
1253,1282
1253,2095
1253,2510
1253,2316
1253,1523
1253,1528
1253,1596
1253,1593
1253,1591
1253,1587
1253,1538
1253,1567
1253,2159
1253,2094
1253,2482
1253,1551
1253,1546
1253,1579
1253,1534
1253,1525
1253,1598
1253,1500
1253,1589
1253,1298
1253,1292
1253,2574
1253,1570
1253,1568
1253,2572
1253,2378
1253,1269
1253,2101
1253,1748
1253,1554
1253,1263
1253,2564
1253,1293
1253,1555
1253,2011
1253,2589
1253,2596
1253,1857
1253,1285
1253,1576
1253,2061
1253,2694
1254,2385
1254,1691
1254,1270
1254,1974
1254,1762
1254,2492
1254,1288
1254,1870
1254,2087
1254,2100
1254,1844
1254,1862
1254,1680
1254,2322
1254,1872
1254,1841
1254,1873
1254,2479
1254,2321
1254,1694
1254,1294
1254,1759
1254,1274
1254,2580
1254,2386
1254,1261
1254,2111
1254,1599
1254,2316
1254,1868
1254,2387
1254,1708
1254,1592
1254,1526
1254,1527
1254,1299
1254,1257
1254,1275
1254,2245
1254,2365
1254,1501
1254,2340
1254,1296
1254,1869
1254,1264
1254,1555
1254,2312
1254,2570
1254,2085
1255,2385
1255,2514
1255,1266
1255,2456
1255,1269
1255,2692
1255,1505
1255,2281
1255,2374
1255,2134
1255,2620
1255,2438
1255,1853
1255,2316
1255,2390
1255,2196
1255,1840
1255,1504
1255,1267
1255,1279
1255,1559
1255,1457
1255,1282
1255,1256
1255,2534
1255,1551
1255,2539
1255,1569
1255,1578
1255,1869
1255,1287
1255,1449
1255,1459
1255,2380
1255,1434
1255,2465
1255,1862
1255,1295
1255,2365
1255,1814
1255,2478
1256,2477
1256,1691
1256,2317
1256,1562
1256,1474
1256,2387
1256,2111
1256,1875
1256,1848
1256,2374
1256,2315
1256,2395
1256,2119
1256,1865
1256,1283
1256,1844
1256,1288
1256,2646
1256,1759
1256,1275
1256,2376
1256,1516
1256,1846
1256,1527
1256,1755
1256,2531
1256,2510
1256,1707
1256,1277
1256,1855
1256,2472
1256,1508
1256,1843
1256,1590
1256,1285
1256,1520
1256,1260
1256,1551
1256,2074
1256,1298
1256,1287
1256,1587
1256,1452
1256,2710
1256,2322
1256,2159
1256,1286
1256,1535
1256,2117
1256,1593
1256,1841
1256,1550
1256,1531
1257,2469
1257,1806
1257,1856
1257,1514
1257,2564
1257,2570
1257,2390
1257,1874
1257,2479
1257,1599
1257,1282
1257,2482
1257,1840
1257,1858
1257,1424
1257,1578
1257,2378
1257,1544
1257,2392
1257,2710
1257,2134
1257,1261
1257,2465
1257,1857
1257,2312
1257,1814
1257,1337
1257,1563
1257,1854
1257,1847
1257,1593
1257,1576
1257,1268
1257,1286
1257,1293
1257,2135
1257,1553
1257,1271
1257,2532
1257,1598
1257,2377
1257,1273
1257,2534
1257,1564
1257,1299
1257,2102
1257,1520
1257,1586
1257,1877
1257,1722
1257,1613
1257,1516
1258,1589
1258,1582
1258,2616
1258,2492
1258,2531
1258,1874
1258,2133
1258,2529
1258,2373
1258,1861
1258,1514
1258,2336
1258,2102
1258,1578
1258,2572
1258,2020
1258,2117
1258,1314
1258,1508
1258,2381
1258,1896
1258,1577
1258,1571
1258,2314
1258,1538
1258,1847
1258,1556
1258,1576
1258,1552
1258,2134
1258,1859
1258,1762
1258,1516
1258,1550
1258,1547
1258,1546
1258,2108
1258,1531
1258,1525
1258,2313
1258,2570
1258,1400
1258,1590
1258,1299
1258,2105
1258,2532
1258,2620
1258,1587
1258,1598
1258,1575
1258,1672
1258,1421
1259,2522
1259,1859
1259,1545
1259,2494
1259,1952
1259,1514
1259,1506
1259,2452
1259,1958
1259,1890
1259,2390
1259,1530
1259,2537
1259,1290
1259,2625
1259,1264
1259,2367
1259,1592
1259,1536
1259,2381
1259,2529
1259,1559
1259,1544
1259,1528
1259,1596
1259,1593
1259,1587
1259,1556
1259,1576
1259,1573
1259,1569
1259,1759
1259,1868
1259,1577
1259,2159
1259,1546
1259,2108
1259,1518
1259,1512
1259,1400
1259,1500
1259,1519
1259,2392
1259,1598
1259,1404
1259,1857
1259,2570
1259,2279
1260,2477
1260,1809
1260,1470
1260,2086
1260,1514
1260,1506
1260,1570
1260,1476
1260,2407
1260,2367
1260,2365
1260,2638
1260,2240
1260,1974
1260,2580
1260,2386
1260,1441
1260,1556
1260,2392
1260,2134
1260,1261
1260,1873
1260,1291
1260,1274
1260,1266
1260,1557
1260,1553
1260,2324
1260,1548
1260,1520
1260,1517
1260,1292
1260,1868
1260,1286
1260,1878
1260,1296
1260,1584
1260,1293
1260,1275
1260,2312
1260,1289
1260,1483
1260,1715
1260,1841
1261,2472
1261,2608
1261,1440
1261,1589
1261,2365
1261,2298
1261,2315
1261,1495
1261,2116
1261,1728
1261,1844
1261,1273
1261,2532
1261,2246
1261,1858
1261,1461
1261,2376
1261,1540
1261,2510
1261,1871
1261,1873
1261,1291
1261,1269
1261,1847
1261,1595
1261,2371
1261,2322
1261,1598
1261,1274
1261,1550
1261,1518
1261,1505
1261,2378
1261,1597
1261,1500
1261,1299
1261,1297
1261,1286
1261,1814
1261,2105
1261,1542
1261,1974
1261,1295
1261,1293
1261,2645
1261,1287
1261,1842
1261,1536
1261,2312
1261,1474
1261,1862
1261,1466
1262,2469
1262,1698
1262,2514
1262,2384
1262,2402
1262,1694
1262,2537
1262,1688
1262,1719
1262,1866
1262,1699
1262,2531
1262,1695
1262,2385
1262,1594
1262,1869
1262,1412
1263,1545
1263,1509
1263,1266
1263,2697
1263,1514
1263,2538
1263,1762
1263,1885
1263,2564
1263,1570
1263,1571
1263,1872
1263,1597
1263,1403
1263,1440
1263,2508
1263,1858
1263,2340
1263,2561
1263,1882
1263,1486
1263,1680
1263,2281
1263,2378
1263,1544
1263,1542
1263,2392
1263,2377
1263,1847
1263,1585
1263,1294
1263,1867
1263,1285
1263,1264
1263,1700
1263,1903
1263,1275
1263,2102
1263,1598
1263,1593
1263,1849
1263,1267
1263,2620
1263,1553
1263,1531
1263,1410
1263,1299
1263,1868
1263,1286
1263,2473
1263,1619
1263,2386
1263,1295
1263,1293
1263,1278
1263,1852
1263,2531
1264,2472
1264,2372
1264,2331
1264,1713
1264,1289
1264,2712
1264,2086
1264,1588
1264,1432
1264,2711
1264,1865
1264,1269
1264,2315
1264,2245
1264,2155
1264,2321
1264,1613
1264,2407
1264,2386
1264,2378
1264,1542
1264,1561
1264,1267
1264,2710
1264,2465
1264,2574
1264,2564
1264,2312
1264,1868
1264,1842
1264,1277
1264,1265
1264,1550
1264,2376
1264,2473
1264,2708
1264,1443
1264,1293
1264,1278
1264,1571
1264,1280
1264,1404
1264,1468
1264,1543
1264,1869
1264,1287
1264,1514
1264,1417
1264,1412
1264,2092
1264,1591
1264,1268
1264,1512
1264,2478
1264,2381
1265,2086
1265,1878
1265,1269
1265,2162
1265,2111
1265,1281
1265,1288
1265,1870
1265,1845
1265,2382
1265,2316
1265,1720
1265,1599
1265,1728
1265,1440
1265,2507
1265,2378
1265,2322
1265,1704
1265,2533
1265,1613
1265,2098
1265,1280
1265,1277
1265,1266
1265,1557
1265,1590
1265,1299
1265,1874
1265,1292
1265,2537
1265,1276
1265,1268
1265,1853
1265,2532
1265,2608
1265,2365
1265,1877
1265,1856
1265,1468
1265,1846
1265,1577
1265,1286
1265,2376
1265,2590
1265,2396
1265,1585
1265,1294
1265,1596
1265,2066
1265,1711
1266,2416
1266,2590
1266,2492
1266,1585
1266,1851
1266,2507
1266,1873
1266,1877
1266,2386
1266,2580
1266,2371
1266,1474
1266,1865
1266,2316
1266,1285
1266,1511
1266,1530
1266,1857
1266,1573
1266,1514
1266,2159
1266,2482
1266,1553
1266,1267
1266,1299
1266,1589
1266,1298
1266,2390
1266,1506
1266,1508
1266,2478
1266,1846
1266,2392
1266,1281
1266,1296
1266,1276
1266,2128
1266,2322
1266,2240
1266,2312
1266,2505
1266,1466
1266,1883
1266,1402
1267,2708
1267,2514
1267,2608
1267,1589
1267,1506
1267,2402
1267,1529
1267,2390
1267,2315
1267,1867
1267,2620
1267,1570
1267,1613
1267,1283
1267,2198
1267,1425
1267,2043
1267,1558
1267,2539
1267,2095
1267,2678
1267,1842
1267,2086
1267,2377
1267,1277
1267,2020
1267,2381
1267,1528
1267,1590
1267,1593
1267,1573
1267,1531
1267,2370
1267,1400
1267,2533
1267,2363
1267,1293
1267,1284
1267,1546
1267,2380
1267,1828
1268,2385
1268,2128
1268,2086
1268,2347
1268,2365
1268,2134
1268,1867
1268,1271
1268,1853
1268,2240
1268,1840
1268,2508
1268,2315
1268,2392
1268,2097
1268,2505
1268,2112
1268,2370
1268,1527
1268,1275
1268,1558
1268,2533
1268,1578
1268,1869
1268,1269
1268,2652
1268,1294
1268,1872
1268,2472
1268,1292
1268,1569
1268,1295
1268,1588
1268,1879
1268,1491
1268,1875
1268,1293
1268,1841
1268,2081
1268,2390
1268,2386
1268,2130
1268,2712
1268,1855
1268,1564
1268,1582
1268,1873
1268,1291
1268,1719
1268,1525
1269,1539
1269,1878
1269,1588
1269,1586
1269,2568
1269,1514
1269,2708
1269,2608
1269,1541
1269,2113
1269,2373
1269,2086
1269,2377
1269,1814
1269,2508
1269,2510
1269,2095
1269,1593
1269,1581
1269,1548
1269,1286
1269,1570
1269,2378
1269,2533
1269,2392
1269,1535
1269,1281
1269,1276
1269,2312
1269,2469
1269,1704
1269,2365
1269,1462
1269,1423
1269,1294
1269,1488
1269,1289
1269,1580
1269,1968
1269,1867
1269,2352
1270,1751
1270,1852
1270,2613
1270,2622
1270,2528
1270,2360
1270,1854
1270,2111
1270,1722
1270,2498
1270,2091
1270,1508
1270,1857
1270,2159
1270,2473
1270,2392
1270,1858
1270,1288
1271,1289
1271,1878
1271,2283
1271,2568
1271,1514
1271,2452
1271,2320
1271,1616
1271,1281
1271,1430
1271,2564
1271,2395
1271,2713
1271,2060
1271,1719
1271,1704
1271,1814
1271,1687
1271,1512
1271,1853
1271,2532
1271,1273
1271,1274
1271,1953
1271,1586
1271,1295
1271,1293
1271,2465
1271,1278
1271,1276
1271,1850
1271,2529
1271,1869
1271,1688
1271,2658
1271,1491
1271,1872
1271,1484
1271,2381
1271,1411
1272,2339
1272,1545
1272,2150
1272,1908
1272,2021
1272,2226
1272,2083
1272,2147
1272,2606
1272,2133
1272,1324
1272,2016
1272,2115
1272,2155
1272,2672
1272,2561
1272,1941
1272,1904
1273,1289
1273,2608
1273,1588
1273,1288
1273,2408
1273,2385
1273,2094
1273,1568
1273,2564
1273,2365
1273,1875
1273,1722
1273,1524
1273,1570
1273,2536
1273,2472
1273,1502
1273,1872
1273,1728
1273,1282
1273,1558
1273,1854
1273,1704
1273,1877
1273,1867
1273,1770
1273,1285
1273,1280
1273,1843
1273,1692
1273,2371
1273,1559
1273,1855
1273,1564
1273,1286
1273,2376
1273,1814
1273,2396
1273,1278
1273,1848
1273,1532
1273,1713
1273,1519
1273,2392
1273,1509
1273,2479
1273,1283
1274,2130
1274,1289
1274,2514
1274,2364
1274,1474
1274,2387
1274,2613
1274,1579
1274,2646
1274,2051
1274,2701
1274,1595
1274,1796
1274,2378
1274,2392
1274,2476
1274,2465
1274,1585
1274,1842
1274,1704
1274,2166
1274,1517
1274,1719
1274,1500
1274,2192
1275,2514
1275,2246
1275,2243
1275,1878
1275,2608
1275,2538
1275,1474
1275,2408
1275,1865
1275,1851
1275,1580
1275,2564
1275,1783
1275,2365
1275,1848
1275,2390
1275,2095
1275,1853
1275,1410
1275,2482
1275,1288
1275,1870
1275,1561
1275,2565
1275,2492
1275,2106
1275,1516
1275,1506
1275,2573
1275,2102
1275,1748
1275,1591
1275,1860
1275,1569
1275,1543
1275,1809
1275,2682
1275,1518
1275,1292
1275,1868
1275,1286
1275,2701
1275,2313
1275,1293
1275,2133
1275,1578
1275,1869
1275,2590
1275,1588
1275,1491
1275,1558
1276,2402
1276,2364
1276,1514
1276,2387
1276,1849
1276,1870
1276,2365
1276,1848
1276,2061
1276,1728
1276,2340
1276,2315
1276,1953
1276,1710
1276,2110
1276,2312
1276,1814
1276,2391
1276,2471
1276,1501
1276,1404
1276,2240
1276,1594
1276,1587
1276,2478
1276,2608
1276,2511
1276,2508
1276,1512
1276,1281
1277,1691
1277,1289
1277,2514
1277,1288
1277,1565
1277,2492
1277,2570
1277,1867
1277,2372
1277,1571
1277,1853
1277,1728
1277,1506
1277,2476
1277,2087
1277,1699
1277,1840
1277,1695
1277,1554
1277,1558
1277,2528
1277,2312
1277,2105
1277,2396
1277,1814
1277,2565
1277,2468
1277,1567
1277,1284
1277,1450
1277,1410
1277,2380
1277,2683
1277,2101
1277,1322
1277,1531
1277,2377
1277,1841
1277,2402
1277,2332
1277,1847
1277,1551
1277,1286
1278,2372
1278,1289
1278,1878
1278,2402
1278,2364
1278,2637
1278,1958
1278,1535
1278,2365
1278,1848
1278,2315
1278,2328
1278,2134
1278,1874
1278,1571
1278,1853
1278,2240
1278,2691
1278,1840
1278,2373
1278,2570
1278,2376
1278,1504
1278,2621
1278,2529
1278,2564
1278,1858
1278,2052
1278,1866
1278,1928
1278,1868
1278,1704
1278,1854
1278,1433
1278,1530
1278,1505
1278,2475
1278,1584
1278,1576
1278,2110
1278,1550
1278,1451
1278,2539
1278,1569
1278,1287
1278,2146
1278,1547
1278,1598
1279,2477
1279,2309
1279,2072
1279,1289
1279,2074
1279,2684
1279,2538
1279,2411
1279,1773
1279,1433
1279,1455
1279,2701
1279,1914
1279,2471
1279,2034
1279,2324
1279,2509
1279,1476
1279,1409
1279,1283
1279,2201
1279,2638
1279,2332
1279,2717
1279,1413
1279,2394
1279,1424
1279,2621
1279,1845
1279,2517
1279,2504
1279,1857
1279,1593
1279,1979
1279,1484
1279,1473
1279,1464
1279,2710
1279,1449
1279,1447
1279,1453
1279,1435
1279,2695
1279,1434
1279,1903
1279,1418
1279,1416
1279,2569
1279,1405
1279,1286
1279,2499
1279,1475
1280,2472
1280,2112
1280,1289
1280,1440
1280,1771
1280,1474
1280,1668
1280,2637
1280,2580
1280,1848
1280,2315
1280,2395
1280,1896
1280,1283
1280,2316
1280,2407
1280,1728
1280,1841
1280,1744
1280,1887
1280,2110
1280,2427
1280,2312
1280,1296
1280,1875
1280,1293
1280,1531
1280,1847
1280,1535
1280,1555
1280,1595
1280,1877
1280,1295
1280,1876
1280,1294
1280,2385
1280,1415
1280,2479
1280,2105
1280,2396
1281,2130
1281,2074
1281,1506
1281,1535
1281,1710
1281,1759
1281,2162
1281,1580
1281,1871
1281,2386
1281,1291
1281,1843
1281,2371
1281,1867
1281,1693
1281,1592
1281,2381
1281,1916
1281,2110
1281,1551
1281,1543
1281,1849
1281,1558
1281,1868
1281,1286
1281,1568
1281,1854
1281,2533
1281,2245
1281,2240
1281,1555
1281,1704
1281,2257
1281,1453
1281,2509
1281,1705
1281,1414
1281,2636
1282,2086
1282,2150
1282,2402
1282,1775
1282,2708
1282,1668
1282,2580
1282,1563
1282,2116
1282,1875
1282,1382
1282,1867
1282,1524
1282,2245
1282,2521
1282,2133
1282,1704
1282,1868
1282,2508
1282,2382
1282,2479
1282,1871
1282,2371
1282,1928
1282,2476
1282,2573
1282,2110
1282,1528
1282,2246
1282,1567
1282,1516
1282,1517
1282,2385
1282,1512
1282,1299
1282,2570
1282,1697
1282,2376
1282,2378
1282,1846
1282,1542
1282,1759
1282,1953
1282,2654
1282,1296
1282,1844
1282,1553
1282,1686
1282,1585
1282,2652
1282,2569
1282,1453
1282,2608
1282,2220
1283,2477
1283,2472
1283,2246
1283,1878
1283,1301
1283,1588
1283,1288
1283,2335
1283,1514
1283,1848
1283,1524
1283,2620
1283,2245
1283,1717
1283,2382
1283,1896
1283,1876
1283,2315
1283,1687
1283,1847
1283,1748
1283,1591
1283,1584
1283,1576
1283,1516
1283,2086
1283,1504
1283,1548
1283,1440
1283,2313
1283,1849
1283,2528
1283,2532
1283,1855
1283,1589
1283,1686
1283,1298
1283,1295
1283,1473
1284,1289
1284,2514
1284,2402
1284,1759
1284,1474
1284,2408
1284,2125
1284,2564
1284,2324
1284,2620
1284,2155
1284,1570
1284,1873
1284,2331
1284,1458
1284,1860
1284,2517
1284,1577
1284,1561
1284,1542
1284,2392
1284,1504
1284,2377
1284,2573
1284,2465
1284,1585
1284,1648
1284,1842
1284,1285
1284,1564
1284,2390
1284,1517
1284,2283
1284,1992
1284,1292
1284,1520
1284,2396
1284,2469
1284,2372
1284,1499
1284,1596
1284,2363
1284,1512
1284,1859
1285,1289
1285,2074
1285,1588
1285,1288
1285,2602
1285,1849
1285,1503
1285,2637
1285,1414
1285,1867
1285,1613
1285,2649
1285,1873
1285,1568
1285,1755
1285,2281
1285,2572
1285,2521
1285,1728
1285,2482
1285,1840
1285,1857
1285,1501
1285,1695
1285,1527
1285,1846
1285,1845
1285,1554
1285,2008
1285,1814
1285,1847
1285,1596
1285,1557
1285,1553
1285,1537
1285,1287
1285,1711
1285,1517
1285,1896
1285,1411
1285,2373
1285,1506
1285,2377
1285,2371
1285,1593
1285,1713
1285,2392
1285,1422
1285,1295
1286,1856
1286,1502
1286,1496
1286,1580
1286,1522
1286,2374
1286,1290
1286,1668
1286,1571
1286,2691
1286,1840
1286,2316
1286,2510
1286,1958
1286,1764
1286,2245
1286,2525
1286,1555
1286,1577
1286,1868
1286,2533
1286,1582
1286,1291
1286,2240
1286,1561
1286,2508
1286,1691
1286,1594
1286,1521
1286,2537
1286,1567
1286,1551
1286,1546
1286,1299
1286,1421
1286,2324
1286,2243
1286,1556
1286,1847
1286,1547
1286,1503
1286,2473
1286,1542
1286,1534
1286,2108
1286,2092
1286,2498
1286,1288
1286,1869
1286,1287
1286,2641
1286,1574
1287,2708
1287,2615
1287,1588
1287,1565
1287,1474
1287,2387
1287,1865
1287,1503
1287,2437
1287,1958
1287,2007
1287,2492
1287,1870
1287,1613
1287,1568
1287,1755
1287,1702
1287,1853
1287,2281
1287,2378
1287,2086
1287,1504
1287,2377
1287,2482
1287,2564
1287,1704
1287,1337
1287,1563
1287,2533
1287,1854
1287,2316
1287,1526
1287,1547
1287,1518
1287,1292
1287,2525
1287,1555
1287,1296
1287,1484
1287,1575
1287,2547
1287,1868
1287,2380
1287,1487
1287,1590
1287,2020
1287,2590
1288,2477
1288,2370
1288,1549
1288,2708
1288,2514
1288,1588
1288,1849
1288,2315
1288,2539
1288,1875
1288,2508
1288,1843
1288,1867
1288,2367
1288,1591
1288,2710
1288,2086
1288,2377
1288,1579
1288,2281
1288,1299
1288,2105
1288,2402
1288,1728
1288,2701
1288,2565
1288,1595
1288,1953
1288,2465
1288,2469
1288,2074
1288,1298
1288,1425
1288,1418
1288,2392
1288,1422
1288,1768
1289,1541
1289,1680
1289,2315
1289,2111
1289,1867
1289,1474
1289,2283
1289,2091
1289,1440
1289,1537
1289,2536
1289,2478
1289,1855
1289,1535
1289,2537
1289,1858
1289,1295
1289,1842
1289,1588
1289,2395
1289,2620
1289,2469
1289,1898
1289,1464
1290,2140
1290,2128
1290,2091
1290,1509
1290,1560
1290,2099
1290,2113
1290,2016
1290,1505
1290,1912
1290,1871
1290,2508
1290,1872
1290,2146
1290,1511
1290,2093
1290,2565
1290,1685
1290,1592
1290,1526
1290,2102
1290,1744
1290,1519
1290,1299
1290,2159
1290,1728
1290,1901
1290,1515
1291,2712
1291,2408
1291,1865
1291,1849
1291,1875
1291,2570
1291,2315
1291,1765
1291,2074
1291,1686
1291,1423
1291,2479
1291,1845
1291,1540
1291,2100
1291,2539
1291,2534
1291,2387
1291,1544
1291,1840
1291,1599
1291,2313
1291,1593
1291,1512
1291,1501
1291,1598
1291,1500
1291,2380
1291,1557
1291,2590
1291,1426
1291,1814
1291,1523
1291,2371
1291,1854
1291,2370
1291,2564
1292,1470
1292,2608
1292,2104
1292,1580
1292,2640
1292,2374
1292,1474
1292,1571
1292,1873
1292,2382
1292,1878
1292,2708
1292,2092
1292,2482
1292,2710
1292,2564
1292,1446
1292,2408
1292,1535
1292,2508
1292,2465
1292,2133
1292,2102
1292,1762
1292,2635
1292,1294
1292,2477
1292,1701
1292,2089
1292,1552
1292,2499
1292,1526
1292,1759
1292,1953
1292,1298
1292,2376
1292,2087
1292,1893
1292,1493
1292,2701
1292,1537
1292,1569
1292,1511
1292,1556
1292,1875
1292,1293
1292,2095
1292,1728
1292,1700
1292,1597
1292,1403
1292,2469
1292,2081
1293,2469
1293,1878
1293,1588
1293,1440
1293,2402
1293,2151
1293,2711
1293,2214
1293,2408
1293,2564
1293,2395
1293,2382
1293,2688
1293,2708
1293,2316
1293,1840
1293,1876
1293,2043
1293,2086
1293,2377
1293,2328
1293,1501
1293,2465
1293,2102
1293,2312
1293,1869
1293,1814
1293,1527
1293,2371
1293,1868
1293,1519
1293,1512
1293,1877
1293,1295
1293,1874
1293,1482
1293,1687
1293,1850
1293,1542
1293,2221
1293,1591
1293,1555
1294,2472
1294,2712
1294,1958
1294,1535
1294,2564
1294,1848
1294,2620
1294,2537
1294,2538
1294,1458
1294,2133
1294,1872
1294,1544
1294,2479
1294,2387
1294,1999
1294,2396
1294,1855
1294,2119
1294,2313
1294,2312
1294,1704
1294,1518
1294,1296
1294,1449
1294,1979
1294,1591
1294,2336
1294,1865
1294,1477
1294,2412
1294,2478
1294,2381
1294,2405
1294,2283
1294,1410
1294,1589
1294,2365
1294,1298
1295,1506
1295,1580
1295,2620
1295,1558
1295,1870
1295,1408
1295,1858
1295,1504
1295,2377
1295,2465
1295,2396
1295,1868
1295,1704
1295,2533
1295,2098
1295,2340
1295,1564
1295,2365
1295,1298
1295,1501
1295,1474
1295,1549
1295,1840
1295,2405
1295,1532
1295,1869
1295,1534
1295,1299
1295,1587
1295,2719
1295,1691
1296,2708
1296,1588
1296,2711
1296,2701
1296,2395
1296,2078
1296,2382
1296,1688
1296,1613
1296,1438
1296,1872
1296,1978
1296,1542
1296,2710
1296,2569
1296,1855
1296,2533
1296,1501
1296,1877
1296,2316
1296,2312
1296,1536
1296,2478
1296,1508
1296,1406
1296,1587
1296,2695
1296,1531
1296,2074
1296,1298
1296,1415
1296,1514
1296,1500
1296,1474
1296,2638
1296,1451
1296,2246
1296,1567
1296,1585
1297,2370
1297,1859
1297,1545
1297,2128
1297,2615
1297,2214
1297,1856
1297,1586
1297,2387
1297,1668
1297,1503
1297,2637
1297,1958
1297,1530
1297,1476
1297,1613
1297,2407
1297,2589
1297,2367
1297,1505
1297,2572
1297,1529
1297,1577
1297,1458
1297,1555
1297,1501
1297,1554
1297,1814
1297,2533
1297,1854
1297,2106
1297,1592
1297,1502
1297,1599
1297,1875
1297,1584
1297,2386
1297,1512
1297,1500
1297,1578
1297,1481
1297,1841
1297,1550
1297,1456
1297,1518
1297,1421
1297,1768
1297,1574
1297,2371
1297,2565
1297,2595
1297,2110
1297,1298
1297,1858
1297,1567
1298,2370
1298,2591
1298,2408
1298,1580
1298,1579
1298,2374
1298,2134
1298,1867
1298,1570
1298,2289
1298,2095
1298,2121
1298,2482
1298,1844
1298,1556
1298,2392
1298,1504
1298,2613
1298,2710
1298,2565
1298,1554
1298,2105
1298,2102
1298,2507
1298,2690
1298,2108
1298,2312
1298,1505
1298,2572
1298,2475
1298,1563
1298,1854
1298,1444
1298,1596
1298,1548
1298,1518
1298,1557
1298,1542
1298,2314
1298,1872
1298,1590
1298,1583
1298,1481
1298,2390
1298,2381
1298,1508
1298,1586
1299,1691
1299,2086
1299,2608
1299,1514
1299,2537
1299,1859
1299,1762
1299,2521
1299,1478
1299,2100
1299,2482
1299,1876
1299,1549
1299,1455
1299,2536
1299,1857
1299,1559
1299,2396
1299,2322
1299,2110
1299,2492
1299,1910
1299,2101
1299,2365
1299,1584
1299,1556
1299,1548
1299,1550
1299,1591
1299,1483
1299,1896
1299,1500
1299,1544
1299,1460
1300,2339
1300,2349
1300,2003
1300,2488
1300,2205
1300,2300
1300,2009
1300,1510
1300,2674
1300,1756
1300,2027
1300,2120
1300,2037
1300,2012
1300,2125
1300,1834
1300,2006
1300,1646
1300,2228
1300,2000
1300,1667
1300,2631
1300,1726
1300,1374
1300,1342
1300,1322
1300,2001
1300,2600
1300,2015
1300,2597
1300,1830
1300,2024
1300,1785
1300,1910
1300,1603
1301,2270
1301,2004
1301,2035
1301,1385
1301,2646
1301,1863
1301,2131
1301,1670
1301,1399
1301,1391
1301,1390
1301,1389
1301,2036
1301,1357
1301,1369
1301,2286
1301,1360
1301,1393
1301,1353
1301,2033
1301,1328
1301,1396
1301,1303
1301,2632
1301,2705
1301,1361
1301,1322
1301,2488
1301,1833
1301,1348
1301,1837
1301,1656
1301,1334
1301,1621
1301,2267
1301,2015
1301,1336
1301,1340
1301,2236
1301,2217
1301,2702
1301,1661
1301,2045
1301,2193
1301,1633
1302,1385
1302,2461
1302,1303
1302,1492
1302,1618
1302,2399
1302,2205
1302,1756
1302,1314
1302,2546
1302,1832
1302,1638
1302,1347
1302,2035
1302,2351
1302,2632
1302,1863
1302,2680
1302,1366
1302,1375
1302,2314
1302,2023
1302,2182
1302,1339
1302,1656
1302,1361
1302,1351
1302,1311
1302,1320
1302,1902
1302,1810
1302,2579
1302,1318
1302,1333
1302,1818
1302,1826
1302,1341
1302,2285
1302,1510
1302,2286
1302,2165
1302,1389
1302,1388
1302,1377
1302,1350
1302,1828
1302,1329
1302,1811
1302,1317
1302,1813
1302,1328
1302,2031
1302,1338
1302,2174
1302,1304
1302,1360
1302,1830
1303,2014
1303,2548
1303,2158
1303,1807
1303,1311
1303,1443
1303,1388
1303,1381
1303,1343
1303,1369
1303,1367
1303,2088
1303,1810
1303,2023
1303,1344
1303,1393
1303,2096
1303,1320
1303,1353
1303,1350
1303,1631
1303,1340
1303,1965
1303,2003
1303,1324
1303,1328
1303,1319
1303,1305
1303,1386
1303,2303
1303,2426
1303,1823
1303,1822
1303,2064
1303,1398
1303,2674
1303,2286
1303,1348
1303,2168
1303,1373
1303,1371
1303,2028
1303,1349
1303,1888
1303,2224
1303,2705
1303,1638
1303,2045
1303,2606
1303,1636
1303,1630
1303,2253
1303,1380
1303,1329
1303,1620
1303,2187
1303,2516
1303,2209
1303,1374
1303,1665
1304,2253
1304,1445
1304,2430
1304,2036
1304,2355
1304,2205
1304,2674
1304,2164
1304,1756
1304,1894
1304,2397
1304,1718
1304,2033
1304,1375
1304,1901
1304,2605
1304,2535
1304,1811
1304,1326
1304,2459
1304,2303
1304,2426
1304,1533
1304,1339
1304,2266
1304,2351
1304,2254
1304,2644
1304,1965
1304,1320
1304,2096
1304,1835
1304,1913
1304,1622
1304,2603
1304,1342
1304,1379
1304,2683
1304,1325
1304,2190
1304,1317
1304,1352
1304,1305
1304,2308
1304,2599
1304,1629
1304,1828
1304,2694
1304,1336
1304,1831
1304,1340
1304,2357
1304,1678
1304,2288
1304,2705
1304,1396
1304,2262
1305,2707
1305,2205
1305,1381
1305,2578
1305,2487
1305,2242
1305,2022
1305,2383
1305,2144
1305,2228
1305,1387
1305,2003
1305,1324
1305,1807
1305,2680
1305,2001
1305,1663
1305,1800
1305,1361
1305,2187
1305,1812
1305,2139
1305,1318
1305,1386
1305,1665
1305,1321
1305,2459
1305,2168
1305,1392
1305,2614
1305,1353
1305,1837
1305,1352
1305,1340
1305,1823
1305,1338
1305,1915
1305,1818
1305,2206
1305,1329
1305,1309
1305,2223
1305,1350
1305,1335
1305,1917
1305,1371
1305,1339
1305,2602
1305,1341
1305,1619
1305,1328
1305,1365
1306,1731
1306,1359
1306,2557
1306,2257
1306,2308
1306,1749
1306,2445
1306,2037
1306,1330
1306,1815
1306,2561
1306,2560
1306,1395
1306,1674
1306,1721
1306,1390
1306,1369
1307,2362
1307,2670
1307,2548
1307,1378
1307,1618
1307,2483
1307,2205
1307,1752
1307,1315
1307,1386
1307,1370
1307,1385
1307,2549
1307,2629
1307,2125
1307,1834
1307,1335
1307,1387
1307,2486
1307,2001
1307,1375
1307,2182
1307,1881
1307,1396
1307,2633
1307,1825
1307,1318
1307,1726
1307,1341
1307,1321
1307,1790
1307,1854
1307,1594
1307,1354
1307,1839
1307,1398
1307,1827
1307,1342
1307,1350
1307,2254
1307,1317
1307,1336
1307,1347
1307,2220
1307,2276
1307,2447
1307,2632
1307,1907
1307,2605
1307,1344
1307,1310
1308,2273
1308,2421
1308,2129
1308,2420
1308,1355
1308,1653
1308,2003
1308,1324
1308,2275
1308,2287
1308,1606
1308,2191
1308,2266
1308,1678
1308,1629
1309,2591
1309,2137
1309,1830
1309,2200
1309,2491
1309,1426
1309,2486
1309,2171
1309,1957
1309,1822
1309,2600
1309,1892
1309,1881
1309,1540
1309,2567
1309,1837
1309,1366
1309,2286
1309,2033
1309,2198
1309,2182
1309,2303
1309,1333
1309,2023
1309,1344
1309,2547
1309,1965
1309,2259
1309,1341
1309,2146
1309,1388
1309,1376
1309,2150
1309,1374
1309,2039
1309,1360
1309,1358
1309,1649
1309,1726
1309,1629
1309,1338
1309,1800
1309,2285
1309,2014
1309,2596
1309,2255
1309,1367
1309,1342
1309,2611
1309,1350
1309,1317
1309,1390
1309,2661
1309,1832
1309,1347
1309,2705
1310,2213
1310,2028
1310,1345
1310,1505
1310,2355
1310,2064
1310,2694
1310,1393
1310,1381
1310,2027
1310,1667
1310,2547
1310,1335
1310,1837
1310,1366
1310,1330
1310,1815
1310,1324
1310,1913
1310,2269
1310,2588
1310,2006
1310,1395
1310,1320
1310,1902
1310,1344
1310,1810
1310,2008
1310,2700
1310,2227
1310,1354
1310,1839
1310,1389
1310,1379
1310,1317
1310,1398
1310,2030
1310,1642
1310,1365
1310,2522
1310,2037
1310,1828
1311,2362
1311,2213
1311,2140
1311,1382
1311,2397
1311,1908
1311,2467
1311,1394
1311,2487
1311,1819
1311,1822
1311,1603
1311,2600
1311,2418
1311,1335
1311,1384
1311,2617
1311,2482
1311,1771
1311,2159
1311,1887
1311,2104
1311,1910
1311,1561
1311,1671
1311,2211
1311,2694
1311,2597
1311,1336
1311,1365
1311,2603
1311,1397
1311,1388
1311,1593
1311,2480
1311,1316
1311,2718
1311,1804
1311,1828
1311,2588
1311,2103
1311,1812
1311,1369
1311,2543
1311,1320
1311,1805
1311,1613
1311,2230
1312,2270
1312,2014
1312,2614
1312,2284
1312,1492
1312,2205
1312,1836
1312,2429
1312,1821
1312,2694
1312,2358
1312,1757
1312,1823
1312,2236
1312,2351
1312,2629
1312,2216
1312,2022
1312,1957
1312,1800
1312,1892
1312,1673
1312,1621
1312,1837
1312,2625
1312,1364
1312,2460
1312,2227
1312,2289
1312,1804
1312,1319
1312,1322
1312,2426
1312,2000
1312,2259
1312,1347
1312,2705
1312,1398
1312,1910
1312,1328
1312,2491
1312,2603
1312,1331
1312,1533
1312,2600
1312,2018
1312,1339
1312,2683
1312,1907
1312,1325
1312,1372
1312,1811
1312,1326
1312,2002
1312,1392
1312,1819
1312,1826
1312,1341
1313,2213
1313,1832
1313,1783
1313,1378
1313,2483
1313,2205
1313,1887
1313,2104
1313,1813
1313,1780
1313,2015
1313,1393
1313,2169
1313,1394
1313,1381
1313,2351
1313,2632
1313,2629
1313,1726
1313,1343
1313,1320
1313,1366
1313,2131
1313,1906
1313,1595
1313,1763
1313,1375
1313,2605
1313,2141
1313,1326
1313,1881
1313,1396
1313,1361
1313,1836
1313,1642
1313,1388
1313,1385
1313,2064
1313,1826
1313,1341
1313,1377
1313,1369
1313,1360
1313,1839
1313,1354
1313,2031
1313,1352
1313,2093
1313,1317
1313,2286
1313,1316
1313,1835
1313,2644
1313,1383
1313,1566
1313,1372
1313,2486
1313,1318
1314,1832
1314,2588
1314,1385
1314,2461
1314,2180
1314,2129
1314,2025
1314,2001
1314,1901
1314,2596
1314,1667
1314,1387
1314,1397
1314,2349
1314,1379
1314,1360
1314,1375
1314,1374
1314,1908
1314,1326
1314,1338
1314,1331
1314,1396
1314,2632
1314,1386
1314,1392
1314,1780
1314,2027
1314,1833
1314,2024
1314,2606
1314,1356
1314,1373
1314,1315
1314,2187
1315,1445
1315,2611
1315,2548
1315,1617
1315,1830
1315,1752
1315,1626
1315,2629
1315,2088
1315,1320
1315,1883
1315,1621
1315,2420
1315,2267
1315,2351
1315,2213
1315,1673
1315,2623
1315,2235
1315,1361
1315,2040
1315,1985
1315,2050
1315,1676
1315,1679
1315,1678
1315,2265
1315,2195
1315,2579
1315,1726
1315,1338
1315,2696
1315,1629
1315,2677
1315,1798
1315,2209
1315,1787
1315,1386
1315,1677
1315,2418
1315,2189
1315,2118
1315,1605
1316,1806
1316,2611
1316,1891
1316,1838
1316,1385
1316,2586
1316,2104
1316,1830
1316,2125
1316,1756
1316,2694
1316,2270
1316,2173
1316,2567
1316,2634
1316,1320
1316,2632
1316,2172
1316,1881
1316,2516
1316,2170
1316,1394
1316,2267
1316,1378
1316,2154
1316,1324
1316,2033
1316,2030
1316,1811
1316,1326
1316,2459
1316,1804
1316,1361
1316,1333
1316,1637
1316,2187
1316,1796
1316,2217
1316,2023
1316,1344
1316,1318
1316,2480
1316,1677
1316,2145
1316,2718
1316,1390
1316,1670
1316,2252
1316,1379
1316,2603
1316,1342
1316,1338
1316,2002
1316,1317
1316,2131
1316,1965
1316,2262
1316,1398
1316,1603
1316,2022
1316,1828
1317,2028
1317,1378
1317,2562
1317,2401
1317,1813
1317,2546
1317,2486
1317,2464
1317,2256
1317,2644
1317,2022
1317,1822
1317,1800
1317,2131
1317,1324
1317,2262
1317,2030
1317,1533
1317,1339
1317,2426
1317,2397
1317,2605
1317,1344
1317,2683
1317,2198
1317,1810
1317,1321
1317,1357
1317,1911
1317,2033
1317,1839
1317,2005
1317,2544
1317,1379
1317,1360
1317,2226
1317,1353
1317,2390
1317,1902
1317,1369
1317,2215
1317,1350
1317,2520
1318,1909
1318,1806
1318,2659
1318,2158
1318,1952
1318,2614
1318,2129
1318,1908
1318,1394
1318,1347
1318,2500
1318,1819
1318,2154
1318,1387
1318,1837
1318,2535
1318,1339
1318,1396
1318,2696
1318,2488
1318,1800
1318,2285
1318,1550
1318,1397
1318,1368
1318,1392
1318,1391
1318,1390
1318,1377
1318,1360
1318,1325
1318,1898
1318,2276
1318,1813
1318,1328
1318,1828
1318,1348
1318,1340
1318,2145
1318,1622
1318,1331
1318,1381
1318,2191
1318,1389
1318,1399
1319,2300
1319,1821
1319,2275
1319,1385
1319,2675
1319,2588
1319,2200
1319,1355
1319,2021
1319,1823
1319,1386
1319,1428
1319,2644
1319,1672
1319,2606
1319,1834
1319,1803
1319,1366
1319,1339
1319,1351
1319,1839
1319,1510
1319,2286
1319,1368
1319,1389
1319,1376
1319,1369
1319,2226
1319,1353
1319,1738
1319,1350
1319,1340
1319,2303
1319,2225
1319,1352
1319,1348
1319,1469
1319,2487
1319,1371
1319,1623
1319,2023
1319,2164
1320,2362
1320,2253
1320,2670
1320,2611
1320,2158
1320,2284
1320,2129
1320,2420
1320,2045
1320,2634
1320,2470
1320,2276
1320,2008
1320,1646
1320,2228
1320,1906
1320,2261
1320,2605
1320,1391
1320,1365
1320,1787
1320,1398
1320,1369
1320,1812
1320,1397
1320,2718
1320,1804
1320,2602
1320,1826
1320,2599
1320,2051
1320,1381
1320,2254
1320,2220
1320,1777
1320,1803
1320,2596
1320,1828
1320,1634
1321,1445
1321,1617
1321,1382
1321,2007
1321,1813
1321,2015
1321,2173
1321,2195
1321,1334
1321,2535
1321,1358
1321,2605
1321,1344
1321,2351
1321,1672
1321,2254
1321,2211
1321,2024
1321,2039
1321,1443
1321,1369
1321,2285
1321,1838
1321,2129
1321,1353
1321,2004
1321,1810
1321,1325
1321,1352
1321,1343
1321,1828
1321,2280
1321,2417
1321,1350
1321,1387
1321,1399
1322,2253
1322,2548
1322,2430
1322,2511
1322,2176
1322,2356
1322,2064
1322,1817
1322,2694
1322,1985
1322,2120
1322,2025
1322,2002
1322,2464
1322,2635
1322,2096
1322,1670
1322,1810
1322,2286
1322,2285
1322,1353
1322,2017
1322,1338
1322,2397
1322,1957
1322,1396
1322,1881
1322,1835
1322,2634
1322,2718
1322,2650
1322,2426
1322,1826
1322,2485
1322,1331
1322,2206
1322,2483
1322,1682
1322,1372
1322,2632
1322,2535
1322,1371
1322,2137
1322,2234
1322,1824
1322,2251
1322,2486
1322,2195
1323,2004
1323,1832
1323,2421
1323,2003
1323,1617
1323,2194
1323,2137
1323,1351
1323,2707
1323,2145
1323,1356
1323,1393
1323,1606
1323,2453
1323,1392
1323,2168
1323,2158
1323,1673
1323,2272
1323,2271
1323,1665
1323,2462
1323,2577
1323,1651
1323,2019
1323,1636
1323,2703
1324,2140
1324,2611
1324,2483
1324,1836
1324,1787
1324,1941
1324,1780
1324,2464
1324,2225
1324,1957
1324,2171
1324,1335
1324,1387
1324,1343
1324,2131
1324,2400
1324,2536
1324,2605
1324,1398
1324,1341
1324,1863
1324,2154
1324,1374
1324,1365
1324,1360
1324,1338
1324,1354
1324,2033
1324,1425
1324,1328
1324,1396
1324,1899
1324,1802
1324,2093
1324,2511
1324,2535
1324,1339
1324,1670
1324,1348
1324,1637
1324,1373
1324,2694
1324,1336
1324,1326
1324,1625
1324,1620
1325,2270
1325,2583
1325,2591
1325,2694
1325,2435
1325,1820
1325,2511
1325,1347
1325,2236
1325,2632
1325,2308
1325,1892
1325,1755
1325,1940
1325,1386
1325,2453
1325,1394
1325,2267
1325,1366
1325,2702
1325,2617
1325,2131
1325,1339
1325,1833
1325,1381
1325,2254
1325,1729
1325,1341
1325,1390
1325,2262
1325,1389
1325,1376
1325,2039
1325,1360
1325,1352
1325,1328
1325,2344
1325,1374
1325,1342
1325,1350
1325,1383
1325,2033
1325,1354
1325,2024
1325,1603
1325,1905
1325,2614
1325,1353
1325,1340
1325,2096
1326,2218
1326,2028
1326,1816
1326,1653
1326,2205
1326,1880
1326,1883
1326,1393
1326,2022
1326,1892
1326,2453
1326,1957
1326,1375
1326,1837
1326,2633
1326,2005
1326,2618
1326,1357
1326,2349
1326,1670
1326,1379
1326,1370
1326,1353
1326,1338
1326,2705
1326,2286
1326,1333
1326,1818
1326,1397
1326,2504
1326,1825
1326,1826
1326,2589
1326,1328
1326,2254
1326,2629
1326,2023
1326,1530
1326,1336
1326,2285
1326,2188
1326,1965
1326,1383
1326,2145
1326,1951
1326,1335
1326,2596
1327,2609
1327,2670
1327,2545
1327,1792
1327,2355
1327,2297
1327,2353
1327,2209
1327,1600
1327,1839
1327,2237
1327,1655
1327,1364
1327,1605
1327,1969
1328,2253
1328,2028
1328,1919
1328,2483
1328,2064
1328,2287
1328,2435
1328,2171
1328,1757
1328,1670
1328,2017
1328,2547
1328,2516
1328,2453
1328,2267
1328,2631
1328,1661
1328,1387
1328,1343
1328,1366
1328,2681
1328,2131
1328,2262
1328,2217
1328,2023
1328,2605
1328,2535
1328,2018
1328,1339
1328,2006
1328,2285
1328,1658
1328,2266
1328,1997
1328,1341
1328,1357
1328,2010
1328,2286
1328,1397
1328,1391
1328,2611
1328,1350
1328,1342
1328,1399
1328,2026
1328,2546
1328,1378
1328,1669
1328,1818
1328,1329
1328,2033
1328,2614
1328,1838
1328,2129
1328,1353
1328,2368
1329,2461
1329,1513
1329,2483
1329,2129
1329,2435
1329,2352
1329,1381
1329,2519
1329,1761
1329,2343
1329,2187
1329,2303
1329,2683
1329,1810
1329,1800
1329,2023
1329,1397
1329,1392
1329,1374
1329,1339
1329,1630
1329,1389
1329,2632
1329,2535
1329,1371
1330,2560
1330,2676
1330,2511
1330,2036
1330,1831
1330,2585
1330,2420
1330,1817
1330,2338
1330,2553
1330,2421
1330,2136
1330,2030
1330,2681
1330,2035
1330,2009
1330,1893
1330,2658
1330,1388
1330,1667
1330,1376
1330,2674
1330,2286
1330,1331
1330,2679
1331,2014
1331,2585
1331,2584
1331,2300
1331,2397
1331,1394
1331,1822
1331,2268
1331,2453
1331,2261
1331,1726
1331,1387
1331,1343
1331,2535
1331,2633
1331,2012
1331,1333
1331,1364
1331,2096
1331,1344
1331,2286
1331,1638
1331,2705
1331,2276
1331,1341
1331,2718
1331,2629
1331,1368
1331,2673
1331,2285
1331,1810
1331,1397
1331,1391
1331,2262
1331,1389
1331,2549
1331,1376
1331,1367
1331,2614
1331,2129
1331,1353
1331,1837
1331,1352
1331,2611
1331,1738
1331,1641
1331,1350
1331,1340
1331,2280
1331,2028
1331,1349
1331,2238
1331,1379
1331,2021
1331,2603
1332,2372
1332,2384
1332,1714
1332,2360
1332,1875
1332,2402
1332,1711
1332,1866
1332,2521
1332,1699
1332,1695
1332,1706
1332,1702
1332,1700
1332,1698
1332,1688
1332,2258
1333,1925
1333,2028
1333,1952
1333,1378
1333,2488
1333,1638
1333,2205
1333,1817
1333,1381
1333,2464
1333,1670
1333,1386
1333,1394
1333,2629
1333,1384
1333,2589
1333,2023
1333,1351
1333,1837
1333,1361
1333,2039
1333,2486
1333,2680
1333,2001
1333,1391
1333,2262
1333,1389
1333,1376
1333,1375
1333,1369
1333,1810
1333,2285
1333,1816
1333,1913
1333,2096
1333,2286
1333,1818
1333,1632
1333,1826
1333,1353
1333,1965
1333,1383
1333,1373
1334,1653
1334,2614
1334,2129
1334,2009
1334,2546
1334,1757
1334,1381
1334,1385
1334,1676
1334,2661
1334,1389
1334,1376
1334,1339
1334,1341
1334,2421
1334,2227
1334,1626
1334,1335
1334,1656
1334,1658
1334,2270
1334,1372
1334,2707
1334,1349
1334,1802
1334,1665
1334,2423
1335,2158
1335,2104
1335,2036
1335,2205
1335,1836
1335,2440
1335,1823
1335,1922
1335,2484
1335,2096
1335,1392
1335,2164
1335,1388
1335,2153
1335,1377
1335,1376
1335,1352
1335,1965
1335,1339
1335,2351
1335,2254
1335,1818
1335,1353
1335,1913
1335,1839
1335,2033
1335,1365
1335,1656
1335,2139
1335,1349
1335,1336
1335,2215
1335,1379
1335,1386
1335,2453
1335,1610
1335,1620
1335,2262
1335,2359
1336,1378
1336,1345
1336,1830
1336,2437
1336,1646
1336,2679
1336,2485
1336,2171
1336,1393
1336,1347
1336,2158
1336,1607
1336,2629
1336,2022
1336,1957
1336,1386
1336,2453
1336,2262
1336,2023
1336,1351
1336,1650
1336,2426
1336,1940
1336,2275
1336,1887
1336,2178
1336,1810
1336,2599
1336,1726
1336,1341
1336,1651
1336,1942
1336,1360
1336,1352
1336,1373
1336,2025
1336,2191
1336,2173
1336,1383
1336,1374
1336,2603
1336,1396
1336,1883
1336,2028
1336,1349
1336,1678
1337,2328
1337,2219
1337,2128
1337,1586
1337,2281
1337,1682
1337,1535
1337,1580
1337,2365
1337,1579
1337,1530
1337,1524
1337,1571
1337,1425
1337,2532
1337,1799
1337,1577
1337,2537
1337,2052
1337,2114
1337,2377
1337,2313
1337,2105
1337,1527
1337,1475
1337,2574
1337,1748
1337,2336
1337,2108
1337,1506
1337,1409
1337,2573
1337,1501
1337,1536
1337,2565
1337,1591
1337,1584
1337,1565
1337,1362
1337,1846
1337,1553
1337,1551
1337,1550
1337,2320
1337,1534
1337,2113
1337,1531
1337,1525
1337,1520
1337,2097
1337,1515
1337,1548
1337,2465
1337,1592
1337,1573
1338,2253
1338,1821
1338,2152
1338,2028
1338,2256
1338,1756
1338,2486
1338,1393
1338,1381
1338,2027
1338,1347
1338,2567
1338,2549
1338,2606
1338,2356
1338,2453
1338,1726
1338,1387
1338,2216
1338,1343
1338,2291
1338,1657
1338,1366
1338,2033
1338,2227
1338,1384
1338,1836
1338,1351
1338,2032
1338,1800
1338,2285
1338,2120
1338,1344
1338,1818
1338,1378
1338,2252
1338,2543
1338,1811
1338,2025
1338,2262
1338,1373
1338,2480
1338,1360
1338,2466
1338,2031
1338,1352
1338,2632
1338,1377
1338,1780
1339,2502
1339,2270
1339,2200
1339,1419
1339,2064
1339,2362
1339,1780
1339,1393
1339,1428
1339,2632
1339,2487
1339,2216
1339,2022
1339,2358
1339,2164
1339,2526
1339,2131
1339,2023
1339,1395
1339,2633
1339,1368
1339,1391
1339,1379
1339,1377
1339,1376
1339,1837
1339,1352
1339,1813
1339,1810
1339,2254
1339,1514
1339,2096
1339,1818
1339,2705
1339,1900
1339,1803
1339,1821
1339,2209
1339,2280
1339,2286
1339,1827
1339,1373
1339,1349
1339,2188
1339,2611
1339,1350
1339,1340
1339,1351
1339,2515
1340,2362
1340,1385
1340,2585
1340,2546
1340,1941
1340,2136
1340,2278
1340,1603
1340,2103
1340,1860
1340,1726
1340,1661
1340,1366
1340,2286
1340,2262
1340,2023
1340,1620
1340,1346
1340,1361
1340,2096
1340,2351
1340,2254
1340,1965
1340,2173
1340,2145
1340,1800
1340,2098
1340,1387
1340,2129
1340,1353
1340,1347
1340,2705
1340,2220
1340,1396
1340,2028
1340,1349
1340,1826
1340,1341
1340,1601
1340,1398
1340,1803
1340,2191
1340,1818
1340,2005
1340,1917
1340,2632
1340,1371
1340,2421
1340,1354
1341,1653
1341,2036
1341,1830
1341,2129
1341,2167
1341,2064
1341,2287
1341,1370
1341,2594
1341,1601
1341,2632
1341,1835
1341,1940
1341,2022
1341,1343
1341,2131
1341,2262
1341,2001
1341,1849
1341,1364
1341,1635
1341,2023
1341,1881
1341,1396
1341,1726
1341,2658
1341,2033
1341,1839
1341,2349
1341,1379
1341,1377
1341,2247
1341,1374
1341,1367
1341,1365
1341,1606
1341,2285
1341,2466
1341,2144
1341,1368
1341,2286
1341,1373
1341,1349
1341,2500
1341,2254
1341,1678
1341,1921
1342,2659
1342,2483
1342,2205
1342,1650
1342,2357
1342,1803
1342,2413
1342,2131
1342,1906
1342,2453
1342,1640
1342,2024
1342,2144
1342,1368
1342,2262
1342,1389
1342,1352
1342,1391
1342,1373
1342,2198
1342,1907
1342,1810
1342,1365
1342,2674
1342,2145
1342,2567
1342,2254
1342,2226
1343,2611
1343,2430
1343,2028
1343,1838
1343,2205
1343,1821
1343,2694
1343,2546
1343,2486
1343,2027
1343,1370
1343,1672
1343,1647
1343,2040
1343,2261
1343,1378
1343,2154
1343,2006
1343,2096
1343,1377
1343,2217
1343,1829
1343,2023
1343,1369
1343,2285
1343,1839
1343,1354
1343,1726
1343,1965
1343,1818
1343,1397
1343,2483
1343,1804
1343,2674
1343,2189
1343,2480
1343,1946
1343,1365
1343,2253
1343,2544
1343,2299
1343,2064
1344,2004
1344,1533
1344,2397
1344,1954
1344,1807
1344,1836
1344,1370
1344,2035
1344,2278
1344,2156
1344,1835
1344,1632
1344,1384
1344,2262
1344,2605
1344,1804
1344,1381
1344,1672
1344,2285
1344,2276
1344,2644
1344,1615
1344,1398
1344,1396
1344,1392
1344,2164
1344,1388
1344,1379
1344,1374
1344,2033
1344,1354
1344,1352
1344,2681
1344,1360
1344,2718
1344,2275
1344,2629
1344,1367
1344,2145
1344,1636
1344,2606
1344,2028
1344,1349
1344,2185
1345,2216
1345,1832
1345,1721
1345,1885
1345,1838
1345,2104
1345,1513
1345,2110
1345,2002
1345,1917
1345,1887
1345,2680
1345,2444
1345,2342
1345,1460
1345,2605
1345,1370
1345,1365
1345,1672
1345,2254
1345,2632
1345,1957
1345,2644
1345,1881
1345,1883
1345,2634
1345,1415
1345,2650
1345,1833
1345,2480
1345,1519
1345,2683
1345,1822
1345,2253
1345,2641
1345,2544
1345,2190
1345,2503
1345,1932
1345,2348
1345,1351
1345,2224
1345,2718
1345,2427
1345,1657
1346,2158
1346,1653
1346,1628
1346,2610
1346,1813
1346,2173
1346,2577
1346,2267
1346,1661
1346,1663
1346,1666
1346,2661
1346,2705
1346,2195
1346,1658
1346,2145
1346,1383
1346,1371
1346,1761
1346,1350
1346,1675
1346,1669
1346,2127
1346,1642
1346,2266
1347,1533
1347,1378
1347,1419
1347,2483
1347,1887
1347,1813
1347,2231
1347,2035
1347,2103
1347,2625
1347,2428
1347,1361
1347,1387
1347,1391
1347,1388
1347,1368
1347,2629
1347,2605
1347,2023
1347,1374
1347,1369
1347,1367
1347,1365
1347,1352
1347,2368
1347,2591
1347,2009
1347,1957
1347,2644
1347,1881
1347,2611
1347,1835
1347,1839
1347,1354
1347,2033
1347,2227
1347,2603
1347,1818
1347,2303
1347,1833
1347,2129
1347,1547
1347,2226
1347,1922
1347,1825
1347,1913
1347,1428
1347,1381
1347,2060
1347,1826
1347,1392
1347,2168
1347,1821
1347,2285
1347,2188
1347,1670
1347,2543
1347,2096
1347,1726
1347,2696
1347,1620
1348,2253
1348,2611
1348,2430
1348,2028
1348,2172
1348,1952
1348,1378
1348,1830
1348,2551
1348,2217
1348,2032
1348,1935
1348,2129
1348,2064
1348,1756
1348,2441
1348,1941
1348,2171
1348,2683
1348,2270
1348,2464
1348,2169
1348,2256
1348,2644
1348,2022
1348,2425
1348,1892
1348,1621
1348,2700
1348,2131
1348,2033
1348,2263
1348,1883
1348,2483
1348,1804
1348,1757
1348,2181
1348,1922
1348,1825
1348,2187
1348,1826
1348,1913
1348,2303
1348,1818
1348,2088
1348,1800
1348,1917
1348,2208
1348,1399
1348,2362
1348,1392
1348,2142
1348,1833
1348,2221
1348,1821
1348,2597
1348,1371
1348,2262
1348,1389
1348,2197
1348,2184
1348,1373
1348,1360
1348,1367
1349,1832
1349,2090
1349,1612
1349,1381
1349,2351
1349,2169
1349,2632
1349,1752
1349,2625
1349,2164
1349,2413
1349,2172
1349,1881
1349,1639
1349,2577
1349,2286
1349,2182
1349,1620
1349,1836
1349,2515
1349,1818
1349,1810
1349,1389
1349,2145
1349,1369
1349,1360
1349,2611
1349,1835
1349,1350
1349,2576
1349,1622
1349,1805
1349,2544
1349,1839
1349,2267
1349,2694
1349,1376
1350,2676
1350,2009
1350,2694
1350,1381
1350,2082
1350,1670
1350,1370
1350,1394
1350,2634
1350,1960
1350,1811
1350,1384
1350,2516
1350,2286
1350,2643
1350,1361
1350,1922
1350,1825
1350,2096
1350,1826
1350,2262
1350,2650
1350,2088
1350,2000
1350,1391
1350,1390
1350,1360
1350,1353
1350,2220
1350,1823
1350,1726
1350,1629
1350,2444
1350,1377
1350,1800
1350,2285
1350,2683
1350,1881
1350,1368
1351,2270
1351,2213
1351,2028
1351,2675
1351,2461
1351,2217
1351,1510
1351,1883
1351,2171
1351,1757
1351,1670
1351,1370
1351,1888
1351,2567
1351,2644
1351,2611
1351,1835
1351,1838
1351,2129
1351,2661
1351,2635
1351,2026
1351,1839
1351,2285
1351,2303
1351,1637
1351,1372
1351,1371
1351,2088
1351,2185
1351,2236
1351,2139
1351,1910
1351,1837
1351,2548
1351,1772
1351,2696
1351,1816
1351,2010
1351,2224
1351,2515
1351,1808
1351,2255
1352,2609
1352,2430
1352,2675
1352,1636
1352,2462
1352,1355
1352,2631
1352,1670
1352,1394
1352,2009
1352,1836
1352,2127
1352,2498
1352,1804
1352,2096
1352,2605
1352,2255
1352,2262
1352,2359
1352,2285
1352,2610
1352,2088
1352,1360
1352,2230
1352,1377
1352,1397
1352,2014
1352,1399
1352,1806
1352,1376
1352,1913
1353,1385
1353,1830
1353,2674
1353,1756
1353,2171
1353,1381
1353,2129
1353,2226
1353,1957
1353,2418
1353,1803
1353,1823
1353,1726
1353,2211
1353,2252
1353,2023
1353,2169
1353,1361
1353,1832
1353,2705
1353,1380
1353,2670
1353,1603
1353,2088
1353,2175
1353,1818
1353,1391
1353,1389
1353,1366
1353,2627
1353,1757
1353,1369
1353,2168
1353,2547
1353,1383
1353,1816
1353,2592
1353,1913
1353,1606
1353,1390
1353,1634
1353,2333
1353,1371
1353,2104
1354,2270
1354,1806
1354,2614
1354,2028
1354,1831
1354,2009
1354,1887
1354,1836
1354,2011
1354,2486
1354,2522
1354,2231
1354,2204
1354,1832
1354,2632
1354,2629
1354,1957
1354,1822
1354,1881
1354,1384
1354,1387
1354,1740
1354,1646
1354,2131
1354,2003
1354,2033
1354,2023
1354,2254
1354,2006
1354,2285
1354,2603
1354,1377
1354,1369
1354,1365
1354,2718
1354,1360
1354,2191
1354,1367
1354,2678
1354,1392
1354,2015
1354,1388
1355,2421
1355,1891
1355,2284
1355,2576
1355,1651
1355,1636
1355,1874
1355,2707
1355,1834
1355,1726
1355,2023
1355,1393
1355,1396
1355,1811
1355,2145
1355,2267
1355,1965
1355,1383
1355,1372
1355,1371
1355,1675
1355,2459
1355,2173
1356,1445
1356,2548
1356,2032
1356,1626
1356,1510
1356,1653
1356,2429
1356,2284
1356,2021
1356,2006
1356,1830
1356,2606
1356,2276
1356,2262
1356,1825
1356,2144
1356,1656
1356,2579
1356,2191
1356,2266
1357,2253
1357,2670
1357,2003
1357,2036
1357,2217
1357,2167
1357,2064
1357,1914
1357,1780
1357,2683
1357,2634
1357,2632
1357,1393
1357,2697
1357,2600
1357,1375
1357,1396
1357,2188
1357,2285
1357,2705
1357,2687
1357,1523
1357,2002
1357,2286
1357,2480
1357,1365
1357,1389
1357,2191
1357,1377
1357,1397
1358,2548
1358,2275
1358,2488
1358,1752
1358,1813
1358,1922
1358,1492
1358,2171
1358,2142
1358,2045
1358,2235
1358,1943
1358,2234
1358,2169
1358,2273
1358,1594
1358,1911
1358,2629
1358,2088
1358,1375
1358,1636
1358,1373
1358,2182
1358,1623
1358,2348
1358,1575
1358,1769
1358,2184
1358,2175
1358,1610
1358,2459
1358,1673
1358,1637
1358,2413
1358,1828
1358,1634
1358,2221
1358,1639
1358,1959
1358,1627
1358,1760
1358,2404
1359,2601
1359,2125
1359,1754
1359,2016
1359,2490
1359,1734
1359,2343
1359,2121
1359,2345
1359,1916
1359,1745
1359,2447
1359,2323
1359,2481
1359,1732
1359,2120
1359,2278
1359,2556
1359,1720
1360,2483
1360,2614
1360,2129
1360,1887
1360,1757
1360,2641
1360,1394
1360,2022
1360,2003
1360,2634
1360,2228
1360,2261
1360,2217
1360,2605
1360,2650
1360,2037
1360,2014
1360,2596
1360,1367
1360,1805
1360,1881
1360,2033
1360,1837
1360,2276
1360,2485
1360,1821
1360,2015
1361,2028
1361,1385
1361,2591
1361,2200
1361,2239
1361,2104
1361,1813
1361,1756
1361,2694
1361,2069
1361,2021
1361,2011
1361,2428
1361,2035
1361,2634
1361,2632
1361,2022
1361,2676
1361,1997
1361,2164
1361,2600
1361,2018
1361,1384
1361,2337
1361,2269
1361,1726
1361,1375
1361,2643
1361,2605
1361,2182
1361,2276
1361,1839
1361,1391
1361,1374
1361,1365
1361,2254
1361,2480
1361,1897
1361,1830
1361,2614
1361,1838
1361,2088
1361,2131
1361,1965
1361,2174
1361,2292
1362,2320
1362,2083
1362,1720
1362,2262
1362,2481
1362,2141
1362,1721
1362,2400
1362,1504
1362,2555
1362,1730
1362,1863
1362,2198
1362,2561
1362,1882
1363,2003
1363,2217
1363,2170
1363,1626
1363,1666
1363,2703
1363,1659
1363,2039
1363,2005
1363,1904
1363,2643
1363,2487
1363,2576
1363,1606
1363,1675
1363,1669
1363,1649
1363,2266
1364,2309
1364,1900
1364,2611
1364,2548
1364,2090
1364,2545
1364,2598
1364,2170
1364,1626
1364,1752
1364,1655
1364,2225
1364,1943
1364,1644
1364,2578
1364,1756
1364,2629
1364,2173
1364,2628
1364,2164
1364,2026
1364,1635
1364,2605
1364,1637
1364,1623
1364,1469
1364,2633
1364,2670
1364,1678
1364,2266
1364,2184
1364,1629
1364,2290
1364,2193
1364,2269
1364,2356
1364,1386
1364,1677
1364,2546
1364,1673
1365,2673
1365,1612
1365,2205
1365,1947
1365,2362
1365,1780
1365,2171
1365,1393
1365,2169
1365,2629
1365,1822
1365,1997
1365,1823
1365,2599
1365,2706
1365,2488
1365,2131
1365,1375
1365,1804
1365,1671
1365,2565
1365,1818
1365,1641
1365,1893
1365,1390
1365,1385
1365,2355
1365,2511
1365,2220
1365,2103
1365,1399
1365,2718
1365,1449
1365,2480
1365,2227
1365,1761
1365,1373
1365,1805
1366,2253
1366,1832
1366,1816
1366,1533
1366,2397
1366,2194
1366,2137
1366,2036
1366,2588
1366,2200
1366,1646
1366,1381
1366,1394
1366,2251
1366,2164
1366,2547
1366,1811
1366,1803
1366,2453
1366,1377
1366,1376
1366,2088
1366,1375
1366,2683
1366,1818
1366,1787
1366,1399
1366,2227
1366,2456
1366,2650
1366,2426
1366,1883
1366,2632
1366,1371
1366,1644
1366,1615
1367,1806
1367,2614
1367,2430
1367,2205
1367,2441
1367,1738
1367,1393
1367,2487
1367,1957
1367,1803
1367,2261
1367,1621
1367,1387
1367,2131
1367,1836
1367,2030
1367,1822
1367,2535
1367,1620
1367,2605
1367,2683
1367,1810
1367,2088
1367,1632
1367,2285
1367,2629
1367,1368
1367,1832
1367,2705
1367,1667
1367,1376
1367,1370
1367,1965
1367,1383
1367,2600
1367,2421
1368,2270
1368,1806
1368,2614
1368,1771
1368,1813
1368,1823
1368,2003
1368,1670
1368,2694
1368,2209
1368,2035
1368,2629
1368,1940
1368,2225
1368,1837
1368,2217
1368,1732
1368,2702
1368,2263
1368,1375
1368,2182
1368,2421
1368,2227
1368,1396
1368,2483
1368,2633
1368,2285
1368,1803
1368,1915
1368,1818
1368,2259
1368,1654
1368,2139
1368,2486
1368,2650
1368,2586
1368,1810
1368,2596
1368,1883
1368,1385
1368,2064
1368,1579
1368,1373
1368,1833
1368,1387
1368,1678
1368,2254
1369,2654
1369,2158
1369,2397
1369,2585
1369,2217
1369,1836
1369,2694
1369,2011
1369,1370
1369,1394
1369,1756
1369,2629
1369,1822
1369,1603
1369,2600
1369,1729
1369,1387
1369,2216
1369,1776
1369,2286
1369,1375
1369,2333
1369,1396
1369,2221
1369,2572
1369,1616
1369,2254
1369,2718
1369,2502
1369,1726
1369,2696
1369,2204
1369,1622
1369,1390
1369,1389
1369,2440
1369,1373
1369,2219
1369,1831
1369,1637
1369,1371
1369,1965
1369,1383
1369,2230
1369,1900
1369,2191
1369,2024
1369,2000
1369,1397
1369,2487
1369,2303
1369,1818
1369,1374
1370,1891
1370,2284
1370,2483
1370,1942
1370,2546
1370,1941
1370,1653
1370,2138
1370,2139
1370,2001
1370,1386
1370,2259
1370,2176
1370,2661
1370,1389
1370,2629
1370,2586
1370,1810
1370,1544
1370,1374
1370,2632
1370,2644
1370,2705
1370,1906
1370,1825
1370,1385
1370,1637
1370,2169
1370,1622
1370,1670
1370,2543
1370,1623
1370,2249
1370,2351
1370,1963
1370,2577
1370,2265
1370,2175
1370,2605
1371,2270
1371,2216
1371,2028
1371,2591
1371,2284
1371,1378
1371,2200
1371,2205
1371,1813
1371,2683
1371,1823
1371,1822
1371,1881
1371,2286
1371,2131
1371,2023
1371,1836
1371,2303
1371,2662
1371,1387
1371,1388
1371,1379
1371,1772
1371,2718
1371,2129
1371,1383
1371,1373
1371,2275
1372,1612
1372,1638
1372,1935
1372,2420
1372,1914
1372,2631
1372,1381
1372,1670
1372,1386
1372,1901
1372,2599
1372,1761
1372,2544
1372,1671
1372,1622
1372,2292
1372,2423
1372,1810
1372,1606
1372,2285
1372,1391
1372,1649
1372,2271
1372,1398
1373,1783
1373,1831
1373,2470
1373,1997
1373,1787
1373,1628
1373,2127
1373,2654
1373,1393
1373,2169
1373,1470
1373,1664
1373,2634
1373,2606
1373,1387
1373,2488
1373,2033
1373,1375
1373,1670
1373,1910
1373,2483
1373,2193
1373,2426
1373,2000
1373,1771
1373,1965
1373,2705
1373,2670
1373,2088
1373,2233
1373,2718
1373,2280
1373,1389
1373,2603
1373,2706
1373,2015
1374,2176
1374,1394
1374,2634
1374,2164
1374,2228
1374,1387
1374,1932
1374,1603
1374,1811
1374,2705
1374,2658
1374,1385
1374,2368
1374,2262
1374,2464
1374,2666
1374,2008
1374,1395
1375,2601
1375,1821
1375,2659
1375,1653
1375,1633
1375,1636
1375,1510
1375,1838
1375,2420
1375,1650
1375,1601
1375,1822
1375,1894
1375,1661
1375,2548
1375,2433
1375,1387
1375,2036
1375,1907
1375,1810
1375,1800
1375,2285
1375,1965
1375,2200
1375,2006
1375,1396
1375,1381
1375,2254
1375,1611
1375,1379
1375,2177
1375,1395
1375,2544
1376,2137
1376,1830
1376,2205
1376,1756
1376,2694
1376,2173
1376,2634
1376,2632
1376,2625
1376,2022
1376,2589
1376,1726
1376,2249
1376,2443
1376,2286
1376,2039
1376,1897
1376,2285
1376,1965
1376,1894
1376,1818
1376,2700
1376,2603
1376,2145
1376,2008
1376,1839
1376,1398
1376,1389
1376,1676
1376,1377
1376,2362
1376,1392
1376,2191
1376,1669
1376,1837
1376,2487
1376,2182
1376,1396
1376,2236
1376,2707
1376,1834
1377,2614
1377,2355
1377,2422
1377,2028
1377,2610
1377,2127
1377,2015
1377,1393
1377,2677
1377,1624
1377,2634
1377,2632
1377,2014
1377,1384
1377,1794
1377,2022
1377,2681
1377,2023
1377,2056
1377,2453
1377,2676
1377,2705
1377,2253
1377,2544
1377,2008
1377,2005
1377,1398
1377,2285
1377,1383
1377,1837
1377,1379
1377,2421
1378,2430
1378,1891
1378,1783
1378,2219
1378,1831
1378,2228
1378,1887
1378,1914
1378,2596
1378,2670
1378,1603
1378,2444
1378,2605
1378,1670
1378,1387
1378,1390
1378,2216
1378,1810
1378,1812
1378,2227
1378,2262
1378,2650
1378,2511
1378,1804
1378,1726
1378,1823
1378,2547
1378,2368
1378,1913
1378,2646
1378,2535
1378,1391
1378,2167
1378,1922
1378,2618
1378,1805
1378,1826
1378,2699
1378,2202
1378,2224
1378,2579
1378,2488
1378,1712
1379,1821
1379,2003
1379,2349
1379,1831
1379,2200
1379,1618
1379,1849
1379,1813
1379,2629
1379,2234
1379,1894
1379,1835
1379,2267
1379,1823
1379,1726
1379,1837
1379,1834
1379,2182
1379,2303
1379,2171
1379,2600
1379,1381
1379,2254
1379,1392
1379,1390
1379,1389
1379,2632
1379,1388
1379,2348
1379,1397
1379,1391
1380,1816
1380,2585
1380,1651
1380,1618
1380,1638
1380,2183
1380,2167
1380,1944
1380,1650
1380,2546
1380,2677
1380,2189
1380,1392
1380,1666
1380,2284
1380,1637
1380,1805
1380,2424
1380,1665
1380,2578
1380,2582
1380,1829
1380,2605
1380,2207
1381,1899
1381,1821
1381,2157
1381,2205
1381,1729
1381,2139
1381,2276
1381,1901
1381,1894
1381,1839
1381,2131
1381,1837
1381,1398
1381,1397
1381,1392
1381,1389
1381,2484
1381,1965
1381,1394
1381,1818
1381,2154
1381,2718
1381,2022
1381,1828
1381,1670
1381,1787
1381,1399
1381,2167
1381,2453
1381,2164
1381,1665
1381,1661
1381,2423
1381,2195
1381,1630
1381,2705
1381,2026
1381,1384
1382,2125
1382,1563
1382,1573
1382,2139
1382,2511
1382,2368
1382,2428
1382,2103
1382,1758
1382,2631
1382,2589
1382,1911
1382,2625
1382,2259
1382,1908
1382,2444
1382,1819
1382,1892
1382,2001
1382,1419
1382,2000
1382,2256
1382,2644
1382,1756
1382,2694
1382,1804
1382,1822
1382,2182
1382,1930
1382,2561
1382,2464
1382,1785
1382,2578
1383,2028
1383,1885
1383,1950
1383,2585
1383,2470
1383,2029
1383,1393
1383,1386
1383,1394
1383,2644
1383,1673
1383,2023
1383,1811
1383,1620
1383,1396
1383,1833
1383,2002
1383,1800
1383,2285
1383,2262
1383,2650
1383,1399
1383,1390
1383,2459
1383,1392
1383,2129
1383,1644
1383,1919
1383,1825
1384,2704
1384,2587
1384,2213
1384,2399
1384,2090
1384,2256
1384,2598
1384,1905
1384,1836
1384,2064
1384,1941
1384,2235
1384,1394
1384,1756
1384,2629
1384,2425
1384,2103
1384,2336
1384,2281
1384,2035
1384,2617
1384,1387
1384,1839
1384,1920
1384,2288
1384,1800
1384,2188
1384,2544
1384,2484
1384,1805
1384,1673
1384,2333
1384,2208
1384,2436
1384,2567
1384,2664
1384,2137
1384,1652
1384,2223
1384,1959
1384,2618
1384,1939
1384,2221
1385,2300
1385,2028
1385,1919
1385,1816
1385,2027
1385,2035
1385,2625
1385,2005
1385,2022
1385,2605
1385,2023
1385,2088
1385,2285
1385,1965
1385,1394
1385,1389
1385,2262
1385,1830
1385,1391
1385,1943
1386,2522
1386,2397
1386,2129
1386,2595
1386,2035
1386,2606
1386,2605
1386,1392
1386,1389
1386,2629
1386,2421
1386,2033
1386,1810
1386,2632
1386,2535
1386,2611
1386,1835
1386,1837
1386,1822
1386,1965
1386,2285
1386,1606
1386,2188
1386,2618
1386,1611
1386,1670
1386,2543
1386,2187
1386,1761
1386,2418
1386,2158
1386,2255
1387,2300
1387,2253
1387,2028
1387,2057
1387,2614
1387,2129
1387,1667
1387,2481
1387,2351
1387,2164
1387,1800
1387,2483
1387,1881
1387,2255
1387,1911
1387,2096
1387,1392
1387,1390
1387,1389
1387,1773
1387,1810
1387,1839
1387,2003
1387,2588
1387,1812
1387,2486
1387,2195
1387,1818
1387,2303
1387,2609
1387,1833
1387,1825
1387,2694
1387,2286
1387,2632
1387,2228
1387,2131
1388,2158
1388,2036
1388,1792
1388,1915
1388,1660
1388,1757
1388,2022
1388,1756
1388,2144
1388,2200
1388,2491
1388,1900
1388,1803
1388,2018
1388,1835
1388,2262
1388,1885
1388,2661
1388,2096
1388,1726
1388,2705
1388,1829
1388,1839
1388,2300
1388,2591
1388,1621
1388,1397
1388,1394
1388,1643
1388,1391
1388,2606
1388,2024
1388,2122
1388,1646
1389,2421
1389,2275
1389,1830
1389,2623
1389,2287
1389,1922
1389,2169
1389,1909
1389,1898
1389,2680
1389,1837
1389,1881
1389,1396
1389,1652
1389,2579
1389,2705
1389,2088
1389,1398
1389,1397
1389,2118
1389,2634
1389,1757
1389,1935
1389,2584
1389,1816
1389,2096
1389,2628
1389,2362
1389,1392
1390,2253
1390,2112
1390,1604
1390,2483
1390,2054
1390,2464
1390,1394
1390,1756
1390,2629
1390,2022
1390,1822
1390,1811
1390,1881
1390,2680
1390,2154
1390,2131
1390,1906
1390,1825
1390,1395
1390,2024
1390,1818
1390,1726
1390,2271
1390,1398
1390,2362
1390,1392
1390,2614
1390,2004
1390,2683
1390,1907
1390,2611
1390,2453
1390,1660
1391,2609
1391,2253
1391,2284
1391,2036
1391,1886
1391,2217
1391,1626
1391,1437
1391,2632
1391,2629
1391,2140
1391,2625
1391,2218
1391,2606
1391,2643
1391,1656
1391,1620
1391,1823
1391,2696
1391,2096
1391,2004
1391,1916
1391,2037
1391,1678
1391,1399
1391,1398
1391,2173
1391,2705
1391,2323
1391,1881
1391,1396
1391,1670
1392,2477
1392,2470
1392,2466
1392,2546
1392,1941
1392,2171
1392,2629
1392,2487
1392,1881
1392,2131
1392,2170
1392,1685
1392,1826
1392,2025
1392,1835
1392,2280
1392,2547
1392,1670
1392,2227
1392,1677
1392,2012
1392,1827
1392,2215
1392,1807
1392,2680
1392,2185
1392,1833
1392,1398
1392,2598
1392,1822
1393,2609
1393,2137
1393,2527
1393,1756
1393,1738
1393,2670
1393,2485
1393,2022
1393,2285
1393,2254
1393,2262
1393,1396
1393,1881
1393,2227
1393,1670
1393,2252
1393,2683
1393,1826
1393,1838
1393,2226
1393,2023
1393,2567
1393,1621
1393,1965
1393,2644
1393,2215
1393,1805
1393,2209
1393,2496
1393,2003
1393,1712
1393,1955
1394,2591
1394,2284
1394,1807
1394,1887
1394,2171
1394,1540
1394,2681
1394,1902
1394,1671
1394,2156
1394,1726
1394,2651
1394,2629
1394,2285
1394,1738
1394,2588
1394,2262
1394,1398
1394,1811
1394,2252
1394,1826
1394,2129
1394,2139
1394,2010
1394,2483
1394,1610
1395,2451
1395,1909
1395,2158
1395,2256
1395,1419
1395,2125
1395,1817
1395,2011
1395,2428
1395,1823
1395,2226
1395,2634
1395,2606
1395,2470
1395,2018
1395,1656
1395,2139
1395,1916
1395,2444
1395,2031
1395,2000
1395,1820
1395,1917
1395,2005
1396,2328
1396,2609
1396,1445
1396,1891
1396,2659
1396,2200
1396,2462
1396,2546
1396,2229
1396,2204
1396,1670
1396,2625
1396,1738
1396,1835
1396,1726
1396,2286
1396,2131
1396,2299
1396,2632
1396,2535
1396,2610
1396,2064
1396,2117
1396,2023
1396,2227
1396,1839
1396,1997
1396,1922
1396,2262
1396,1818
1396,2277
1396,1828
1396,2614
1396,1838
1396,2276
1396,2173
1396,2694
1396,2254
1396,1810
1397,2522
1397,2362
1397,2028
1397,1920
1397,2483
1397,1756
1397,1655
1397,1667
1397,2251
1397,2588
1397,2267
1397,2699
1397,2131
1397,2614
1397,2226
1397,2033
1397,1761
1397,2535
1397,1908
1397,1811
1397,1606
1397,2426
1397,1602
1397,2099
1397,2002
1397,1803
1397,2088
1397,2266
1397,1398
1397,1917
1397,2683
1397,1810
1397,2217
1397,2155
1397,2286
1397,1428
1397,1837
1397,2031
1397,1813
1397,2561
1397,2464
1397,2658
1397,1611
1398,2548
1398,2028
1398,1997
1398,1908
1398,1796
1398,2683
1398,2204
1398,2027
1398,2644
1398,2629
1398,2022
1398,2017
1398,1822
1398,2428
1398,1632
1398,2261
1398,2030
1398,2002
1398,2605
1398,1569
1398,2215
1398,2025
1398,1603
1398,2633
1398,2285
1399,2300
1399,1935
1399,2129
1399,1880
1399,1670
1399,2022
1399,2600
1399,1835
1399,2154
1399,2262
1399,1825
1399,1658
1399,2024
1399,1806
1399,1837
1399,1740
1399,1947
1399,2285
1400,2097
1400,1952
1400,1586
1400,1505
1400,1915
1400,1762
1400,2214
1400,1535
1400,1426
1400,2011
1400,1686
1400,2537
1400,1570
1400,1896
1400,2314
1400,1890
1400,2084
1400,1540
1400,1465
1400,2532
1400,1522
1400,1910
1400,1561
1400,1503
1400,1697
1400,1558
1400,2613
1400,2710
1400,1554
1400,2336
1400,2116
1400,1534
1400,1591
1400,1583
1400,1536
1400,1549
1400,2487
1400,1517
1400,1584
1400,1574
1400,1598
1400,1551
1400,1532
1400,1435
1400,1550
1400,1524
1400,1912
1400,2106
1400,1525
1400,2102
1400,1520
1400,2482
1400,1512
1400,2565
1400,2468
1400,1576
1401,1972
1401,2715
1401,2693
1401,2621
1401,1903
1401,2711
1401,1496
1401,1682
1401,1488
1401,2695
1401,2298
1401,1968
1401,2034
1401,2713
1401,1423
1401,2061
1401,2241
1401,1853
1401,1403
1401,1441
1401,1407
1401,1444
1401,2569
1401,1850
1401,1446
1401,1475
1401,2381
1401,2655
1401,1476
1401,1464
1401,1463
1401,1420
1401,2293
1401,1456
1401,1422
1401,1412
1401,1448
1401,1485
1401,1466
1402,2690
1402,2327
1402,1454
1402,1918
1402,1433
1402,2568
1402,2623
1402,2408
1402,2692
1402,2649
1402,2437
1402,2616
1402,2347
1402,1430
1402,2537
1402,2078
1402,1968
1402,2698
1402,2201
1402,2134
1402,1424
1402,1446
1402,1475
1402,1482
1402,1479
1402,1473
1402,1443
1402,1421
1402,2517
1402,1490
1402,1468
1402,1422
1402,2076
1402,1494
1402,1484
1402,1477
1402,2375
1402,1987
1403,2493
1403,2072
1403,2128
1403,2283
1403,2180
1403,2059
1403,1694
1403,2663
1403,2558
1403,2414
1403,1430
1403,2695
1403,2439
1403,2324
1403,1991
1403,1495
1403,2298
1403,2201
1403,2269
1403,2041
1403,1413
1403,2611
1403,1544
1403,1770
1403,1482
1403,1481
1403,2647
1403,2162
1403,1483
1403,1473
1403,2293
1403,1466
1403,2474
1403,1407
1403,1416
1403,1406
1403,1456
1403,2717
1403,1429
1403,2517
1403,2166
1403,1424
1403,2058
1403,1460
1403,2042
1403,2662
1403,2078
1403,2660
1403,1903
1403,1418
1404,2704
1404,2588
1404,2665
1404,1498
1404,2347
1404,2390
1404,1994
1404,2382
1404,1879
1404,2061
1404,1770
1404,1799
1404,1682
1404,2264
1404,1907
1404,2301
1404,1953
1404,2504
1404,2162
1404,1480
1404,1577
1404,2669
1404,1591
1404,2377
1404,2199
1404,2393
1404,2493
1404,1911
1404,1463
1404,1459
1404,1439
1404,2640
1404,2058
1404,1418
1404,1415
1404,1432
1404,2499
1404,1452
1404,1449
1404,1769
1404,1451
1404,1987
1404,1405
1404,2701
1404,2410
1405,2072
1405,1721
1405,2411
1405,2366
1405,2143
1405,1773
1405,1586
1405,1432
1405,1903
1405,1455
1405,2347
1405,2325
1405,1848
1405,2695
1405,2078
1405,1600
1405,2698
1405,2289
1405,2048
1405,2060
1405,2196
1405,1770
1405,2690
1405,1429
1405,1680
1405,1472
1405,1696
1405,2569
1405,1453
1405,1431
1405,1473
1405,1439
1405,1435
1405,1786
1405,1447
1405,1979
1405,1494
1405,2509
1405,1442
1405,1412
1405,2241
1405,1462
1405,1483
1405,1774
1405,1543
1405,2648
1405,1484
1405,2066
1405,1986
1405,2277
1406,2525
1406,1562
1406,1986
1406,1870
1406,1413
1406,2513
1406,1478
1406,2512
1406,2201
1406,1408
1406,2517
1406,1927
1406,1442
1406,2293
1406,1427
1406,2248
1406,2636
1406,2550
1406,1453
1406,1491
1406,2068
1406,1867
1406,1479
1406,1473
1406,1452
1406,1439
1406,1418
1406,1797
1406,1979
1406,1494
1406,1778
1406,1487
1406,2333
1406,1460
1406,1477
1406,1435
1406,1493
1406,2410
1406,2135
1406,2510
1406,1443
1406,1467
1406,1417
1406,1682
1407,2250
1407,2689
1407,2214
1407,1432
1407,2070
1407,1496
1407,2298
1407,2520
1407,1781
1407,2636
1407,2612
1407,2691
1407,1465
1407,2532
1407,1505
1407,1408
1407,2410
1407,2073
1407,1491
1407,1482
1407,2427
1407,1457
1407,1463
1407,1442
1407,2616
1407,1840
1407,1452
1407,1451
1407,1449
1407,1447
1407,1903
1407,1418
1407,1415
1407,1444
1407,2478
1407,1411
1407,2180
1407,1598
1407,2512
1407,1542
1407,1494
1407,1467
1407,1443
1407,1427
1408,1465
1408,2692
1408,2243
1408,2437
1408,1496
1408,2709
1408,1995
1408,2568
1408,2471
1408,2374
1408,2324
1408,1409
1408,2691
1408,2352
1408,1770
1408,2571
1408,2517
1408,2499
1408,2569
1408,1460
1408,1491
1408,1482
1408,2060
1408,1866
1408,1463
1408,1462
1408,1459
1408,1443
1408,1453
1408,1435
1408,2695
1408,1434
1408,1515
1408,1418
1408,2380
1408,1913
1408,2076
1408,2196
1408,2293
1408,2052
1408,1477
1408,1468
1408,2686
1408,1924
1408,1442
1409,2241
1409,2685
1409,2244
1409,1433
1409,1954
1409,1514
1409,2387
1409,2692
1409,2319
1409,1890
1409,1414
1409,2640
1409,1495
1409,1496
1409,2078
1409,2698
1409,2520
1409,1471
1409,1989
1409,2668
1409,1504
1409,2313
1409,2652
1409,1425
1409,1475
1409,1499
1409,1460
1409,1463
1409,1456
1409,1485
1409,2616
1409,1452
1409,1449
1409,1517
1409,2196
1409,1439
1409,1435
1409,1429
1409,1418
1409,1461
1409,1946
1409,2621
1409,2524
1409,2517
1409,1458
1409,2719
1409,2512
1409,1497
1409,1487
1409,2364
1409,2655
1409,1773
1409,1444
1409,1454
1410,2072
1410,1994
1410,2128
1410,1856
1410,1865
1410,1849
1410,1705
1410,1579
1410,2315
1410,2386
1410,2514
1410,2529
1410,2159
1410,1868
1410,1912
1410,1697
1410,2538
1410,1471
1410,1538
1410,2472
1410,1551
1410,2108
1410,2313
1410,1500
1410,1854
1410,2465
1410,2590
1410,2396
1410,1869
1411,2250
1411,2477
1411,2514
1411,2243
1411,2693
1411,2685
1411,2621
1411,1841
1411,2568
1411,1486
1411,1988
1411,2070
1411,1496
1411,2212
1411,2034
1411,2386
1411,2201
1411,1984
1411,1562
1411,2532
1411,1461
1411,2690
1411,1429
1411,1442
1411,1485
1411,1979
1411,2396
1411,1441
1411,1557
1411,1479
1411,1466
1411,1449
1411,1489
1411,1481
1411,1434
1411,1418
1411,1462
1411,1415
1411,1483
1411,2719
1411,1493
1411,1473
1412,2690
1412,2540
1412,2369
1412,2243
1412,2684
1412,2621
1412,2568
1412,2656
1412,1414
1412,1476
1412,1982
1412,2337
1412,1478
1412,2041
1412,2512
1412,1424
1412,2504
1412,2717
1412,1485
1412,1475
1412,1489
1412,1484
1412,2352
1412,1479
1412,1421
1412,1903
1412,1418
1412,1416
1412,1490
1412,2719
1412,2313
1412,2569
1412,2497
1412,1447
1412,1494
1413,1994
1413,1454
1413,2568
1413,2166
1413,2619
1413,1535
1413,2714
1413,2394
1413,1430
1413,2695
1413,2365
1413,2612
1413,2078
1413,1471
1413,2616
1413,1840
1413,1484
1413,2499
1413,2711
1413,1418
1413,2317
1413,1444
1413,2076
1413,2041
1413,1458
1413,2719
1413,1781
1413,1490
1413,2686
1413,1468
1413,1422
1413,1417
1413,1987
1413,1481
1414,2309
1414,1859
1414,1715
1414,2525
1414,2364
1414,1430
1414,2134
1414,2493
1414,2105
1414,1848
1414,2259
1414,2257
1414,1493
1414,1479
1414,1485
1414,2316
1414,1443
1414,2293
1414,2196
1414,2324
1414,1435
1414,1429
1414,1421
1414,2717
1414,2665
1414,2374
1414,2214
1414,2068
1414,2060
1414,2504
1414,2698
1414,2242
1414,2052
1414,1989
1414,2474
1414,1497
1414,1972
1414,1487
1414,2617
1414,2520
1414,1422
1414,1441
1414,2058
1414,2540
1414,2443
1414,2506
1414,1799
1414,2034
1414,2662
1414,1969
1415,1994
1415,1465
1415,1783
1415,2667
1415,2411
1415,1433
1415,1432
1415,1565
1415,2711
1415,2408
1415,2094
1415,2070
1415,2616
1415,2394
1415,2637
1415,2692
1415,1431
1415,2698
1415,1423
1415,1960
1415,2428
1415,1458
1415,2646
1415,2512
1415,2051
1415,1499
1415,2052
1415,2162
1415,1748
1415,1460
1415,2293
1415,2717
1415,1497
1415,1466
1415,1464
1415,1416
1415,2347
1415,1453
1415,1467
1415,1903
1415,1418
1415,2067
1415,1485
1415,1484
1415,1878
1415,1986
1415,1421
1416,2493
1416,1465
1416,2568
1416,2073
1416,2160
1416,2070
1416,1682
1416,1496
1416,2414
1416,2325
1416,2013
1416,1938
1416,1495
1416,2698
1416,2509
1416,2500
1416,1535
1416,2691
1416,2332
1416,2201
1416,2411
1416,1441
1416,1429
1416,2409
1416,2135
1416,2052
1416,1504
1416,1424
1416,1427
1416,1475
1416,2499
1416,2040
1416,2719
1416,1846
1416,1493
1416,1482
1416,1466
1416,2324
1416,1451
1416,1484
1416,1448
1416,2061
1416,1479
1416,2239
1416,1463
1416,1447
1416,1494
1416,1421
1416,1489
1416,1449
1416,1994
1416,2196
1416,1420
1416,2293
1416,1517
1416,2393
1416,1485
1417,2477
1417,2250
1417,1994
1417,1465
1417,2689
1417,1773
1417,1454
1417,2335
1417,1903
1417,1455
1417,1793
1417,2621
1417,2233
1417,2162
1417,2065
1417,2180
1417,1476
1417,2520
1417,1588
1417,2558
1417,2474
1417,2691
1417,1930
1417,2512
1417,2209
1417,2517
1417,1442
1417,1444
1417,2504
1417,1778
1417,1776
1417,2067
1417,1436
1417,1979
1417,2293
1417,2117
1417,1489
1417,1463
1417,1464
1417,1423
1417,2393
1417,1468
1417,1963
1417,1467
1417,2525
1417,2692
1417,2110
1417,1805
1417,1770
1417,1479
1417,2070
1417,1488
1417,1456
1418,2130
1418,2411
1418,1565
1418,1455
1418,1778
1418,2394
1418,2347
1418,1496
1418,2078
1418,1476
1418,1945
1418,2407
1418,1425
1418,1458
1418,2043
1418,1461
1418,1983
1418,2076
1418,2196
1418,2293
1418,2393
1418,2533
1418,1453
1418,2410
1418,2364
1418,1491
1418,1486
1418,2068
1418,1456
1418,1435
1418,1432
1418,2499
1418,1421
1418,1490
1418,1427
1418,2573
1418,1448
1418,1774
1418,1489
1418,1462
1418,2180
1418,1986
1418,2277
1418,2691
1419,1919
1419,2349
1419,2679
1419,1935
1419,1830
1419,2680
1419,1807
1419,1680
1419,1916
1419,2566
1419,1815
1419,1917
1419,1910
1419,1905
1419,1902
1419,1907
1419,2597
1419,2467
1419,1894
1419,2140
1419,2625
1419,2259
1419,2450
1419,2444
1419,2116
1419,2257
1419,2428
1419,2511
1419,2705
1419,2141
1419,2658
1419,1898
1419,2659
1419,2368
1419,1757
1419,2634
1419,2217
1419,2064
1419,1892
1419,2221
1419,1798
1419,2138
1419,1533
1420,2493
1420,1989
1420,2494
1420,2350
1420,2143
1420,1433
1420,1432
1420,1455
1420,1496
1420,1973
1420,1488
1420,1985
1420,2242
1420,2061
1420,1458
1420,2041
1420,2648
1420,2512
1420,1441
1420,1870
1420,1461
1420,1861
1420,2698
1420,2504
1420,1475
1420,1460
1420,1489
1420,1476
1420,2422
1420,1452
1420,2324
1420,1451
1420,1435
1420,1421
1420,2068
1420,2293
1420,1497
1420,1494
1420,1487
1420,1468
1420,2701
1420,2410
1420,2135
1420,1928
1420,1443
1420,1480
1420,1499
1420,1454
1420,1481
1421,2250
1421,1989
1421,1432
1421,1718
1421,2070
1421,1496
1421,1495
1421,1990
1421,1461
1421,1522
1421,1619
1421,2154
1421,2409
1421,2052
1421,1907
1421,2510
1421,1444
1421,2054
1421,1472
1421,2706
1421,2415
1421,2371
1421,2408
1421,2117
1421,1508
1421,1574
1421,2068
1421,1483
1421,1479
1421,1773
1421,2452
1421,1482
1421,1435
1421,1584
1421,2060
1421,1527
1421,2196
1421,1517
1421,1467
1421,1588
1421,1491
1421,1994
1421,1903
1421,2410
1421,1456
1421,1460
1422,2130
1422,2072
1422,1715
1422,1918
1422,1513
1422,1454
1422,2364
1422,1767
1422,1915
1422,2243
1422,2437
1422,2631
1422,1768
1422,1978
1422,2201
1422,2612
1422,1682
1422,2652
1422,2315
1422,1442
1422,2517
1422,1457
1422,2533
1422,2279
1422,1484
1422,1456
1422,2034
1422,1452
1422,2636
1422,1489
1422,2504
1422,1460
1422,1557
1422,1983
1422,1979
1422,1770
1423,2130
1423,1994
1423,2514
1423,2411
1423,1486
1423,1496
1423,1430
1423,2034
1423,2645
1423,1896
1423,1476
1423,2689
1423,2061
1423,1499
1423,1484
1423,1456
1423,1457
1423,2719
1423,2052
1423,1490
1423,1468
1424,2398
1424,1721
1424,1465
1424,2525
1424,1972
1424,2384
1424,1432
1424,2679
1424,2568
1424,1505
1424,1495
1424,1968
1424,1431
1424,1977
1424,2512
1424,1441
1424,1508
1424,2570
1424,2473
1424,2504
1424,1472
1424,1979
1424,2410
1424,2569
1424,1489
1424,2335
1424,1462
1424,2233
1424,1845
1424,1464
1424,2299
1424,1999
1424,1490
1424,1477
1424,2244
1424,1468
1424,1452
1424,2135
1424,1427
1424,2058
1424,2078
1424,2660
1424,1454
1424,1648
1425,2112
1425,2366
1425,1668
1425,1898
1425,2231
1425,2054
1425,2315
1425,2155
1425,1600
1425,1509
1425,1800
1425,2663
1425,2081
1425,2468
1425,2565
1425,2214
1425,2117
1425,2110
1425,1857
1425,1598
1425,2166
1425,1584
1425,1520
1425,1953
1425,1534
1425,1762
1425,2635
1425,2415
1425,2569
1425,1479
1425,1451
1425,1444
1425,1570
1425,2100
1425,2068
1425,2052
1426,1899
1426,2654
1426,2452
1426,2125
1426,1756
1426,1879
1426,1860
1426,2110
1426,2159
1426,1906
1426,2104
1426,1910
1426,2589
1426,2444
1426,2617
1426,1909
1426,2491
1426,1521
1426,2156
1426,1515
1426,2485
1426,1484
1426,1837
1426,1828
1426,2487
1426,1468
1426,2280
1426,2230
1426,2236
1426,2506
1426,2567
1426,1985
1426,2412
1426,2650
1426,1777
1426,2329
1427,2477
1427,2370
1427,2241
1427,2693
1427,1454
1427,2070
1427,1682
1427,1488
1427,2379
1427,2347
1427,2471
1427,1496
1427,2078
1427,1996
1427,1480
1427,1436
1427,2571
1427,1953
1427,1444
1427,2698
1427,2504
1427,2135
1427,1553
1427,2533
1427,1442
1427,2312
1427,1485
1427,1979
1427,2430
1427,1460
1427,1489
1427,1964
1427,1770
1427,1479
1427,2524
1427,1457
1427,1462
1427,1453
1427,1435
1427,1434
1427,2667
1427,2085
1427,1999
1427,1477
1427,2325
1427,1452
1427,2540
1427,2055
1427,2569
1427,2648
1427,2066
1428,1900
1428,1838
1428,2456
1428,2217
1428,2170
1428,2546
1428,2118
1428,1883
1428,1600
1428,1613
1428,2014
1428,1917
1428,1894
1428,2444
1428,1493
1428,2421
1428,1839
1428,2270
1428,1965
1428,1957
1428,1835
1428,2426
1428,1828
1428,2168
1428,2327
1428,2618
1428,2230
1428,2220
1428,2026
1428,1808
1429,1989
1429,2525
1429,1933
1429,1432
1429,1430
1429,1455
1429,2231
1429,2713
1429,1781
1429,1991
1429,2520
1429,2332
1429,2056
1429,1748
1429,2398
1429,1525
1429,2477
1429,2574
1429,1475
1429,2512
1429,2415
1429,2075
1429,1493
1429,1489
1429,2293
1429,1439
1429,1770
1429,1479
1429,2052
1429,2464
1429,1494
1429,1972
1429,1487
1429,1467
1429,1499
1429,1443
1429,1951
1429,1774
1429,1485
1429,2067
1429,1970
1429,1963
1430,2070
1430,2558
1430,1516
1430,1867
1430,1770
1430,2410
1430,2391
1430,1466
1430,1544
1430,1447
1430,2324
1430,2509
1430,1999
1430,1499
1430,2201
1430,2258
1430,2245
1430,2148
1430,2713
1430,1960
1431,1964
1431,2692
1431,2619
1431,1854
1431,2313
1431,2073
1431,1491
1431,1481
1431,1447
1431,2717
1431,1448
1431,2517
1431,1978
1431,2148
1431,2085
1431,2334
1431,2616
1431,2713
1431,2369
1431,1496
1431,2660
1431,2495
1432,2477
1432,2621
1432,1465
1432,1853
1432,2525
1432,1857
1432,2078
1432,2410
1432,1499
1432,1773
1432,1482
1432,1534
1432,2504
1432,1463
1432,1559
1432,1462
1432,2616
1432,1452
1432,1449
1432,2324
1432,2695
1432,2690
1432,2100
1432,2070
1432,2691
1432,1476
1432,2640
1432,2645
1432,1946
1432,2393
1432,2079
1432,1778
1432,2052
1432,1436
1432,1490
1432,2717
1432,2135
1432,2075
1432,2580
1432,2192
1433,2690
1433,2493
1433,2243
1433,1450
1433,2621
1433,1697
1433,1593
1433,1461
1433,1979
1433,1460
1433,1464
1433,1463
1433,1459
1433,1435
1433,2685
1433,2394
1433,2717
1433,2525
1433,2719
1433,1436
1433,2474
1433,1488
1433,1878
1433,1490
1433,1972
1433,1487
1433,2641
1433,1477
1433,2245
1433,2148
1433,1796
1433,2604
1433,1437
1433,1789
1433,1498
1433,1648
1434,2493
1434,1455
1434,2692
1434,1682
1434,2264
1434,1568
1434,2324
1434,2374
1434,1785
1434,1495
1434,2113
1434,2078
1434,1480
1434,1458
1434,2058
1434,2638
1434,2474
1434,2536
1434,2517
1434,1499
1434,2504
1434,2196
1434,2293
1434,1472
1434,2067
1434,2688
1434,2621
1434,1554
1434,1999
1434,2499
1434,1446
1434,1869
1434,1462
1434,1493
1434,1479
1434,2048
1434,1466
1434,2240
1434,1464
1434,2135
1434,1456
1434,1972
1434,1487
1434,1715
1434,1587
1434,1468
1434,1443
1434,2186
1434,1992
1435,1465
1435,2525
1435,2091
1435,1773
1435,2335
1435,1795
1435,2437
1435,2043
1435,2695
1435,2471
1435,1896
1435,2500
1435,2314
1435,2691
1435,1436
1435,2711
1435,2517
1435,1577
1435,2052
1435,1444
1435,2067
1435,2509
1435,1442
1435,1911
1435,1590
1435,1493
1435,1489
1435,1481
1435,1456
1435,1964
1435,1479
1435,1487
1435,1704
1435,1971
1435,1468
1435,1475
1435,2034
1435,1452
1435,2196
1435,2293
1436,2309
1436,2072
1436,2684
1436,2063
1436,2239
1436,2079
1436,1498
1436,2485
1436,2352
1436,2044
1436,1572
1436,1480
1436,2671
1436,2236
1436,2048
1436,1989
1436,2474
1436,1478
1436,2663
1436,1499
1436,2504
1436,2410
1436,2638
1436,1968
1436,1483
1436,2293
1436,1442
1436,1451
1436,1453
1436,2502
1436,1461
1436,1786
1436,1487
1436,1468
1436,1467
1436,2245
1436,2558
1436,2655
1436,2329
1436,2717
1436,2135
1436,2085
1436,1934
1437,2493
1437,2540
1437,2416
1437,2667
1437,1918
1437,2318
1437,2248
1437,1693
1437,2478
1437,1463
1437,2665
1437,2068
1437,2048
1437,1973
1437,2235
1437,1964
1437,2352
1437,2040
1437,2412
1437,1785
1437,1776
1437,2350
1437,2059
1437,1768
1437,1976
1437,2192
1437,2077
1437,1495
1437,1980
1437,1498
1437,2662
1437,1983
1437,1938
1437,2062
1437,2495
1437,2057
1437,1766
1437,1960
1437,1572
1437,2541
1437,1975
1438,2241
1438,2621
1438,2364
1438,2701
1438,2070
1438,2394
1438,2325
1438,2645
1438,2324
1438,2520
1438,2148
1438,1460
1438,1479
1438,1459
1438,1447
1438,1439
1438,2717
1438,2691
1438,1473
1438,1573
1438,2434
1439,2309
1439,2199
1439,2398
1439,2689
1439,2621
1439,1961
1439,1505
1439,1778
1439,2692
1439,2663
1439,1496
1439,1495
1439,1968
1439,1896
1439,1978
1439,1782
1439,2332
1439,2352
1439,1770
1439,1769
1439,1461
1439,2711
1439,2509
1439,1442
1439,2504
1439,2505
1439,1472
1439,2076
1439,1475
1439,1460
1439,2637
1439,2055
1439,2396
1439,1464
1439,2336
1439,1463
1439,1477
1439,1497
1439,2438
1439,1468
1439,2243
1439,1467
1439,1986
1439,2410
1439,1987
1439,1995
1439,1484
1439,1453
1440,2385
1440,1450
1440,1694
1440,2539
1440,1872
1440,2111
1440,2510
1440,1474
1440,2095
1440,1877
1440,1974
1440,1868
1440,1844
1440,2258
1440,2086
1440,1593
1440,1527
1440,1841
1440,1550
1440,1517
1440,1568
1440,1697
1440,2473
1440,1845
1440,2533
1440,1953
1440,1521
1441,1994
1441,1989
1441,2689
1441,1465
1441,2241
1441,1562
1441,2330
1441,1771
1441,2649
1441,2070
1441,1682
1441,1488
1441,2616
1441,1985
1441,2119
1441,1495
1441,2324
1441,2612
1441,1968
1441,1781
1441,2602
1441,2476
1441,2106
1441,1648
1441,1472
1441,1475
1441,1460
1441,1491
1441,1489
1441,1446
1441,1484
1441,1464
1441,2225
1441,1449
1441,2510
1441,1443
1441,2711
1441,2517
1441,2052
1441,2051
1441,1487
1441,1467
1441,2099
1441,2196
1441,1979
1441,1927
1442,2647
1442,2130
1442,1465
1442,2715
1442,1773
1442,2364
1442,2568
1442,1986
1442,1903
1442,2695
1442,2439
1442,2044
1442,1781
1442,2547
1442,2425
1442,1770
1442,2465
1442,2394
1442,1444
1442,1475
1442,1848
1442,1460
1442,1489
1442,1446
1442,2717
1442,1456
1442,1447
1442,1443
1442,1453
1442,1502
1442,1869
1442,1972
1442,1487
1442,1468
1442,1448
1442,1463
1443,2130
1443,2243
1443,1454
1443,1718
1443,2408
1443,1682
1443,2616
1443,2364
1443,2558
1443,2671
1443,1750
1443,2211
1443,2691
1443,1699
1443,1485
1443,1575
1443,1830
1443,2509
1443,1464
1443,2717
1443,2135
1443,1456
1443,1497
1443,1768
1443,1477
1443,2072
1443,1975
1443,1480
1443,2501
1443,1531
1443,1449
1443,2525
1443,1484
1444,1859
1444,1465
1444,2350
1444,1972
1444,2590
1444,2401
1444,2070
1444,1993
1444,2616
1444,2347
1444,2231
1444,2245
1444,1874
1444,2512
1444,1770
1444,1769
1444,2717
1444,1461
1444,1979
1444,1493
1444,1968
1444,1483
1444,2494
1444,1497
1444,2214
1444,2699
1444,2238
1444,2171
1444,2525
1444,2719
1445,2362
1445,2273
1445,2216
1445,2006
1445,1816
1445,2420
1445,1653
1445,2284
1445,1800
1445,2137
1445,2351
1445,2543
1445,2263
1445,1930
1445,2075
1445,1628
1445,1651
1445,2194
1445,2582
1445,1616
1445,2696
1445,1626
1445,2024
1445,1636
1445,2026
1445,2275
1445,2670
1445,1801
1446,1767
1446,2408
1446,1682
1446,2616
1446,2568
1446,2471
1446,2645
1446,2324
1446,1978
1446,1458
1446,1478
1446,2056
1446,2041
1446,2717
1446,1802
1446,2129
1446,2621
1446,1554
1446,1581
1446,2499
1446,1489
1446,1483
1446,2637
1446,1473
1446,1739
1446,1448
1446,1592
1447,2525
1447,1450
1447,1486
1447,2094
1447,2471
1447,2374
1447,2044
1447,1480
1447,2289
1447,2325
1447,1994
1447,2417
1447,1478
1447,2512
1447,1461
1447,1485
1447,2322
1447,1770
1447,1473
1447,1456
1447,1452
1447,2645
1447,1482
1447,1487
1447,1522
1447,1569
1447,1459
1447,1457
1447,2664
1447,1454
1448,2309
1448,2072
1448,1972
1448,2715
1448,2693
1448,1715
1448,2685
1448,2621
1448,2283
1448,1718
1448,2711
1448,2437
1448,2151
1448,2248
1448,1496
1448,2043
1448,2640
1448,1986
1448,2034
1448,2335
1448,2044
1448,1495
1448,2612
1448,2526
1448,2692
1448,2148
1448,1471
1448,2201
1448,1458
1448,2347
1448,2638
1448,2056
1448,1499
1448,1999
1448,1979
1448,2042
1448,2558
1448,1976
1448,2196
1448,1517
1448,1579
1448,1482
1448,1473
1448,1479
1448,1449
1448,1594
1448,1497
1448,1585
1448,1466
1448,2412
1448,1477
1448,2066
1448,2142
1448,1463
1448,2135
1448,1789
1448,2695
1448,1531
1449,2690
1449,2130
1449,2685
1449,2063
1449,1903
1449,1767
1449,1465
1449,2435
1449,1495
1449,2078
1449,2352
1449,2061
1449,2079
1449,1788
1449,2438
1449,2201
1449,2347
1449,2056
1449,2292
1449,2342
1449,2051
1449,2293
1449,2076
1449,2055
1449,2565
1449,1520
1449,1450
1449,2517
1449,2415
1449,1483
1449,1464
1449,1456
1449,1490
1449,1911
1449,2060
1449,1963
1449,1477
1449,2238
1449,1452
1449,1459
1449,1682
1450,2241
1450,1972
1450,2381
1450,2402
1450,1555
1450,1475
1450,2471
1450,1479
1450,1486
1450,2048
1450,1497
1450,1477
1450,2135
1450,2148
1450,2058
1450,2663
1450,2361
1450,2409
1450,1987
1451,2213
1451,2140
1451,1886
1451,2059
1451,2217
1451,2347
1451,1495
1451,2061
1451,2017
1451,1858
1451,1794
1451,2376
1451,2068
1451,1465
1451,2047
1451,1485
1451,2117
1451,1564
1451,1778
1451,1487
1451,1458
1451,2719
1451,1846
1451,1871
1451,2568
1451,1951
1451,2299
1451,2573
1451,1878
1451,1497
1451,1463
1451,1484
1452,1994
1452,1465
1452,2335
1452,1865
1452,1682
1452,2422
1452,2616
1452,2414
1452,2329
1452,2324
1452,2078
1452,1454
1452,1960
1452,1819
1452,2438
1452,2316
1452,2539
1452,1989
1452,2052
1452,1927
1452,2662
1452,1814
1452,2196
1452,1517
1452,1476
1452,2088
1452,1479
1452,1849
1452,1946
1452,2066
1452,1487
1452,2364
1452,1491
1453,1859
1453,1773
1453,1648
1453,1993
1453,1682
1453,1588
1453,2558
1453,2568
1453,2180
1453,1821
1453,1530
1453,1495
1453,1480
1453,2289
1453,2324
1453,2612
1453,2541
1453,2512
1453,2439
1453,2148
1453,2456
1453,2052
1453,2544
1453,1539
1453,1923
1453,1718
1453,2688
1453,1475
1453,1460
1453,1457
1453,1483
1453,1479
1453,1466
1453,1463
1453,2135
1453,1456
1453,1903
1453,1987
1454,2642
1454,2621
1454,1567
1454,2410
1454,1462
1454,1903
1454,2717
1454,1486
1454,2645
1454,2691
1454,2206
1454,2041
1454,2048
1454,2525
1454,2719
1454,2558
1454,1568
1454,1471
1454,1495
1454,1786
1454,2474
1454,2070
1454,1488
1454,2072
1454,1490
1454,2686
1454,2180
1454,2568
1454,1978
1454,2325
1454,2042
1454,1766
1454,1992
1454,1998
1455,2477
1455,2072
1455,1972
1455,1486
1455,1688
1455,1814
1455,1928
1455,1848
1455,2245
1455,2078
1455,1569
1455,1472
1455,2415
1455,1478
1455,1479
1455,2717
1455,2711
1455,2041
1455,2686
1455,2688
1455,2645
1455,1966
1455,1457
1455,2427
1455,1990
1456,1562
1456,2467
1456,2637
1456,2070
1456,1682
1456,1986
1456,2471
1456,1495
1456,1480
1456,1471
1456,2478
1456,2058
1456,2196
1456,1770
1456,1858
1456,1499
1456,2504
1456,2512
1456,2415
1456,2569
1456,1457
1456,2034
1456,2410
1456,2647
1456,1483
1456,1466
1456,1459
1456,2645
1456,1578
1456,1481
1456,1963
1456,1458
1456,2719
1456,1903
1456,1482
1456,1879
1456,1494
1457,2140
1457,2437
1457,2616
1457,1789
1457,2289
1457,2180
1457,2277
1457,2060
1457,1619
1457,2201
1457,1639
1457,1682
1457,2652
1457,2288
1457,1504
1457,2293
1457,2649
1457,1485
1457,1475
1457,2333
1457,2130
1457,1548
1457,2225
1457,2410
1457,1489
1457,1482
1457,1481
1457,1463
1457,2135
1457,2708
1457,1544
1457,1493
1457,1495
1457,1786
1457,2078
1457,1979
1457,1494
1457,1468
1457,2497
1457,2238
1458,1470
1458,2525
1458,2693
1458,2685
1458,2701
1458,2692
1458,2656
1458,2162
1458,2616
1458,2325
1458,1710
1458,1682
1458,2478
1458,2243
1458,2340
1458,1460
1458,1489
1458,2416
1458,2061
1458,1479
1458,2504
1458,2130
1458,2324
1458,2558
1458,2717
1458,2134
1458,2415
1458,2512
1458,1497
1458,2078
1458,1487
1458,1468
1458,2051
1458,1773
1458,1887
1458,1499
1458,2334
1458,1990
1458,1490
1459,2350
1459,1588
1459,1795
1459,2231
1459,2570
1459,2324
1459,2395
1459,2408
1459,2452
1459,1870
1459,2407
1459,1505
1459,1499
1459,1979
1459,1708
1459,1537
1459,2380
1459,1464
1459,1463
1459,1489
1459,1468
1459,1472
1459,2402
1459,2322
1459,1527
1460,2654
1460,1773
1460,2568
1460,2335
1460,2073
1460,1903
1460,2637
1460,2222
1460,2695
1460,2692
1460,2013
1460,1789
1460,2395
1460,2309
1460,2697
1460,2242
1460,1613
1460,2713
1460,2648
1460,1835
1460,1577
1460,2114
1460,2052
1460,2377
1460,2698
1460,2504
1460,2635
1460,2338
1460,1586
1460,1489
1460,1770
1460,1479
1460,1766
1460,1988
1460,2366
1460,2334
1460,2196
1460,1497
1460,1496
1460,2078
1460,1487
1460,2438
1460,1468
1460,1987
1461,2472
1461,2398
1461,2130
1461,1909
1461,1465
1461,2243
1461,2456
1461,2711
1461,2408
1461,2471
1461,2604
1461,2620
1461,1850
1461,1570
1461,2698
1461,2671
1461,1476
1461,2367
1461,2638
1461,1520
1461,2499
1461,2415
1461,1483
1461,1773
1461,1482
1461,1466
1461,1493
1461,2719
1461,1477
1461,1840
1461,2390
1461,2196
1461,2293
1461,1489
1461,1934
1462,1954
1462,2070
1462,2111
1462,2347
1462,2695
1462,1995
1462,2324
1462,1722
1462,2411
1462,2390
1462,1972
1462,1994
1462,2652
1462,2293
1462,2569
1462,2044
1462,1463
1462,2649
1462,1496
1462,1467
1462,1491
1462,1489
1462,2717
1462,2043
1462,2391
1462,2509
1462,1475
1463,2525
1463,1878
1463,2684
1463,2711
1463,2637
1463,1496
1463,2365
1463,1996
1463,1480
1463,2382
1463,2688
1463,2717
1463,2376
1463,2456
1463,2068
1463,1485
1463,2639
1463,1475
1463,2573
1463,1980
1463,2020
1463,1543
1463,1515
1463,1466
1463,1850
1463,1468
1463,1525
1463,1772
1463,2391
1463,2574
1463,1986
1463,2143
1463,2434
1463,1464
1463,2409
1463,1998
1463,2108
1463,2119
1463,2410
1464,2309
1464,1925
1464,2621
1464,2063
1464,1986
1464,2711
1464,2070
1464,1682
1464,1767
1464,2640
1464,2324
1464,2044
1464,1495
1464,1874
1464,1960
1464,2616
1464,2325
1464,1790
1464,1930
1464,2158
1464,1770
1464,2411
1464,1465
1464,2241
1464,2532
1464,2394
1464,2638
1464,1988
1464,2085
1464,2393
1464,1466
1464,1489
1464,1587
1464,1477
1464,2364
1464,2558
1464,1491
1464,1487
1465,2690
1465,1854
1465,1744
1465,1574
1465,1506
1465,1850
1465,1568
1465,2635
1465,2180
1465,1489
1465,1476
1465,2712
1465,2710
1465,2250
1465,2638
1465,1486
1465,2051
1465,2525
1465,1682
1465,1485
1465,2067
1465,1487
1465,2201
1465,2517
1465,2621
1465,1988
1465,2503
1465,2422
1465,2494
1465,2192
1465,2294
1466,2309
1466,1588
1466,2241
1466,1562
1466,2711
1466,2640
1466,2180
1466,2471
1466,2034
1466,2645
1466,2324
1466,1945
1466,2572
1466,2474
1466,1770
1466,2525
1466,2719
1466,2456
1466,1486
1466,1499
1466,2052
1466,1472
1466,1485
1466,2393
1466,2473
1466,2410
1466,1497
1466,1468
1466,1755
1466,2293
1466,1550
1467,2398
1467,1797
1467,2514
1467,1783
1467,1773
1467,1767
1467,2637
1467,2043
1467,2325
1467,2130
1467,2324
1467,2250
1467,1765
1467,1781
1467,1619
1467,2201
1467,2568
1467,1986
1467,2471
1467,1755
1467,1990
1467,1962
1467,2041
1467,2332
1467,2525
1467,2040
1467,2719
1467,2571
1467,2524
1467,2196
1467,2293
1467,1785
1467,2367
1467,2076
1467,2655
1467,2066
1467,1484
1467,2135
1467,2335
1467,2570
1467,2410
1467,2105
1468,2398
1468,1994
1468,1956
1468,2384
1468,2244
1468,2063
1468,1795
1468,2656
1468,2243
1468,2437
1468,2151
1468,1763
1468,1496
1468,1682
1468,1488
1468,2714
1468,2347
1468,2034
1468,1991
1468,2612
1468,1480
1468,1978
1468,1712
1468,2201
1468,1982
1468,2691
1468,2044
1468,1475
1468,2525
1468,2719
1468,1473
1468,1477
1468,1750
1468,2048
1468,1479
1468,1482
1468,1591
1469,1470
1469,2275
1469,2142
1469,2176
1469,2137
1469,1792
1469,2584
1469,2435
1469,1645
1469,1602
1469,2618
1469,2164
1469,2418
1469,1888
1469,2000
1469,1621
1469,2168
1469,1611
1469,2237
1469,2670
1469,2185
1469,2279
1469,1601
1469,2174
1469,2118
1469,2170
1469,2026
1469,1620
1469,2172
1469,2269
1469,2516
1469,2413
1469,1829
1470,2704
1470,2514
1470,1907
1470,2588
1470,2649
1470,1806
1470,1612
1470,1824
1470,2211
1470,2190
1470,2234
1470,2609
1470,1930
1470,1924
1470,2436
1470,2519
1470,1791
1470,2434
1470,2337
1470,2199
1470,1961
1470,2233
1470,1777
1470,1775
1470,2541
1470,2073
1470,2461
1470,2604
1470,1634
1470,2326
1470,1792
1470,1923
1470,2186
1470,1600
1470,2550
1470,2210
1470,2404
1471,1918
1471,2693
1471,2411
1471,2077
1471,2063
1471,2668
1471,2151
1471,2663
1471,2233
1471,1496
1471,1488
1471,2616
1471,2492
1471,2044
1471,1996
1471,2289
1471,1938
1471,2520
1471,1854
1471,1928
1471,1489
1471,2329
1471,2379
1471,1999
1471,1490
1471,2513
1471,1988
1471,2085
1471,1773
1471,1482
1471,2337
1471,2418
1472,1994
1472,2384
1472,2244
1472,1505
1472,1648
1472,2239
1472,2395
1472,1850
1472,1768
1472,2247
1472,1568
1472,1853
1472,2437
1472,2512
1472,1488
1472,1687
1472,2299
1472,2396
1472,2658
1472,1979
1472,1489
1472,1484
1472,2065
1472,1483
1472,1485
1472,1536
1472,2695
1472,2402
1472,2499
1472,2391
1472,2472
1472,1781
1472,1927
1472,1964
1472,1867
1472,2061
1472,1769
1472,1963
1472,2380
1473,2493
1473,1994
1473,2216
1473,1793
1473,2616
1473,2692
1473,2034
1473,2394
1473,2148
1473,2437
1473,2691
1473,1485
1473,1496
1473,1482
1473,1528
1473,1481
1473,1494
1473,2689
1473,1483
1473,2534
1473,1499
1474,2086
1474,2322
1474,2119
1474,2507
1474,1873
1474,2510
1474,1865
1474,1845
1474,1696
1474,2314
1474,1958
1474,2622
1474,1846
1474,2385
1474,2482
1474,1551
1474,2573
1474,1874
1474,1568
1474,2376
1474,2478
1474,2537
1474,1858
1474,1703
1474,1587
1474,2469
1474,2074
1474,2365
1474,2408
1474,1476
1474,2640
1475,1989
1475,2525
1475,2369
1475,2408
1475,2640
1475,2225
1475,2620
1475,1480
1475,2049
1475,2636
1475,2060
1475,2201
1475,2471
1475,2240
1475,2332
1475,2411
1475,2241
1475,2532
1475,2196
1475,2293
1475,1585
1475,1587
1475,2504
1475,1484
1475,2524
1475,2336
1475,2432
1475,2044
1475,2211
1475,1482
1475,1595
1475,1494
1476,2477
1476,2130
1476,2712
1476,2525
1476,2180
1476,1795
1476,1890
1476,2078
1476,1896
1476,1868
1476,1577
1476,1556
1476,1527
1476,1543
1476,2378
1476,1858
1476,1953
1476,2637
1476,1558
1476,1535
1476,1493
1476,1489
1476,2638
1476,1497
1476,2293
1476,1969
1477,2477
1477,2398
1477,1994
1477,2621
1477,1918
1477,2079
1477,1986
1477,2471
1477,1995
1477,1495
1477,2048
1477,2520
1477,2164
1477,2060
1477,2201
1477,2648
1477,2051
1477,2047
1477,1984
1477,2042
1477,1531
1477,1781
1477,1987
1477,1515
1477,2065
1477,2607
1477,1500
1477,2279
1478,1797
1478,2693
1478,1942
1478,2692
1478,2714
1478,2685
1478,2394
1478,2325
1478,1496
1478,2078
1478,2242
1478,2536
1478,2148
1478,2638
1478,2240
1478,1827
1478,1770
1478,2647
1478,2162
1478,1483
1478,2293
1478,2667
1478,2691
1478,1562
1478,2517
1478,1999
1478,1487
1478,1994
1478,2607
1478,1764
1478,2055
1479,2250
1479,1972
1479,1562
1479,2180
1479,1903
1479,1885
1479,2079
1479,2379
1479,2231
1479,1867
1479,2078
1479,1495
1479,2636
1479,2547
1479,2324
1479,1795
1479,2474
1479,2395
1479,2517
1479,2135
1479,2409
1479,1924
1479,2605
1479,2595
1479,1979
1479,2499
1479,2361
1479,1483
1479,2059
1479,1962
1479,1574
1479,1493
1479,2410
1479,2393
1479,2438
1479,1994
1479,2570
1479,1481
1479,1508
1480,2130
1480,1900
1480,2243
1480,2071
1480,1973
1480,2684
1480,2073
1480,1767
1480,1793
1480,2692
1480,2656
1480,2379
1480,2708
1480,2714
1480,2076
1480,2471
1480,1781
1480,2512
1480,2474
1480,2298
1480,2686
1480,2638
1480,2607
1480,1960
1480,1983
1480,2689
1480,2495
1480,1499
1480,1984
1481,2112
1481,2673
1481,1994
1481,2143
1481,1988
1481,2604
1481,2324
1481,2225
1481,2245
1481,2692
1481,2078
1481,2509
1481,1549
1481,2034
1481,2180
1481,2471
1481,1773
1481,2482
1481,2691
1481,2719
1481,2052
1481,1499
1481,2201
1481,2686
1481,2504
1481,1969
1481,1979
1481,2621
1481,1680
1481,1489
1481,2380
1481,2041
1481,2391
1481,2352
1481,1770
1481,1592
1482,2477
1482,2715
1482,2143
1482,2693
1482,2355
1482,1903
1482,2070
1482,2692
1482,2437
1482,1781
1482,2636
1482,2060
1482,1859
1482,1719
1482,2648
1482,2497
1482,2512
1482,1770
1482,1858
1482,2052
1482,2698
1482,2504
1482,2505
1482,2393
1482,1559
1482,2621
1482,1532
1482,2525
1482,2040
1482,2717
1482,1491
1482,2474
1482,1504
1482,1489
1483,2130
1483,1994
1483,2243
1483,2241
1483,2086
1483,2389
1483,2602
1483,2318
1483,1865
1483,2347
1483,2695
1483,2471
1483,2645
1483,2604
1483,1996
1483,2154
1483,2043
1483,2719
1483,2409
1483,2378
1483,2052
1483,1499
1483,2396
1483,2465
1483,2110
1483,2364
1483,2558
1483,1491
1483,2657
1483,1493
1483,2715
1483,2477
1483,2380
1483,1487
1484,2689
1484,2389
1484,1773
1484,2685
1484,2394
1484,2695
1484,2180
1484,1986
1484,2471
1484,2347
1484,1765
1484,2078
1484,2671
1484,2509
1484,2520
1484,1945
1484,1930
1484,2512
1484,1770
1484,2686
1484,1485
1484,1983
1484,2662
1484,2655
1484,2410
1484,2072
1484,1975
1484,2202
1484,2094
1484,2479
1484,1987
1484,2293
1485,2398
1485,2243
1485,2180
1485,2408
1485,1771
1485,1648
1485,2649
1485,1899
1485,2034
1485,2379
1485,2375
1485,2196
1485,1770
1485,2719
1485,2698
1485,2407
1485,2504
1485,1491
1485,2637
1485,2712
1485,1998
1485,1993
1485,2199
1485,2393
1485,1493
1485,1841
1485,1550
1485,1781
1485,1490
1485,2499
1486,2371
1486,2095
1486,1502
1486,1567
1486,2034
1486,2199
1486,1682
1486,2148
1486,2334
1486,2241
1486,2047
1486,2607
1486,1574
1487,1989
1487,2621
1487,1986
1487,2663
1487,2414
1487,2347
1487,1995
1487,2698
1487,2048
1487,2242
1487,2438
1487,2075
1487,1752
1487,2334
1487,1597
1487,2411
1487,2607
1487,2509
1487,2199
1487,2393
1487,2396
1487,2293
1487,2312
1487,2499
1487,2181
1487,2569
1487,1903
1487,1515
1487,2309
1487,2501
1487,1497
1487,2065
1487,1786
1487,2422
1487,1988
1487,2417
1488,2690
1488,2693
1488,2711
1488,1648
1488,2037
1488,2394
1488,2717
1488,2568
1488,2471
1488,2698
1488,2052
1488,1691
1488,1497
1488,1490
1488,2520
1488,2325
1488,2058
1488,2211
1488,2337
1488,2414
1488,1798
1488,2042
1488,2660
1489,1925
1489,2693
1489,2070
1489,2437
1489,2180
1489,2695
1489,2298
1489,1768
1489,2242
1489,2212
1489,2525
1489,1989
1489,2474
1489,2691
1489,2051
1489,2685
1489,2517
1489,2135
1489,2569
1489,1979
1489,2055
1489,2621
1489,2337
1489,2066
1489,2041
1489,1578
1489,1773
1489,1903
1489,2293
1490,2690
1490,2250
1490,2243
1490,2411
1490,2244
1490,2059
1490,2186
1490,2692
1490,2619
1490,1791
1490,2034
1490,1966
1490,2645
1490,2568
1490,1986
1490,2471
1490,2277
1490,2148
1490,1995
1490,2201
1490,2513
1490,1692
1490,2196
1490,2443
1490,1770
1490,2524
1490,1968
1490,1497
1490,2719
1490,1846
1490,2394
1491,2493
1491,2472
1491,2525
1491,1972
1491,1783
1491,2063
1491,2057
1491,1565
1491,2070
1491,1682
1491,2394
1491,2229
1491,2078
1491,2061
1491,1781
1491,2482
1491,2081
1491,1522
1491,2201
1491,2717
1491,2517
1491,2293
1491,2415
1491,2635
1491,2342
1491,2312
1491,1549
1491,2616
1491,2636
1491,1773
1491,1903
1491,2076
1491,1590
1492,1715
1492,2327
1492,1973
1492,1779
1492,1718
1492,2602
1492,2566
1492,2156
1492,2391
1492,2480
1492,2649
1492,2041
1492,2524
1492,1781
1492,2686
1492,1802
1492,2210
1492,1816
1492,2592
1492,1927
1492,1791
1492,2299
1492,2047
1492,1788
1492,2439
1492,1797
1492,1777
1492,1774
1492,1769
1492,2662
1492,2248
1492,1977
1492,2497
1492,1793
1492,2181
1492,1960
1492,2671
1492,2665
1492,2289
1492,1948
1492,1947
1492,1959
1493,2477
1493,1713
1493,2525
1493,2241
1493,1918
1493,2642
1493,2417
1493,2602
1493,1795
1493,1682
1493,2264
1493,1789
1493,2612
1493,2078
1493,2509
1493,2324
1493,1499
1493,2661
1493,2510
1493,2569
1493,2143
1493,2240
1493,2046
1493,1766
1493,2336
1493,2621
1493,2233
1493,1854
1493,1581
1493,1553
1493,2410
1493,2391
1493,1512
1493,1777
1493,1975
1493,2204
1493,2162
1493,2352
1493,1770
1494,2112
1494,2715
1494,1773
1494,1903
1494,2408
1494,2714
1494,2347
1494,2324
1494,1781
1494,2636
1494,1522
1494,2201
1494,1789
1494,1983
1494,2337
1494,2434
1494,2293
1494,1979
1494,2389
1494,1516
1494,2251
1494,2474
1494,2333
1494,2042
1494,2637
1494,1764
1494,1495
1494,1786
1494,2260
1494,1969
1494,2066
1494,2330
1494,2524
1494,1496
1494,2078
1494,2085
1495,2398
1495,1773
1495,2477
1495,1604
1495,2180
1495,1986
1495,2663
1495,2043
1495,1879
1495,1995
1495,2092
1495,1814
1495,1523
1495,2102
1495,2410
1495,2569
1495,2504
1495,2293
1495,2695
1495,2642
1495,2060
1495,2052
1495,2512
1495,2474
1495,1574
1495,2715
1495,2075
1495,1764
1495,2055
1495,2340
1495,2049
1495,1970
1495,1923
1496,2071
1496,2057
1496,1773
1496,2711
1496,2649
1496,2070
1496,1682
1496,1512
1496,2155
1496,1770
1496,2695
1496,2102
1496,2471
1496,2052
1496,1859
1496,2538
1496,1568
1496,2335
1496,2044
1496,1786
1496,1979
1496,2201
1496,1953
1496,2196
1496,2499
1496,2148
1496,2085
1496,2612
1496,1927
1496,2493
1496,2299
1496,2075
1496,2660
1496,2569
1496,1987
1497,2647
1497,2494
1497,2079
1497,1498
1497,1682
1497,1689
1497,2201
1497,1796
1497,1990
1497,2702
1497,2332
1497,2443
1497,2434
1497,1499
1497,2076
1497,2393
1497,2473
1497,1999
1497,2073
1497,1976
1497,2422
1497,2616
1497,2034
1497,1770
1497,1526
1497,2221
1497,2693
1497,2208
1497,2642
1497,1963
1497,2347
1497,1959
1497,1778
1497,2495
1498,2243
1498,2071
1498,1783
1498,2335
1498,1998
1498,2318
1498,2619
1498,2248
1498,2053
1498,1682
1498,2713
1498,2414
1498,2436
1498,1927
1498,2225
1498,2055
1498,2691
1498,2497
1498,1980
1498,1593
1498,2660
1498,2649
1498,1970
1498,1982
1498,1969
1498,2495
1498,2375
1498,1992
1498,1984
1498,1795
1498,2474
1498,2059
1498,1768
1498,1657
1498,2069
1498,1959
1498,2294
1498,2057
1498,2251
1498,1572
1498,2639
1499,1994
1499,2689
1499,2180
1499,2452
1499,2640
1499,2034
1499,2509
1499,2715
1499,2636
1499,1619
1499,1728
1499,1964
1499,1770
1499,2376
1499,2196
1499,2639
1499,2052
1499,2380
1499,2312
1499,2410
1499,1687
1499,2162
1499,2135
1499,2190
1499,2695
1499,2008
1499,1788
1499,1969
1500,2112
1500,1859
1500,1545
1500,1586
1500,1563
1500,2387
1500,1502
1500,2492
1500,1580
1500,2370
1500,1691
1500,2564
1500,2314
1500,1853
1500,2575
1500,2521
1500,1558
1500,2134
1500,2529
1500,2408
1500,2311
1500,2117
1500,1613
1500,1516
1500,2108
1500,1748
1500,1585
1500,1524
1500,2106
1500,1591
1500,1587
1500,2539
1500,1569
1500,1546
1500,1592
1500,1520
1500,2100
1500,1906
1500,1518
1500,1515
1500,2570
1500,2159
1500,1868
1500,2479
1500,1590
1500,2114
1500,2405
1500,1598
1500,2081
1500,1596
1500,1576
1500,1873
1501,2494
1501,1856
1501,2402
1501,1506
1501,1705
1501,2315
1501,2530
1501,2514
1501,2133
1501,1872
1501,1555
1501,1840
1501,2536
1501,1528
1501,2710
1501,1535
1501,2117
1501,1554
1501,1886
1501,2371
1501,1574
1501,1841
1501,1550
1501,1584
1501,2465
1501,1567
1501,1534
1501,2396
1501,2392
1501,2374
1501,1695
1502,1545
1502,2675
1502,2180
1502,2140
1502,1849
1502,1585
1502,1563
1502,1854
1502,2529
1502,2260
1502,1540
1502,2150
1502,1762
1502,2336
1502,2367
1502,2115
1502,1575
1502,1536
1502,1526
1502,1958
1502,1530
1502,2117
1502,1748
1502,1857
1502,1593
1502,1875
1502,1584
1502,2623
1502,1556
1502,1574
1502,1573
1502,1505
1502,2572
1502,1569
1502,2482
1502,1553
1502,2119
1502,2507
1502,1537
1502,1520
1502,1515
1502,1597
1502,1588
1502,1577
1502,1855
1502,1519
1502,2392
1502,1858
1502,2105
1502,2396
1502,1555
1502,2492
1502,1522
1502,2415
1502,1833
1502,2116
1502,2698
1503,1539
1503,1759
1503,1565
1503,1680
1503,2507
1503,1842
1503,2521
1503,2133
1503,2111
1503,2580
1503,1870
1503,2498
1503,2336
1503,1815
1503,2106
1503,1526
1503,1508
1503,2281
1503,1530
1503,1544
1503,1561
1503,1748
1503,1597
1503,1686
1503,1584
1503,2322
1503,2710
1503,1860
1503,1569
1503,1567
1503,1520
1503,1512
1503,2573
1503,2574
1503,1869
1503,2620
1503,2465
1503,2312
1503,1531
1504,1545
1504,2218
1504,1539
1504,1935
1504,2007
1504,2631
1504,1509
1504,2570
1504,1722
1504,1524
1504,2507
1504,2438
1504,1892
1504,2154
1504,2016
1504,1597
1504,1844
1504,1544
1504,1538
1504,1532
1504,1566
1504,2134
1504,1552
1504,1599
1504,2573
1504,2102
1504,1535
1504,2117
1504,1958
1504,1593
1504,1882
1504,1591
1504,1590
1504,1584
1504,1872
1504,1581
1504,1573
1504,1557
1504,1543
1504,2099
1504,1517
1504,1515
1504,2365
1504,1578
1504,1536
1504,2644
1504,1577
1504,2133
1504,1551
1504,2635
1504,2452
1504,2336
1505,1586
1505,2081
1505,2537
1505,2492
1505,1509
1505,2382
1505,1524
1505,1853
1505,2521
1505,2373
1505,1613
1505,1868
1505,2400
1505,1851
1505,2336
1505,2565
1505,2092
1505,1511
1505,1599
1505,2102
1505,2381
1505,2529
1505,1559
1505,1532
1505,2405
1505,1544
1505,1748
1505,2367
1505,1591
1505,1587
1505,1571
1505,1574
1505,1573
1505,1547
1505,1537
1505,1531
1505,1518
1505,2281
1505,2482
1505,1512
1505,1691
1505,2390
1505,2101
1505,2392
1505,1589
1505,1686
1505,2365
1505,1534
1505,1728
1505,2407
1505,2438
1505,1569
1505,2415
1505,1536
1505,2509
1505,1558
1505,1655
1506,2372
1506,1545
1506,1588
1506,1585
1506,1680
1506,2479
1506,1867
1506,1865
1506,2095
1506,2367
1506,2565
1506,1560
1506,2381
1506,2110
1506,1554
1506,2475
1506,1571
1506,1581
1506,1538
1506,2570
1506,1849
1506,1542
1506,1858
1506,2465
1506,1842
1506,1557
1506,2240
1506,2312
1506,1518
1506,2391
1506,2180
1506,2034
1506,1514
1506,1555
1506,2719
1506,2615
1506,2380
1506,1992
1507,1742
1507,1721
1507,1743
1507,1754
1507,2626
1507,1753
1507,2455
1507,2341
1507,2304
1507,2554
1507,2406
1507,1741
1507,2454
1507,2126
1507,2575
1507,2403
1507,2306
1507,1732
1507,1608
1507,1749
1507,1745
1507,2553
1507,2179
1507,2082
1507,1553
1508,2112
1508,1545
1508,2608
1508,2247
1508,1586
1508,2452
1508,2320
1508,2315
1508,1570
1508,2133
1508,2377
1508,2128
1508,2710
1508,1516
1508,2381
1508,1559
1508,1894
1508,2573
1508,2102
1508,1857
1508,2117
1508,1532
1508,1869
1508,1592
1508,1575
1508,1536
1508,1523
1508,1521
1508,2565
1508,2468
1508,1747
1508,2717
1508,1553
1508,1882
1508,1591
1508,2564
1508,1594
1508,2101
1508,2089
1508,1686
1508,1515
1508,1543
1508,1581
1508,2363
1509,2130
1509,1549
1509,1545
1509,2659
1509,2531
1509,1704
1509,2316
1509,2336
1509,2093
1509,1511
1509,1578
1509,2381
1509,1896
1509,1597
1509,1596
1509,1593
1509,1590
1509,1854
1509,1563
1509,1556
1509,1574
1509,2320
1509,2246
1509,1567
1509,1514
1509,1577
1509,2159
1509,1557
1509,1543
1509,2313
1509,1519
1509,1518
1509,1558
1509,2378
1509,2396
1509,1588
1509,1553
1509,2620
1509,1555
1509,2365
1509,1894
1509,1603
1509,2492
1509,2505
1509,1979
1509,2509
1509,1525
1509,1998
1510,1631
1510,2284
1510,2598
1510,1656
1510,1658
1510,1606
1510,1644
1510,1805
1510,1642
1511,2112
1511,1899
1511,1539
1511,1582
1511,2100
1511,1912
1511,2521
1511,1867
1511,1683
1511,1847
1511,2138
1511,2150
1511,1762
1511,2146
1511,2367
1511,1882
1511,1594
1511,1575
1511,1566
1511,2557
1511,2363
1511,2092
1511,1928
1511,1578
1511,2281
1511,2572
1511,1554
1511,1577
1511,2710
1511,1546
1511,1537
1511,2101
1511,1519
1511,1583
1511,2089
1511,2641
1511,2102
1511,2005
1511,1805
1512,1806
1512,1565
1512,1836
1512,1958
1512,1529
1512,2570
1512,1539
1512,2315
1512,1560
1512,1530
1512,2641
1512,2382
1512,1747
1512,2092
1512,1853
1512,2482
1512,1874
1512,1680
1512,1578
1512,1755
1512,1561
1512,2539
1512,2564
1512,1585
1512,2533
1512,1592
1512,2134
1512,1552
1512,1590
1512,2410
1512,1537
1512,1928
1512,1556
1512,1847
1512,1877
1512,1573
1512,2505
1512,1516
1512,2390
1512,2128
1512,1546
1512,2331
1512,1555
1512,1749
1512,1858
1512,2396
1512,1986
1512,1889
1512,1598
1512,1587
1512,1596
1512,1547
1513,2675
1513,2150
1513,1739
1513,2529
1513,2563
1513,1587
1513,2108
1513,1558
1513,2039
1513,2567
1513,2599
1513,2617
1513,2342
1513,2257
1513,2505
1513,1803
1513,2121
1513,2217
1513,2558
1513,2104
1513,2007
1513,1522
1513,2201
1513,2517
1513,2456
1513,2662
1514,2398
1514,2112
1514,1539
1514,2086
1514,1563
1514,2402
1514,1849
1514,1585
1514,2382
1514,1680
1514,2508
1514,1875
1514,1867
1514,2371
1514,2093
1514,1928
1514,1540
1514,2110
1514,1561
1514,1581
1514,1556
1514,2514
1514,2134
1514,1553
1514,1537
1514,2613
1514,1590
1514,2390
1514,2615
1514,1570
1514,1851
1514,1865
1514,1846
1514,2376
1514,2473
1514,2392
1514,1565
1514,1953
1514,2312
1514,2505
1514,2476
1514,2617
1514,2714
1515,2097
1515,2074
1515,2342
1515,2599
1515,1555
1515,1571
1515,1804
1515,1577
1515,1907
1515,1542
1515,2571
1515,2620
1515,2038
1515,2313
1515,2572
1515,2475
1515,2565
1515,2214
1515,2117
1515,1861
1515,2044
1515,1559
1515,2499
1515,1527
1515,1818
1515,2406
1515,2081
1515,1592
1515,1583
1515,1520
1515,1584
1515,1550
1515,1548
1515,1576
1515,1882
1515,1591
1515,1704
1515,1872
1515,1581
1515,1918
1515,1575
1515,1549
1515,1840
1516,2647
1516,2112
1516,2317
1516,1563
1516,2307
1516,1909
1516,2491
1516,1958
1516,1582
1516,2104
1516,2007
1516,2492
1516,2180
1516,2374
1516,1571
1516,1853
1516,1755
1516,1540
1516,2316
1516,2256
1516,2159
1516,2128
1516,2710
1516,1595
1516,2565
1516,1554
1516,2473
1516,2505
1516,2020
1516,2117
1516,2336
1516,2392
1516,2101
1516,2089
1516,2105
1516,1523
1516,1896
1516,2102
1516,2378
1516,2475
1516,1857
1516,1587
1516,1581
1516,1567
1516,1550
1516,1537
1516,1518
1516,2482
1516,1597
1516,2081
1516,1596
1516,2390
1516,2529
1516,2257
1516,1578
1516,2367
1516,1882
1517,2140
1517,2097
1517,2317
1517,2402
1517,1986
1517,1522
1517,2134
1517,1530
1517,1815
1517,2558
1517,2115
1517,2637
1517,1570
1517,1861
1517,2484
1517,1870
1517,2320
1517,1544
1517,2377
1517,1528
1517,2376
1517,1871
1517,2493
1517,2396
1517,2529
1517,1559
1517,2312
1517,2042
1517,1680
1517,2340
1517,1855
1517,2146
1517,2509
1517,2472
1517,2363
1517,2066
1517,1593
1517,1867
1517,1519
1517,1759
1517,2438
1517,2574
1518,2469
1518,2370
1518,2112
1518,1859
1518,1549
1518,2608
1518,2166
1518,1580
1518,1524
1518,1958
1518,1570
1518,1896
1518,1545
1518,1739
1518,2572
1518,1540
1518,1555
1518,1538
1518,2159
1518,1577
1518,2710
1518,1565
1518,1845
1518,1554
1518,1535
1518,2117
1518,2405
1518,1532
1518,2533
1518,1575
1518,1523
1518,1573
1518,2521
1518,1551
1518,1581
1518,1534
1518,1904
1518,1536
1518,1844
1518,1553
1518,1576
1518,1876
1518,1860
1518,1569
1518,1578
1518,1591
1518,1520
1518,1567
1518,2498
1518,2595
1518,2110
1518,2373
1518,1597
1518,1851
1518,2627
1518,2007
1518,1557
1519,2213
1519,2246
1519,2366
1519,1562
1519,2281
1519,1958
1519,1859
1519,1762
1519,1705
1519,2570
1519,2507
1519,2121
1519,1874
1519,2566
1519,1571
1519,1558
1519,2482
1519,1538
1519,1522
1519,2451
1519,1578
1519,1556
1519,1561
1519,1528
1519,1540
1519,2510
1519,2529
1519,2076
1519,1527
1519,1821
1519,1530
1519,1585
1519,1594
1519,1592
1519,1584
1519,1878
1519,1587
1519,2449
1519,1770
1519,1576
1519,1597
1519,1524
1519,2106
1519,1595
1519,1560
1519,1546
1519,1564
1519,1573
1520,2004
1520,1773
1520,1589
1520,2701
1520,2320
1520,1535
1520,2537
1520,2321
1520,2116
1520,2407
1520,1879
1520,1853
1520,2151
1520,2539
1520,2256
1520,2159
1520,2281
1520,2510
1520,1958
1520,1861
1520,1559
1520,2110
1520,2108
1520,1846
1520,2312
1520,2370
1520,2695
1520,1762
1520,2635
1520,1563
1520,1854
1520,2146
1520,2106
1520,1521
1520,1593
1520,1573
1520,2521
1520,2133
1520,1551
1520,2570
1520,1590
1520,2128
1520,2710
1520,2089
1520,1597
1520,1553
1520,2084
1521,1545
1521,2097
1521,2091
1521,2615
1521,2608
1521,2063
1521,1759
1521,1915
1521,1580
1521,2360
1521,2507
1521,2374
1521,2155
1521,1717
1521,1613
1521,1571
1521,2140
1521,1558
1521,1860
1521,2367
1521,1882
1521,1556
1521,1559
1521,1530
1521,2117
1521,2110
1521,1928
1521,2101
1521,1561
1521,2405
1521,1594
1521,2381
1521,2089
1521,2314
1521,1538
1521,1564
1521,2475
1521,1893
1521,1546
1521,1554
1521,1748
1521,1842
1521,2116
1521,1534
1521,1704
1521,2468
1522,1961
1522,2264
1522,2494
1522,1524
1522,1874
1522,1794
1522,2020
1522,2342
1522,1857
1522,2150
1522,1543
1522,1531
1522,2099
1522,1868
1522,1728
1522,2589
1522,2438
1522,2084
1522,2638
1522,2488
1522,2034
1522,2102
1522,1811
1522,2288
1522,2367
1522,1547
1522,2517
1522,2336
1522,2627
1522,2046
1522,1581
1522,1969
1523,2300
1523,2140
1523,1545
1523,2452
1523,2472
1523,1890
1523,2007
1523,2492
1523,1571
1523,2373
1523,2281
1523,2572
1523,1860
1523,2218
1523,1539
1523,2149
1523,1578
1523,1556
1523,1586
1523,1613
1523,1871
1523,2102
1523,1748
1523,2529
1523,2405
1523,1532
1523,1585
1523,2694
1523,1526
1523,1552
1523,1583
1523,1536
1523,1598
1523,1584
1523,1582
1523,1548
1523,1593
1523,2322
1523,1546
1523,1928
1523,1575
1523,2574
1523,2408
1523,2020
1523,2117
1523,2570
1523,1543
1523,1581
1523,2213
1523,1534
1523,1896
1523,2381
1524,2472
1524,1549
1524,2366
1524,2320
1524,1849
1524,2007
1524,2492
1524,2315
1524,1851
1524,1560
1524,1862
1524,2539
1524,2133
1524,1592
1524,2117
1524,1857
1524,1554
1524,1576
1524,1553
1524,2128
1524,2322
1524,2710
1524,1546
1524,1531
1524,2573
1524,2564
1524,2473
1524,1854
1524,2533
1524,1953
1524,1869
1524,1573
1524,2155
1524,2159
1524,2644
1525,2331
1525,2246
1525,2511
1525,1588
1525,1563
1525,1582
1525,2570
1525,2134
1525,2580
1525,2095
1525,2314
1525,2521
1525,2100
1525,2507
1525,1876
1525,2105
1525,2573
1525,2108
1525,2405
1525,2370
1525,1691
1525,2572
1525,2475
1525,1680
1525,1583
1525,1889
1525,1598
1525,1584
1525,1581
1525,1534
1525,2110
1525,1576
1525,1592
1525,2529
1525,1596
1525,1577
1525,1912
1526,2328
1526,2097
1526,1579
1526,1545
1526,2260
1526,1613
1526,2508
1526,1570
1526,1861
1526,1599
1526,2340
1526,1758
1526,2392
1526,2475
1526,2529
1526,1554
1526,2499
1526,1582
1526,1873
1526,2573
1526,2089
1526,1592
1526,1575
1526,1566
1526,1536
1526,1686
1526,1858
1526,1567
1526,2505
1526,2020
1526,2117
1526,1844
1526,2717
1526,1553
1526,1550
1526,1584
1526,1546
1526,1534
1526,2159
1526,1868
1526,2370
1526,2336
1526,1598
1526,1860
1526,1569
1526,1578
1526,1587
1527,2112
1527,2243
1527,2615
1527,2411
1527,1588
1527,2402
1527,1565
1527,2320
1527,1582
1527,1580
1527,1579
1527,2132
1527,2407
1527,2373
1527,1545
1527,2133
1527,1577
1527,2505
1527,1539
1527,1528
1527,2128
1527,2710
1527,2221
1527,2371
1527,1857
1527,1859
1527,2635
1527,1613
1527,1540
1527,1928
1527,2336
1527,2093
1527,1594
1527,1575
1527,2573
1527,1846
1527,1896
1527,2381
1527,2114
1527,2405
1527,1590
1527,1587
1527,1593
1527,1581
1527,1574
1527,2246
1527,1567
1527,1537
1527,2679
1527,2572
1527,2475
1527,2473
1527,2533
1527,2061
1527,1576
1528,2397
1528,1565
1528,1582
1528,1579
1528,1613
1528,1668
1528,1571
1528,2370
1528,1788
1528,1853
1528,2482
1528,2534
1528,2159
1528,2508
1528,1538
1528,1532
1528,2565
1528,1583
1528,2328
1528,1552
1528,1797
1528,2573
1528,2381
1528,1561
1528,1554
1528,1593
1528,2475
1528,1581
1528,1573
1528,2151
1528,2539
1528,1569
1528,1553
1528,1548
1528,1534
1528,2574
1528,2473
1528,2277
1528,1857
1528,2693
1528,1529
1528,2499
1528,2391
1528,1846
1529,2560
1529,2659
1529,2151
1529,2260
1529,1898
1529,1890
1529,2011
1529,2121
1529,2322
1529,2468
1529,2012
1529,2510
1529,1540
1529,1532
1529,2381
1529,1755
1529,2595
1529,1598
1529,1591
1529,2159
1529,1553
1529,1548
1529,1671
1529,2681
1529,1906
1529,1893
1529,1892
1529,1827
1530,2112
1530,1859
1530,2086
1530,1589
1530,1851
1530,1778
1530,1958
1530,1580
1530,2098
1530,2386
1530,1842
1530,2631
1530,2146
1530,1583
1530,1552
1530,1559
1530,1532
1530,2405
1530,1561
1530,1596
1530,1591
1530,1590
1530,2475
1530,1587
1530,1538
1530,1534
1530,1531
1530,2482
1530,2140
1530,1558
1530,1588
1530,1879
1530,2089
1530,2574
1530,2105
1530,1862
1530,1547
1530,1619
1530,1598
1530,2102
1530,2215
1530,2224
1531,2086
1531,1582
1531,1722
1531,1560
1531,2620
1531,2395
1531,2390
1531,1896
1531,1840
1531,1578
1531,1556
1531,2505
1531,1542
1531,1595
1531,1559
1531,2102
1531,1554
1531,1748
1531,2108
1531,1532
1531,2572
1531,1594
1531,1575
1531,1587
1531,2133
1531,1842
1531,1551
1531,1546
1531,2368
1531,1592
1531,2151
1531,1569
1531,1576
1531,1917
1531,1564
1531,2116
1531,1534
1531,2166
1531,1584
1532,2331
1532,2130
1532,1545
1532,2072
1532,2654
1532,1859
1532,1762
1532,1582
1532,1686
1532,2706
1532,2133
1532,2528
1532,2084
1532,1680
1532,1578
1532,2159
1532,1577
1532,1544
1532,1556
1532,2138
1532,2565
1532,2117
1532,2574
1532,2112
1532,2427
1532,1748
1532,2108
1532,2106
1532,2093
1532,1575
1532,1552
1532,2105
1532,2572
1532,1598
1532,2081
1532,1596
1532,1581
1532,2336
1532,1553
1532,1534
1532,1586
1532,1867
1532,1576
1532,1902
1532,1805
1532,2282
1533,2028
1533,2631
1533,2261
1533,2625
1533,2658
1533,2150
1533,2452
1533,2096
1533,1646
1533,2131
1533,2491
1533,1836
1533,1803
1533,2535
1533,2606
1533,1830
1533,1800
1533,1780
1533,1901
1533,1804
1533,1823
1533,1828
1533,1898
1533,2480
1533,1810
1533,2683
1533,1826
1533,1808
1533,2547
1533,1913
1533,1813
1533,2230
1533,2225
1533,2456
1533,2029
1533,1638
1533,1807
1533,2195
1533,2368
1533,1883
1533,1761
1534,1549
1534,1545
1534,2372
1534,1773
1534,2364
1534,2094
1534,1958
1534,2365
1534,1560
1534,1896
1534,1853
1534,2638
1534,2240
1534,2133
1534,1872
1534,1538
1534,2281
1534,2119
1534,2313
1534,2573
1534,2017
1534,2599
1534,1585
1534,1555
1534,1846
1534,2317
1534,2123
1534,1575
1534,1552
1534,2533
1534,1593
1534,1569
1534,2574
1534,2380
1534,1550
1534,1598
1534,1859
1534,1868
1534,2105
1534,1543
1534,1882
1534,1591
1535,1856
1535,2408
1535,2387
1535,2260
1535,2315
1535,2508
1535,1847
1535,2402
1535,2367
1535,2134
1535,1874
1535,1568
1535,2478
1535,1728
1535,2241
1535,2532
1535,2336
1535,1869
1535,1557
1535,2712
1535,2324
1535,1789
1535,2210
1535,2298
1535,1992
1536,2256
1536,2007
1536,1875
1536,1823
1536,2509
1536,2314
1536,1835
1536,1558
1536,1888
1536,1597
1536,2482
1536,1595
1536,1680
1536,1578
1536,2476
1536,2531
1536,1559
1536,1554
1536,1748
1536,1734
1536,1552
1536,2570
1536,2473
1536,2038
1536,1553
1536,1547
1536,2146
1536,1564
1536,1557
1536,1592
1536,2539
1536,1569
1536,2066
1536,1890
1536,2370
1536,1982
1536,2661
1536,2381
1536,2363
1536,1587
1536,2574
1536,2089
1536,2380
1536,2378
1537,2112
1537,1586
1537,2467
1537,1668
1537,2260
1537,1958
1537,1762
1537,2116
1537,2471
1537,1579
1537,1560
1537,2078
1537,2100
1537,1597
1537,2387
1537,1578
1537,1577
1537,1876
1537,2364
1537,1685
1537,2316
1537,2510
1537,2392
1537,1857
1537,1746
1537,2123
1537,2531
1537,2117
1537,1559
1537,2533
1537,2372
1537,1596
1537,1584
1537,1573
1537,1543
1537,1576
1537,1574
1537,1680
1537,1592
1537,1744
1537,1814
1538,2214
1538,1586
1538,1563
1538,2452
1538,2320
1538,1958
1538,1762
1538,1582
1538,1549
1538,1874
1538,2622
1538,2061
1538,1613
1538,1755
1538,2087
1538,1539
1538,2056
1538,2529
1538,1847
1538,1595
1538,2468
1538,1552
1538,2363
1538,2110
1538,1857
1538,1554
1538,1591
1538,1686
1538,1573
1538,1567
1538,1564
1538,2038
1538,1553
1538,1728
1538,2308
1538,2282
1539,2331
1539,2341
1539,1722
1539,2098
1539,1739
1539,2608
1539,2539
1539,2316
1539,2116
1539,2146
1539,2097
1539,1685
1539,1592
1539,1583
1539,2092
1539,2572
1539,1554
1539,1596
1539,1587
1539,1571
1539,1573
1539,1547
1539,2574
1539,1560
1539,2565
1539,1886
1539,2646
1539,2554
1539,2166
1539,2084
1539,2569
1540,2659
1540,2654
1540,2615
1540,1586
1540,2097
1540,1903
1540,2320
1540,2360
1540,1579
1540,2390
1540,1722
1540,2567
1540,2566
1540,1884
1540,2438
1540,1739
1540,1582
1540,2133
1540,2529
1540,2317
1540,2260
1540,1872
1540,2038
1540,1928
1540,2093
1540,1886
1540,2565
1540,1583
1540,2117
1540,1564
1540,2400
1540,2159
1540,2482
1540,1543
1540,2101
1540,2089
1540,2574
1540,2331
1540,2428
1540,2007
1540,1668
1540,2638
1540,2480
1540,2140
1540,2625
1541,1691
1541,2492
1541,2508
1541,2572
1541,1593
1541,1550
1541,2105
1541,1857
1541,2245
1542,2243
1542,1974
1542,2472
1542,1890
1542,1568
1542,2570
1542,2507
1542,2620
1542,2099
1542,2091
1542,2372
1542,2061
1542,1873
1542,1858
1542,1843
1542,1694
1542,1704
1542,2074
1542,1868
1542,1587
1542,1840
1542,2510
1542,1592
1542,2465
1543,1545
1543,1589
1543,2318
1543,1849
1543,2390
1543,2634
1543,1571
1543,2599
1543,2316
1543,2637
1543,1570
1543,2482
1543,1827
1543,1953
1543,2117
1543,1559
1543,2499
1543,2572
1543,1585
1543,2635
1543,2106
1543,1566
1543,1598
1543,2133
1543,1551
1543,2701
1543,2313
1543,1581
1543,1814
1543,1557
1543,2381
1543,1569
1544,1549
1544,2494
1544,2246
1544,2097
1544,1986
1544,2116
1544,1560
1544,2095
1544,2478
1544,1849
1544,1558
1544,1570
1544,1861
1544,1577
1544,2378
1544,1704
1544,2134
1544,1843
1544,1855
1544,1561
1544,2102
1544,1596
1544,1576
1544,1574
1544,1573
1544,1569
1544,1557
1544,2007
1544,2313
1544,2089
1544,2380
1544,2396
1544,1583
1544,2390
1544,1846
1544,2130
1545,2370
1545,1613
1545,2386
1545,1668
1545,1862
1545,2531
1545,2539
1545,1859
1545,1762
1545,2114
1545,2115
1545,1578
1545,2381
1545,2529
1545,1559
1545,1857
1545,1577
1545,1593
1545,1591
1545,1586
1545,1563
1545,1576
1545,1574
1545,1565
1545,2482
1545,2133
1545,1551
1545,2116
1545,1558
1545,2574
1545,2105
1545,1861
1545,1958
1545,1570
1545,1846
1545,1748
1545,1567
1545,1858
1545,1897
1545,1672
1545,1598
1545,2471
1545,1986
1545,2692
1545,2058
1545,2475
1545,1796
1546,2246
1546,2608
1546,2708
1546,2320
1546,1579
1546,1549
1546,2134
1546,1686
1546,2367
1546,2575
1546,2100
1546,2368
1546,2152
1546,1958
1546,1861
1546,1683
1546,2570
1546,1794
1546,1697
1546,2710
1546,2475
1546,1859
1546,2635
1546,1554
1546,2505
1546,2117
1546,2573
1546,1704
1546,2622
1546,1563
1546,1854
1546,1585
1546,1553
1546,1598
1546,2521
1546,2133
1546,1842
1546,1551
1546,1548
1546,2159
1546,2101
1546,1547
1546,2093
1546,1928
1546,2313
1547,1899
1547,1586
1547,1958
1547,1859
1547,2150
1547,1762
1547,1589
1547,1686
1547,2061
1547,1613
1547,1571
1547,1597
1547,2570
1547,2376
1547,1556
1547,1910
1547,1561
1547,2234
1547,2281
1547,2475
1547,1814
1547,2465
1547,1579
1547,2646
1547,2370
1547,1594
1547,1680
1547,1583
1547,2573
1547,1596
1547,1591
1547,2654
1547,1587
1547,1573
1547,1567
1547,1953
1547,2710
1547,1748
1547,2159
1547,1868
1547,1569
1547,1844
1547,2038
1547,1553
1547,2317
1547,1598
1547,1551
1547,1590
1547,2482
1547,2507
1548,2522
1548,2451
1548,1721
1548,1563
1548,2151
1548,1935
1548,1565
1548,2387
1548,1582
1548,1870
1548,1875
1548,2570
1548,1896
1548,2622
1548,1865
1548,1739
1548,2103
1548,2100
1548,1728
1548,2482
1548,1549
1548,1840
1548,1946
1548,2392
1548,2415
1548,2505
1548,2020
1548,2593
1548,2108
1548,2106
1548,1566
1548,2155
1548,1573
1548,1744
1548,1550
1548,1591
1548,2377
1548,1592
1548,2390
1548,1575
1549,1722
1549,1739
1549,2119
1549,1759
1549,1599
1549,2521
1549,2012
1549,2336
1549,2101
1549,1592
1549,1552
1549,2529
1549,1559
1549,2117
1549,1598
1549,1587
1549,1563
1549,1581
1549,2508
1549,1573
1549,1855
1549,2146
1549,1564
1549,2159
1549,1557
1549,2132
1549,1550
1549,2130
1549,2613
1549,2108
1549,2116
1549,2572
1549,2281
1549,1594
1549,2089
1549,2574
1549,1861
1549,1958
1549,1570
1549,2708
1549,2381
1549,2478
1549,1595
1549,1579
1549,2312
1549,2114
1549,2599
1549,2100
1549,1906
1549,2196
1549,1591
1549,2076
1550,1565
1550,2408
1550,1668
1550,1580
1550,1875
1550,1579
1550,2158
1550,1867
1550,2620
1550,2537
1550,2613
1550,2103
1550,1599
1550,2159
1550,1570
1550,1861
1550,2570
1550,2376
1550,1556
1550,2012
1550,1755
1550,1561
1550,1585
1550,2110
1550,2313
1550,2521
1550,1842
1550,1762
1550,2635
1550,2105
1550,2396
1550,1874
1550,1583
1550,1575
1550,1574
1550,2533
1550,1846
1550,1596
1550,1748
1550,1893
1550,2631
1550,2146
1550,1564
1550,2608
1550,1557
1550,2101
1551,2472
1551,2112
1551,1589
1551,1586
1551,2151
1551,2708
1551,2320
1551,1579
1551,1874
1551,2594
1551,2061
1551,2641
1551,2133
1551,2315
1551,2121
1551,1907
1551,1755
1551,1561
1551,1844
1551,1840
1551,2507
1551,2313
1551,2529
1551,1861
1551,2336
1551,2108
1551,1920
1551,2405
1551,1554
1551,1748
1551,1855
1551,2146
1551,1814
1551,2465
1551,1591
1551,2391
1551,2128
1551,1594
1551,1935
1551,2711
1551,2166
1551,1584
1551,1565
1551,2328
1551,2281
1551,2475
1552,2091
1552,2615
1552,1886
1552,1589
1552,1586
1552,1563
1552,2387
1552,2320
1552,1737
1552,2125
1552,2007
1552,1579
1552,1560
1552,2084
1552,2521
1552,2041
1552,2119
1552,2507
1552,1861
1552,1744
1552,2063
1552,1578
1552,1561
1552,2086
1552,2710
1552,1857
1552,1559
1552,1798
1552,2574
1552,2499
1552,2108
1552,2087
1552,1585
1552,1846
1552,1860
1552,1569
1552,2159
1552,1593
1552,1758
1552,2146
1552,2094
1552,1874
1552,2512
1552,2386
1552,2528
1552,1592
1553,1859
1553,2708
1553,2317
1553,1563
1553,2387
1553,1958
1553,1570
1553,1597
1553,2539
1553,1595
1553,1556
1553,1565
1553,1554
1553,1928
1553,1571
1553,1585
1553,1814
1553,2106
1553,1691
1553,1594
1553,1869
1553,1576
1553,2380
1553,1596
1553,1704
1553,2113
1553,2405
1554,2472
1554,2112
1554,2097
1554,1886
1554,1565
1554,2580
1554,1958
1554,2507
1554,2390
1554,1560
1554,1571
1554,1558
1554,1860
1554,2281
1554,2572
1554,1755
1554,1561
1554,1857
1554,1585
1554,1847
1554,2106
1554,2093
1554,1874
1554,2553
1554,1583
1554,1575
1554,1613
1554,2381
1554,1559
1554,2117
1554,1748
1554,1596
1554,1584
1554,1576
1554,1768
1554,1574
1554,1573
1554,1844
1554,2038
1554,2133
1554,2108
1554,2377
1554,2074
1554,1686
1554,2574
1554,1853
1554,2016
1554,2710
1555,2128
1555,1759
1555,2708
1555,2390
1555,1867
1555,2620
1555,2536
1555,2382
1555,1896
1555,1755
1555,1849
1555,1558
1555,1876
1555,1680
1555,1850
1555,2529
1555,1704
1555,1814
1555,1668
1555,1571
1555,2402
1555,2510
1555,2387
1555,2110
1555,1591
1555,1877
1555,1569
1555,1567
1555,2081
1555,2378
1555,1846
1555,2532
1555,2277
1555,2340
1555,1728
1555,2392
1555,2391
1556,2370
1556,2708
1556,2471
1556,1848
1556,1579
1556,2570
1556,2134
1556,1560
1556,2509
1556,2382
1556,1896
1556,2373
1556,2092
1556,1872
1556,2213
1556,1728
1556,1858
1556,1861
1556,2098
1556,1912
1556,1580
1556,1871
1556,1585
1556,1850
1556,1559
1556,2367
1556,1882
1556,2405
1556,1564
1556,2620
1556,1744
1556,2492
1556,2113
1556,2482
1556,1589
1556,2533
1556,1648
1556,1590
1556,2475
1556,2105
1556,2396
1557,1878
1557,2317
1557,1580
1557,1579
1557,2315
1557,2374
1557,1570
1557,1755
1557,2240
1557,1872
1557,2094
1557,2482
1557,1844
1557,1595
1557,1578
1557,2119
1557,2086
1557,2613
1557,2710
1557,2475
1557,2569
1557,2133
1557,2110
1557,2146
1557,1691
1557,1594
1557,2573
1557,1873
1557,1569
1557,2617
1557,2367
1557,1591
1557,2392
1557,2381
1557,1589
1557,1573
1557,1558
1557,1567
1557,2061
1558,2124
1558,2014
1558,2241
1558,2091
1558,2608
1558,2104
1558,1935
1558,2113
1558,1582
1558,2390
1558,2321
1558,2061
1558,2228
1558,2100
1558,2133
1558,2314
1558,2508
1558,1704
1558,2086
1558,2377
1558,1843
1558,2510
1558,2012
1558,2106
1558,1583
1558,2320
1558,2637
1558,1570
1558,1861
1558,1852
1558,1561
1558,1591
1558,1589
1558,2365
1558,1584
1558,1581
1558,2710
1558,1597
1558,2116
1558,1728
1558,1564
1558,2386
1558,1846
1558,2597
1559,2673
1559,2601
1559,1859
1559,1586
1559,1961
1559,2166
1559,1851
1559,2112
1559,2537
1559,2373
1559,2133
1559,1794
1559,2370
1559,2564
1559,2367
1559,1882
1559,1958
1559,1861
1559,2529
1559,2105
1559,2531
1559,1705
1559,2573
1559,1592
1559,2444
1559,1846
1559,2405
1559,1598
1559,1596
1559,1576
1559,1564
1559,1854
1559,2108
1559,2281
1559,2475
1559,1590
1559,2128
1559,1912
1560,2370
1560,2331
1560,2086
1560,2214
1560,1565
1560,1582
1560,2011
1560,1674
1560,1912
1560,2521
1560,1840
1560,1855
1560,2316
1560,2115
1560,1595
1560,2151
1560,1860
1560,2314
1560,2360
1560,1584
1560,1576
1560,2116
1560,1910
1560,2259
1560,2155
1560,1592
1560,2048
1560,1627
1561,2366
1561,2349
1561,1589
1561,2125
1561,1762
1561,2119
1561,1579
1561,2390
1561,2099
1561,1613
1561,1571
1561,2407
1561,1739
1561,2081
1561,1906
1561,1854
1561,1855
1561,1928
1561,1595
1561,2565
1561,1843
1561,2536
1561,1896
1561,2381
1561,1890
1561,2084
1561,1584
1561,1581
1561,2710
1561,1867
1561,1576
1561,1860
1561,1569
1561,1567
1561,2482
1561,2570
1561,1577
1561,2396
1561,2114
1561,2405
1561,1902
1561,2281
1561,2106
1561,1582
1562,2502
1562,1994
1562,1809
1562,1715
1562,2063
1562,2157
1562,2486
1562,2205
1562,2649
1562,2041
1562,2079
1562,2048
1562,2242
1562,2065
1562,1786
1562,2379
1562,2655
1562,2148
1562,1954
1562,2484
1562,2520
1562,2229
1562,1796
1562,1961
1562,2519
1562,2412
1562,2239
1562,2057
1562,1766
1562,2055
1562,1977
1562,2660
1562,1789
1562,2662
1562,1983
1562,2427
1562,1996
1562,2248
1562,2442
1562,2062
1562,1998
1562,2068
1562,1971
1562,2571
1562,1795
1562,1781
1562,1939
1563,1859
1563,2097
1563,1582
1563,1849
1563,1580
1563,1853
1563,1842
1563,2111
1563,2321
1563,2138
1563,2367
1563,2115
1563,2315
1563,1575
1563,1843
1563,1928
1563,2531
1563,1755
1563,2117
1563,1593
1563,1571
1563,1573
1563,2539
1563,1569
1563,1564
1563,2128
1563,1579
1563,2313
1563,2570
1563,2573
1563,2390
1563,1814
1563,2105
1563,1570
1563,2475
1563,2378
1563,2101
1563,2392
1563,2081
1563,2276
1564,2601
1564,1859
1564,2590
1564,1897
1564,2260
1564,1580
1564,1579
1564,2156
1564,2373
1564,1597
1564,2534
1564,2038
1564,2376
1564,1882
1564,1578
1564,1577
1564,1876
1564,2574
1564,2117
1564,2322
1564,2533
1564,1680
1564,1598
1564,1587
1564,1590
1564,2498
1564,2110
1564,1748
1564,2335
1564,2529
1564,1586
1564,2087
1564,2475
1564,1893
1564,1790
1564,1596
1565,2370
1565,2098
1565,1853
1565,1875
1565,2377
1565,1794
1565,2381
1565,1591
1565,1587
1565,1571
1565,2710
1565,1574
1565,1573
1565,2281
1565,2574
1565,1566
1565,2245
1565,1578
1565,1827
1565,2097
1565,2485
1565,2070
1565,2634
1565,2718
1566,2366
1566,1886
1566,1757
1566,2136
1566,2314
1566,2572
1566,2133
1566,1594
1566,2620
1566,2038
1566,2091
1566,1800
1566,1744
1566,2016
1566,1807
1566,2098
1566,2151
1566,1860
1566,2105
1566,1814
1566,2058
1566,1576
1566,1598
1566,2159
1566,2117
1567,2590
1567,2317
1567,2402
1567,2151
1567,2248
1567,1875
1567,2315
1567,1722
1567,1686
1567,2092
1567,1597
1567,2314
1567,1680
1567,1578
1567,2052
1567,2114
1567,2377
1567,2710
1567,2475
1567,2313
1567,2439
1567,1857
1567,2020
1567,1915
1567,2102
1567,2293
1567,1842
1567,1870
1567,1579
1567,1952
1567,2146
1567,2106
1567,1598
1567,2081
1567,1596
1567,1576
1567,1581
1567,2108
1567,2381
1567,2159
1567,1577
1567,1573
1567,2098
1568,2525
1568,2241
1568,2086
1568,2615
1568,1849
1568,2408
1568,1680
1568,2322
1568,1873
1568,2316
1568,1716
1568,1692
1568,2476
1568,1577
1568,2708
1568,2087
1568,2378
1568,2536
1568,2243
1568,2564
1568,2380
1568,2691
1568,2052
1568,2526
1569,2317
1569,1886
1569,2385
1569,2094
1569,2570
1569,2390
1569,2537
1569,1570
1569,1896
1569,1668
1569,1571
1569,1790
1569,1579
1569,1578
1569,1577
1569,2572
1569,2475
1569,2573
1569,1851
1569,2336
1569,2110
1569,2105
1569,2008
1569,1755
1569,2117
1569,1857
1569,1598
1569,1576
1569,1875
1569,1584
1569,1593
1569,2320
1569,2125
1569,2690
1569,1953
1569,2082
1569,2710
1569,2539
1569,1680
1569,2405
1569,2529
1570,2128
1570,2214
1570,2342
1570,1579
1570,2570
1570,1739
1570,1585
1570,2529
1570,1861
1570,2580
1570,2498
1570,1592
1570,1714
1570,2102
1570,2381
1570,1584
1570,1574
1570,1573
1570,2281
1570,2475
1570,2151
1570,2539
1570,2533
1570,2101
1570,2392
1570,1840
1570,2380
1570,1912
1570,2106
1570,2492
1570,1619
1570,1762
1570,2635
1570,2313
1570,2410
1570,1844
1570,2717
1571,1668
1571,2116
1571,1759
1571,2119
1571,2507
1571,2134
1571,1859
1571,2370
1571,1594
1571,2092
1571,2102
1571,2381
1571,2020
1571,2117
1571,1958
1571,1861
1571,1755
1571,1857
1571,2373
1571,1597
1571,1591
1571,2366
1571,1590
1571,1581
1571,1574
1571,2482
1571,1874
1571,1680
1571,1583
1571,2574
1571,2570
1571,2376
1571,1858
1571,1860
1571,2103
1571,1901
1571,2281
1571,1893
1571,2499
1571,1842
1571,1748
1571,2524
1571,2511
1571,1929
1572,1989
1572,2416
1572,2071
1572,2199
1572,2684
1572,1994
1572,1897
1572,1767
1572,1947
1572,2248
1572,1956
1572,2053
1572,1993
1572,2414
1572,2043
1572,1938
1572,2439
1572,2633
1572,2410
1572,2698
1572,2066
1572,2067
1572,2697
1572,2208
1572,2337
1572,2506
1572,1927
1572,2412
1572,2047
1572,2056
1572,2042
1572,1774
1572,2607
1572,2540
1572,2443
1572,2055
1572,1791
1572,1985
1572,2664
1572,2062
1572,1990
1572,1984
1572,2059
1572,2352
1572,1782
1572,1615
1572,1940
1572,1948
1573,2370
1573,1859
1573,1878
1573,2675
1573,2590
1573,1856
1573,2663
1573,2390
1573,1755
1573,1853
1573,2151
1573,2539
1573,2159
1573,1861
1573,2086
1573,2377
1573,2444
1573,1857
1573,2320
1573,2465
1573,2478
1573,2381
1573,1851
1573,2336
1573,2598
1573,1585
1573,2533
1573,1869
1573,2475
1573,1874
1573,1583
1573,1575
1573,1593
1573,1686
1573,1581
1573,1846
1573,2641
1573,1574
1573,2092
1573,2408
1573,2311
1573,2117
1573,2382
1573,2479
1573,2574
1574,1994
1574,1886
1574,1856
1574,1762
1574,2537
1574,1908
1574,2407
1574,2084
1574,1896
1574,2478
1574,1597
1574,2390
1574,2196
1574,1840
1574,1884
1574,1755
1574,2301
1574,2505
1574,2110
1574,2281
1574,2475
1574,1723
1574,2370
1574,1847
1574,2465
1574,1590
1574,2365
1574,1846
1574,1576
1574,1748
1574,1988
1574,2473
1574,1587
1574,1928
1574,1577
1574,2100
1575,2214
1575,1589
1575,1899
1575,1848
1575,2373
1575,2521
1575,1595
1575,1588
1575,1879
1575,1685
1575,2473
1575,1912
1575,2313
1575,2572
1575,2378
1575,1725
1575,1896
1575,1875
1575,1584
1575,1581
1576,2112
1576,1589
1576,1586
1576,2344
1576,1668
1576,1580
1576,2128
1576,2613
1576,2159
1576,1578
1576,2573
1576,2405
1576,1842
1576,2475
1576,1874
1576,1583
1576,1581
1576,1592
1576,2426
1576,2514
1576,2320
1576,2108
1576,1595
1576,2468
1576,2301
1576,2367
1576,1882
1576,1905
1576,1598
1576,2336
1577,2370
1577,2091
1577,2711
1577,1958
1577,1762
1577,1874
1577,2155
1577,2121
1577,2316
1577,2133
1577,1776
1577,1728
1577,2385
1577,2482
1577,2368
1577,2007
1577,1589
1577,1686
1577,2098
1577,2336
1577,2106
1577,2101
1577,2363
1577,2478
1577,2381
1577,2110
1577,1755
1577,1748
1577,1857
1577,2372
1577,1596
1577,1593
1577,2108
1577,2105
1577,2507
1577,1844
1577,2214
1577,2117
1577,2574
1578,2140
1578,2608
1578,2387
1578,1762
1578,1579
1578,2570
1578,2315
1578,2095
1578,1755
1578,2281
1578,2572
1578,1599
1578,2373
1578,1597
1578,2159
1578,1595
1578,1861
1578,1585
1578,1842
1578,2594
1578,2102
1578,1846
1578,2599
1578,2405
1578,2469
1578,1790
1578,1596
1578,1593
1578,2336
1578,2474
1578,1598
1578,2574
1578,2380
1578,1592
1578,2465
1578,2529
1578,2710
1578,1589
1578,2505
1578,2038
1579,2370
1579,2270
1579,1586
1579,1668
1579,2491
1579,1580
1579,2089
1579,2371
1579,1595
1579,1685
1579,1592
1579,2405
1579,1597
1579,1596
1579,1593
1579,2138
1579,1860
1579,2159
1579,2128
1579,1725
1579,2105
1579,1958
1579,2381
1579,2478
1579,1858
1579,1953
1579,2117
1579,1904
1579,2201
1579,2336
1579,2507
1580,2477
1580,2514
1580,2128
1580,2097
1580,1759
1580,2281
1580,2360
1580,1842
1580,2521
1580,1873
1580,2214
1580,2095
1580,2149
1580,2371
1580,2565
1580,1595
1580,1592
1580,2092
1580,2381
1580,2482
1580,2100
1580,2570
1580,2373
1580,2559
1580,2533
1580,2078
1581,2331
1581,1691
1581,1958
1581,2507
1581,2257
1581,1668
1581,2572
1581,2373
1581,1597
1581,2482
1581,2288
1581,2710
1581,2415
1581,2096
1581,2573
1581,2336
1581,1704
1581,2106
1581,1583
1581,1593
1581,2108
1581,2100
1581,2367
1581,2529
1581,2110
1581,1620
1581,1748
1582,2112
1582,2094
1582,2534
1582,2100
1582,1739
1582,1686
1582,2322
1582,2507
1582,1842
1582,2133
1582,2377
1582,2492
1582,2084
1582,2020
1582,2101
1582,2115
1582,2089
1582,1595
1582,1846
1582,2114
1582,2405
1582,1882
1582,1591
1582,2314
1582,2256
1582,2390
1582,2533
1582,1858
1582,2261
1583,1859
1583,2091
1583,2697
1583,1856
1583,2422
1583,2007
1583,2570
1583,1894
1583,2482
1583,1858
1583,2001
1583,1685
1583,2128
1583,2710
1583,1871
1583,2110
1583,1842
1583,1928
1583,2106
1583,2565
1583,1590
1583,1877
1583,2089
1583,2105
1583,2405
1584,2588
1584,1586
1584,2320
1584,1985
1584,1896
1584,2613
1584,1859
1584,1762
1584,1872
1584,2409
1584,2086
1584,2342
1584,1857
1584,1965
1584,1912
1584,2405
1584,2281
1584,2572
1584,2371
1584,1596
1584,2151
1584,2507
1584,2313
1584,2590
1584,2105
1584,2392
1584,1849
1584,1593
1584,1590
1584,2133
1584,1748
1584,2214
1585,2260
1585,2472
1585,1890
1585,2708
1585,1738
1585,1958
1585,1879
1585,2246
1585,1858
1585,2371
1585,2529
1585,2573
1585,2112
1585,2108
1585,2475
1585,1842
1585,1912
1585,1896
1585,2092
1585,1591
1585,1593
1585,2407
1585,2093
1585,2373
1585,2492
1585,2386
1585,1672
1585,1828
1586,1899
1586,2555
1586,1852
1586,2098
1586,1871
1586,2386
1586,1704
1586,1847
1586,2608
1586,1865
1586,2498
1586,2132
1586,2007
1586,2099
1586,2114
1586,2106
1586,2367
1586,1592
1586,2381
1586,2117
1586,1857
1586,1590
1586,1587
1586,1875
1586,2128
1586,2710
1586,2323
1586,1958
1586,2108
1586,2572
1586,1589
1586,2402
1586,2473
1586,2532
1586,2392
1586,1850
1586,1903
1586,2177
1587,2370
1587,2086
1587,2708
1587,2320
1587,1958
1587,1762
1587,2360
1587,2257
1587,2626
1587,2572
1587,2100
1587,2159
1587,2710
1587,2510
1587,2313
1587,2336
1587,1619
1587,2367
1587,2658
1587,2310
1587,2573
1587,1592
1587,2371
1587,2156
1587,1755
1587,2574
1587,1890
1587,2094
1587,1878
1588,2712
1588,2074
1588,2608
1588,2613
1588,2322
1588,2373
1588,2482
1588,2701
1588,2532
1588,2245
1588,2479
1588,1878
1588,1875
1588,1848
1588,1599
1588,2599
1588,2214
1588,2505
1588,2533
1588,2695
1588,2645
1588,2330
1588,2162
1589,1994
1589,2074
1589,2608
1589,2214
1589,1689
1589,2100
1589,1875
1589,2377
1589,2371
1589,2386
1589,2095
1589,2310
1589,2116
1589,1748
1589,1597
1589,1596
1589,1591
1589,2134
1589,1958
1589,2572
1589,2313
1589,2199
1589,2102
1589,2151
1589,2528
1589,2105
1589,1619
1589,2635
1589,2205
1589,2206
1589,1801
1590,2150
1590,2125
1590,2570
1590,2507
1590,2134
1590,2112
1590,2306
1590,2438
1590,1755
1590,2151
1590,1860
1590,2159
1590,1861
1590,2281
1590,2348
1590,1857
1590,2370
1590,1594
1590,2374
1590,1598
1590,1591
1590,1685
1590,2114
1590,1872
1590,2074
1590,1840
1591,2151
1591,2320
1591,2507
1591,1867
1591,1850
1591,2520
1591,1781
1591,2641
1591,2386
1591,1755
1591,1739
1591,2159
1591,2505
1591,2476
1591,2281
1591,2475
1591,1979
1591,2102
1591,2108
1591,2135
1591,2146
1591,2101
1591,1596
1591,2381
1591,2718
1591,2555
1591,2373
1591,2133
1592,2243
1592,2151
1592,2320
1592,2281
1592,1859
1592,2150
1592,1762
1592,2570
1592,2472
1592,2084
1592,2103
1592,2133
1592,1882
1592,2400
1592,2710
1592,2105
1592,2573
1592,2574
1592,2102
1592,2110
1592,1912
1592,1877
1592,1928
1592,1686
1592,2363
1592,2093
1592,1597
1592,2438
1592,2507
1592,2489
1592,2505
1592,2094
1592,2370
1592,1594
1592,1896
1592,2381
1592,2097
1593,2331
1593,1691
1593,2564
1593,1672
1593,2060
1593,1841
1593,1896
1593,1702
1593,1597
1593,1858
1593,1680
1593,2159
1593,2633
1593,1907
1593,1849
1593,2363
1593,2524
1593,2415
1593,2281
1593,2473
1593,2322
1593,2405
1593,2038
1593,2108
1593,1875
1593,1598
1593,2191
1593,2066
1593,1613
1593,1974
1594,2128
1594,2397
1594,2456
1594,2094
1594,1887
1594,1778
1594,2328
1594,1668
1594,2347
1594,2212
1594,2373
1594,2367
1594,1860
1594,1729
1594,2100
1594,2507
1594,1744
1594,2007
1594,2492
1594,1910
1594,2114
1594,2480
1594,2529
1594,1861
1594,1851
1594,2336
1594,1928
1594,2475
1594,2499
1594,2093
1594,2620
1594,2038
1594,2380
1594,2101
1594,2123
1594,1945
1594,2098
1594,1842
1594,2159
1594,2381
1594,2052
1595,2253
1595,2218
1595,2611
1595,2097
1595,2366
1595,2402
1595,1836
1595,1870
1595,2419
1595,2092
1595,2159
1595,1861
1595,2151
1595,1860
1595,2539
1595,2106
1595,2565
1595,2098
1595,2102
1595,2498
1595,2110
1595,1755
1595,1748
1595,2038
1595,1918
1595,1910
1595,1596
1595,2574
1595,2317
1595,2220
1596,2128
1596,2151
1596,2125
1596,2281
1596,1958
1596,2315
1596,2382
1596,2407
1596,2084
1596,2317
1596,2498
1596,2100
1596,1872
1596,2469
1596,2081
1596,2386
1596,1886
1596,2155
1596,2133
1596,2115
1596,2417
1596,2105
1596,2574
1596,1928
1596,2373
1596,1748
1596,2620
1596,1844
1596,1867
1596,2106
1596,2370
1597,2241
1597,2590
1597,2317
1597,1903
1597,2111
1597,2492
1597,2438
1597,2521
1597,2478
1597,1739
1597,1860
1597,2539
1597,2529
1597,2508
1597,1843
1597,2371
1597,2468
1597,1928
1597,2599
1597,2114
1597,2405
1597,1857
1597,2665
1597,1598
1597,2281
1597,2572
1597,2475
1597,2537
1597,2482
1597,1747
1597,1935
1597,2711
1597,2313
1597,2102
1597,1874
1597,1863
1597,2376
1597,2533
1597,2128
1597,2322
1597,2428
1597,2719
1597,2260
1598,2608
1598,1768
1598,1853
1598,2320
1598,2100
1598,1907
1598,1840
1598,2138
1598,2635
1598,2529
1598,1748
1598,1739
1598,2214
1598,2117
1598,2313
1598,1728
1598,2105
1598,2108
1598,2649
1598,2146
1598,2482
1598,2322
1598,2336
1599,2472
1599,1713
1599,1691
1599,2590
1599,2180
1599,1856
1599,1759
1599,2387
1599,1915
1599,1851
1599,1870
1599,2360
1599,1867
1599,2382
1599,2708
1599,2320
1599,2316
1599,1854
1599,1755
1599,2531
1599,1860
1599,2539
1599,1872
1599,1877
1599,1846
1599,2110
1599,1748
1599,2283
1599,2574
1599,2473
1599,2465
1599,1906
1600,2163
1600,2327
1600,2142
1600,1918
1600,2247
1600,1950
1600,1660
1600,1998
1600,2598
1600,2653
1600,2523
1600,2222
1600,2043
1600,1796
1600,2291
1600,1991
1600,1943
1600,2235
1600,1926
1600,1770
1600,2634
1600,2520
1600,2383
1600,2425
1600,2204
1600,2519
1600,1932
1600,1835
1600,2075
1600,1777
1600,2049
1600,2704
1600,1637
1600,2607
1600,2413
1600,2292
1600,2467
1600,1788
1600,1954
1600,1760
1600,2401
1600,2013
1600,2207
1600,2518
1600,2348
1600,2639
1601,2176
1601,2467
1601,2297
1601,2142
1601,2670
1601,1636
1601,2050
1601,2677
1601,1607
1601,2175
1601,1630
1601,2026
1601,2516
1601,1943
1601,2413
1601,2174
1601,2169
1601,1605
1601,1829
1601,1923
1601,2643
1602,2273
1602,1816
1602,2576
1602,2551
1602,1638
1602,2272
1602,2029
1602,2308
1602,2144
1602,2577
1602,2424
1602,1625
1602,1678
1602,1640
1602,2586
1602,2583
1602,1643
1602,2423
1602,2266
1602,2274
1602,2458
1603,2140
1603,2158
1603,2591
1603,1831
1603,2217
1603,1648
1603,2631
1603,2556
1603,2486
1603,2673
1603,2567
1603,1672
1603,2553
1603,1886
1603,2177
1603,2336
1603,1685
1603,1729
1603,2483
1603,1901
1603,1917
1603,2589
1603,2261
1603,2633
1603,2259
1603,2681
1603,2196
1603,2659
1603,2368
1603,2213
1603,1907
1603,1830
1603,1747
1603,2426
1603,2597
1603,2480
1604,2609
1604,1925
1604,2548
1604,2157
1604,2545
1604,2379
1604,2700
1604,2623
1604,1991
1604,2195
1604,1920
1604,2578
1604,2069
1604,2519
1604,1955
1604,2550
1604,1775
1604,2527
1605,2581
1605,2399
1605,1954
1605,1792
1605,2356
1605,1922
1605,2550
1605,1784
1605,2677
1605,2609
1605,2703
1605,2516
1605,1761
1605,1940
1605,2175
1606,1832
1606,1653
1606,1651
1606,2189
1606,2267
1606,1949
1606,2280
1606,2614
1606,2145
1606,1752
1607,1664
1607,2194
1607,2170
1607,2351
1607,2209
1607,2677
1607,2587
1607,2023
1607,2519
1607,1652
1607,2623
1607,2172
1607,2266
1607,2010
1607,1944
1607,2696
1607,2193
1607,2356
1607,2459
1607,2137
1607,2466
1607,1620
1607,1752
1607,2269
1607,1623
1607,2187
1607,2516
1607,2188
1607,2045
1607,1622
1607,2703
1608,2451
1608,1900
1608,2448
1608,2147
1608,2489
1608,2131
1609,2253
1609,1925
1609,2326
1609,2090
1609,2461
1609,1966
1609,1784
1609,2428
1609,2088
1609,2206
1609,2044
1609,2201
1609,2279
1609,2358
1609,2177
1609,2440
1609,1930
1609,2204
1609,1951
1609,2270
1609,1785
1609,2669
1609,2050
1609,2515
1609,2624
1609,1712
1609,2223
1609,2292
1609,2053
1609,2203
1609,1627
1609,1939
1609,1614
1609,2404
1609,2518
1610,2237
1610,2585
1610,1618
1610,2420
1610,2183
1610,2165
1610,2456
1610,2045
1610,2274
1610,2634
1610,2022
1610,2164
1610,2144
1610,2418
1610,1632
1610,2269
1610,2628
1610,1949
1610,1620
1610,2639
1610,2268
1610,1622
1610,2187
1610,2265
1610,2096
1610,2185
1610,1677
1610,2543
1610,1839
1610,2215
1610,2461
1610,2546
1610,1673
1610,2229
1610,2184
1611,2275
1611,2172
1611,2137
1611,1792
1611,2484
1611,1638
1611,2173
1611,2185
1611,2643
1611,2546
1611,1738
1611,2397
1611,1621
1611,2203
1611,2169
1611,2488
1611,2629
1611,1837
1611,2045
1611,1830
1611,2703
1611,1637
1611,2543
1611,1623
1611,1677
1611,1635
1611,2702
1611,1752
1611,2175
1611,1676
1611,1629
1611,2188
1611,1656
1611,2361
1612,2588
1612,2650
1612,1808
1612,2629
1612,2206
1612,2393
1612,2351
1612,1922
1612,1819
1612,2618
1612,2164
1612,2167
1612,2543
1612,2229
1612,1925
1612,2348
1612,2220
1612,1813
1612,2046
1612,2327
1612,1951
1612,1763
1612,1637
1612,2671
1612,2219
1612,2266
1612,2578
1612,2197
1612,1624
1612,2413
1612,1635
1612,2359
1612,1615
1612,1792
1612,1839
1612,2356
1613,2469
1613,2317
1613,2214
1613,1668
1613,2570
1613,2315
1613,1874
1613,2095
1613,1854
1613,1842
1613,2507
1613,1847
1613,2510
1613,2387
1613,2336
1613,2367
1613,2539
1613,1860
1613,2590
1613,2381
1613,2392
1613,2380
1613,2465
1613,2572
1613,2378
1613,1915
1614,2247
1614,2584
1614,2297
1614,2290
1614,1657
1614,2550
1614,2353
1614,2545
1614,2169
1614,2357
1614,2526
1614,2056
1614,1929
1614,2496
1614,2172
1614,1937
1614,1760
1614,2332
1614,2207
1614,2076
1614,2687
1615,1633
1615,1618
1615,1616
1615,2677
1615,2586
1615,2351
1615,2045
1615,2209
1615,2169
1615,2496
1615,2224
1615,1822
1615,2228
1615,2670
1615,1918
1615,2435
1615,2399
1615,2164
1615,1647
1615,1632
1615,1800
1615,2137
1615,1808
1615,1620
1615,2624
1615,2551
1615,1940
1615,2418
1615,1888
1615,2484
1615,2413
1616,2072
1616,2588
1616,2165
1616,2183
1616,2167
1616,2286
1616,2033
1616,2303
1616,2420
1616,1621
1616,2274
1616,1665
1616,2487
1616,1641
1616,1678
1616,2344
1616,1629
1616,2677
1616,2459
1616,1673
1616,2189
1617,1654
1617,2658
1617,2188
1617,1644
1617,1676
1617,1641
1617,1640
1617,2274
1617,1663
1617,1649
1617,1643
1617,2582
1617,2399
1617,2174
1617,1666
1617,2618
1617,2195
1617,2045
1617,2515
1617,2460
1617,2178
1617,1632
1617,2704
1617,2187
1617,2182
1617,1618
1618,1637
1618,1633
1618,2185
1618,2191
1618,1644
1618,2167
1618,2543
1618,2220
1618,2224
1618,1628
1618,1679
1618,1643
1618,2582
1618,1638
1618,2010
1618,2284
1618,2237
1618,1673
1618,1626
1618,2515
1618,2174
1618,2269
1618,2516
1618,1761
1618,2461
1618,2653
1619,2366
1619,2701
1619,2166
1619,1974
1619,2314
1619,2061
1619,1707
1619,2438
1619,1968
1619,1871
1619,1648
1619,2521
1619,2405
1619,2110
1619,2072
1619,2240
1619,2596
1619,2635
1619,2505
1619,2415
1619,1748
1619,2566
1619,2719
1619,2361
1620,1636
1620,1628
1620,2021
1620,2173
1620,2045
1620,2195
1620,2170
1620,2267
1620,2527
1620,2624
1620,2551
1620,2145
1620,1922
1620,2280
1620,2010
1620,1622
1620,1679
1620,1649
1620,2359
1620,2193
1620,2174
1620,2266
1620,1638
1620,1677
1621,2579
1621,2466
1621,2183
1621,2546
1621,2127
1621,2173
1621,2045
1621,2169
1621,2413
1621,1965
1621,1624
1621,2303
1621,1632
1621,1826
1621,2670
1621,2088
1621,2430
1621,1622
1621,2543
1621,2184
1621,2696
1621,2215
1621,2700
1621,2600
1621,1630
1621,1761
1621,1828
1621,1634
1621,1677
1621,2286
1622,2548
1622,2461
1622,1636
1622,1635
1622,2271
1622,2079
1622,1626
1622,2351
1622,2585
1622,2209
1622,2195
1622,2618
1622,2383
1622,2543
1622,1623
1622,2466
1622,1761
1622,2609
1622,2045
1622,1669
1622,2197
1622,1752
1622,2175
1622,1657
1622,2174
1622,2057
1622,2527
1622,2292
1623,2399
1623,2461
1623,2297
1623,2694
1623,1644
1623,2209
1623,1922
1623,2054
1623,2618
1623,2144
1623,2267
1623,2142
1623,1813
1623,2236
1623,2270
1623,1800
1623,2333
1623,1883
1623,1930
1623,2269
1623,1626
1623,2096
1623,2583
1623,2348
1623,2206
1623,2216
1623,2404
1623,2170
1623,2546
1623,2358
1623,1630
1623,1629
1623,2197
1623,2359
1624,1654
1624,1653
1624,2335
1624,2466
1624,2435
1624,2013
1624,1901
1624,2131
1624,2456
1624,2262
1624,1835
1624,2686
1624,1637
1624,2618
1624,2142
1624,1657
1624,2627
1624,1930
1624,2461
1624,2170
1624,2697
1624,1630
1624,1629
1624,2197
1624,2440
1624,1761
1624,2515
1624,2418
1624,2255
1624,2232
1624,1959
1625,2420
1625,2272
1625,2127
1625,2189
1625,2029
1625,2144
1625,2040
1625,2462
1625,1663
1625,2423
1625,2457
1625,2458
1625,1659
1625,2359
1626,2176
1626,2137
1626,1792
1626,1633
1626,2170
1626,1824
1626,2598
1626,1752
1626,2553
1626,2284
1626,2705
1626,2351
1626,2202
1626,2487
1626,1675
1626,2268
1626,2696
1626,1630
1626,2173
1626,2413
1626,2496
1626,1655
1626,1937
1626,2624
1627,2122
1627,2399
1627,2219
1627,2440
1627,2173
1627,2353
1627,2700
1627,2383
1627,2238
1627,2282
1627,2519
1627,2609
1627,1951
1627,1962
1627,1942
1627,1801
1627,2459
1627,2185
1627,2292
1627,2431
1627,2223
1628,2586
1628,2271
1628,1922
1628,1676
1628,1647
1628,1665
1628,1659
1628,1652
1628,2273
1628,1662
1628,2265
1628,2582
1628,2423
1628,2029
1628,2515
1628,1949
1628,1829
1628,1655
1628,1921
1629,1832
1629,1631
1629,2461
1629,2186
1629,2462
1629,2420
1629,2127
1629,1657
1629,2045
1629,2703
1629,2547
1629,2592
1629,2269
1629,1663
1629,2488
1629,1673
1629,1637
1629,2187
1629,2399
1629,2175
1630,1792
1630,2170
1630,1752
1630,2546
1630,1829
1630,1926
1630,2177
1630,2592
1630,1632
1630,2026
1630,1640
1630,2418
1630,2515
1630,1663
1630,2535
1630,2356
1630,1677
1630,2453
1630,2527
1630,2704
1630,1637
1630,1833
1630,2460
1630,2275
1630,2178
1630,2579
1630,2191
1630,2188
1630,2658
1630,2184
1630,2118
1631,1659
1631,2586
1631,2577
1631,1640
1631,1669
1631,2194
1631,1663
1631,2583
1631,1664
1631,2275
1631,1679
1631,2431
1632,1956
1632,2585
1632,1795
1632,1922
1632,2677
1632,2351
1632,2418
1632,1655
1632,1937
1632,1638
1632,1826
1632,2188
1632,1805
1632,2056
1632,2145
1632,2333
1632,2010
1632,2193
1632,1669
1632,2459
1632,2187
1632,2399
1632,1835
1632,1803
1632,2696
1632,2232
1632,2582
1633,2609
1633,2137
1633,1660
1633,1922
1633,1888
1633,1644
1633,2543
1633,1954
1633,2426
1633,1941
1633,2697
1633,2600
1633,2053
1633,2582
1633,2457
1633,2174
1633,2010
1633,2551
1633,2461
1633,2193
1633,2269
1633,1715
1633,1752
1633,2578
1633,2209
1633,2173
1633,2628
1633,2413
1633,2353
1633,1676
1633,2355
1633,2203
1633,2354
1634,2327
1634,2461
1634,2623
1634,2318
1634,2176
1634,2173
1634,1832
1634,1644
1634,2170
1634,1888
1634,2239
1634,1957
1634,2418
1634,2026
1634,2624
1634,2193
1634,2231
1634,2266
1634,2383
1634,2516
1634,2627
1634,2487
1634,2191
1634,2296
1634,1776
1634,1921
1634,1822
1635,2131
1635,2535
1635,2206
1635,2670
1635,2167
1635,2461
1635,2170
1635,1813
1635,1922
1635,2618
1635,2215
1635,2164
1635,2169
1635,1941
1635,1930
1635,2235
1635,2436
1635,2053
1635,2277
1635,1933
1635,1642
1635,2184
1635,2010
1635,2696
1635,2191
1635,2187
1635,2466
1635,2237
1635,1752
1635,2597
1635,2209
1635,2173
1635,1761
1635,2628
1635,2704
1635,2413
1635,2286
1635,2189
1635,2296
1635,1940
1635,2223
1635,2045
1635,1657
1635,2433
1635,2354
1636,2581
1636,2614
1636,2548
1636,2399
1636,2629
1636,2267
1636,1637
1636,2351
1636,2543
1636,2627
1636,2546
1636,2170
1636,2358
1636,1638
1636,2175
1636,2551
1636,1676
1636,2287
1636,2193
1636,1677
1636,2189
1636,2165
1636,2118
1636,1948
1637,2587
1637,2614
1637,2548
1637,2176
1637,2172
1637,2598
1637,2466
1637,2170
1637,1832
1637,1638
1637,1890
1637,1791
1637,2118
1637,2677
1637,2045
1637,2164
1637,1673
1637,1930
1637,2047
1637,2624
1637,2227
1637,2188
1637,2579
1637,2191
1637,1670
1637,2543
1637,1678
1637,2169
1637,2266
1637,2168
1637,2600
1637,2187
1637,2585
1637,1677
1637,1829
1637,2193
1638,1925
1638,2421
1638,2284
1638,2165
1638,2470
1638,2355
1638,2683
1638,1673
1638,1787
1638,2272
1638,2195
1638,1883
1638,2174
1638,2183
1638,1829
1638,2269
1638,2197
1638,2628
1638,2118
1638,1927
1638,2703
1638,1639
1639,2077
1639,2623
1639,2653
1639,2069
1639,2441
1639,2013
1639,2291
1639,2443
1639,2249
1639,1920
1639,2585
1639,1712
1639,1937
1639,1784
1639,2657
1639,2603
1639,2233
1639,2191
1639,1802
1639,2348
1639,2353
1639,2706
1639,1930
1639,2687
1639,1971
1639,2527
1639,2236
1639,1801
1639,2189
1639,1939
1639,2424
1639,1761
1639,2404
1639,2523
1639,2232
1639,1760
1639,2046
1640,2581
1640,2275
1640,2576
1640,2297
1640,2167
1640,2287
1640,1655
1640,2583
1640,2677
1640,2682
1640,2500
1640,2549
1640,2424
1640,2550
1640,2587
1640,1679
1641,1909
1641,2707
1641,2205
1641,2610
1641,2287
1641,1666
1641,2577
1641,2127
1641,2268
1641,2413
1641,2267
1641,2026
1641,1726
1641,1652
1641,2576
1641,1647
1641,1642
1641,1812
1641,2184
1642,2586
1642,2194
1642,2429
1642,2342
1642,2050
1642,2029
1642,2195
1642,2618
1642,2269
1642,1663
1642,1649
1642,2026
1642,2265
1642,2628
1642,2182
1642,1665
1642,2172
1642,2266
1643,2581
1643,1816
1643,2349
1643,2032
1643,2287
1643,1655
1643,2169
1643,1666
1643,2606
1643,2577
1643,2188
1643,1665
1643,2284
1643,1663
1644,1809
1644,2548
1644,2275
1644,2349
1644,2194
1644,2172
1644,2579
1644,2623
1644,2170
1644,2199
1644,2296
1644,2167
1644,1813
1644,1883
1644,2225
1644,2096
1644,1726
1644,2018
1644,2185
1644,2200
1644,2103
1644,2188
1644,2164
1644,2220
1644,1922
1644,2019
1644,2175
1644,2578
1644,1757
1644,1818
1644,1959
1645,1925
1645,2157
1645,1653
1645,2176
1645,2077
1645,2488
1645,2466
1645,1836
1645,2697
1645,1824
1645,1648
1645,2665
1645,2656
1645,2053
1645,2229
1645,2435
1645,1936
1645,2547
1645,2188
1645,2291
1645,1895
1645,2609
1645,2221
1645,2706
1645,2500
1645,1955
1645,1772
1645,2203
1645,2234
1645,2046
1645,2607
1645,1655
1645,2172
1645,2269
1645,1954
1645,2251
1645,2348
1645,2223
1645,2202
1645,2249
1645,1726
1645,2675
1645,2578
1645,2204
1645,2624
1645,2519
1645,1991
1645,2261
1645,1677
1645,2404
1646,2003
1646,2300
1646,2591
1646,2104
1646,2200
1646,1916
1646,2560
1646,1834
1646,2039
1646,2255
1646,2030
1646,1729
1646,1671
1646,1807
1646,2001
1646,2000
1646,1667
1646,1827
1646,2099
1646,2681
1646,2254
1646,1818
1646,2015
1646,2277
1647,2548
1647,1664
1647,2586
1647,1950
1647,2457
1647,2003
1647,2050
1647,1670
1647,2549
1647,2088
1647,2194
1647,2029
1647,1679
1647,1652
1647,1649
1647,2582
1647,2423
1647,2460
1647,2515
1648,2063
1648,2401
1648,2059
1648,2484
1648,2467
1648,2166
1648,1797
1648,2573
1648,2635
1648,2061
1648,2569
1648,1823
1648,2041
1648,2048
1648,1715
1648,2394
1648,2517
1648,2655
1648,1968
1648,2503
1648,1791
1648,2337
1648,2225
1648,2506
1648,2299
1648,1763
1648,1977
1648,2691
1648,2497
1648,1960
1648,2495
1649,2548
1649,2610
1649,2458
1649,2050
1649,2029
1649,2195
1649,2549
1649,2022
1649,2577
1649,2268
1649,1661
1649,1837
1649,2209
1649,1949
1649,2255
1649,1665
1649,1816
1649,1957
1649,2583
1649,2019
1649,2423
1649,2579
1650,2287
1650,2032
1650,1656
1650,2215
1650,2424
1651,1654
1651,2002
1651,1811
1651,2088
1651,2050
1651,1949
1651,1659
1651,1679
1651,2019
1651,2423
1651,1666
1651,2273
1651,2703
1652,1816
1652,2420
1652,2287
1652,2029
1652,1654
1652,2577
1652,2383
1652,2274
1652,1666
1652,2272
1652,1661
1652,1659
1652,2127
1652,2268
1652,2026
1652,2581
1652,2423
1652,2696
1652,2168
1652,2586
1652,2010
1652,2551
1652,2175
1653,2670
1653,2399
1653,1917
1653,1892
1653,1826
1653,2453
1653,2267
1653,2235
1653,1949
1653,2696
1653,2418
1653,2466
1653,1981
1654,2003
1654,2614
1654,2185
1654,2587
1654,2164
1654,2220
1654,2029
1654,1675
1654,2194
1654,2019
1654,1662
1654,2696
1654,1678
1654,2195
1654,2183
1654,2142
1655,2670
1655,2219
1655,2429
1655,2358
1655,1804
1655,2618
1655,2586
1655,2351
1655,2191
1655,2174
1655,2356
1655,2168
1655,2459
1655,1752
1655,2269
1655,2197
1655,1761
1655,1829
1655,2628
1655,2142
1655,2424
1655,2189
1655,2220
1655,2549
1655,2118
1655,2353
1655,2404
1656,2165
1656,1818
1656,2549
1656,1658
1656,2145
1657,2399
1657,2275
1657,2142
1657,1956
1657,1664
1657,2284
1657,2172
1657,2598
1657,1836
1657,1752
1657,2392
1657,2633
1657,2168
1657,2188
1657,2618
1657,2700
1657,2425
1657,1975
1657,2577
1657,2195
1657,2010
1657,1802
1657,2190
1657,2578
1657,1677
1657,2173
1657,2262
1657,2359
1657,2064
1657,2002
1658,2032
1658,2018
1658,2026
1658,1667
1658,2586
1658,2280
1658,2003
1658,2266
1659,2586
1659,2032
1659,2029
1659,2274
1659,2577
1659,2268
1659,2026
1659,2284
1659,2605
1659,1665
1659,2424
1659,1669
1659,1662
1660,2522
1660,1809
1660,2670
1660,2704
1660,2219
1660,1722
1660,2498
1660,2198
1660,1907
1660,2342
1660,2023
1660,1883
1660,2227
1660,1828
1660,2064
1660,1946
1660,2018
1660,1813
1660,1941
1660,2526
1660,2054
1660,2236
1660,2599
1660,2211
1660,2383
1660,2190
1660,2238
1660,1930
1660,2224
1660,2291
1660,1796
1660,2456
1660,1793
1660,1929
1660,1788
1660,1982
1660,1827
1660,2209
1660,2628
1660,2629
1660,1932
1660,2223
1660,2279
1661,2587
1661,1664
1661,1997
1661,2183
1661,2189
1661,2577
1661,2462
1661,2267
1661,2643
1661,2272
1661,2170
1661,2543
1661,2127
1661,1669
1661,2273
1661,1662
1661,1675
1661,2582
1661,2423
1661,2175
1661,2187
1661,1677
1662,2587
1662,2586
1662,2127
1662,2268
1662,2018
1662,2137
1662,2184
1663,2581
1663,2273
1663,2586
1663,2576
1663,2610
1663,2457
1663,2458
1663,2050
1663,2195
1663,2453
1663,1949
1663,2167
1663,2272
1663,2424
1663,2266
1663,1664
1663,2287
1663,1669
1663,2515
1664,2275
1664,2142
1664,2050
1664,2271
1664,2586
1664,2287
1664,1669
1664,2274
1664,2462
1664,2272
1664,2032
1664,2549
1664,1666
1665,2587
1665,2586
1665,2194
1665,2420
1665,2581
1665,2064
1665,2549
1665,2460
1665,2458
1665,2462
1665,2576
1665,1965
1665,1885
1665,2029
1665,1678
1665,1669
1665,1949
1665,2184
1666,2127
1666,2050
1666,1676
1666,2629
1666,2643
1666,2351
1666,1675
1666,2019
1666,1805
1666,2649
1666,1669
1666,2515
1666,2026
1666,2178
1666,2269
1666,1677
1667,1806
1667,1891
1667,2674
1667,2027
1667,1834
1667,2039
1667,2707
1667,2002
1667,2599
1667,1819
1667,2008
1667,2033
1667,2611
1667,2470
1667,1671
1667,2000
1667,2705
1667,2015
1667,2014
1667,1826
1667,1888
1668,2130
1668,1859
1668,2608
1668,2402
1668,2320
1668,1865
1668,1849
1668,2107
1668,2534
1668,2397
1668,1912
1668,1876
1668,2382
1668,2521
1668,2133
1668,2373
1668,2377
1668,2367
1668,1928
1668,1755
1668,2117
1668,2710
1668,2281
1668,2151
1668,1841
1668,2112
1668,2119
1668,2570
1668,1898
1668,2415
1668,2196
1668,2491
1668,1812
1668,2303
1668,2075
1668,1680
1669,2586
1669,2137
1669,2576
1669,2050
1669,2029
1669,2195
1669,2032
1669,2549
1669,2272
1669,2460
1669,2583
1669,2019
1669,2582
1669,2423
1669,2605
1669,2127
1669,2459
1669,2581
1670,1806
1670,2009
1670,2155
1670,1837
1670,2127
1670,2022
1670,2088
1670,2033
1670,2262
1670,2254
1670,1826
1670,2285
1670,2426
1670,2550
1670,2453
1670,1756
1670,2149
1670,2229
1670,2696
1671,1831
1671,1897
1671,1950
1671,1997
1671,1780
1671,2015
1671,1757
1671,2654
1671,2017
1671,2275
1671,2228
1671,2276
1671,2139
1671,1720
1671,2002
1671,2000
1671,2674
1671,2005
1671,2676
1671,2218
1671,1833
1672,2522
1672,2328
1672,2152
1672,1783
1672,2615
1672,2608
1672,1831
1672,2342
1672,2064
1672,1780
1672,2561
1672,2566
1672,2553
1672,1740
1672,2199
1672,1794
1672,1860
1672,2440
1672,1858
1672,2024
1672,2099
1672,2681
1672,2599
1672,2104
1672,2589
1672,2596
1672,2400
1672,1796
1672,1893
1672,2444
1672,1892
1672,2682
1672,2391
1672,1806
1672,2485
1672,1804
1672,1825
1672,1822
1672,2242
1673,2670
1673,2045
1673,2189
1673,1895
1673,2164
1673,2216
1673,2075
1673,2581
1673,2618
1673,2197
1673,2418
1673,2549
1673,2598
1673,2269
1673,1676
1673,2543
1673,2026
1673,1944
1673,2359
1673,2191
1674,2295
1674,1742
1674,2319
1674,2463
1674,2651
1674,1727
1674,2454
1674,2341
1674,2147
1674,2306
1674,1724
1674,2179
1674,1857
1675,2273
1675,2271
1675,2129
1675,2164
1675,2268
1675,2127
1675,2462
1675,2274
1675,2586
1675,2269
1675,2551
1675,2577
1675,1678
1676,2199
1676,2050
1676,2587
1676,2023
1676,2577
1676,2268
1676,2583
1676,2019
1676,2423
1676,2462
1676,2026
1676,2155
1676,2578
1677,2284
1677,2527
1677,2167
1677,2494
1677,2118
1677,2173
1677,2045
1677,2235
1677,2226
1677,2516
1677,2218
1677,2453
1677,2699
1677,2351
1677,2466
1677,1761
1677,2178
1677,1925
1677,2160
1677,2254
1677,2418
1677,1752
1677,2175
1677,2585
1677,2197
1677,2013
1678,2273
1678,1838
1678,2290
1678,2272
1678,2127
1678,2351
1678,2578
1678,2460
1678,2026
1678,2586
1678,2548
1678,1679
1679,2610
1679,2029
1679,2577
1679,2175
1679,2424
1679,2182
1679,2462
1680,2514
1680,2214
1680,1865
1680,1849
1680,2113
1680,1870
1680,1705
1680,2564
1680,1875
1680,2620
1680,1874
1680,2382
1680,2095
1680,1896
1680,2521
1680,2240
1680,2532
1680,1739
1680,1876
1680,2472
1680,2107
1680,2313
1680,2146
1680,2504
1680,2533
1681,1974
1681,1714
1681,1690
1681,2630
1681,1703
1681,1684
1681,1719
1681,1687
1681,1700
1681,2384
1681,1699
1681,2380
1682,2690
1682,2130
1682,2309
1682,2697
1682,2689
1682,1778
1682,2663
1682,2637
1682,1770
1682,1979
1682,2366
1682,1748
1682,2326
1682,2034
1682,2041
1682,2393
1682,2043
1682,2698
1682,2052
1682,1781
1682,2494
1682,1968
1682,2525
1682,2234
1682,1776
1682,2066
1682,1969
1682,2289
1682,2655
1683,1701
1683,2645
1683,1694
1683,2373
1683,1690
1683,2316
1683,1684
1683,1699
1683,1974
1683,1700
1683,1698
1683,2086
1683,2390
1683,1711
1683,2322
1683,1702
1683,2313
1684,2074
1684,1714
1684,1694
1684,1690
1684,2384
1684,1705
1684,2479
1684,1707
1684,2360
1684,1711
1684,1931
1684,1710
1684,1716
1684,1866
1684,1877
1684,1698
1684,1693
1684,2380
1684,2240
1685,2601
1685,2112
1685,1935
1685,2260
1685,1762
1685,2672
1685,2016
1685,2116
1685,2115
1685,1876
1685,1958
1685,2099
1685,2146
1685,2114
1685,2570
1685,1912
1685,1897
1685,2038
1685,2337
1685,2574
1685,2410
1685,2380
1686,2615
1686,2417
1686,2488
1686,2125
1686,2094
1686,2260
1686,2113
1686,2507
1686,2098
1686,2386
1686,1853
1686,2539
1686,1842
1686,2521
1686,2373
1686,1704
1686,1855
1686,2115
1686,2428
1686,1846
1686,2020
1686,2117
1686,2281
1686,2572
1686,2475
1686,2411
1686,2314
1686,2537
1686,2159
1686,2128
1686,2322
1686,2105
1686,2101
1686,2392
1686,1894
1686,1912
1686,2106
1686,2438
1686,2402
1686,2499
1686,2638
1686,2263
1687,2514
1687,1694
1687,1696
1687,1719
1687,2377
1687,1707
1687,2473
1687,2620
1687,1868
1688,1698
1688,1717
1688,1707
1688,1697
1688,1750
1688,1701
1688,1700
1688,1699
1688,1873
1688,2258
1689,2538
1689,2384
1689,1711
1689,1702
1689,2376
1690,2630
1690,1717
1690,1701
1690,1866
1690,1693
1690,1699
1690,2283
1690,1695
1690,2258
1690,1750
1691,2469
1691,2130
1691,1709
1691,2320
1691,2382
1691,2531
1691,1853
1691,1855
1691,2111
1691,2246
1691,2086
1691,2377
1691,2508
1691,1695
1691,2102
1691,2475
1691,2378
1691,2371
1691,2473
1691,2376
1691,2570
1691,1814
1691,2533
1691,2074
1691,2365
1691,2134
1691,2405
1691,1748
1691,2312
1691,2509
1691,2719
1692,2384
1692,2580
1692,2111
1692,1713
1692,1703
1692,1843
1692,1716
1692,1707
1692,1699
1692,2258
1692,1696
1693,1709
1693,2538
1693,1714
1693,1717
1693,1848
1693,1707
1693,1719
1693,1931
1693,1697
1693,2242
1693,1866
1693,1814
1693,2117
1694,2469
1694,1703
1694,1707
1694,1931
1694,1719
1694,2111
1694,1867
1694,1699
1694,1844
1694,1695
1694,2573
1695,2387
1695,2111
1695,2640
1695,1717
1695,2336
1696,1714
1696,2111
1696,1879
1696,2713
1696,2474
1696,1699
1696,2514
1696,1701
1696,1710
1696,2283
1697,1879
1697,2240
1697,1719
1697,1744
1697,1711
1697,1699
1697,1716
1697,1701
1697,1708
1698,1974
1698,1700
1698,1699
1698,1702
1698,1750
1699,1709
1699,1870
1699,2482
1699,1750
1699,2514
1699,1713
1699,2387
1699,1708
1699,1879
1699,2396
1700,1759
1700,2630
1700,2321
1700,1879
1700,1705
1700,2573
1700,1708
1700,1862
1700,1704
1700,1877
1700,1843
1700,2395
1700,1716
1700,1750
1700,1711
1701,2472
1701,2630
1701,1866
1701,1711
1701,1853
1701,2538
1701,1716
1701,1931
1701,1855
1701,2258
1701,2478
1702,1713
1702,1709
1702,2384
1702,1867
1702,1843
1702,1717
1702,1708
1702,1714
1702,2476
1702,1845
1702,2503
1703,2087
1703,1710
1703,1866
1703,2312
1704,2402
1704,1865
1704,1762
1704,2374
1704,1867
1704,1845
1704,1873
1704,2095
1704,2386
1704,2508
1704,2387
1704,2245
1704,2074
1704,2365
1704,2343
1704,2626
1704,2529
1704,2465
1704,2371
1704,2110
1704,1953
1704,1855
1704,2317
1704,2570
1704,2473
1704,2640
1704,1814
1704,2405
1704,2106
1704,2283
1705,2111
1705,2630
1705,1866
1705,1876
1705,1871
1705,1840
1705,2580
1705,2095
1705,1845
1705,2086
1705,2472
1705,2387
1705,2378
1705,2478
1705,1728
1705,2407
1706,1714
1706,1871
1706,2322
1706,1717
1706,2580
1706,2095
1706,1716
1706,2384
1706,1711
1706,2536
1707,2283
1707,1714
1707,1879
1707,2126
1707,2469
1707,2395
1707,1896
1707,2531
1707,2476
1707,1713
1707,2051
1708,1974
1708,1870
1708,2324
1708,1717
1708,2061
1708,1711
1708,2479
1708,2476
1708,2695
1708,2245
1709,2372
1709,2384
1709,1710
1709,2479
1709,1814
1710,1713
1710,2384
1710,2580
1710,1845
1710,1853
1710,1842
1711,1844
1711,1866
1711,1843
1711,2534
1711,2245
1711,2574
1712,1715
1712,2326
1712,2157
1712,1973
1712,2461
1712,1950
1712,2585
1712,2584
1712,1961
1712,2527
1712,2172
1712,1784
1712,2160
1712,1801
1712,2653
1712,2414
1712,2440
1712,2358
1712,2054
1712,1765
1712,1996
1712,2518
1712,2224
1712,1805
1712,2627
1712,2503
1712,2046
1712,2434
1712,1941
1712,2232
1712,2441
1712,2662
1712,1975
1712,2219
1712,2413
1712,2706
1712,2013
1712,2207
1712,1923
1712,1924
1712,2342
1712,1760
1712,2057
1712,2348
1712,2671
1712,1895
1713,2253
1713,2384
1713,1714
1713,2315
1713,1877
1713,2580
1713,2340
1714,2384
1714,1866
1714,2111
1714,2469
1714,2505
1714,2471
1715,2609
1715,2493
1715,1994
1715,2452
1715,1803
1715,2206
1715,2270
1715,2076
1715,2242
1715,2048
1715,2079
1715,2571
1715,2662
1715,1789
1715,2714
1715,2520
1715,1783
1715,2264
1715,1777
1715,2068
1715,1786
1715,1927
1715,2506
1715,1790
1715,2698
1715,2604
1715,2649
1715,1776
1715,2199
1715,2709
1715,2607
1715,1932
1715,2073
1715,1769
1715,2055
1715,1966
1715,2066
1715,2442
1715,2062
1715,2425
1715,1840
1715,2519
1715,2049
1715,1767
1715,2222
1715,1987
1715,1774
1715,2505
1715,2699
1715,2653
1716,2580
1716,2478
1716,2396
1716,1855
1716,2316
1716,1877
1717,2514
1717,1856
1717,2395
1717,2283
1717,2095
1717,2478
1717,2508
1717,2258
1718,1973
1718,1956
1718,1912
1718,2556
1718,2326
1718,2077
1718,1883
1718,2684
1718,2393
1718,1968
1718,1954
1718,2484
1718,2425
1718,2238
1718,1771
1718,1930
1718,2221
1718,2623
1718,1942
1718,1793
1718,2352
1718,1791
1718,1985
1718,2299
1718,1782
1718,2047
1718,1788
1718,1764
1718,2046
1718,2075
1718,1763
1718,2704
1718,2059
1718,1790
1718,2178
1718,2186
1718,1934
1718,2518
1719,2162
1719,2428
1719,1750
1719,1931
1719,1847
1719,2536
1719,2385
1719,1866
1719,2101
1719,2533
1720,2158
1720,2097
1720,1737
1720,2136
1720,2593
1720,2490
1720,2018
1720,1967
1720,1916
1720,2343
1720,2149
1720,1880
1720,2559
1720,2553
1720,1928
1720,2574
1720,2447
1720,2480
1721,2560
1721,2004
1721,2552
1721,2406
1721,2449
1721,1749
1721,2343
1721,2446
1721,1815
1721,2120
1721,2308
1721,2561
1721,2556
1721,2132
1721,2681
1721,2166
1721,2491
1721,1740
1721,1934
1722,2097
1722,2317
1722,2094
1722,1864
1722,1912
1722,2081
1722,1876
1722,1794
1722,1831
1722,1928
1722,2084
1722,2314
1722,2572
1722,1739
1722,1910
1722,2505
1722,2068
1723,1731
1723,2080
1723,2003
1723,1732
1723,2557
1723,1729
1723,2446
1723,1749
1723,2403
1723,1730
1724,2124
1724,1742
1724,2319
1724,2367
1724,2572
1724,2446
1724,2153
1724,1743
1724,1884
1724,2419
1724,2559
1724,1758
1724,2146
1724,2345
1724,2454
1724,1749
1724,2141
1725,1864
1725,2311
1725,2107
1725,1753
1725,1727
1725,2403
1725,2449
1725,2490
1725,2601
1725,2310
1725,2016
1725,2109
1725,2121
1725,1730
1725,1739
1725,2101
1725,2126
1725,2124
1726,2707
1726,1752
1726,1883
1726,1991
1726,2170
1726,2228
1726,2602
1726,2216
1726,2605
1726,2023
1726,2286
1726,2614
1726,2129
1726,1818
1726,2413
1726,1957
1726,1837
1726,2168
1726,2230
1726,2139
1726,1839
1726,2227
1726,2611
1726,1738
1726,2223
1727,2370
1727,2492
1727,2099
1727,2419
1727,2319
1727,1884
1727,1751
1727,2016
1727,1747
1727,2530
1727,1754
1727,2306
1727,2346
1727,2301
1727,2147
1728,2214
1728,1988
1728,2570
1728,2620
1728,2084
1728,2521
1728,1872
1728,2531
1728,1862
1728,2371
1728,1871
1728,2180
1728,2374
1728,2395
1728,2340
1728,2564
1728,2405
1728,1859
1728,2635
1728,2469
1728,2377
1729,2659
1729,1891
1729,1899
1729,2675
1729,2094
1729,1908
1729,1880
1729,2345
1729,2566
1729,2308
1729,1901
1729,2606
1729,2100
1729,2039
1729,2008
1729,2002
1729,2681
1729,2009
1729,1917
1729,2593
1729,2131
1729,2025
1730,1731
1730,2679
1730,2007
1730,2593
1730,2345
1730,2016
1730,2454
1730,2153
1730,2554
1730,2559
1730,2403
1730,1753
1730,1741
1730,2112
1730,2676
1730,2109
1730,2522
1730,1916
1730,2030
1731,2451
1731,2295
1731,2179
1731,2304
1731,2016
1731,2403
1731,2319
1731,1967
1731,1749
1731,2307
1731,2323
1731,2593
1731,2575
1731,2481
1731,2082
1731,2308
1731,2099
1731,2007
1731,2302
1731,2631
1732,2601
1732,2124
1732,2615
1732,2305
1732,2307
1732,2651
1732,1749
1732,1753
1732,2682
1732,2120
1733,2080
1733,1743
1733,2344
1733,2323
1733,2307
1733,2463
1733,2147
1733,2448
1733,2343
1733,1758
1733,1912
1733,2345
1733,2153
1733,2308
1733,2027
1733,2487
1734,2308
1734,2530
1734,2153
1734,2678
1734,1740
1734,1749
1734,2218
1734,2124
1734,2406
1734,2147
1734,2419
1734,2448
1735,2295
1735,2428
1735,2179
1735,2613
1735,2319
1735,2109
1735,2016
1735,2554
1735,2626
1735,1753
1735,2406
1735,2454
1735,2310
1735,1745
1735,2445
1736,1743
1736,1737
1736,2304
1736,1746
1736,2341
1736,2530
1736,2672
1736,2463
1736,1758
1736,2306
1736,2682
1736,2559
1736,2132
1736,1794
1737,2403
1737,2304
1737,2626
1737,1753
1737,1754
1737,2082
1737,2559
1737,2454
1737,2109
1737,2575
1737,2651
1737,2554
1737,1864
1737,2301
1737,2323
1737,2419
1737,1740
1737,2308
1737,2678
1737,1744
1737,1746
1737,2117
1738,2112
1738,2014
1738,2028
1738,2003
1738,2470
1738,2141
1738,2002
1738,1901
1738,2139
1738,1904
1738,1892
1738,1914
1738,2666
1738,1863
1738,2164
1738,2702
1739,2213
1739,1952
1739,1958
1739,2156
1739,1892
1739,1871
1739,1844
1739,2133
1739,1860
1739,2106
1739,2020
1739,2093
1739,2363
1739,2092
1739,2082
1739,2159
1739,2615
1739,2611
1739,1835
1739,2392
1739,2390
1740,2676
1740,2080
1740,2129
1740,2311
1740,2448
1740,2278
1740,2345
1740,2141
1740,2302
1740,2145
1740,2037
1740,2120
1740,2153
1741,2448
1741,1753
1741,2179
1741,2449
1741,2626
1741,2559
1741,2455
1742,2295
1742,2530
1742,2302
1742,2490
1742,2304
1742,2451
1742,2310
1742,2306
1742,2449
1742,2419
1742,2446
1742,2345
1742,2149
1742,2301
1742,2556
1743,2552
1743,2319
1743,1754
1743,1753
1743,2124
1743,2559
1743,2554
1743,2302
1743,2082
1743,2454
1743,2295
1743,2109
1743,2542
1743,1747
1743,2448
1743,1749
1743,2343
1743,2344
1743,2346
1743,1958
1744,2673
1744,2140
1744,2128
1744,2448
1744,2104
1744,2151
1744,1915
1744,2320
1744,2132
1744,2498
1744,1794
1744,2570
1744,2617
1744,2098
1744,2133
1744,2373
1744,2138
1744,2468
1744,2304
1744,2116
1744,2257
1744,1853
1744,2146
1744,2012
1744,1965
1744,2566
1744,1828
1744,2361
1745,2339
1745,2140
1745,2552
1745,1885
1745,2450
1745,2345
1745,2308
1745,2601
1745,2116
1745,1815
1745,2009
1745,2674
1745,2606
1745,2154
1745,2658
1746,2295
1746,2344
1746,2304
1746,1753
1746,2575
1746,2016
1746,2454
1746,2306
1746,1967
1746,1754
1746,2555
1746,2559
1746,2406
1746,2126
1746,2455
1746,2310
1746,2346
1746,2319
1747,2126
1747,2107
1747,2451
1747,2419
1747,2490
1747,2109
1747,2449
1747,2555
1747,2530
1747,2147
1747,2341
1747,1875
1747,2554
1747,2406
1747,2454
1747,2559
1747,2155
1747,2455
1747,1857
1747,2159
1748,2317
1748,2281
1748,2367
1748,1840
1748,2095
1748,2377
1748,2504
1748,2119
1748,2313
1748,2531
1748,2510
1748,1857
1748,2117
1748,2465
1748,2708
1748,2320
1748,2574
1748,2394
1748,2521
1748,1842
1748,2132
1748,2093
1748,1869
1749,2124
1749,1891
1749,2323
1749,2593
1749,2154
1749,2445
1749,2115
1749,2301
1749,2016
1749,2343
1749,2557
1749,2147
1749,2141
1750,1974
1750,2371
1750,2074
1750,2382
1750,2536
1750,2258
1750,2381
1751,2295
1751,2104
1751,2304
1751,2107
1751,2179
1751,2278
1751,2306
1751,2403
1751,2302
1751,2449
1751,1753
1751,2454
1751,2559
1751,1859
1751,2346
1752,2399
1752,1783
1752,2290
1752,1889
1752,1811
1752,1910
1752,2069
1752,1760
1752,2182
1752,2426
1752,2579
1752,2191
1752,2010
1752,2195
1752,2189
1752,2359
1752,2433
1752,1787
1752,2418
1752,1802
1752,1943
1753,2560
1753,1864
1753,2319
1753,2341
1753,2559
1753,2454
1753,2575
1753,2445
1753,2149
1753,2278
1754,1884
1754,2016
1754,2449
1754,2120
1754,2310
1754,2107
1754,2304
1754,2552
1755,2673
1755,2130
1755,2608
1755,2590
1755,2097
1755,2679
1755,1759
1755,2070
1755,1851
1755,2260
1755,1958
1755,2492
1755,1870
1755,2570
1755,2099
1755,1873
1755,2531
1755,1847
1755,2089
1755,2110
1755,2475
1755,1860
1755,1842
1755,2714
1755,2313
1755,1846
1755,2504
1755,2638
1755,2631
1755,1924
1756,2397
1756,2483
1756,1793
1756,2167
1756,2018
1756,2680
1756,1813
1756,2589
1756,2633
1756,2444
1756,2096
1756,2022
1756,1838
1756,2694
1756,2171
1756,2535
1756,2611
1756,1835
1756,2650
1756,1780
1756,2303
1756,1832
1756,2705
1756,2683
1756,2485
1756,1833
1756,2468
1756,2177
1756,2263
1756,2592
1756,2052
1756,2603
1756,1831
1756,2413
1756,1940
1756,2013
1757,2270
1757,2611
1757,2028
1757,2397
1757,1809
1757,2488
1757,2064
1757,1883
1757,1780
1757,2171
1757,2343
1757,2253
1757,2096
1757,1810
1757,1965
1757,1881
1757,2535
1757,1800
1757,1825
1757,2480
1757,2252
1757,2002
1757,2487
1757,1945
1757,2104
1757,2164
1757,2323
1757,2279
1757,2175
1757,2187
1758,2323
1758,1815
1758,2481
1758,2109
1758,2530
1758,2198
1758,2512
1758,2490
1758,2302
1758,2147
1758,1884
1758,2346
1758,2454
1758,2680
1758,2419
1759,2676
1759,2246
1759,2317
1759,1856
1759,2402
1759,1853
1759,1851
1759,2133
1759,1840
1759,1843
1759,1865
1759,2102
1759,2572
1759,2108
1759,1874
1759,2365
1759,2407
1759,2117
1759,2408
1759,2105
1760,1925
1760,2157
1760,1956
1760,1779
1760,2483
1760,1771
1760,1763
1760,1944
1760,1922
1760,2354
1760,2204
1760,1988
1760,2519
1760,2186
1760,1895
1760,2075
1760,2522
1760,1940
1760,2699
1760,2286
1760,1955
1760,2232
1760,2013
1760,2118
1760,2409
1760,2288
1760,2627
1760,1920
1760,1777
1760,2544
1760,2704
1760,2607
1760,1980
1761,1925
1761,2670
1761,2399
1761,2172
1761,2585
1761,2579
1761,2401
1761,2551
1761,2170
1761,2169
1761,2351
1761,2418
1761,2026
1761,1930
1761,2096
1761,1947
1761,2535
1761,2188
1761,2348
1761,2413
1761,2356
1761,2453
1761,2466
1761,2175
1761,1829
1762,1832
1762,2608
1762,2098
1762,1854
1762,2133
1762,2468
1762,1928
1762,2116
1762,2115
1762,2367
1762,1882
1762,2093
1762,2089
1762,2364
1762,2084
1762,1875
1762,2710
1762,2507
1762,2313
1762,2573
1762,2105
1762,2378
1762,2112
1762,2597
1762,2007
1762,2061
1762,2100
1763,2157
1763,2090
1763,2697
1763,2247
1763,1950
1763,1779
1763,2584
1763,2401
1763,2233
1763,2527
1763,2466
1763,2644
1763,2206
1763,2191
1763,2440
1763,2263
1763,2298
1763,2040
1763,2412
1763,1788
1763,2409
1763,1985
1763,2704
1763,2607
1763,1983
1763,1802
1763,1996
1763,2669
1763,2173
1763,2045
1763,1948
1763,2653
1763,2550
1763,1954
1763,2160
1763,2645
1764,2712
1764,2199
1764,2417
1764,2411
1764,2057
1764,2602
1764,2151
1764,1961
1764,1767
1764,1791
1764,2714
1764,2653
1764,2347
1764,2264
1764,2222
1764,2571
1764,2439
1764,2225
1764,1968
1764,2289
1764,2519
1764,1790
1764,2075
1764,2212
1764,1977
1764,2700
1764,2211
1764,1770
1764,2181
1764,1886
1764,2662
1764,1797
1764,1991
1764,2088
1764,2233
1764,2524
1764,2687
1764,2202
1764,2105
1764,2238
1764,2354
1764,1893
1764,2042
1764,2456
1764,1777
1764,2055
1764,1975
1765,2309
1765,2540
1765,2199
1765,2568
1765,1961
1765,2318
1765,2070
1765,2619
1765,1993
1765,2286
1765,2048
1765,2719
1765,2655
1765,2334
1765,1770
1765,2656
1765,2527
1765,2042
1765,2409
1765,1786
1765,1980
1765,1970
1765,1968
1765,2664
1765,1998
1765,2289
1765,1962
1765,1963
1765,2422
1765,1937
1765,2692
1765,2207
1766,1972
1766,1918
1766,2073
1766,2330
1766,1942
1766,2090
1766,1993
1766,2043
1766,2248
1766,2054
1766,2335
1766,2044
1766,1996
1766,2048
1766,1960
1766,1781
1766,2506
1766,2201
1766,2337
1766,2211
1766,1983
1766,2505
1766,2207
1766,2375
1766,2181
1766,2480
1766,2433
1766,2366
1766,2333
1766,1786
1766,2350
1766,2059
1766,1768
1766,2715
1766,1927
1766,2541
1766,1775
1766,1969
1766,1971
1766,1774
1767,2502
1767,2398
1767,1899
1767,1918
1767,2667
1767,2063
1767,2602
1767,2499
1767,2471
1767,2041
1767,2043
1767,2558
1767,2044
1767,2437
1767,2058
1767,2222
1767,2627
1767,2383
1767,1942
1767,1991
1767,2242
1767,2436
1767,2352
1767,2225
1767,2719
1767,2040
1767,1790
1767,2202
1767,2299
1767,2047
1767,2523
1767,2604
1767,1768
1767,2065
1767,1774
1767,2607
1767,2248
1767,1977
1767,2649
1767,1970
1767,2181
1767,1990
1767,2714
1767,1960
1767,1975
1767,1989
1767,2571
1767,1795
1767,2443
1767,2660
1767,1981
1768,2199
1768,1956
1768,2642
1768,2411
1768,2350
1768,2059
1768,2422
1768,2318
1768,2619
1768,2714
1768,2264
1768,2043
1768,1796
1768,2044
1768,2681
1768,2068
1768,1786
1768,2686
1768,2627
1768,2041
1768,1924
1768,2234
1768,2040
1768,2299
1768,1788
1768,1961
1768,1993
1768,1799
1768,2075
1768,2042
1768,1960
1768,2055
1768,1976
1768,1783
1768,1977
1768,1789
1768,1983
1768,1775
1768,2648
1768,1969
1768,2427
1768,2541
1768,1923
1768,2709
1769,1809
1769,2494
1769,2219
1769,2199
1769,1933
1769,2715
1769,2417
1769,2411
1769,2057
1769,2602
1769,2422
1769,2330
1769,2239
1769,1915
1769,1795
1769,1793
1769,2714
1769,2065
1769,1954
1769,2439
1769,2225
1769,1785
1769,1961
1769,2640
1769,2249
1769,1824
1769,2212
1769,1790
1769,1788
1769,1982
1769,2389
1769,2680
1769,2041
1769,1783
1769,2442
1769,2506
1769,2068
1769,2298
1769,2686
1769,2191
1769,2412
1769,1927
1769,2047
1769,1799
1769,1782
1769,2066
1769,1895
1769,1992
1769,2669
1770,2493
1770,1797
1770,2685
1770,1993
1770,2044
1770,2250
1770,2636
1770,2196
1770,2691
1770,2138
1770,2504
1770,2410
1770,2663
1770,2366
1770,1848
1770,1854
1770,2102
1770,2717
1770,1839
1770,2524
1770,2494
1770,2067
1770,2695
1770,2210
1770,2637
1770,2409
1771,1809
1771,2219
1771,2545
1771,2484
1771,2228
1771,2288
1771,2393
1771,2623
1771,1813
1771,2229
1771,2699
1771,2054
1771,1895
1771,2211
1771,2279
1771,2361
1771,1945
1771,2333
1771,2177
1771,2440
1771,1918
1771,2500
1771,2435
1771,2592
1771,1930
1771,2225
1771,1985
1771,1782
1771,2523
1771,2434
1771,2337
1771,2046
1771,1991
1771,1824
1771,2503
1771,2212
1771,1993
1771,2049
1771,2427
1771,1975
1771,2610
1771,2239
1771,1948
1771,2653
1771,1954
1771,2404
1772,2609
1772,2090
1772,2697
1772,2684
1772,2417
1772,2247
1772,1950
1772,1961
1772,2222
1772,2069
1772,1985
1772,2440
1772,2298
1772,2464
1772,2160
1772,2354
1772,1991
1772,2526
1772,2249
1772,2190
1772,2177
1772,2236
1772,2333
1772,1941
1772,2696
1772,2292
1772,2233
1772,2039
1772,2234
1772,2040
1772,2358
1772,1937
1772,1927
1772,2348
1772,2206
1772,2238
1772,2054
1772,1957
1772,2210
1772,1781
1772,1975
1772,1948
1773,2493
1773,2130
1773,1972
1773,2494
1773,2591
1773,2199
1773,2293
1773,1797
1773,2034
1773,2078
1773,2569
1773,1850
1773,2335
1773,1781
1773,1986
1773,2568
1773,2517
1773,2520
1773,2135
1773,1999
1773,2056
1773,2604
1773,2055
1773,1998
1773,2059
1774,2540
1774,1918
1774,2715
1774,2684
1774,2389
1774,2330
1774,2709
1774,2501
1774,2523
1774,2329
1774,2264
1774,2657
1774,2231
1774,2044
1774,2242
1774,1952
1774,2049
1774,1790
1774,2503
1774,2298
1774,2201
1774,2412
1774,1990
1774,2571
1774,1782
1774,1946
1774,2248
1774,2442
1774,2415
1774,1785
1774,2076
1774,2495
1774,2519
1774,1797
1774,1991
1774,2282
1774,1793
1775,2199
1775,1933
1775,2640
1775,2487
1775,2068
1775,2698
1775,2065
1775,1797
1775,2379
1775,2191
1775,2279
1775,2358
1775,1945
1775,2333
1775,2609
1775,2706
1775,1779
1775,2264
1775,2298
1775,1791
1775,2234
1775,2040
1775,1798
1775,2056
1775,2604
1775,2231
1775,2414
1775,1929
1775,2409
1775,2607
1775,2248
1775,1969
1775,2375
1775,1795
1775,1947
1775,2602
1775,1923
1775,2079
1775,2467
1775,2662
1776,2704
1776,2253
1776,1900
1776,1809
1776,2416
1776,2071
1776,1783
1776,2411
1776,1998
1776,2422
1776,2716
1776,2619
1776,2248
1776,2264
1776,1985
1776,2225
1776,1933
1776,2612
1776,2195
1776,2212
1776,1790
1776,1782
1776,2592
1776,2040
1776,1802
1776,2056
1776,1929
1776,1946
1776,2684
1776,2393
1776,2185
1776,2434
1776,2299
1776,2241
1776,2047
1776,2048
1776,1951
1776,1799
1776,2076
1776,2527
1776,2042
1776,1980
1776,1969
1776,1895
1776,1798
1776,1992
1776,2604
1776,2657
1776,2075
1777,2219
1777,2157
1777,1933
1777,1783
1777,1964
1777,2247
1777,2441
1777,1973
1777,2264
1777,2222
1777,2619
1777,2231
1777,1936
1777,2526
1777,2442
1777,2519
1777,2177
1777,2192
1777,1996
1777,1802
1777,2702
1777,1892
1777,1930
1777,1955
1777,2459
1777,1798
1777,2540
1777,1923
1777,2213
1777,2698
1777,1999
1777,2655
1777,2330
1777,2503
1777,1921
1777,2210
1777,1975
1778,2690
1778,2493
1778,2477
1778,2494
1778,2350
1778,1972
1778,2642
1778,2621
1778,2608
1778,2365
1778,2695
1778,2394
1778,1903
1778,2376
1778,2640
1778,2692
1778,2571
1778,2474
1778,2079
1778,2517
1778,2663
1778,2347
1778,2513
1778,2636
1778,1991
1778,2709
1778,2364
1778,1976
1778,1983
1779,2502
1779,1925
1779,2326
1779,1973
1779,1917
1779,2596
1779,2484
1779,2202
1779,2249
1779,2441
1779,2177
1779,2348
1779,2263
1779,2609
1779,2706
1779,2221
1779,2252
1779,1961
1779,2434
1779,1790
1779,1929
1779,1990
1779,2413
1779,2233
1779,1940
1779,2047
1779,2223
1779,2623
1779,1944
1779,1923
1779,2653
1779,1968
1779,2550
1779,2527
1779,1954
1779,2518
1779,2063
1779,2160
1780,1821
1780,2430
1780,2200
1780,1836
1780,2039
1780,2397
1780,1813
1780,1910
1780,1893
1780,2270
1780,2658
1780,2632
1780,1803
1780,1835
1780,2253
1780,2400
1780,2303
1780,1811
1780,1804
1780,1828
1780,1825
1780,1913
1780,2600
1780,2547
1780,1822
1780,1950
1780,2435
1780,2292
1781,2199
1781,2071
1781,1920
1781,2417
1781,1998
1781,2330
1781,2079
1781,2070
1781,2222
1781,2065
1781,1985
1781,2375
1781,1789
1781,2034
1781,1996
1781,2698
1781,2442
1781,2410
1781,1795
1781,1786
1781,2332
1781,2437
1781,2062
1781,2646
1781,2202
1781,2206
1781,2497
1781,1960
1781,2541
1782,2540
1782,2327
1782,2417
1782,2233
1782,1961
1782,2467
1782,2422
1782,1947
1782,2619
1782,1985
1782,2352
1782,2324
1782,1926
1782,2671
1782,1945
1782,2277
1782,2684
1782,2393
1782,2513
1782,2208
1782,2329
1782,1927
1782,2040
1782,2299
1782,2242
1782,1951
1782,1993
1782,1799
1782,2282
1782,2067
1782,2068
1782,2065
1782,2607
1782,2662
1782,1980
1782,2474
1782,2497
1782,2066
1782,1969
1782,1962
1782,2056
1782,1921
1783,2199
1783,1838
1783,2076
1783,2411
1783,2065
1783,2190
1783,2234
1783,1972
1783,2263
1783,1796
1783,2221
1783,2592
1783,2414
1783,2434
1783,1922
1783,2352
1783,1927
1783,2299
1783,2239
1783,2053
1783,2604
1783,1961
1783,2233
1783,2231
1783,2456
1783,2656
1783,1993
1783,2181
1783,2442
1783,2664
1783,2714
1783,1992
1783,2177
1783,1792
1783,2435
1783,1950
1783,1939
1783,2013
1783,2639
1784,2216
1784,2247
1784,2484
1784,2632
1784,2503
1784,2687
1784,2348
1784,2352
1784,1791
1784,2047
1784,2176
1784,1788
1784,1951
1784,1962
1784,2714
1784,2423
1784,2161
1784,1937
1784,2527
1784,2624
1784,1809
1784,1906
1784,1932
1784,2223
1784,2318
1784,1930
1784,1934
1784,1939
1784,1926
1784,2224
1784,2354
1784,2013
1784,2207
1785,2493
1785,2398
1785,2693
1785,2389
1785,2077
1785,1791
1785,2264
1785,2213
1785,2352
1785,1795
1785,1946
1785,2393
1785,2503
1785,2348
1785,2443
1785,2041
1785,2235
1785,1924
1785,2422
1785,2519
1785,1790
1785,1798
1785,2047
1785,2063
1785,2354
1785,2049
1785,2192
1785,1982
1785,2059
1785,1962
1785,2209
1785,2624
1786,2708
1786,2525
1786,1973
1786,2389
1786,2432
1786,2437
1786,2342
1786,2248
1786,2714
1786,2379
1786,2640
1786,2352
1786,2209
1786,1945
1786,2072
1786,1982
1786,2337
1786,2687
1786,2212
1786,2686
1786,2436
1786,2068
1786,1960
1786,2332
1786,2698
1786,2504
1786,2393
1786,2669
1786,2700
1786,1946
1786,2076
1786,2065
1786,1968
1786,2330
1787,2548
1787,2421
1787,2397
1787,2172
1787,1954
1787,2426
1787,2547
1787,2332
1787,2253
1787,2453
1787,2430
1787,2546
1787,2188
1787,1888
1787,2215
1787,2211
1787,1932
1787,2177
1787,2440
1787,1930
1787,2549
1787,1922
1787,2461
1787,2267
1787,2515
1787,2187
1787,2237
1787,2413
1787,2359
1787,2013
1787,1943
1788,2502
1788,1797
1788,2057
1788,2494
1788,1961
1788,2623
1788,2527
1788,2467
1788,2422
1788,2053
1788,2248
1788,2329
1788,1791
1788,1985
1788,2352
1788,2604
1788,2204
1788,2514
1788,1932
1788,2234
1788,2698
1788,2684
1788,2277
1788,2049
1788,1950
1788,2201
1788,2474
1788,2263
1788,2231
1788,2425
1788,2318
1788,1930
1788,1790
1788,2412
1788,2299
1788,2075
1788,1980
1788,2400
1788,2497
1788,2541
1788,2602
1788,1923
1788,1921
1789,2647
1789,2309
1789,1989
1789,1972
1789,2244
1789,2063
1789,2335
1789,2200
1789,1998
1789,2239
1789,2070
1789,2422
1789,2616
1789,2222
1789,2237
1789,2043
1789,2061
1789,2196
1789,2691
1789,2303
1789,2233
1789,2524
1789,2051
1789,2068
1789,2060
1789,2686
1789,2517
1789,1802
1789,2430
1789,2333
1789,2210
1789,2299
1789,2350
1789,1980
1789,2055
1789,1977
1789,2660
1789,1970
1789,1983
1789,1969
1789,2072
1789,1975
1789,2073
1789,2558
1790,2199
1790,2411
1790,1795
1790,1793
1790,2329
1790,2298
1790,1991
1790,1899
1790,2190
1790,2062
1790,2212
1790,2506
1790,2293
1790,1889
1790,1913
1790,2233
1790,2524
1790,2051
1790,1999
1790,2299
1790,2443
1790,2434
1790,2046
1790,1985
1790,2079
1790,1982
1790,2057
1790,2251
1790,1992
1790,2049
1790,2317
1790,1929
1790,2541
1790,2075
1791,2609
1791,2502
1791,2350
1791,2199
1791,2422
1791,2715
1791,2619
1791,2206
1791,2571
1791,2698
1791,2085
1791,2702
1791,2070
1791,2167
1791,2264
1791,1991
1791,2225
1791,1924
1791,2506
1791,2040
1791,1798
1791,2604
1791,2075
1791,1929
1791,1977
1791,2192
1791,2714
1791,2541
1791,2329
1791,1946
1791,2053
1791,1948
1791,2309
1791,1921
1792,2270
1792,2670
1792,1920
1792,2176
1792,1914
1792,1985
1792,2284
1792,2296
1792,2431
1792,2353
1792,2186
1792,2203
1792,2290
1793,2398
1793,1797
1793,2588
1793,2071
1793,2667
1793,2602
1793,2422
1793,2034
1793,2227
1793,2076
1793,2068
1793,2199
1793,2393
1793,2043
1793,2484
1793,2041
1793,2526
1793,2238
1793,2208
1793,2221
1793,2264
1793,2414
1793,2298
1793,2040
1793,1798
1793,2412
1793,2299
1793,2046
1793,2053
1793,2075
1793,2494
1793,2042
1793,2065
1793,2212
1793,1993
1793,2709
1793,1960
1793,2665
1793,2209
1793,2427
1793,1940
1793,2692
1794,2328
1794,2218
1794,2140
1794,1797
1794,2591
1794,2150
1794,1886
1794,2679
1794,2166
1794,2257
1794,2641
1794,2567
1794,2644
1794,1915
1794,2594
1794,2566
1794,2198
1794,1935
1794,2149
1794,1819
1794,2498
1794,2595
1794,2596
1794,2259
1794,2154
1794,2617
1794,1902
1794,2096
1794,1812
1794,2230
1794,2633
1794,2292
1795,2493
1795,2525
1795,2411
1795,2456
1795,2330
1795,1961
1795,2649
1795,2065
1795,2043
1795,2242
1795,2332
1795,2686
1795,2715
1795,2324
1795,2422
1795,2713
1795,2503
1795,2264
1795,2337
1795,2225
1795,2412
1795,1945
1795,2333
1795,2042
1795,1929
1795,2409
1795,2248
1795,2709
1795,2558
1795,2655
1795,1976
1795,2049
1795,2466
1795,2660
1795,2229
1795,1938
1795,2066
1795,1969
1795,2251
1795,1960
1795,2181
1795,2375
1795,2669
1795,1975
1795,1964
1795,2662
1796,1933
1796,2711
1796,2205
1796,2653
1796,2312
1796,1906
1796,2077
1796,2579
1796,1803
1796,1961
1796,2520
1796,2054
1796,2202
1796,1936
1796,2333
1796,2425
1796,2440
1796,2282
1796,2210
1796,2609
1796,2706
1796,2298
1796,1799
1796,1954
1796,2051
1796,2439
1796,1929
1796,1996
1796,2204
1796,2495
1796,2279
1796,1943
1797,1809
1797,1979
1797,2695
1797,2698
1797,2048
1797,1824
1797,2077
1797,2063
1797,2298
1797,1942
1797,2506
1797,2299
1797,2502
1797,2211
1797,2352
1797,2456
1797,2234
1797,1799
1797,2649
1797,2602
1797,2051
1797,2662
1797,2337
1797,2619
1797,2248
1797,1985
1797,1938
1797,1996
1797,2062
1797,1992
1797,2042
1797,2277
1797,2350
1797,2357
1797,1963
1797,1947
1798,2540
1798,2326
1798,1933
1798,2708
1798,2417
1798,2247
1798,2077
1798,2602
1798,2467
1798,2609
1798,2318
1798,2239
1798,1993
1798,1973
1798,2063
1798,2257
1798,2225
1798,2204
1798,2044
1798,1991
1798,2616
1798,2236
1798,1801
1798,2189
1798,2060
1798,2201
1798,2412
1798,2337
1798,2508
1798,2435
1798,2047
1798,2524
1798,2506
1798,1924
1798,2684
1798,2102
1798,2391
1798,2705
1798,1960
1798,2251
1798,2348
1798,1975
1798,2716
1798,2073
1798,2655
1799,1900
1799,1809
1799,2176
1799,2355
1799,2239
1799,2709
1799,2414
1799,2222
1799,2352
1799,1888
1799,2604
1799,2291
1799,2204
1799,2249
1799,1937
1799,2212
1799,2503
1799,2056
1799,2681
1799,2157
1799,1950
1799,2047
1799,1979
1799,2415
1799,2075
1799,2068
1799,2067
1799,2686
1799,2353
1799,1924
1799,2412
1799,1927
1799,2337
1799,2046
1799,1966
1799,2042
1799,1980
1799,1975
1800,2430
1800,2421
1800,2157
1800,2707
1800,2284
1800,2397
1800,2073
1800,1905
1800,2440
1800,2171
1800,2015
1800,2567
1800,2200
1800,2000
1800,2589
1800,2131
1800,2683
1800,1810
1800,1818
1800,1881
1800,2632
1800,2535
1800,2213
1800,1825
1800,1913
1800,2088
1800,1811
1800,2226
1800,2215
1800,1900
1800,1803
1800,2191
1800,2399
1800,2279
1800,2425
1800,2141
1800,2238
1800,1975
1801,1920
1801,2401
1801,2076
1801,2290
1801,2075
1801,2418
1801,2431
1801,2232
1801,2355
1801,2161
1801,2062
1801,2353
1801,2069
1801,2318
1801,2404
1802,2588
1802,2158
1802,1933
1802,1988
1802,1961
1802,2330
1802,2186
1802,1947
1802,2064
1802,2653
1802,2140
1802,2043
1802,1883
1802,2440
1802,1816
1802,2204
1802,1889
1802,1996
1802,2518
1802,2589
1802,2404
1802,2413
1802,1904
1802,1809
1802,2705
1802,2206
1802,2054
1802,1957
1802,2327
1802,2230
1802,2202
1802,2627
1802,1828
1802,1881
1802,2263
1802,2056
1802,1991
1802,2282
1802,2662
1802,1930
1803,2522
1803,2218
1803,2591
1803,2586
1803,2362
1803,2631
1803,2430
1803,2236
1803,1941
1803,1902
1803,2023
1803,2226
1803,2588
1803,2200
1803,1812
1803,2227
1803,2535
1803,2718
1803,2650
1803,2012
1803,2303
1803,1833
1803,1825
1803,1913
1803,2600
1803,2659
1803,2368
1803,2270
1803,2172
1803,1881
1804,2253
1804,1832
1804,2430
1804,1838
1804,2591
1804,2104
1804,1830
1804,1836
1804,2631
1804,2171
1804,2140
1804,2683
1804,2464
1804,2634
1804,2487
1804,2629
1804,1811
1804,2204
1804,2592
1804,2267
1804,2216
1804,2209
1804,2227
1804,1917
1804,2483
1804,2217
1804,2718
1804,2506
1804,1827
1804,2603
1804,1822
1804,2706
1804,1833
1804,1914
1804,2362
1804,2168
1805,2659
1805,2158
1805,1838
1805,2579
1805,1941
1805,2683
1805,1823
1805,2230
1805,2600
1805,2488
1805,1906
1805,2197
1805,2702
1805,2252
1805,2584
1805,2193
1805,2285
1805,2359
1805,2650
1805,2500
1805,2718
1805,2168
1805,2653
1805,1830
1805,2606
1805,2592
1805,2535
1805,1819
1806,2339
1806,1831
1806,2464
1806,2368
1806,2154
1806,2631
1806,1893
1806,2661
1806,1890
1806,2285
1806,2632
1806,2286
1806,1818
1806,1957
1806,1881
1806,1836
1806,2006
1806,2200
1806,2694
1806,2397
1806,2600
1806,2226
1806,1828
1806,1826
1806,2644
1806,2547
1806,2288
1806,2589
1806,1813
1806,2543
1806,2459
1806,2702
1806,1829
1806,1926
1807,2522
1807,2511
1807,1831
1807,1885
1807,2200
1807,2400
1807,2092
1807,2572
1807,1914
1807,1907
1807,2589
1807,2261
1807,2428
1807,2444
1807,2270
1807,2658
1807,1902
1807,2485
1807,2285
1807,2254
1807,1887
1807,1881
1807,1835
1807,2659
1807,1883
1807,1836
1807,1811
1807,2488
1807,2519
1808,2502
1808,2158
1808,2036
1808,2205
1808,2461
1808,2170
1808,2053
1808,1813
1808,2604
1808,2351
1808,2226
1808,2625
1808,2578
1808,2547
1808,1981
1808,2680
1808,2137
1808,2504
1808,1811
1808,2005
1808,1839
1808,2252
1808,1812
1808,2303
1808,2167
1808,2361
1808,2208
1808,1883
1808,2174
1808,2459
1808,2223
1809,2704
1809,1900
1809,2446
1809,1819
1809,2654
1809,2487
1809,2437
1809,2673
1809,2188
1809,1954
1809,2077
1809,2222
1809,1895
1809,2211
1809,1936
1809,2229
1809,2238
1809,1835
1809,1932
1809,2177
1809,2500
1809,2210
1809,2208
1809,2224
1809,2291
1809,2048
1809,2697
1809,2298
1809,1941
1809,2523
1809,2046
1809,2239
1809,2422
1809,2545
1809,2062
1809,1833
1809,2318
1809,2668
1809,2359
1809,1940
1809,1944
1809,2236
1809,2527
1810,2399
1810,2074
1810,1838
1810,2129
1810,2167
1810,1889
1810,2236
1810,2022
1810,1835
1810,2147
1810,2680
1810,2443
1810,2618
1810,2605
1810,2697
1810,1812
1810,2453
1810,2093
1810,2718
1810,2703
1810,2547
1810,2629
1810,2285
1810,2543
1810,2184
1810,2005
1811,2581
1811,1885
1811,2397
1811,1831
1811,2488
1811,2205
1811,2158
1811,2235
1811,2226
1811,2632
1811,2618
1811,2600
1811,2287
1811,2093
1811,2103
1811,2368
1811,2198
1811,1917
1811,2596
1811,2274
1811,2718
1811,2426
1811,2487
1811,1823
1811,1821
1811,1918
1811,2694
1811,2547
1811,2269
1811,2217
1811,2605
1811,2404
1812,2253
1812,1832
1812,2003
1812,1885
1812,2326
1812,2229
1812,2011
1812,2226
1812,2644
1812,2397
1812,2609
1812,1930
1812,2131
1812,2487
1812,2605
1812,2252
1812,2595
1812,2480
1812,2381
1812,1821
1812,2694
1812,2635
1812,2227
1812,1839
1812,2088
1812,2718
1812,1828
1812,1825
1812,2600
1812,1826
1812,2567
1812,2276
1812,2206
1812,1837
1813,2588
1813,2356
1813,1836
1813,2641
1813,2617
1813,1837
1813,2194
1813,2254
1813,1835
1813,2227
1813,2634
1813,1900
1813,2676
1813,2216
1813,1828
1813,2252
1813,2547
1813,1822
1813,2054
1813,1895
1813,2236
1813,2021
1813,2700
1813,2425
1813,2702
1813,2221
1813,2131
1813,2519
1813,1943
1813,2207
1814,1856
1814,1841
1814,2097
1814,1958
1814,2365
1814,1870
1814,1853
1814,2532
1814,2469
1814,2371
1814,2570
1814,2473
1814,1873
1814,2134
1814,1843
1814,1867
1814,2608
1814,2101
1814,2521
1814,2133
1814,2130
1814,2620
1814,2537
1814,2322
1814,2396
1814,2616
1814,2695
1814,2510
1815,2492
1815,2561
1815,2311
1815,2015
1815,2631
1815,2447
1815,2083
1815,2153
1815,2481
1815,2149
1815,2682
1815,2560
1815,2553
1815,2678
1815,2566
1815,2017
1815,2001
1815,2680
1816,2275
1816,2024
1816,2036
1816,2718
1816,2643
1816,2144
1816,2145
1816,1997
1816,2267
1816,2238
1816,2576
1816,2577
1816,2549
1816,2515
1816,2253
1817,2004
1817,1880
1817,2037
1817,2674
1817,2009
1817,2556
1817,2008
1817,2002
1817,2000
1817,2270
1817,2035
1817,2641
1817,2629
1817,2179
1817,2349
1818,2611
1818,2461
1818,1952
1818,1821
1818,2694
1818,1883
1818,2486
1818,1832
1818,2511
1818,1957
1818,2413
1818,2262
1818,2052
1818,2140
1818,2164
1818,2266
1818,2008
1818,2036
1818,2488
1818,2197
1818,2100
1818,2646
1818,2154
1818,2285
1818,2276
1818,2168
1818,2185
1819,2588
1819,2217
1819,1915
1819,2064
1819,1898
1819,2523
1819,2011
1819,2683
1819,2428
1819,2481
1819,2167
1819,2595
1819,2159
1819,2204
1819,2301
1819,2030
1819,2488
1819,1901
1819,2368
1819,1917
1819,2104
1819,1910
1819,2259
1819,1893
1819,1997
1819,2033
1819,1835
1819,1894
1819,1902
1820,2003
1820,1831
1820,2021
1820,2631
1820,2666
1820,2278
1820,1882
1820,2136
1820,2039
1820,2017
1820,2096
1820,1837
1820,2011
1820,2303
1820,1826
1820,2606
1821,2253
1821,2128
1821,2710
1821,2031
1821,2464
1821,2631
1821,2633
1821,1902
1821,2131
1821,2430
1821,1883
1821,1836
1821,2227
1821,1909
1821,2588
1821,2397
1821,1823
1821,2605
1821,2217
1821,2480
1821,1826
1821,1965
1821,2547
1821,2487
1821,1822
1821,2064
1821,2548
1821,2158
1821,2252
1821,2543
1821,1955
1821,2018
1821,2600
1821,1921
1822,2270
1822,1909
1822,1919
1822,2591
1822,2057
1822,1830
1822,2375
1822,2382
1822,2430
1822,1945
1822,2553
1822,1857
1822,2011
1822,2353
1822,1910
1822,2259
1822,2131
1822,1837
1822,1883
1822,1899
1822,1881
1822,2227
1822,2426
1822,1825
1822,2480
1822,2252
1822,1826
1822,2694
1822,2303
1822,2206
1822,2535
1822,2661
1822,1833
1822,2706
1822,2208
1822,2040
1823,2673
1823,2609
1823,2253
1823,2430
1823,2511
1823,2217
1823,2486
1823,2204
1823,2498
1823,2597
1823,2261
1823,2200
1823,2103
1823,2259
1823,1837
1823,2483
1823,2275
1823,1965
1823,2644
1823,2718
1823,2426
1823,2226
1823,1825
1823,2252
1823,1826
1823,2487
1823,2088
1823,2366
1823,2280
1823,2589
1823,2096
1823,2177
1823,2348
1824,2072
1824,2654
1824,2275
1824,1933
1824,2584
1824,2401
1824,2623
1824,2629
1824,2718
1824,2683
1824,2188
1824,2230
1824,1941
1824,2503
1824,2500
1824,2282
1824,2210
1824,2291
1824,2227
1824,2436
1824,2337
1824,2545
1824,2060
1824,1940
1824,1981
1824,2236
1824,2333
1824,2653
1824,2433
1825,2253
1825,2591
1825,1831
1825,1830
1825,2488
1825,2217
1825,1922
1825,2567
1825,2234
1825,2169
1825,2065
1825,1968
1825,2054
1825,2487
1825,2683
1825,2198
1825,2226
1825,1913
1825,2158
1825,2255
1825,2012
1825,2303
1825,1909
1825,2588
1825,2200
1825,2718
1825,1828
1825,2500
1825,1904
1825,1929
1825,2220
1826,2216
1826,2430
1826,1886
1826,2679
1826,2205
1826,1830
1826,2342
1826,2064
1826,2677
1826,2428
1826,2487
1826,2629
1826,2591
1826,1837
1826,1836
1826,2418
1826,2033
1826,2227
1826,1832
1826,2511
1826,2596
1826,2005
1826,2480
1826,2362
1826,2285
1826,2477
1826,1913
1826,2718
1826,2420
1826,2226
1826,1833
1826,2434
1826,2046
1826,2198
1827,2522
1827,2654
1827,1885
1827,2214
1827,2217
1827,1914
1827,2054
1827,1943
1827,1932
1827,2578
1827,2064
1827,2646
1827,2156
1827,2498
1827,2133
1827,1905
1827,2487
1827,2018
1827,2603
1827,2303
1827,1910
1827,1889
1827,2191
1828,2270
1828,2003
1828,2483
1828,2217
1828,1908
1828,2104
1828,2222
1828,1941
1828,2362
1828,2435
1828,2155
1828,1932
1828,2397
1828,2213
1828,2596
1828,2024
1828,1832
1828,2511
1828,2705
1828,2227
1828,1839
1828,1934
1828,2597
1828,1904
1828,2002
1829,2297
1829,2170
1829,2584
1829,2191
1829,2543
1829,2500
1829,2010
1829,2045
1829,2583
1829,2677
1829,2459
1829,2137
1829,2628
1829,1948
1829,2353
1829,2357
1830,2588
1830,2545
1830,2679
1830,1880
1830,2021
1830,2139
1830,2661
1830,2022
1830,1965
1830,1957
1830,2600
1830,2217
1830,1838
1830,2226
1830,2027
1830,2064
1830,2303
1830,2206
1830,2168
1830,1897
1830,2597
1830,2190
1830,2358
1830,2220
1830,2185
1830,2282
1830,2342
1830,2030
1830,2709
1831,2654
1831,1919
1831,1885
1831,2511
1831,2256
1831,1952
1831,2447
1831,1917
1831,1887
1831,1914
1831,1906
1831,2007
1831,2589
1831,2261
1831,1904
1831,2481
1831,1890
1831,1886
1831,2565
1831,1881
1831,1835
1831,2718
1831,2217
1831,2683
1831,2154
1831,2288
1831,2634
1831,2236
1832,2522
1832,2362
1832,2253
1832,2132
1832,2035
1832,1919
1832,2597
1832,1907
1832,1911
1832,2646
1832,2596
1832,1902
1832,1837
1832,1881
1832,1883
1832,2218
1832,2171
1832,1839
1832,2227
1832,2634
1832,2629
1832,2588
1832,2603
1832,2303
1832,1913
1832,2285
1832,2222
1832,2236
1832,2545
1832,2600
1832,2212
1832,2599
1833,2611
1833,2199
1833,2158
1833,1838
1833,2150
1833,2356
1833,2205
1833,2166
1833,2064
1833,2694
1833,2203
1833,2013
1833,2526
1833,2634
1833,1892
1833,1881
1833,2252
1833,2033
1833,2227
1833,2322
1833,2380
1833,2253
1833,2641
1833,2544
1833,2096
1833,2683
1833,2650
1833,2426
1833,2602
1833,2311
1833,1913
1833,2547
1833,2662
1834,2014
1834,1891
1834,2104
1834,1880
1834,2021
1834,2362
1834,2556
1834,2015
1834,2027
1834,2634
1834,2631
1834,2146
1834,2039
1834,2255
1834,2031
1834,2030
1834,2276
1834,2228
1834,2254
1835,2014
1835,2611
1835,2548
1835,2399
1835,2591
1835,2488
1835,2694
1835,1883
1835,1888
1835,2173
1835,2044
1835,2511
1835,2234
1835,2629
1835,2430
1835,2096
1835,2064
1835,1881
1835,1936
1835,2227
1835,2650
1835,1913
1835,2487
1835,2348
1835,2184
1836,2647
1836,2216
1836,2654
1836,2611
1836,2205
1836,2676
1836,2139
1836,2025
1836,2131
1836,2629
1836,2217
1836,2015
1836,2591
1836,1912
1836,2491
1836,2024
1836,2426
1836,2683
1836,2487
1836,2573
1836,2592
1836,2414
1836,2255
1836,2352
1836,2230
1836,2424
1836,2175
1836,2657
1836,2418
1836,2627
1836,1923
1837,2614
1837,2399
1837,2351
1837,2632
1837,2268
1837,2483
1837,2017
1837,2096
1837,2629
1837,2217
1837,2605
1837,2023
1837,2285
1837,2198
1837,1913
1837,2670
1837,2185
1837,2456
1837,2234
1838,2253
1838,2158
1838,2276
1838,2491
1838,2259
1838,2675
1838,2131
1838,1839
1838,2227
1838,2632
1838,2535
1838,2226
1838,2547
1838,2064
1838,2718
1838,2330
1838,2213
1838,2618
1838,2096
1838,2137
1838,2234
1838,2600
1838,1921
1839,2430
1839,1919
1839,2397
1839,2077
1839,2217
1839,1898
1839,2486
1839,2134
1839,2027
1839,2634
1839,2267
1839,2017
1839,2172
1839,2426
1839,2254
1839,1965
1839,1925
1839,1901
1840,2074
1840,2590
1840,1935
1840,2492
1840,2321
1840,2095
1840,2372
1840,2100
1840,2446
1840,1844
1840,1867
1840,2061
1840,2281
1840,2387
1840,1928
1840,2595
1840,2110
1840,1842
1840,2695
1840,2101
1840,2392
1840,1974
1840,1875
1840,2128
1840,2322
1840,2283
1840,2086
1840,2376
1841,2477
1841,1878
1841,2590
1841,2469
1841,2479
1841,1843
1841,2372
1841,1845
1841,1867
1841,2478
1841,1865
1841,2564
1841,1869
1841,2537
1841,1879
1841,2505
1841,2539
1841,2645
1842,2317
1842,2180
1842,2570
1842,2557
1842,2373
1842,1853
1842,2572
1842,2702
1842,2507
1842,2303
1842,2478
1842,2531
1842,1855
1842,2539
1842,2528
1842,2370
1842,2246
1842,2537
1842,2322
1842,1846
1842,2479
1842,1856
1842,2492
1842,1910
1842,2565
1842,1912
1842,2472
1843,2091
1843,2283
1843,2387
1843,1870
1843,2507
1843,2246
1843,2537
1843,1850
1843,2084
1843,2081
1843,2531
1843,1871
1843,2378
1843,1845
1843,2427
1843,2532
1843,2528
1843,2402
1843,2499
1844,2130
1844,2708
1844,2590
1844,2538
1844,1851
1844,1867
1844,1874
1844,1896
1844,2445
1844,2534
1844,1855
1844,1847
1844,1868
1844,2100
1844,2074
1844,2376
1844,2533
1844,2415
1844,2569
1845,2372
1845,2283
1845,1875
1845,2245
1845,1874
1845,2521
1845,1855
1845,1867
1845,2061
1845,2510
1845,2387
1845,2377
1845,2364
1846,2243
1846,2091
1846,2452
1846,1875
1846,2390
1846,1874
1846,1892
1846,2373
1846,2385
1846,2094
1846,2482
1846,2507
1846,2159
1846,2710
1846,1958
1846,1861
1846,2564
1846,1915
1846,2117
1846,2529
1846,2110
1846,1862
1846,2521
1846,2133
1846,2573
1846,2134
1846,1854
1846,2281
1846,2475
1846,2081
1846,2312
1846,2363
1847,2472
1847,2246
1847,2320
1847,1849
1847,2395
1847,1874
1847,2382
1847,1873
1847,2321
1847,2689
1847,1870
1847,2386
1847,2402
1847,2111
1847,1917
1847,2510
1847,2081
1847,2473
1847,1871
1847,2508
1847,2312
1847,1854
1847,1877
1847,2385
1847,2568
1847,2374
1847,2531
1848,1878
1848,2701
1848,2408
1848,1974
1848,2564
1848,2130
1848,2372
1848,1928
1848,2536
1848,2381
1848,2478
1848,2532
1848,2392
1848,1953
1848,2396
1848,2374
1848,2395
1848,2652
1848,2315
1848,2221
1848,1915
1848,2497
1849,2074
1849,1856
1849,1851
1849,2382
1849,2322
1849,1874
1849,1867
1849,2371
1849,1873
1849,2123
1849,2093
1849,2472
1849,2381
1849,2390
1849,2105
1849,2378
1849,2246
1849,2617
1849,1855
1849,2691
1850,2370
1850,2514
1850,2695
1850,2365
1850,2374
1850,2620
1850,2377
1850,2095
1850,1868
1850,1890
1850,2701
1850,2478
1850,2340
1850,2246
1850,1858
1850,2364
1850,2528
1850,2415
1850,2391
1850,2532
1851,2469
1851,2246
1851,2086
1851,2590
1851,2492
1851,1854
1851,2472
1851,2315
1851,1874
1851,1861
1851,1877
1851,2382
1851,2479
1851,1879
1851,2538
1851,2376
1851,2475
1851,2378
1851,1856
1851,1953
1851,2312
1851,2695
1852,2615
1852,2402
1852,2113
1852,2087
1852,1861
1852,1856
1852,2159
1852,1874
1852,2240
1852,1893
1853,2608
1853,2408
1853,2387
1853,2564
1853,1856
1853,1876
1853,1871
1853,1862
1853,1861
1853,2479
1853,2108
1853,2385
1853,2465
1853,2590
1853,2371
1854,2385
1854,2086
1854,1974
1854,1875
1854,2382
1854,2513
1854,2528
1854,2532
1854,2159
1854,1876
1854,2564
1854,1871
1854,1858
1854,1928
1854,2281
1854,2378
1854,2638
1854,1862
1854,1958
1854,2055
1854,2093
1854,2390
1854,2007
1854,2492
1854,2119
1854,2313
1854,2410
1854,1860
1854,2312
1854,1912
1854,2106
1854,2622
1855,2469
1855,2372
1855,2538
1855,2365
1855,2479
1855,1872
1855,2528
1855,2508
1855,2392
1855,2240
1855,1953
1855,2377
1855,1871
1855,1874
1855,2322
1855,2084
1855,2521
1855,1878
1856,2469
1856,2086
1856,2119
1856,2322
1856,2521
1856,2133
1856,1877
1856,2508
1856,2371
1856,2102
1856,2564
1856,2312
1857,1859
1857,2128
1857,2364
1857,2205
1857,2070
1857,2094
1857,2608
1857,2317
1857,2315
1857,2386
1857,2521
1857,2133
1857,2148
1857,2104
1857,2505
1857,2377
1857,1928
1857,2328
1857,2320
1857,2573
1857,1958
1857,1861
1857,1896
1857,2155
1857,2438
1857,2570
1857,2574
1857,2105
1857,2405
1857,2588
1857,2081
1858,2469
1858,2091
1858,1986
1858,2166
1858,1958
1858,2074
1858,2365
1858,1867
1858,2367
1858,2521
1858,2159
1858,2478
1858,1871
1858,2390
1858,2134
1858,2371
1858,2110
1858,2078
1858,2094
1858,2533
1858,2380
1858,2396
1858,2258
1858,1963
1859,2531
1859,2507
1859,2377
1859,2498
1859,2595
1859,2091
1859,2381
1859,2117
1859,2405
1859,2159
1859,2128
1859,2710
1859,1958
1859,2101
1859,2100
1859,2570
1859,2105
1859,1953
1859,2365
1859,1902
1859,2102
1859,2199
1859,2317
1859,1929
1860,2659
1860,2552
1860,2615
1860,2320
1860,2166
1860,2281
1860,1879
1860,2599
1860,2114
1860,2084
1860,1928
1860,2146
1860,2117
1860,2710
1860,2089
1860,2574
1861,2408
1861,2492
1861,2314
1861,1863
1861,2156
1861,2159
1861,2317
1861,2371
1861,2370
1861,2564
1861,2363
1861,2084
1861,2529
1861,2128
1861,1953
1861,2282
1861,2381
1862,2472
1862,2097
1862,2119
1862,1867
1862,1864
1862,1957
1862,1875
1862,2392
1862,2110
1862,2533
1862,2510
1862,2479
1862,2371
1862,2590
1862,1876
1863,2362
1863,1899
1863,2676
1863,2659
1863,1886
1863,2125
1863,1887
1863,2260
1863,2132
1863,2136
1863,2381
1863,2139
1863,2599
1863,2198
1863,2680
1863,2646
1863,1894
1863,2633
1863,2658
1863,1902
1863,1905
1863,2293
1863,2488
1863,1957
1863,2200
1863,2103
1863,2303
1864,2319
1864,2651
1864,2455
1864,2530
1864,2107
1864,2542
1864,2446
1864,1916
1865,2469
1865,2385
1865,2074
1865,1878
1865,1886
1865,1874
1865,2283
1865,1867
1865,1872
1865,2479
1865,2510
1865,1870
1865,1873
1865,2340
1865,2536
1865,2245
1865,1953
1865,2620
1865,2240
1866,2708
1866,2630
1866,2316
1866,2102
1867,2411
1867,2580
1867,1875
1867,1871
1867,2472
1867,1898
1867,2510
1867,1877
1867,2405
1867,2372
1867,2573
1867,2074
1867,2365
1867,2536
1867,2574
1867,2380
1867,2415
1867,2473
1868,2246
1868,2321
1868,1879
1868,1873
1868,2386
1868,2365
1868,2638
1868,2508
1868,2652
1868,2086
1868,2377
1868,2510
1868,2564
1868,2378
1868,2367
1868,1979
1868,2479
1868,2473
1868,1914
1868,2098
1868,2387
1868,2533
1868,2660
1869,2712
1869,2416
1869,2086
1869,2074
1869,2364
1869,2514
1869,2320
1869,2390
1869,2134
1869,1872
1869,2532
1869,1955
1869,2376
1869,1953
1869,2087
1869,2378
1869,2475
1869,2371
1869,2565
1869,2396
1869,2093
1869,2380
1869,2394
1869,2068
1870,2372
1870,2370
1870,2514
1870,2316
1870,1873
1870,2387
1870,2472
1870,2371
1870,1953
1870,2246
1870,2240
1870,2312
1870,2365
1870,2719
1871,2317
1871,2245
1871,2469
1871,2636
1871,1873
1871,2532
1871,2387
1871,2378
1871,1876
1871,2476
1871,2465
1871,2322
1871,2340
1871,2570
1871,1874
1871,2590
1871,2370
1871,2472
1871,2084
1872,2385
1872,2091
1872,2402
1872,2387
1872,2320
1872,2486
1872,2315
1872,1874
1872,2061
1872,2316
1872,2087
1872,2531
1872,2372
1872,2086
1872,2074
1872,2376
1872,2465
1872,2396
1873,2469
1873,2372
1873,2315
1873,2386
1873,2322
1873,2377
1873,2084
1873,2371
1873,2510
1873,2476
1873,2087
1873,2572
1873,2376
1873,2473
1873,1907
1873,2391
1874,2469
1874,2538
1874,2701
1874,1974
1874,2564
1874,2322
1874,2371
1874,1882
1874,2328
1874,2574
1874,2570
1874,2376
1874,2473
1874,2465
1874,2590
1874,2299
1875,2590
1875,2283
1875,2360
1875,1876
1875,2315
1875,2133
1875,2250
1875,2095
1875,2367
1875,2534
1875,2245
1876,2281
1876,2492
1876,2374
1876,2134
1876,2373
1876,2041
1876,2652
1876,1912
1876,2322
1876,2382
1876,2371
1876,2405
1876,2574
1876,2465
1876,2111
1876,2499
1877,2246
1877,2590
1877,1974
1877,2580
1877,2245
1877,2531
1877,2322
1877,2360
1877,2074
1877,2365
1878,2708
1878,2492
1878,2322
1878,2507
1878,2095
1878,2316
1878,2115
1878,2108
1878,2101
1878,2478
1878,2473
1878,2312
1878,2469
1878,2372
1878,2407
1878,2391
1878,2408
1878,2387
1878,2484
1879,2469
1879,2283
1879,2111
1879,2360
1879,1931
1879,2321
1879,2386
1879,2378
1880,2218
1880,1915
1880,1887
1880,2666
1880,2674
1880,2345
1880,2601
1880,2037
1880,2136
1880,2138
1880,2400
1880,2021
1880,2470
1880,2705
1880,2487
1881,2591
1881,2104
1881,2488
1881,2217
1881,2129
1881,2420
1881,2631
1881,2257
1881,2155
1881,2634
1881,2625
1881,2022
1881,1937
1881,2064
1881,2218
1881,2024
1881,2035
1881,2617
1881,2611
1881,1898
1881,1965
1881,1894
1881,2088
1881,2563
1881,2535
1881,2333
1881,2037
1881,2187
1882,2522
1882,2331
1882,2091
1882,2317
1882,2320
1882,1958
1882,1884
1882,2100
1882,2081
1882,2038
1882,2507
1882,2343
1882,1912
1882,2099
1882,2336
1882,2020
1882,2089
1882,2200
1882,2672
1882,2381
1882,2475
1882,2108
1882,2590
1882,2105
1882,2093
1882,2259
1882,1910
1883,2158
1883,2494
1883,2483
1883,2356
1883,2217
1883,2641
1883,2154
1883,2114
1883,1933
1883,2033
1883,2254
1883,2171
1883,2200
1883,2650
1883,2303
1883,1941
1883,2426
1883,2600
1883,1913
1883,1965
1883,2547
1883,2487
1883,2598
1883,2609
1883,2694
1883,2185
1883,2661
1883,2430
1883,2614
1883,2205
1883,2675
1883,2700
1883,2361
1883,2220
1883,2208
1883,2235
1884,2140
1884,2562
1884,2260
1884,2556
1884,2257
1884,2082
1884,2016
1884,2575
1884,1967
1884,2403
1884,2098
1885,2213
1885,1935
1885,2498
1885,2139
1885,2511
1885,1952
1885,2567
1885,2104
1885,2597
1885,1898
1885,2659
1885,2368
1885,1887
1885,1914
1885,2641
1885,2596
1885,2680
1885,1904
1885,1892
1885,2155
1885,2438
1885,2158
1885,2605
1885,2261
1885,2588
1885,2218
1885,2227
1885,2600
1885,2676
1885,2288
1885,2054
1885,2675
1885,2287
1886,2140
1886,2004
1886,2659
1886,1920
1886,2256
1886,2323
1886,2012
1886,2260
1886,2007
1886,2138
1886,2270
1886,2658
1886,2464
1886,2428
1886,2261
1886,2679
1886,1892
1886,1902
1886,2661
1886,2200
1886,1908
1886,2254
1886,2027
1886,2483
1886,2592
1886,1905
1887,2339
1887,2654
1887,2158
1887,2675
1887,2300
1887,2397
1887,2256
1887,2149
1887,2498
1887,2270
1887,2014
1887,1917
1887,2596
1887,1904
1887,2633
1887,2444
1887,2257
1887,2073
1887,1957
1887,2426
1887,2155
1887,2252
1887,2562
1887,2279
1887,2123
1887,1929
1888,2670
1888,2399
1888,2461
1888,1950
1888,2466
1888,2440
1888,2426
1888,2206
1888,2168
1888,2164
1888,2543
1888,2249
1888,2279
1888,2225
1888,2178
1888,2187
1888,2173
1888,2628
1888,1925
1888,1898
1888,2189
1888,2239
1888,2045
1889,2213
1889,2417
1889,2151
1889,1935
1889,2485
1889,2239
1889,2106
1889,2659
1889,2368
1889,1917
1889,2486
1889,2680
1889,2617
1889,2661
1889,1902
1889,2683
1889,1909
1889,2634
1889,2694
1889,2048
1889,2066
1889,2190
1889,2592
1889,1950
1889,2047
1889,2696
1890,2621
1890,2104
1890,2456
1890,2099
1890,2101
1890,2281
1890,2572
1890,2381
1890,2108
1890,2620
1890,2633
1890,1945
1890,2393
1890,1935
1890,2517
1890,2054
1890,2409
1891,2300
1891,2561
1891,2349
1891,2255
1891,2031
1891,2006
1891,2027
1891,2446
1891,2681
1891,1952
1891,2039
1891,2368
1891,2285
1891,2682
1891,2024
1891,2280
1891,2035
1891,2184
1892,2522
1892,2218
1892,2140
1892,2256
1892,1905
1892,2007
1892,2035
1892,2314
1892,2675
1892,1901
1892,2308
1892,2599
1892,1914
1892,1911
1892,2259
1892,2464
1892,2658
1892,2198
1892,1907
1892,2659
1892,2368
1892,1915
1892,2303
1892,2641
1892,2544
1892,2699
1893,2675
1893,2256
1893,2679
1893,1935
1893,2125
1893,2342
1893,2591
1893,2593
1893,2082
1893,2567
1893,2314
1893,2600
1893,2367
1893,2680
1893,2498
1893,1906
1893,1910
1893,2641
1893,2447
1893,2544
1893,2661
1893,2444
1893,2468
1893,1928
1893,2426
1893,2141
1893,1952
1894,2362
1894,2328
1894,2140
1894,2611
1894,2256
1894,2217
1894,1905
1894,2200
1894,2491
1894,2167
1894,2064
1894,2464
1894,2567
1894,2634
1894,2083
1894,2218
1894,2606
1894,2228
1894,2599
1894,2138
1894,2595
1894,1952
1894,2146
1894,2597
1894,1906
1894,2633
1894,1902
1894,2680
1894,1904
1894,2177
1894,2718
1894,2594
1894,2303
1894,1898
1894,2480
1894,2104
1894,2589
1894,2517
1894,2263
1894,2221
1894,2516
1895,2163
1895,2326
1895,2142
1895,2090
1895,2715
1895,2057
1895,2584
1895,2422
1895,2170
1895,1942
1895,2486
1895,2435
1895,1926
1895,2279
1895,2202
1895,2687
1895,2220
1895,2210
1895,2208
1895,1981
1895,2333
1895,2624
1895,2439
1896,2243
1896,2086
1896,2387
1896,2320
1896,1909
1896,2491
1896,2119
1896,2390
1896,2677
1896,2386
1896,2347
1896,2692
1896,2595
1896,2367
1896,2115
1896,2565
1896,2214
1896,2117
1896,2116
1896,2573
1896,2478
1896,2473
1896,2562
1896,2465
1896,2113
1896,2102
1896,2607
1897,2327
1897,2150
1897,2338
1897,2595
1897,2116
1897,1928
1897,2146
1897,2390
1897,2253
1897,1918
1897,2597
1897,1898
1897,2342
1897,2034
1897,2428
1897,2060
1897,1935
1897,2420
1897,2714
1898,2142
1898,2003
1898,2213
1898,2256
1898,2200
1898,2491
1898,2064
1898,2561
1898,2138
1898,2597
1898,2599
1898,2290
1898,2596
1898,2444
1898,2594
1898,2438
1898,1910
1898,2589
1898,2094
1898,2560
1898,2650
1898,2210
1899,2140
1899,2595
1899,2400
1899,1952
1899,2567
1899,2599
1899,2464
1899,2596
1899,2485
1899,1909
1899,2491
1899,2505
1899,2288
1899,2230
1899,2358
1899,2224
1899,2697
1899,2399
1900,2270
1900,2567
1900,1914
1900,2588
1900,2303
1900,2426
1900,2170
1900,2191
1900,2488
1900,2077
1900,2222
1900,2211
1900,2383
1900,2263
1900,2249
1900,2443
1900,1913
1900,2204
1900,2602
1900,2212
1900,2296
1901,2362
1901,2331
1901,2004
1901,2675
1901,1952
1901,2588
1901,2200
1901,2488
1901,1997
1901,2011
1901,2485
1901,2464
1901,2155
1901,2566
1901,2632
1901,2625
1901,2589
1901,2530
1901,2498
1901,2595
1901,2363
1901,2599
1901,2256
1901,2159
1901,2089
1901,2261
1901,2123
1901,1905
1901,2468
1901,2659
1901,2425
1901,2039
1902,1919
1902,2591
1902,2150
1902,1935
1902,2488
1902,2070
1902,1908
1902,2054
1902,2121
1902,2634
1902,2617
1902,1907
1902,2661
1902,1915
1902,2303
1902,2603
1902,2597
1902,2491
1902,2006
1902,2276
1902,2718
1902,1910
1902,2285
1902,2191
1902,2238
1903,2250
1903,2411
1903,2077
1903,2456
1903,2321
1903,2536
1903,2105
1903,1911
1903,2410
1903,2504
1903,2695
1903,2509
1903,2640
1903,2437
1903,2525
1903,2719
1903,2512
1903,2201
1903,2135
1903,2325
1903,2046
1903,2409
1903,2662
1903,2472
1903,1987
1903,2289
1904,1909
1904,2511
1904,2679
1904,2568
1904,1905
1904,2560
1904,1914
1904,2054
1904,2257
1904,2204
1904,2566
1904,2674
1904,2383
1904,2018
1904,2030
1904,2678
1904,2428
1904,2234
1904,1907
1904,2154
1904,2139
1904,2658
1904,2507
1904,1965
1905,2522
1905,2654
1905,2256
1905,2679
1905,2100
1905,2017
1905,2015
1905,2681
1905,2483
1905,2659
1905,2368
1905,1917
1905,1910
1905,2103
1905,2680
1905,2661
1905,2633
1905,2342
1905,2255
1905,2198
1905,2257
1905,2718
1905,1952
1905,2146
1905,2437
1906,2522
1906,2140
1906,2086
1906,2591
1906,2349
1906,2330
1906,1908
1906,2674
1906,2588
1906,2491
1906,2342
1906,1952
1906,2144
1906,2104
1906,2589
1906,2646
1906,2599
1906,2659
1906,2562
1906,2368
1906,2332
1906,2596
1906,2658
1906,2028
1906,2218
1906,1927
1906,2118
1906,2409
1907,2540
1907,2591
1907,2214
1907,2342
1907,2260
1907,2694
1907,2631
1907,2641
1907,2156
1907,2154
1907,2153
1907,2333
1907,2115
1907,2535
1907,1910
1907,2625
1907,2596
1907,2425
1907,2718
1907,2012
1907,2303
1908,2104
1908,2343
1908,2084
1908,2117
1908,2588
1908,2491
1908,2597
1908,2428
1908,2631
1908,2625
1908,2153
1908,2444
1908,2659
1908,2676
1908,2227
1908,2553
1908,2650
1908,2054
1908,2425
1908,2511
1908,2123
1908,2026
1909,2469
1909,1952
1909,2596
1909,2259
1909,2617
1909,2150
1909,1911
1909,2644
1909,2597
1909,2200
1909,2634
1909,2535
1909,2486
1909,2488
1909,2213
1909,2206
1909,2288
1909,2063
1909,2655
1909,2484
1909,2435
1909,1973
1910,1915
1910,1914
1910,2472
1910,2666
1910,2437
1910,2631
1910,2485
1910,1957
1910,2641
1910,2156
1910,2599
1910,2103
1910,2021
1910,2155
1910,2252
1910,2563
1910,2366
1910,2633
1910,2547
1910,1917
1910,2596
1910,1935
1911,2608
1911,2104
1911,2064
1911,2428
1911,2240
1911,2599
1911,2260
1911,2597
1911,2202
1911,2444
1911,2438
1911,2341
1911,2553
1911,2259
1911,2180
1911,2718
1912,2003
1912,2330
1912,2113
1912,2155
1912,2218
1912,2094
1912,2482
1912,2565
1912,2138
1912,2123
1912,2403
1912,2473
1912,2281
1912,2572
1912,2101
1912,2146
1912,2020
1912,2573
1913,2430
1913,2158
1913,2217
1913,2028
1913,2125
1913,2619
1913,2064
1913,2694
1913,2345
1913,2171
1913,1936
1913,2464
1913,2204
1913,2155
1913,2249
1913,2487
1913,2383
1913,2611
1913,2288
1913,2202
1913,2356
1913,2259
1913,1922
1913,1951
1913,1992
1913,2292
1914,2659
1914,2113
1914,2302
1914,2488
1914,2682
1914,2138
1914,2498
1914,2374
1914,2027
1914,2464
1914,1952
1914,2631
1914,2625
1914,2661
1914,2009
1914,2094
1914,2191
1914,2164
1914,2700
1914,2234
1915,2591
1915,2679
1915,2456
1915,2151
1915,2038
1915,2146
1915,2367
1915,2246
1915,2452
1915,2646
1915,2596
1915,2617
1915,2661
1915,2257
1915,2117
1915,2505
1915,2293
1915,2275
1915,2480
1915,2401
1915,2013
1916,2091
1916,2345
1916,2017
1916,2311
1916,2481
1916,2179
1916,2554
1916,2131
1916,2451
1916,2346
1916,2593
1917,2511
1917,2366
1917,2256
1917,2218
1917,2714
1917,2558
1917,2485
1917,2683
1917,2507
1917,2226
1917,2154
1917,2498
1917,2522
1917,2146
1917,2573
1917,2234
1917,2444
1917,2464
1917,2658
1917,2650
1917,2047
1917,2361
1918,2502
1918,2673
1918,2205
1918,2206
1918,2076
1918,2517
1918,2051
1918,1954
1918,2054
1918,2222
1918,2249
1918,1936
1918,2503
1918,2514
1918,1932
1918,2545
1918,1924
1918,2519
1918,2352
1918,2523
1918,2046
1918,1991
1918,2366
1918,2657
1918,2075
1918,2602
1918,2333
1918,2042
1918,2231
1918,2427
1918,2252
1918,1984
1918,2277
1918,1950
1919,2253
1919,2140
1919,2654
1919,2555
1919,2566
1919,2710
1919,2681
1919,1952
1919,2599
1919,2659
1919,2368
1919,2103
1919,2261
1919,2617
1919,2438
1919,2638
1919,2589
1919,2597
1919,2694
1919,2683
1919,2064
1919,2256
1919,2191
1919,1936
1919,2181
1920,2309
1920,1925
1920,2326
1920,2688
1920,2168
1920,2361
1920,2202
1920,2687
1920,2235
1920,2456
1920,2053
1920,1970
1920,2181
1920,2187
1920,2209
1920,2277
1920,2163
1920,2357
1920,1950
1920,2355
1920,1934
1920,2550
1920,1939
1920,2354
1920,2013
1920,2207
1921,2163
1921,2494
1921,2326
1921,1933
1921,2697
1921,2689
1921,2256
1921,2057
1921,1954
1921,2484
1921,1947
1921,2199
1921,2296
1921,1936
1921,2550
1921,2176
1921,2375
1921,1937
1921,1929
1921,2355
1921,2161
1921,2687
1921,1926
1921,2023
1921,2401
1921,2207
1921,2662
1921,2607
1921,2653
1921,2168
1921,2404
1921,2210
1921,1948
1921,2627
1921,2442
1921,2456
1921,2068
1921,2174
1922,2670
1922,2275
1922,2704
1922,2219
1922,2584
1922,2297
1922,2296
1922,1985
1922,2012
1922,2198
1922,2156
1922,2096
1922,2262
1922,2182
1922,2351
1922,2169
1922,2543
1922,2399
1922,2205
1922,2271
1922,2174
1922,2614
1922,2168
1922,2459
1922,2578
1922,2418
1922,1940
1922,2357
1922,2440
1922,1955
1922,2013
1923,1925
1923,2247
1923,2579
1923,1961
1923,2186
1923,2653
1923,2069
1923,2657
1923,2440
1923,2439
1923,2063
1923,2160
1923,2354
1923,2234
1923,2518
1923,2431
1923,2231
1923,2425
1923,2251
1923,2154
1923,2699
1923,2687
1923,1948
1923,2662
1923,2480
1923,1934
1923,2436
1923,2163
1923,1969
1923,2414
1923,2220
1923,2467
1923,2079
1923,1982
1923,2055
1923,1987
1923,1939
1923,2224
1924,1925
1924,2494
1924,2326
1924,2157
1924,2545
1924,2077
1924,1950
1924,2584
1924,2649
1924,2653
1924,2222
1924,2298
1924,2417
1924,1932
1924,1985
1924,2567
1924,2234
1924,2289
1924,2190
1924,2062
1924,2427
1924,1993
1924,2506
1924,2409
1924,2375
1924,2181
1924,2533
1924,2068
1924,2282
1924,2210
1924,2393
1924,1945
1924,2602
1924,2699
1924,1969
1924,1962
1924,2544
1924,2075
1925,2673
1925,2163
1925,2028
1925,2699
1925,2326
1925,2229
1925,2687
1925,2518
1925,2441
1925,2412
1925,2709
1925,2495
1925,2291
1925,1962
1925,2090
1925,2231
1925,2169
1925,1981
1925,2436
1925,1966
1925,2624
1925,2069
1925,2223
1925,2161
1925,2355
1925,2414
1925,1991
1925,2461
1925,1944
1925,2327
1925,1948
1925,2433
1925,1926
1925,1943
1925,2279
1925,2467
1926,2704
1926,2502
1926,2327
1926,2157
1926,2142
1926,1950
1926,2623
1926,2491
1926,2437
1926,2546
1926,2257
1926,2058
1926,2653
1926,2168
1926,2263
1926,2706
1926,2348
1926,1951
1926,2434
1926,2046
1926,2527
1926,2236
1926,2042
1926,2657
1926,1940
1926,2232
1926,1981
1926,2422
1926,2519
1926,1937
1926,2292
1926,1955
1926,1956
1926,2053
1926,2404
1926,2013
1926,2207
1926,2518
1927,2216
1927,2540
1927,2071
1927,1973
1927,2684
1927,2318
1927,2709
1927,1938
1927,1968
1927,2277
1927,2049
1927,2503
1927,2192
1927,2558
1927,2060
1927,2417
1927,1932
1927,2232
1927,1993
1927,2719
1927,1946
1927,2700
1927,2233
1927,2524
1927,2220
1927,2519
1927,2181
1927,2335
1928,2708
1928,2116
1928,2084
1928,2367
1928,2498
1928,2715
1928,2133
1928,2155
1928,2528
1928,2131
1928,2159
1928,2594
1928,2007
1928,2128
1928,2475
1929,2704
1929,2157
1929,2090
1929,2071
1929,2247
1929,2484
1929,2239
1929,2414
1929,2379
1929,2329
1929,2125
1929,2222
1929,1964
1929,2352
1929,2298
1929,2604
1929,2592
1929,2716
1929,1940
1929,2041
1929,2040
1929,2699
1929,2687
1929,2318
1929,2221
1929,2046
1929,2211
1929,2251
1929,2660
1929,1969
1929,2335
1929,2662
1930,2654
1930,2614
1930,2326
1930,2142
1930,2071
1930,2591
1930,1954
1930,2379
1930,1936
1930,2677
1930,2291
1930,2204
1930,2294
1930,2567
1930,2209
1930,2519
1930,2236
1930,1945
1930,2383
1930,2224
1930,2418
1930,2231
1930,2425
1930,2190
1930,2503
1930,2717
1930,2247
1930,2441
1930,2122
1930,2202
1930,2699
1930,2702
1930,2348
1930,2249
1930,2443
1930,2706
1930,1932
1930,2263
1930,2718
1930,2157
1930,2545
1930,1963
1930,2380
1930,1955
1930,2715
1930,1939
1931,2536
1931,2258
1931,2134
1931,2360
1931,2478
1932,2253
1932,2659
1932,2327
1932,2199
1932,1933
1932,2545
1932,2063
1932,2437
1932,2222
1932,2285
1932,2033
1932,2076
1932,2699
1932,2239
1932,2627
1932,2527
1932,2236
1932,2333
1932,2425
1932,2238
1932,1954
1932,2439
1932,2211
1932,2700
1932,2656
1932,2212
1932,2706
1932,2221
1932,2181
1932,1984
1932,1975
1932,2443
1932,2359
1932,2422
1932,1937
1933,2372
1933,2494
1933,2416
1933,2571
1933,2238
1933,2500
1933,2544
1933,2163
1933,2503
1933,2697
1933,2436
1933,2439
1933,1985
1933,2288
1933,2053
1933,2604
1933,1961
1933,2327
1933,2233
1933,2717
1933,2049
1933,2192
1933,2442
1933,2434
1933,1964
1933,2042
1933,1948
1933,1937
1933,2584
1933,2404
1934,2584
1934,2623
1934,2290
1934,2485
1934,2013
1934,2291
1934,2526
1934,2618
1934,1948
1934,2434
1934,2292
1934,1937
1934,1984
1934,2157
1934,2251
1934,2326
1934,2467
1934,2076
1935,2138
1935,2468
1935,2012
1935,2101
1935,2679
1935,2573
1935,2039
1935,2368
1935,2156
1935,2100
1935,2617
1935,2140
1935,1999
1935,2451
1935,2263
1936,2300
1936,2199
1936,2715
1936,2172
1936,1998
1936,2598
1936,2467
1936,2379
1936,1985
1936,2433
1936,2171
1936,2054
1936,2083
1936,2350
1936,2594
1936,2206
1936,2051
1936,2655
1936,2191
1936,2602
1936,2699
1936,2211
1936,2383
1936,2190
1936,2425
1936,2177
1936,2235
1936,2592
1936,2204
1936,2523
1936,2426
1936,2519
1936,2441
1936,2168
1936,2607
1936,2251
1936,2697
1937,2326
1937,2219
1937,2467
1937,2186
1937,2414
1937,2550
1937,1943
1937,1944
1937,2526
1937,2442
1937,2518
1937,2209
1937,2500
1937,2431
1937,2067
1937,2211
1937,2434
1937,1993
1937,1980
1937,1983
1937,2214
1937,2699
1937,2012
1937,1940
1937,2624
1938,2250
1938,2514
1938,1973
1938,2389
1938,2527
1938,2467
1938,1966
1938,2558
1938,2075
1938,2369
1938,2660
1938,1970
1938,1969
1938,1996
1938,2248
1938,2636
1938,2442
1938,2192
1938,1987
1938,2057
1938,1975
1938,1963
1938,2550
1938,1943
1938,2692
1938,2207
1938,2518
1938,2294
1939,2399
1939,2275
1939,2456
1939,2623
1939,2327
1939,2186
1939,2649
1939,2694
1939,1985
1939,2354
1939,2289
1939,2263
1939,2326
1939,2232
1939,2203
1939,2193
1939,2358
1939,2076
1939,2064
1939,2348
1939,2223
1940,2621
1940,2053
1940,2013
1940,2604
1940,2062
1940,2219
1940,2282
1940,2584
1940,2208
1940,2434
1940,2404
1940,2223
1940,2398
1940,2069
1940,2633
1940,2190
1940,1955
1940,2441
1941,1956
1941,2598
1941,2129
1941,2222
1941,2567
1941,2464
1941,2644
1941,2216
1941,2356
1941,1968
1941,2182
1941,2351
1941,2502
1941,2211
1941,2249
1941,2609
1941,2221
1941,2565
1941,2592
1941,2204
1941,2225
1941,2252
1941,2497
1941,2414
1941,2220
1941,2026
1941,2208
1941,2229
1941,2223
1941,1959
1942,2704
1942,2494
1942,2602
1942,1954
1942,2475
1942,2571
1942,2686
1942,2383
1942,2702
1942,1985
1942,2412
1942,1951
1942,2523
1942,2046
1942,2657
1942,2075
1942,2042
1942,2231
1942,1976
1942,1969
1942,2375
1942,1984
1942,2541
1942,2173
1942,1948
1942,2623
1942,1944
1942,2071
1942,2653
1942,2160
1943,2163
1943,2327
1943,2389
1943,2355
1943,2335
1943,1954
1943,2527
1943,2160
1943,1944
1943,2225
1943,2596
1943,2412
1943,1970
1943,2267
1943,2232
1943,2422
1943,1959
1943,2518
1944,2216
1944,2122
1944,2326
1944,2157
1944,2417
1944,2053
1944,1985
1944,2634
1944,2164
1944,2358
1944,2434
1944,2583
1944,2442
1944,1968
1944,2171
1944,2187
1944,2581
1944,2628
1944,2189
1944,2172
1944,2292
1944,2249
1944,1955
1944,1948
1945,2493
1945,2715
1945,2389
1945,2063
1945,2527
1945,2716
1945,2231
1945,2044
1945,1991
1945,1996
1945,2698
1945,2196
1945,2068
1945,1946
1945,2332
1945,2318
1945,2224
1945,2434
1945,2506
1945,2558
1945,2655
1945,2056
1945,2075
1945,1982
1945,2662
1945,1983
1945,1969
1945,2569
1945,2055
1946,2609
1946,2398
1946,2715
1946,2057
1946,2568
1946,2166
1946,2079
1946,2692
1946,2248
1946,2264
1946,2118
1946,2352
1946,2298
1946,2044
1946,2437
1946,2049
1946,1978
1946,2157
1946,2060
1946,2040
1946,2649
1946,2439
1946,2051
1946,2333
1946,2379
1946,2563
1946,2108
1946,2309
1946,2503
1946,2375
1946,2569
1946,2293
1946,2068
1946,2337
1946,2046
1946,2607
1946,2077
1946,1980
1946,2055
1946,2065
1946,1990
1946,2669
1947,2327
1947,2417
1947,2077
1947,2290
1947,2239
1947,2379
1947,1968
1947,2202
1947,2238
1947,2609
1947,2221
1947,2436
1947,2506
1947,2412
1947,2461
1947,2075
1947,2665
1947,2251
1947,2440
1947,1981
1947,2624
1947,2600
1947,2160
1948,1961
1948,2290
1948,2327
1948,2200
1948,2354
1948,2375
1948,2234
1948,1985
1948,2653
1948,2418
1948,2603
1948,2544
1948,2204
1948,2627
1948,2163
1948,1975
1948,2467
1948,2248
1948,2013
1948,2436
1948,2624
1948,2662
1949,2273
1949,2586
1949,2183
1949,2458
1949,2577
1949,2546
1949,2029
1949,2266
1949,2587
1949,2515
1949,2459
1949,2272
1949,2178
1950,2327
1950,2502
1950,2154
1950,2633
1950,2657
1950,2440
1950,2503
1950,2291
1950,1951
1950,2233
1950,2054
1950,1977
1950,2649
1950,1970
1950,1984
1950,2609
1950,2706
1950,2318
1950,2229
1950,2714
1950,1998
1950,2677
1950,2584
1950,2353
1950,2292
1950,2550
1950,2290
1950,2239
1950,2433
1950,2624
1950,2527
1950,2354
1950,2467
1951,1989
1951,2327
1951,2237
1951,1961
1951,2527
1951,2523
1951,2441
1951,2222
1951,1985
1951,2657
1951,2550
1951,2526
1951,2289
1951,2519
1951,2224
1951,2170
1951,2503
1951,2056
1951,2161
1951,2687
1951,2202
1951,2204
1951,2704
1951,2607
1951,2719
1951,2046
1951,2163
1951,2282
1951,2059
1951,2227
1951,2335
1951,2238
1952,2673
1952,2300
1952,2218
1952,2654
1952,2511
1952,2256
1952,2214
1952,2651
1952,2477
1952,2115
1952,2498
1952,2110
1952,2464
1952,2198
1952,2641
1952,2589
1952,2646
1952,2444
1952,2661
1952,2155
1952,2599
1952,2259
1953,2130
1953,2708
1953,2402
1953,2390
1953,2620
1953,2521
1953,2638
1953,2508
1953,2387
1953,2613
1953,2322
1953,2371
1953,2475
1953,2386
1953,2396
1953,2052
1953,2115
1953,2410
1954,2150
1954,1973
1954,2355
1954,2509
1954,2129
1954,2202
1954,2348
1954,2585
1954,2210
1954,2208
1954,2224
1954,2227
1954,2592
1954,2204
1954,2225
1954,2545
1954,2054
1954,2497
1954,2249
1954,2047
1954,2223
1954,2653
1954,2719
1954,2671
1955,2163
1955,2326
1955,2157
1955,2247
1955,2077
1955,2401
1955,2527
1955,2239
1955,2653
1955,2440
1955,2298
1955,2054
1955,2353
1955,2518
1955,2519
1955,2618
1955,2212
1955,2435
1955,1977
1955,2288
1955,2202
1955,2609
1955,2415
1955,2232
1955,2409
1955,2418
1956,2416
1956,2327
1956,2219
1956,2157
1956,2211
1956,2249
1956,2443
1956,2697
1956,2298
1956,2053
1956,2447
1956,2184
1956,2356
1956,2176
1956,2624
1956,2653
1956,1959
1956,2433
1956,2013
1956,2207
1956,2354
1956,2160
1957,2588
1957,2170
1957,2125
1957,2433
1957,2358
1957,2249
1957,2625
1957,2618
1957,2589
1957,2285
1957,2033
1957,2254
1957,2368
1957,2650
1957,2547
1957,2270
1957,2658
1957,2076
1957,2694
1957,2597
1957,2578
1957,2005
1957,2175
1958,2370
1958,2140
1958,2387
1958,2113
1958,2007
1958,2095
1958,2400
1958,2089
1958,2143
1958,2613
1958,2382
1958,2119
1958,2313
1958,2482
1958,2573
1958,2159
1958,2390
1958,2105
1958,2633
1958,2638
1958,2500
1959,2502
1959,2216
1959,2697
1959,2461
1959,2401
1959,2059
1959,2519
1959,2431
1959,2224
1959,2232
1959,2624
1959,2515
1959,2527
1959,2292
1959,2191
1959,2178
1960,2642
1960,2389
1960,2237
1960,1998
1960,2248
1960,2485
1960,2701
1960,2604
1960,2439
1960,1979
1960,2684
1960,2393
1960,1980
1960,2034
1960,2519
1960,2412
1960,2298
1960,2686
1960,2592
1960,2375
1960,2042
1960,1983
1960,1975
1960,1969
1960,2253
1960,2350
1960,2669
1960,2067
1960,2474
1960,2427
1960,2440
1961,2398
1961,2233
1961,1999
1961,2657
1961,2361
1961,2210
1961,2414
1961,2298
1961,2412
1961,2047
1961,2443
1961,2337
1961,2046
1961,2231
1961,2157
1961,2545
1961,2684
1961,2607
1961,2709
1961,2548
1961,1966
1961,2181
1961,1992
1961,2056
1961,2677
1961,2053
1962,2071
1962,1966
1962,2665
1962,2619
1962,2471
1962,2688
1962,2277
1962,1990
1962,1999
1962,2208
1962,2540
1962,1976
1962,2709
1962,1970
1962,2664
1962,1975
1962,1963
1962,2669
1963,2494
1963,2684
1963,2389
1963,2244
1963,2716
1963,2568
1963,1966
1963,1964
1963,2053
1963,1993
1963,2709
1963,1991
1963,2671
1963,2049
1963,1983
1963,2251
1963,1977
1963,2289
1963,1982
1963,2044
1963,1968
1963,2375
1963,2181
1963,2207
1963,2525
1963,2040
1963,1970
1963,2442
1963,2233
1963,2330
1963,2427
1963,1969
1964,2540
1964,2416
1964,2369
1964,2350
1964,2071
1964,2077
1964,2716
1964,2073
1964,1998
1964,2318
1964,2239
1964,2719
1964,2201
1964,2517
1964,2215
1964,2604
1964,2662
1964,2656
1964,1993
1964,2497
1964,1982
1964,1969
1964,2665
1964,2669
1964,2523
1964,2329
1964,1989
1964,2571
1964,2495
1964,2010
1965,2253
1965,2401
1965,2205
1965,2252
1965,2303
1965,2139
1965,2096
1965,2285
1965,2025
1965,2023
1965,2718
1965,2018
1965,2634
1965,2191
1966,2157
1966,2411
1966,2456
1966,2512
1966,2441
1966,2333
1966,2348
1966,2414
1966,2389
1966,2436
1966,2043
1966,2607
1966,2619
1966,2540
1966,1976
1966,2497
1966,2299
1966,1970
1966,1983
1966,1993
1966,2181
1966,2071
1966,1987
1966,2524
1966,2665
1966,2289
1966,2329
1966,2057
1966,2432
1967,2451
1967,2295
1967,2124
1967,2463
1967,2311
1967,2448
1967,2672
1967,2530
1967,2445
1967,2651
1967,2147
1967,2132
1967,2179
1967,2444
1968,2704
1968,2493
1968,2389
1968,2247
1968,2186
1968,2079
1968,2162
1968,1973
1968,1996
1968,1979
1968,2717
1968,2456
1968,2068
1968,2698
1968,2484
1968,1999
1968,2649
1968,2067
1968,2332
1968,2686
1968,2434
1968,2519
1968,2443
1968,2231
1968,2662
1968,2062
1968,2281
1968,2669
1968,2655
1968,1976
1969,2398
1969,2071
1969,2692
1969,2619
1969,2616
1969,1996
1969,2350
1969,2671
1969,2289
1969,2058
1969,1982
1969,2051
1969,2664
1969,1973
1969,2057
1969,2251
1969,1971
1969,2602
1970,2398
1970,2540
1970,2389
1970,2335
1970,2379
1970,1985
1970,2657
1970,1996
1970,2062
1970,2251
1970,2350
1970,2059
1970,2541
1970,2041
1970,2332
1970,2330
1970,2718
1970,2649
1970,2067
1970,2409
1970,1976
1970,2660
1970,1992
1970,2662
1971,2540
1971,2057
1971,1989
1971,2318
1971,2484
1971,2437
1971,2294
1971,2248
1971,2671
1971,2716
1971,2049
1971,1993
1971,2239
1971,2192
1971,2427
1971,2664
1971,2221
1971,2548
1971,2407
1971,2639
1971,2439
1971,2251
1971,2495
1971,2041
1971,2330
1971,1973
1972,2415
1972,2391
1972,2504
1972,2711
1972,2143
1972,2640
1972,2719
1972,2471
1972,2568
1972,2655
1972,2693
1972,2056
1973,2350
1973,2324
1973,1999
1973,2332
1973,2058
1973,2211
1973,2440
1973,2224
1973,1991
1973,2298
1973,2506
1973,2047
1973,2439
1973,2239
1973,2604
1973,2073
1973,1976
1973,2437
1973,2049
1973,1980
1973,1983
1973,2251
1973,2181
1973,2163
1973,2671
1973,2427
1973,2495
1973,2541
1973,2327
1973,2715
1973,2055
1973,2432
1974,2111
1974,2387
1974,2536
1974,2391
1975,2072
1975,2389
1975,2716
1975,2711
1975,2318
1975,2665
1975,2053
1975,2347
1975,2065
1975,2714
1975,2062
1975,2242
1975,2049
1975,2506
1975,2204
1975,2289
1975,2192
1975,1977
1975,2043
1975,2334
1975,2497
1975,2040
1975,2299
1975,2333
1975,2233
1975,2524
1975,2669
1975,1980
1975,2068
1975,2655
1975,2671
1976,2715
1976,2693
1976,2579
1976,2456
1976,2318
1976,2290
1976,2239
1976,2248
1976,2375
1976,2604
1976,2439
1976,1996
1976,2671
1976,2049
1976,2212
1976,2201
1976,2289
1976,2192
1976,2657
1976,2075
1976,2058
1976,1984
1976,2541
1976,2427
1976,1983
1976,2409
1976,2497
1976,2400
1976,2639
1976,2495
1976,2067
1976,2042
1976,2055
1976,2655
1976,2079
1976,1982
1976,2493
1976,2299
1977,2130
1977,2362
1977,2071
1977,2684
1977,1988
1977,2665
1977,2649
1977,2347
1977,2013
1977,2604
1977,2550
1977,2294
1977,1991
1977,1996
1977,2671
1977,1998
1977,2192
1977,1990
1977,2332
1977,2655
1977,2215
1977,2202
1977,2699
1977,1980
1977,2350
1977,2059
1977,2660
1977,2181
1977,2664
1977,2442
1977,2715
1977,2330
1977,2427
1977,1983
1978,2685
1978,2667
1978,2642
1978,2692
1978,2656
1978,2162
1978,2347
1978,2044
1978,2688
1978,2148
1978,2389
1978,2248
1978,2671
1978,2513
1978,2085
1978,2075
1978,2662
1979,2712
1979,2525
1979,2243
1979,2408
1979,2166
1979,1989
1979,2571
1979,2057
1979,2513
1979,1982
1979,2691
1979,2717
1979,2517
1979,2052
1979,2609
1979,2706
1979,2512
1979,2686
1979,2196
1979,2293
1979,2070
1979,2391
1979,2427
1979,2524
1979,2569
1979,2701
1979,2410
1979,1999
1979,2376
1980,2540
1980,2416
1980,2071
1980,2417
1980,2247
1980,2668
1980,2585
1980,2584
1980,2059
1980,2623
1980,2379
1980,1996
1980,2326
1980,2714
1980,2520
1980,2427
1980,2337
1980,1990
1980,2497
1980,2541
1980,2135
1980,1983
1981,2176
1981,2057
1981,2579
1981,2623
1981,2290
1981,2351
1981,2487
1981,2206
1981,2161
1982,2540
1982,2416
1982,2350
1982,2199
1982,2071
1982,2347
1982,2225
1982,2248
1982,2442
1982,2251
1982,2075
1982,1996
1982,2093
1982,2495
1982,2066
1982,2067
1982,2512
1982,2361
1982,2238
1982,2192
1982,2662
1982,2211
1982,2497
1982,2375
1982,2181
1982,2669
1982,2210
1983,2684
1983,2330
1983,2318
1983,2709
1983,2501
1983,2570
1983,2442
1983,2192
1983,2289
1983,2719
1983,2135
1983,2375
1983,2181
1983,2520
1983,2497
1983,2540
1983,2055
1983,2656
1983,2541
1983,2264
1984,2715
1984,2684
1984,2408
1984,2233
1984,2692
1984,2053
1984,2298
1984,1995
1984,1991
1984,2062
1984,2048
1984,2277
1984,2619
1984,2137
1984,2040
1984,1990
1984,2289
1984,2350
1984,2238
1984,2073
1984,2558
1984,2664
1984,2181
1985,2309
1985,2350
1985,2247
1985,2494
1985,2397
1985,2379
1985,2000
1985,2509
1985,2229
1985,2713
1985,2333
1985,2238
1985,2234
1985,2440
1985,2210
1985,2443
1985,2208
1985,2063
1985,2604
1985,2352
1985,2506
1985,2046
1985,2439
1985,2456
1985,2068
1985,2231
1985,2607
1985,2660
1985,2358
1985,2375
1985,1987
1985,2348
1985,2669
1985,2184
1985,2200
1985,2041
1985,2142
1985,2435
1985,2047
1985,2518
1986,2540
1986,2494
1986,2689
1986,2684
1986,2621
1986,2529
1986,2316
1986,2078
1986,2415
1986,2293
1986,2394
1986,2034
1986,2640
1986,2717
1986,2426
1986,2245
1986,2051
1986,2079
1986,2504
1986,2698
1986,2156
1986,2201
1986,2332
1986,2648
1986,2714
1986,2501
1987,2398
1987,2072
1987,2525
1987,2693
1987,2414
1987,2329
1987,2366
1987,2695
1987,2298
1987,2477
1987,2289
1987,2568
1987,2427
1987,2052
1987,2569
1987,2471
1987,2558
1987,2041
1988,2693
1988,2621
1988,2504
1988,2070
1988,2571
1988,2332
1988,2638
1988,2347
1988,2715
1988,2688
1988,2713
1989,1994
1989,2591
1989,2368
1989,2394
1989,2076
1989,2079
1989,2043
1989,1999
1989,2335
1989,2044
1989,2067
1989,2558
1989,2655
1989,2135
1989,2621
1989,2369
1989,2162
1989,2085
1989,2229
1989,2706
1989,2435
1989,2519
1989,2436
1989,2409
1989,2709
1989,2437
1989,2049
1989,2569
1989,2375
1989,2669
1989,2715
1989,2068
1989,2059
1989,2474
1989,2668
1989,2205
1989,2399
1990,2416
1990,2715
1990,2602
1990,2318
1990,2716
1990,2619
1990,1993
1990,2523
1990,2329
1990,2264
1990,2186
1990,1995
1990,2248
1990,2442
1990,2235
1990,1996
1990,2062
1990,2422
1990,2519
1990,2665
1990,2277
1990,2506
1990,2695
1990,2404
1990,2192
1990,2412
1990,2336
1990,2293
1990,2047
1990,2055
1990,2375
1990,2181
1990,2049
1990,2495
1990,2251
1990,2669
1990,2432
1990,2335
1990,2079
1991,2398
1991,2072
1991,2071
1991,2715
1991,2417
1991,2077
1991,2057
1991,2602
1991,2568
1991,1998
1991,2394
1991,2379
1991,2358
1991,2619
1991,2231
1991,2589
1991,2439
1991,2076
1991,2163
1991,2066
1991,2318
1991,2512
1991,2332
1991,2520
1991,2073
1991,2267
1991,2224
1991,2337
1991,2040
1991,2375
1991,2356
1991,2212
1991,2409
1991,2054
1991,2442
1991,2664
1991,2541
1991,2160
1992,2071
1992,2379
1992,2347
1992,2065
1992,2277
1992,2199
1992,2067
1992,2350
1992,2068
1992,2348
1992,2660
1992,1993
1992,2604
1992,2040
1992,2318
1992,2665
1992,2656
1992,2612
1993,2494
1993,2416
1993,2327
1993,2667
1993,2711
1993,2070
1993,2524
1993,2042
1993,2333
1993,2716
1993,2425
1993,2540
1993,2055
1993,2443
1993,2309
1993,2503
1993,2221
1993,2477
1993,2671
1993,2073
1993,2232
1993,2523
1993,2216
1993,2604
1993,2156
1993,2251
1993,2441
1993,2291
1993,2714
1993,2294
1994,2398
1994,2558
1994,2364
1994,2620
1994,2243
1994,2471
1994,2443
1994,2637
1994,2394
1994,2070
1994,2485
1994,2691
1994,2393
1994,2474
1994,2408
1994,2517
1994,2052
1994,2078
1994,2642
1994,2085
1995,2647
1995,2130
1995,2693
1995,2642
1995,2621
1995,2057
1995,2692
1995,2513
1995,2636
1995,2085
1995,2648
1995,2713
1995,2263
1995,2047
1996,2219
1996,2684
1996,2059
1996,2568
1996,2665
1996,2619
1996,2501
1996,2414
1996,2043
1996,2325
1996,2438
1996,2242
1996,1999
1996,2201
1996,2085
1996,2379
1996,2075
1996,2068
1996,2049
1996,1998
1996,2192
1996,2714
1996,2358
1996,2079
1996,2248
1996,2442
1996,2671
1996,2664
1996,2443
1996,2073
1997,2676
1997,2286
1997,2033
1997,2583
1997,2576
1997,2276
1997,2039
1998,2540
1998,2350
1998,2199
1998,2389
1998,2602
1998,2437
1998,2051
1998,2698
1998,2044
1998,2073
1998,2655
1998,2162
1998,2208
1998,2204
1998,2040
1998,2687
1998,2299
1998,2046
1998,2427
1998,2248
1998,2442
1998,2062
1998,2714
1998,2289
1998,2609
1998,2318
1998,2056
1998,2541
1998,2669
1998,2329
1998,2327
1998,2223
1998,2085
1998,2057
1998,2639
1999,2398
1999,2244
1999,2548
1999,2063
1999,2422
1999,2408
1999,2714
1999,2520
1999,2298
1999,2201
1999,2062
1999,2571
1999,2051
1999,2248
1999,2539
1999,2135
1999,2219
1999,2607
1999,2569
1999,2067
1999,2591
1999,2393
1999,2501
1999,2655
1999,2163
1999,2066
1999,2497
1999,2079
1999,2656
1999,2249
1999,2055
1999,2432
1999,2044
2000,2560
2000,2362
2000,2014
2000,2349
2000,2036
2000,2300
2000,2591
2000,2009
2000,2011
2000,2204
2000,2035
2000,2617
2000,2228
2000,2131
2000,2678
2000,2633
2000,2614
2000,2005
2000,2141
2000,2008
2000,2681
2000,2002
2000,2276
2000,2103
2000,2553
2001,2021
2001,2228
2001,2681
2001,2032
2001,2105
2001,2600
2001,2027
2002,2300
2002,2610
2002,2035
2002,2030
2002,2131
2002,2255
2002,2658
2002,2522
2002,2005
2002,2526
2002,2149
2002,2650
2002,2017
2003,2561
2003,2276
2003,2027
2003,2591
2003,2037
2003,2629
2003,2255
2003,2470
2003,2658
2003,2603
2003,2154
2003,2271
2004,2014
2004,2021
2004,2674
2004,2198
2004,2103
2004,2596
2005,2674
2005,2226
2005,2189
2005,2017
2005,2009
2005,2362
2005,2597
2005,2617
2005,2006
2005,2605
2005,2276
2005,2021
2005,2025
2005,2039
2005,2603
2005,2028
2005,2027
2005,2014
2005,2249
2006,2707
2006,2470
2006,2345
2006,2014
2006,2009
2006,2606
2006,2255
2006,2025
2007,2615
2007,2214
2007,2121
2007,2081
2007,2539
2007,2038
2007,2601
2007,2116
2007,2084
2007,2106
2007,2367
2007,2092
2007,2102
2007,2450
2007,2710
2007,2098
2007,2574
2007,2097
2008,2300
2008,2644
2008,2033
2008,2674
2008,2470
2008,2120
2008,2276
2008,2255
2008,2035
2008,2227
2008,2039
2008,2015
2008,2666
2009,2345
2009,2136
2009,2039
2009,2255
2009,2025
2009,2024
2009,2017
2009,2011
2009,2480
2010,2579
2010,2576
2010,2079
2010,2274
2010,2189
2010,2703
2010,2269
2010,2026
2010,2487
2010,2428
2010,2459
2010,2582
2010,2235
2010,2188
2010,2169
2010,2546
2010,2296
2010,2249
2011,2300
2011,2014
2011,2205
2011,2083
2011,2276
2011,2464
2011,2705
2011,2226
2011,2021
2011,2632
2012,2339
2012,2588
2012,2128
2012,2591
2012,2150
2012,2631
2012,2328
2012,2231
2012,2308
2012,2017
2012,2498
2012,2081
2012,2529
2012,2553
2012,2105
2013,2163
2013,2327
2013,2326
2013,2461
2013,2297
2013,2247
2013,2441
2013,2467
2013,2623
2013,2526
2013,2202
2013,2348
2013,2208
2013,2653
2013,2431
2013,2425
2013,2433
2013,2624
2013,2223
2013,2207
2013,2518
2014,2255
2014,2027
2014,2276
2014,2606
2014,2103
2014,2617
2014,2214
2014,2444
2014,2632
2014,2644
2014,2168
2014,2624
2015,2470
2015,2217
2015,2255
2015,2017
2015,2228
2015,2035
2015,2421
2015,2145
2015,2164
2015,2049
2016,2080
2016,2448
2016,2450
2016,2593
2016,2419
2016,2403
2016,2555
2016,2559
2016,2109
2017,2256
2017,2167
2017,2300
2017,2591
2017,2606
2017,2039
2017,2562
2017,2031
2018,2522
2018,2676
2018,2036
2018,2200
2018,2556
2018,2155
2018,2035
2018,2634
2018,2027
2018,2039
2018,2139
2018,2585
2018,2596
2018,2285
2018,2276
2018,2303
2018,2280
2018,2443
2019,2581
2019,2586
2019,2576
2019,2271
2019,2457
2019,2194
2019,2429
2019,2458
2019,2144
2019,2287
2019,2193
2019,2515
2020,2112
2020,2452
2020,2116
2020,2121
2020,2099
2020,2084
2020,2092
2020,2100
2020,2710
2020,2295
2020,2101
2020,2093
2020,2468
2020,2089
2020,2405
2020,2110
2020,2259
2020,2363
2021,2601
2021,2300
2021,2591
2021,2217
2021,2149
2021,2595
2021,2255
2021,2025
2021,2030
2021,2096
2021,2680
2021,2486
2021,2226
2021,2349
2021,2252
2021,2280
2022,2028
2022,2300
2022,2397
2022,2401
2022,2257
2022,2625
2022,2023
2022,2139
2022,2303
2022,2547
2022,2185
2022,2182
2022,2191
2022,2033
2023,2362
2023,2287
2023,2397
2023,2203
2023,2351
2023,2641
2023,2235
2023,2131
2023,2262
2023,2252
2023,2276
2023,2050
2023,2632
2023,2535
2023,2286
2023,2303
2023,2183
2023,2280
2023,2605
2023,2096
2023,2174
2024,2511
2024,2256
2024,2036
2024,2205
2024,2631
2024,2045
2024,2035
2024,2632
2024,2629
2024,2144
2024,2646
2024,2228
2024,2131
2024,2139
2024,2037
2024,2470
2024,2276
2024,2088
2024,2586
2025,2151
2025,2588
2025,2154
2025,2629
2025,2535
2025,2096
2025,2031
2025,2146
2025,2039
2025,2323
2025,2705
2026,2195
2026,2460
2026,2269
2026,2267
2026,2423
2026,2178
2026,2582
2026,2183
2027,2707
2027,2611
2027,2470
2027,2036
2027,2553
2027,2039
2027,2610
2027,2453
2028,2035
2028,2216
2028,2088
2028,2285
2028,2033
2028,2254
2028,2428
2028,2262
2028,2634
2028,2397
2028,2226
2028,2205
2028,2643
2028,2235
2028,2610
2028,2466
2029,2032
2029,2170
2029,2462
2029,2546
2029,2429
2029,2182
2029,2188
2029,2577
2029,2168
2029,2265
2029,2194
2029,2582
2029,2187
2030,2339
2030,2588
2030,2035
2030,2164
2030,2681
2030,2200
2030,2037
2030,2563
2030,2255
2030,2276
2030,2444
2030,2535
2030,2594
2031,2606
2031,2033
2031,2563
2031,2037
2031,2300
2031,2629
2032,2581
2032,2399
2032,2090
2032,2194
2032,2169
2032,2458
2032,2577
2032,2582
2032,2460
2032,2183
2032,2359
2033,2362
2033,2397
2033,2399
2033,2205
2033,2420
2033,2231
2033,2253
2033,2641
2033,2629
2033,2048
2033,2368
2033,2276
2033,2464
2033,2104
2033,2189
2033,2468
2033,2280
2033,2650
2033,2359
2034,2130
2034,2525
2034,2283
2034,2472
2034,2571
2034,2479
2034,2396
2034,2196
2034,2332
2034,2513
2034,2636
2034,2612
2035,2349
2035,2158
2035,2205
2035,2674
2035,2563
2035,2595
2035,2682
2035,2553
2035,2228
2035,2362
2035,2634
2035,2351
2035,2718
2035,2603
2035,2139
2035,2145
2036,2560
2036,2595
2036,2039
2036,2606
2036,2426
2036,2681
2036,2045
2036,2413
2037,2562
2037,2631
2037,2428
2037,2481
2037,2666
2037,2149
2037,2682
2038,2112
2038,2615
2038,2125
2038,2094
2038,2260
2038,2116
2038,2121
2038,2672
2038,2154
2038,2345
2038,2101
2038,2367
2038,2102
2038,2314
2038,2370
2038,2108
2038,2097
2039,2228
2039,2498
2039,2681
2039,2255
2039,2397
2039,2547
2040,2071
2040,2077
2040,2233
2040,2290
2040,2079
2040,2053
2040,2435
2040,2636
2040,2378
2040,2288
2040,2604
2040,2076
2040,2263
2040,2699
2040,2211
2040,2432
2040,2238
2040,2332
2040,2412
2040,2055
2040,2181
2040,2110
2040,2160
2040,2213
2040,2504
2041,2398
2041,2369
2041,2090
2041,2693
2041,2488
2041,2166
2041,2094
2041,2065
2041,2571
2041,2439
2041,2714
2041,2520
2041,2503
2041,2337
2041,2264
2041,2076
2041,2330
2041,2524
2041,2517
2041,2686
2041,2719
2041,2558
2041,2655
2041,2135
2041,2299
2041,2042
2041,2157
2041,2060
2041,2409
2041,2662
2041,2636
2042,2219
2042,2693
2042,2417
2042,2602
2042,2484
2042,2079
2042,2233
2042,2229
2042,2065
2042,2619
2042,2231
2042,2169
2042,2049
2042,2506
2042,2526
2042,2649
2042,2207
2042,2503
2042,2098
2042,2709
2042,2279
2042,2627
2042,2210
2043,2704
2043,2693
2043,2180
2043,2441
2043,2715
2043,2521
2043,2695
2043,2683
2043,2330
2043,2524
2043,2048
2043,2060
2043,2264
2043,2066
2043,2649
2043,2067
2043,2474
2043,2686
2043,2073
2043,2558
2043,2655
2043,2699
2043,2211
2043,2503
2043,2500
2043,2393
2043,2047
2043,2337
2043,2046
2043,2051
2043,2439
2043,2059
2043,2409
2043,2437
2043,2049
2043,2497
2043,2671
2043,2398
2043,2495
2043,2057
2043,2251
2043,2072
2044,2689
2044,2411
2044,2073
2044,2558
2044,2571
2044,2294
2044,2225
2044,2293
2044,2218
2044,2471
2044,2048
2044,2052
2044,2201
2044,2686
2044,2148
2044,2065
2044,2409
2044,2662
2044,2049
2044,2671
2044,2442
2044,2289
2044,2207
2045,2362
2045,2275
2045,2142
2045,2137
2045,2118
2045,2261
2045,2096
2045,2618
2045,2670
2045,2088
2045,2185
2045,2361
2045,2605
2045,2297
2045,2170
2045,2696
2045,2418
2045,2515
2045,2677
2045,2175
2045,2269
2045,2197
2045,2291
2045,2359
2045,2223
2045,2292
2046,2502
2046,2157
2046,2239
2046,2523
2046,2441
2046,2229
2046,2550
2046,2236
2046,2383
2046,2212
2046,2592
2046,2518
2046,2227
2046,2442
2046,2238
2046,2242
2047,2414
2047,2379
2047,2435
2047,2231
2047,2054
2047,2604
2047,2225
2047,2204
2047,2235
2047,2422
2047,2519
2047,2277
2047,2506
2047,2337
2047,2502
2047,2211
2047,2056
2047,2541
2047,2157
2047,2687
2047,2299
2047,2141
2047,2229
2047,2052
2047,2704
2047,2219
2047,2412
2047,2426
2047,2348
2047,2436
2047,2076
2048,2673
2048,2493
2048,2494
2048,2417
2048,2602
2048,2248
2048,2709
2048,2264
2048,2715
2048,2062
2048,2139
2048,2410
2048,2065
2048,2068
2048,2393
2048,2066
2048,2201
2048,2520
2048,2412
2048,2347
2048,2056
2048,2662
2048,2055
2048,2404
2049,2540
2049,2186
2049,2714
2049,2247
2049,2441
2049,2231
2049,2604
2049,2439
2049,2526
2049,2684
2049,2393
2049,2503
2049,2056
2049,2379
2049,2066
2049,2219
2049,2607
2049,2497
2049,2181
2049,2550
2049,2664
2049,2192
2049,2057
2049,2251
2049,2292
2050,2581
2050,2583
2050,2586
2050,2194
2050,2165
2050,2429
2050,2142
2050,2424
2050,2184
2050,2459
2050,2187
2051,2540
2051,2422
2051,2692
2051,2714
2051,2379
2051,2571
2051,2645
2051,2437
2051,2671
2051,2289
2051,2416
2051,2513
2051,2691
2051,2541
2051,2076
2051,2524
2051,2655
2051,2411
2051,2221
2051,2163
2051,2066
2051,2662
2052,2673
2052,2525
2052,2571
2052,2060
2052,2503
2052,2201
2052,2332
2052,2299
2052,2135
2052,2102
2052,2149
2052,2698
2052,2504
2052,2422
2052,2714
2052,2524
2052,2410
2053,2326
2053,2502
2053,2461
2053,2602
2053,2401
2053,2233
2053,2160
2053,2535
2053,2065
2053,2571
2053,2222
2053,2592
2053,2434
2053,2298
2053,2519
2053,2506
2053,2368
2053,2056
2053,2443
2053,2055
2053,2177
2053,2657
2053,2223
2053,2653
2054,2142
2054,2090
2054,2715
2054,2545
2054,2200
2054,2151
2054,2623
2054,2527
2054,2466
2054,2422
2054,2222
2054,2352
2054,2231
2054,2171
2054,2480
2054,2198
2054,2683
2054,2487
2054,2206
2054,2524
2054,2700
2054,2279
2054,2702
2054,2210
2054,2443
2054,2208
2054,2592
2054,2436
2054,2213
2054,2269
2054,2190
2054,2578
2055,2072
2055,2611
2055,2369
2055,2074
2055,2715
2055,2667
2055,2244
2055,2063
2055,2649
2055,2437
2055,2150
2055,2714
2055,2414
2055,2329
2055,2065
2055,2713
2055,2330
2055,2427
2055,2299
2055,2434
2055,2181
2055,2686
2055,2214
2055,2379
2055,2282
2055,2073
2055,2558
2055,2289
2056,2417
2056,2714
2056,2158
2056,2352
2056,2604
2056,2065
2056,2550
2056,2684
2056,2177
2056,2621
2056,2427
2056,2657
2056,2075
2056,2412
2056,2225
2056,2191
2056,2700
2056,2699
2056,2706
2056,2221
2056,2329
2056,2299
2056,2242
2056,2231
2056,2251
2056,2655
2056,2361
2057,2416
2057,2219
2057,2684
2057,2596
2057,2148
2057,2282
2057,2075
2057,2422
2057,2157
2057,2409
2057,2073
2057,2251
2057,2671
2057,2248
2057,2442
2057,2062
2057,2375
2057,2665
2057,2541
2057,2669
2057,2662
2058,2690
2058,2685
2058,2073
2058,2692
2058,2558
2058,2640
2058,2471
2058,2612
2058,2647
2058,2520
2058,2415
2058,2390
2058,2068
2058,2693
2058,2616
2058,2334
2058,2181
2058,2070
2058,2293
2058,2636
2058,2495
2059,2684
2059,2417
2059,2233
2059,2718
2059,2713
2059,2230
2059,2700
2059,2211
2059,2350
2059,2192
2059,2671
2059,2664
2059,2062
2059,2181
2059,2375
2059,2277
2059,2329
2059,2655
2059,2639
2059,2294
2060,2213
2060,2072
2060,2090
2060,2214
2060,2364
2060,2394
2060,2379
2060,2567
2060,2520
2060,2099
2060,2293
2060,2233
2060,2524
2060,2201
2060,2332
2060,2210
2060,2078
2060,2231
2060,2068
2061,2366
2061,2214
2061,2408
2061,2078
2061,2714
2061,2318
2061,2532
2061,2685
2061,2394
2061,2391
2061,2130
2061,2324
2061,2331
2062,2398
2062,2715
2062,2667
2062,2063
2062,2401
2062,2073
2062,2422
2062,2239
2062,2329
2062,2637
2062,2665
2062,2524
2062,2242
2062,2332
2062,2702
2062,2220
2062,2434
2062,2544
2062,2607
2062,2474
2062,2192
2062,2067
2062,2181
2062,2541
2062,2335
2062,2716
2063,2684
2063,2638
2063,2437
2063,2571
2063,2698
2063,2686
2063,2636
2063,2229
2063,2706
2063,2506
2063,2540
2063,2671
2063,2495
2063,2375
2064,2213
2064,2679
2064,2452
2064,2646
2064,2670
2064,2625
2064,2595
2064,2464
2064,2658
2064,2227
2064,2634
2064,2588
2064,2200
2064,2611
2064,2718
2064,2129
2064,2226
2064,2487
2064,2351
2064,2700
2064,2112
2064,2500
2064,2443
2065,2673
2065,2398
2065,2715
2065,2104
2065,2241
2065,2079
2065,2070
2065,2649
2065,2216
2065,2410
2065,2293
2065,2076
2065,2719
2065,2242
2065,2069
2065,2332
2065,2326
2065,2520
2065,2558
2065,2662
2065,2497
2065,2427
2065,2442
2065,2289
2065,2130
2065,2518
2066,2715
2066,2411
2066,2456
2066,2239
2066,2714
2066,2225
2066,2398
2066,2204
2066,2568
2066,2537
2066,2242
2066,2197
2066,2589
2066,2201
2066,2474
2066,2067
2066,2076
2066,2073
2066,2655
2066,2196
2067,2525
2067,2715
2067,2471
2067,2298
2067,2439
2067,2294
2067,2698
2067,2500
2067,2569
2067,2655
2067,2473
2067,2571
2067,2442
2067,2186
2068,2398
2068,2071
2068,2244
2068,2143
2068,2379
2068,2692
2068,2078
2068,2350
2068,2289
2068,2558
2068,2427
2068,2699
2068,2242
2068,2118
2068,2318
2068,2221
2068,2231
2068,2545
2068,2294
2068,2279
2068,2299
2068,2076
2068,2089
2068,2662
2068,2669
2069,2704
2069,2401
2069,2186
2069,2694
2069,2653
2069,2414
2069,2177
2069,2204
2069,2436
2069,2299
2069,2232
2069,2435
2069,2527
2069,2624
2070,2243
2070,2293
2070,2711
2070,2201
2070,2686
2070,2513
2070,2361
2070,2713
2070,2519
2070,2352
2070,2393
2070,2072
2070,2363
2071,2475
2071,2704
2071,2412
2071,2299
2071,2649
2071,2233
2071,2309
2071,2212
2071,2389
2071,2660
2071,2248
2071,2442
2071,2671
2071,2665
2071,2289
2071,2512
2071,2318
2071,2177
2071,2467
2072,2240
2072,2196
2072,2394
2072,2076
2072,2649
2072,2079
2072,2571
2072,2698
2072,2558
2072,2655
2072,2616
2072,2325
2072,2636
2072,2309
2072,2264
2072,2298
2072,2412
2072,2299
2072,2443
2072,2251
2072,2289
2073,2417
2073,2411
2073,2244
2073,2242
2073,2383
2073,2309
2073,2503
2073,2239
2073,2506
2073,2409
2073,2540
2073,2495
2073,2669
2073,2192
2073,2709
2073,2418
2073,2524
2073,2427
2073,2518
2073,2294
2074,2472
2074,2243
2074,2590
2074,2492
2074,2538
2074,2095
2074,2125
2074,2381
2074,2110
2074,2710
2074,2320
2074,2376
2074,2245
2074,2564
2074,2312
2074,2365
2074,2638
2074,2086
2074,2377
2074,2474
2075,2199
2075,2545
2075,2417
2075,2602
2075,2422
2075,2225
2075,2077
2075,2520
2075,2657
2075,2416
2075,2222
2075,2503
2075,2686
2075,2279
2075,2412
2075,2687
2075,2299
2075,2231
2075,2264
2075,2361
2075,2558
2076,2335
2076,2701
2076,2422
2076,2692
2076,2665
2076,2714
2076,2394
2076,2571
2076,2671
2076,2248
2076,2337
2076,2211
2076,2332
2076,2664
2076,2624
2076,2609
2076,2221
2076,2192
2076,2364
2076,2532
2076,2079
2076,2437
2076,2497
2076,2633
2076,2669
2076,2662
2077,2326
2077,2589
2077,2358
2077,2177
2077,2204
2077,2264
2077,2337
2077,2234
2077,2425
2077,2231
2077,2115
2077,2212
2077,2524
2077,2232
2077,2238
2077,2433
2077,2404
2077,2467
2077,2160
2078,2199
2078,2091
2078,2389
2078,2143
2078,2711
2078,2318
2078,2692
2078,2619
2078,2701
2078,2119
2078,2568
2078,2471
2078,2635
2078,2693
2078,2499
2078,2390
2078,2293
2078,2621
2078,2325
2078,2525
2078,2569
2078,2717
2078,2201
2079,2389
2079,2640
2079,2649
2079,2512
2079,2201
2079,2517
2079,2657
2079,2526
2079,2238
2079,2412
2079,2177
2079,2662
2079,2151
2079,2248
2079,2289
2079,2398
2079,2602
2080,2319
2080,2555
2080,2562
2080,2563
2080,2498
2080,2139
2081,2214
2081,2113
2081,2390
2081,2100
2081,2260
2081,2308
2081,2381
2081,2159
2081,2312
2081,2089
2082,2339
2082,2490
2082,2109
2082,2575
2082,2147
2082,2445
2082,2120
2082,2149
2082,2681
2083,2560
2083,2561
2083,2556
2083,2136
2083,2447
2083,2553
2083,2339
2083,2682
2083,2123
2083,2121
2083,2606
2083,2597
2083,2131
2083,2562
2083,2343
2084,2112
2084,2091
2084,2452
2084,2100
2084,2336
2084,2106
2084,2101
2084,2565
2084,2679
2084,2134
2084,2087
2084,2159
2084,2320
2084,2089
2084,2574
2084,2105
2084,2240
2084,2480
2085,2250
2085,2398
2085,2689
2085,2318
2085,2647
2085,2162
2085,2616
2085,2148
2085,2636
2085,2196
2086,2385
2086,2514
2086,2382
2086,2479
2086,2371
2086,2386
2086,2095
2086,2092
2086,2134
2086,2313
2086,2478
2086,2473
2086,2465
2086,2374
2086,2620
2086,2402
2086,2240
2086,2312
2086,2504
2087,2613
2087,2534
2087,2528
2087,2214
2087,2514
2088,2355
2088,2205
2088,2328
2088,2644
2088,2632
2088,2629
2088,2314
2088,2182
2088,2096
2088,2491
2088,2285
2088,2212
2088,2718
2088,2348
2088,2262
2088,2286
2089,2128
2089,2167
2089,2119
2089,2155
2089,2140
2089,2625
2089,2373
2089,2606
2089,2412
2089,2133
2089,2112
2089,2475
2089,2529
2089,2554
2089,2400
2089,2303
2089,2106
2090,2502
2090,2216
2090,2326
2090,2695
2090,2206
2090,2686
2090,2351
2090,2169
2090,2425
2090,2234
2090,2440
2090,2263
2090,2239
2090,2466
2090,2292
2090,2584
2090,2579
2090,2527
2090,2518
2091,2370
2091,2615
2091,2307
2091,2113
2091,2320
2091,2492
2091,2338
2091,2498
2091,2317
2091,2123
2091,2116
2091,2121
2091,2314
2091,2363
2091,2331
2091,2464
2091,2437
2092,2328
2092,2260
2092,2113
2092,2507
2092,2562
2092,2314
2092,2331
2092,2146
2092,2565
2092,2363
2092,2597
2092,2676
2092,2094
2092,2288
2093,2331
2093,2112
2093,2097
2093,2121
2093,2490
2093,2617
2093,2363
2093,2529
2093,2392
2093,2700
2093,2336
2093,2146
2093,2308
2093,2599
2094,2344
2094,2335
2094,2452
2094,2098
2094,2521
2094,2133
2094,2566
2094,2123
2094,2336
2094,2314
2094,2475
2094,2425
2094,2431
2095,2246
2095,2508
2095,2374
2095,2710
2095,2538
2095,2689
2095,2514
2095,2392
2095,2396
2095,2312
2095,2117
2095,2505
2095,2192
2096,2300
2096,2270
2096,2707
2096,2137
2096,2632
2096,2154
2096,2155
2096,2303
2096,2262
2096,2253
2096,2544
2096,2480
2096,2220
2096,2261
2097,2454
2097,2121
2097,2331
2097,2138
2097,2565
2097,2109
2097,2555
2097,2482
2097,2363
2097,2314
2097,2710
2097,2569
2097,2098
2097,2474
2098,2331
2098,2608
2098,2317
2098,2126
2098,2320
2098,2455
2098,2390
2098,2373
2098,2367
2098,2100
2098,2524
2098,2114
2098,2468
2098,2565
2098,2110
2098,2146
2098,2101
2098,2574
2099,2659
2099,2344
2099,2116
2099,2113
2099,2679
2099,2485
2099,2119
2099,2555
2099,2343
2099,2132
2099,2414
2099,2123
2099,2115
2099,2363
2099,2572
2099,2400
2099,2594
2099,2480
2099,2314
2100,2295
2100,2116
2100,2257
2100,2314
2100,2521
2100,2102
2100,2381
2100,2566
2100,2475
2100,2363
2100,2507
2100,2108
2100,2376
2100,2705
2101,2125
2101,2374
2101,2507
2101,2159
2101,2114
2101,2476
2101,2699
2101,2505
2101,2317
2101,2123
2101,2565
2101,2574
2101,2108
2101,2106
2101,2480
2101,2710
2101,2444
2101,2510
2102,2328
2102,2119
2102,2236
2102,2438
2102,2505
2102,2473
2102,2573
2102,2336
2102,2110
2102,2565
2102,2719
2102,2108
2102,2370
2102,2559
2102,2380
2102,2478
2102,2590
2102,2396
2102,2572
2102,2475
2103,2328
2103,2218
2103,2494
2103,2675
2103,2657
2103,2390
2103,2599
2103,2198
2103,2508
2103,2488
2103,2123
2103,2595
2103,2276
2103,2631
2103,2261
2103,2596
2103,2444
2103,2565
2103,2104
2103,2464
2103,2658
2103,2718
2103,2288
2103,2202
2104,2256
2104,2260
2104,2123
2104,2146
2104,2228
2104,2567
2104,2154
2104,2595
2104,2661
2104,2658
2104,2632
2104,2428
2104,2634
2104,2650
2104,2226
2104,2280
2104,2168
2104,2627
2104,2506
2105,2485
2105,2570
2105,2507
2105,2314
2105,2482
2105,2367
2105,2293
2105,2152
2105,2347
2105,2308
2105,2106
2105,2381
2105,2574
2105,2409
2106,2365
2106,2155
2106,2281
2106,2572
2106,2261
2106,2133
2106,2659
2106,2528
2106,2115
2106,2159
2106,2531
2106,2342
2106,2314
2106,2573
2106,2371
2106,2565
2106,2392
2106,2396
2107,2124
2107,2306
2107,2403
2107,2530
2107,2307
2108,2370
2108,2387
2108,2505
2108,2117
2108,2367
2108,2508
2108,2159
2108,2313
2108,2444
2108,2359
2109,2552
2109,2152
2109,2463
2109,2406
2109,2672
2109,2555
2109,2147
2109,2445
2109,2306
2109,2120
2109,2651
2109,2124
2110,2649
2110,2281
2110,2564
2110,2570
2110,2509
2110,2478
2110,2381
2110,2574
2110,2719
2110,2405
2110,2117
2110,2364
2110,2533
2110,2510
2110,2396
2111,2246
2111,2590
2111,2613
2111,2469
2111,2321
2111,2134
2111,2395
2112,2385
2112,2377
2112,2116
2112,2114
2112,2599
2112,2475
2112,2572
2112,2710
2112,2125
2112,2228
2112,2625
2112,2658
2112,2139
2112,2644
2112,2373
2112,2487
2113,2331
2113,2672
2113,2260
2113,2114
2113,2637
2113,2115
2113,2444
2113,2410
2113,2705
2114,2615
2114,2492
2114,2672
2114,2367
2114,2263
2114,2115
2114,2376
2114,2198
2114,2465
2115,2385
2115,2130
2115,2447
2115,2331
2115,2123
2115,2313
2115,2510
2115,2146
2115,2138
2115,2573
2115,2565
2115,2468
2115,2139
2115,2397
2116,2331
2116,2143
2116,2422
2116,2437
2116,2133
2116,2529
2116,2498
2116,2260
2116,2475
2116,2710
2116,2390
2116,2374
2117,2602
2117,2616
2117,2570
2117,2390
2117,2121
2117,2503
2117,2492
2117,2572
2117,2638
2117,2133
2117,2482
2117,2159
2117,2566
2117,2510
2117,2590
2117,2573
2117,2381
2117,2405
2117,2180
2117,2539
2117,2128
2117,2710
2117,2574
2118,2461
2118,2484
2118,2420
2118,2255
2118,2332
2118,2216
2118,2168
2118,2268
2118,2549
2118,2184
2118,2175
2118,2174
2118,2197
2118,2418
2118,2413
2118,2185
2118,2703
2119,2402
2119,2695
2119,2492
2119,2378
2119,2314
2120,2679
2120,2448
2120,2560
2120,2463
2120,2339
2120,2343
2120,2153
2120,2553
2120,2446
2120,2561
2120,2705
2121,2124
2121,2615
2121,2345
2121,2507
2121,2529
2121,2682
2121,2149
2121,2317
2121,2123
2121,2405
2122,2230
2122,2441
2122,2263
2122,2231
2122,2197
2122,2399
2122,2189
2122,2161
2122,2297
2122,2223
2122,2467
2123,2659
2123,2654
2123,2362
2123,2260
2123,2485
2123,2331
2123,2428
2123,2245
2123,2681
2123,2595
2123,2444
2123,2475
2123,2406
2123,2138
2123,2259
2124,2339
2124,2555
2124,2554
2124,2454
2124,2126
2124,2451
2124,2147
2124,2301
2124,2557
2124,2311
2124,2463
2124,2566
2125,2140
2125,2659
2125,2654
2125,2335
2125,2400
2125,2146
2125,2314
2125,2566
2125,2560
2125,2228
2125,2259
2126,2451
2126,2455
2126,2530
2126,2626
2126,2406
2126,2301
2126,2651
2126,2565
2126,2710
2127,2581
2127,2362
2127,2273
2127,2586
2127,2194
2127,2576
2127,2483
2127,2458
2127,2272
2127,2145
2127,2191
2127,2462
2128,2530
2128,2514
2128,2320
2128,2479
2128,2468
2128,2565
2128,2405
2128,2521
2128,2313
2128,2570
2128,2151
2128,2390
2128,2370
2128,2564
2128,2395
2128,2491
2128,2464
2128,2679
2128,2303
2128,2437
2128,2348
2129,2591
2129,2200
2129,2488
2129,2681
2129,2680
2129,2661
2129,2131
2129,2676
2129,2170
2129,2158
2129,2546
2129,2434
2129,2696
2130,2134
2130,2378
2130,2536
2130,2478
2130,2701
2130,2499
2130,2408
2130,2504
2130,2698
2130,2415
2130,2512
2130,2517
2130,2710
2130,2225
2130,2506
2131,2676
2131,2611
2131,2397
2131,2470
2131,2205
2131,2614
2131,2644
2131,2605
2131,2635
2131,2198
2131,2262
2131,2588
2131,2426
2131,2183
2131,2443
2132,2331
2132,2366
2132,2257
2132,2149
2132,2328
2132,2494
2132,2400
2132,2218
2132,2594
2132,2176
2132,2599
2132,2555
2132,2625
2132,2617
2132,2654
2132,2595
2132,2407
2132,2488
2132,2252
2132,2397
2132,2679
2132,2260
2133,2320
2133,2385
2133,2260
2133,2492
2133,2556
2133,2373
2133,2341
2133,2590
2133,2386
2133,2565
2133,2475
2133,2521
2133,2710
2134,2317
2134,2283
2134,2568
2134,2373
2134,2620
2134,2402
2134,2529
2134,2689
2134,2652
2134,2638
2134,2524
2134,2607
2135,2199
2135,2157
2135,2411
2135,2248
2135,2471
2135,2407
2135,2513
2135,2512
2135,2668
2135,2474
2135,2685
2135,2409
2135,2303
2135,2635
2135,2663
2135,2569
2135,2391
2136,2339
2136,2470
2136,2556
2136,2593
2136,2553
2136,2641
2136,2566
2137,2586
2137,2285
2137,2252
2137,2145
2137,2453
2137,2167
2137,2581
2137,2169
2137,2443
2137,2535
2137,2610
2137,2175
2137,2696
2137,2195
2137,2183
2137,2459
2138,2218
2138,2260
2138,2566
2138,2154
2138,2595
2138,2598
2138,2405
2138,2146
2138,2468
2138,2215
2139,2213
2139,2588
2139,2675
2139,2611
2139,2185
2139,2589
2139,2567
2139,2276
2139,2413
2139,2606
2139,2678
2139,2511
2140,2678
2140,2260
2140,2566
2140,2276
2140,2599
2140,2682
2140,2594
2140,2600
2140,2603
2140,2506
2141,2562
2141,2682
2141,2481
2141,2447
2141,2147
2141,2345
2141,2566
2141,2218
2141,2575
2141,2555
2141,2363
2141,2313
2142,2629
2142,2209
2142,2609
2142,2546
2142,2351
2142,2544
2142,2215
2142,2657
2142,2618
2142,2186
2142,2267
2142,2466
2142,2175
2142,2677
2142,2515
2142,2418
2142,2578
2142,2189
2142,2357
2142,2214
2142,2167
2142,2355
2142,2233
2142,2203
2142,2290
2143,2241
2143,2316
2143,2637
2143,2691
2143,2638
2143,2347
2143,2325
2143,2484
2144,2421
2144,2576
2144,2275
2144,2280
2144,2193
2145,2421
2145,2462
2145,2694
2145,2420
2145,2164
2145,2587
2146,2548
2146,2485
2146,2171
2146,2566
2146,2599
2146,2524
2146,2328
2146,2578
2146,2617
2146,2694
2146,2597
2147,2601
2147,2451
2147,2323
2147,2463
2147,2345
2147,2448
2147,2557
2147,2179
2147,2304
2147,2301
2147,2149
2148,2647
2148,2309
2148,2689
2148,2685
2148,2568
2148,2242
2148,2391
2149,2560
2149,2150
2149,2562
2149,2561
2149,2557
2149,2308
2149,2454
2149,2446
2149,2651
2149,2339
2149,2406
2149,2542
2149,2678
2149,2505
2150,2654
2150,2256
2150,2682
2150,2563
2150,2566
2150,2314
2150,2532
2150,2617
2150,2156
2150,2632
2150,2568
2150,2238
2150,2221
2150,2497
2151,2514
2151,2373
2151,2336
2151,2381
2151,2475
2151,2390
2151,2214
2151,2505
2151,2352
2152,2179
2152,2304
2152,2530
2152,2559
2152,2302
2152,2455
2152,2346
2152,2295
2152,2555
2152,2307
2152,2531
2152,2449
2152,2419
2152,2405
2153,2601
2153,2560
2153,2339
2153,2344
2153,2674
2153,2561
2153,2556
2153,2566
2153,2278
2153,2311
2153,2651
2153,2406
2153,2319
2153,2400
2153,2565
2154,2158
2154,2591
2154,2284
2154,2222
2154,2659
2154,2464
2154,2644
2154,2589
2154,2171
2154,2683
2154,2444
2154,2488
2154,2303
2154,2288
2155,2218
2155,2659
2155,2317
2155,2214
2155,2222
2155,2331
2155,2572
2155,2405
2155,2240
2155,2485
2155,2566
2155,2596
2155,2259
2155,2650
2156,2366
2156,2180
2156,2166
2156,2594
2156,2400
2156,2336
2156,2646
2156,2650
2157,2611
2157,2399
2157,2327
2157,2275
2157,2517
2157,2351
2157,2484
2157,2657
2157,2519
2157,2352
2157,2412
2157,2239
2157,2231
2157,2662
2157,2598
2157,2197
2157,2550
2157,2247
2157,2467
2158,2300
2158,2216
2158,2654
2158,2548
2158,2565
2158,2473
2158,2464
2158,2261
2158,2285
2158,2588
2158,2171
2158,2483
2158,2547
2158,2226
2158,2205
2158,2487
2158,2581
2158,2699
2158,2220
2158,2596
2158,2208
2159,2608
2159,2590
2159,2558
2159,2402
2159,2386
2159,2320
2159,2332
2159,2599
2159,2371
2159,2565
2159,2381
2159,2313
2159,2373
2159,2574
2159,2281
2159,2572
2159,2372
2159,2400
2160,2704
2160,2327
2160,2684
2160,2456
2160,2467
2160,2330
2160,2420
2160,2324
2160,2254
2160,2657
2160,2687
2160,2348
2160,2526
2160,2235
2160,2247
2160,2442
2160,2170
2160,2223
2160,2699
2160,2354
2161,2237
2161,2176
2161,2296
2161,2546
2161,2433
2161,2435
2161,2353
2161,2496
2161,2290
2161,2431
2161,2357
2161,2297
2162,2689
2162,2616
2162,2569
2162,2719
2162,2688
2162,2372
2162,2409
2162,2251
2162,2404
2163,2267
2163,2526
2163,2600
2163,2236
2163,2441
2163,2687
2163,2231
2163,2355
2163,2237
2163,2211
2163,2399
2163,2550
2163,2327
2163,2436
2163,2404
2163,2467
2164,2284
2164,2171
2164,2351
2164,2291
2164,2227
2164,2426
2164,2547
2164,2461
2164,2267
2164,2704
2164,2215
2164,2543
2164,2270
2164,2173
2164,2174
2164,2585
2165,2168
2165,2543
2165,2440
2165,2462
2165,2268
2165,2175
2165,2460
2165,2551
2165,2195
2165,2579
2165,2178
2165,2516
2165,2356
2166,2668
2166,2239
2166,2594
2166,2608
2166,2214
2166,2635
2166,2291
2167,2704
2167,2583
2167,2326
2167,2284
2167,2205
2167,2464
2167,2428
2167,2262
2167,2280
2167,2168
2167,2429
2167,2458
2167,2610
2167,2287
2167,2516
2167,2518
2168,2284
2168,2189
2168,2611
2168,2567
2168,2351
2168,2634
2168,2263
2168,2220
2168,2230
2168,2426
2168,2185
2168,2356
2168,2544
2169,2493
2169,2362
2169,2270
2169,2170
2169,2397
2169,2208
2169,2696
2169,2187
2169,2628
2169,2185
2170,2707
2170,2598
2170,2271
2170,2171
2170,2694
2170,2546
2170,2351
2170,2191
2170,2420
2170,2249
2170,2333
2170,2425
2170,2195
2170,2696
2170,2600
2170,2516
2170,2269
2170,2418
2170,2359
2170,2548
2171,2270
2171,2326
2171,2602
2171,2217
2171,2644
2171,2535
2171,2483
2171,2614
2171,2226
2171,2480
2171,2230
2171,2522
2171,2349
2171,2543
2171,2227
2171,2184
2171,2187
2171,2359
2171,2698
2172,2270
2172,2351
2172,2670
2172,2185
2172,2543
2172,2279
2172,2425
2172,2291
2172,2423
2172,2356
2172,2598
2172,2359
2172,2189
2172,2401
2172,2186
2173,2670
2173,2461
2173,2297
2173,2677
2173,2351
2173,2204
2173,2383
2173,2397
2173,2188
2173,2348
2173,2174
2173,2230
2173,2618
2173,2262
2173,2215
2173,2269
2173,2466
2173,2418
2173,2191
2174,2670
2174,2515
2174,2175
2174,2184
2175,2585
2175,2526
2175,2578
2175,2183
2175,2703
2175,2628
2175,2516
2175,2269
2175,2267
2175,2702
2175,2223
2175,2356
2175,2687
2175,2191
2175,2275
2175,2178
2175,2184
2175,2188
2176,2670
2176,2548
2176,2655
2176,2523
2176,2418
2176,2401
2176,2353
2176,2357
2177,2704
2177,2253
2177,2326
2177,2199
2177,2545
2177,2483
2177,2222
2177,2440
2177,2204
2177,2502
2177,2526
2177,2242
2177,2681
2177,2718
2177,2230
2177,2627
2177,2361
2177,2210
2177,2221
2177,2213
2177,2407
2177,2697
2177,2193
2178,2591
2178,2584
2178,2576
2178,2195
2178,2434
2178,2287
2178,2543
2179,2451
2179,2307
2179,2463
2179,2626
2179,2319
2179,2554
2179,2490
2179,2454
2179,2559
2179,2346
2179,2343
2179,2367
2180,2477
2180,2309
2180,2408
2180,2243
2180,2340
2180,2342
2180,2504
2180,2374
2180,2410
2180,2324
2180,2250
2180,2347
2180,2638
2180,2509
2180,2499
2180,2393
2180,2377
2180,2686
2180,2513
2180,2657
2180,2422
2181,2709
2181,2329
2181,2192
2181,2233
2181,2427
2181,2337
2181,2656
2181,2655
2181,2541
2181,2668
2181,2571
2182,2275
2182,2462
2182,2433
2182,2197
2182,2228
2182,2611
2182,2267
2182,2355
2182,2670
2182,2185
2182,2650
2182,2577
2182,2187
2183,2270
2183,2670
2183,2598
2183,2279
2183,2577
2183,2266
2184,2275
2184,2284
2184,2356
2184,2296
2184,2433
2184,2351
2184,2204
2184,2578
2184,2618
2184,2397
2184,2459
2184,2193
2184,2515
2184,2643
2184,2191
2184,2348
2184,2206
2184,2269
2184,2516
2185,2273
2185,2670
2185,2598
2185,2466
2185,2296
2185,2222
2185,2632
2185,2216
2185,2516
2185,2226
2185,2368
2185,2232
2185,2291
2185,2582
2185,2188
2185,2361
2185,2220
2185,2359
2185,2605
2186,2704
2186,2401
2186,2355
2186,2327
2186,2600
2186,2598
2186,2222
2186,2441
2186,2706
2186,2544
2186,2215
2186,2584
2186,2443
2186,2235
2186,2190
2186,2359
2186,2247
2186,2623
2186,2624
2186,2223
2186,2527
2186,2292
2186,2203
2187,2707
2187,2194
2187,2579
2187,2435
2187,2576
2187,2188
2187,2543
2187,2677
2187,2269
2188,2585
2188,2598
2188,2610
2188,2653
2188,2496
2188,2628
2188,2484
2188,2193
2188,2191
2188,2215
2188,2543
2188,2266
2188,2359
2189,2588
2189,2194
2189,2466
2189,2670
2189,2191
2189,2543
2189,2383
2189,2461
2189,2356
2189,2459
2189,2197
2190,2545
2190,2435
2190,2649
2190,2358
2190,2204
2190,2671
2190,2578
2190,2249
2190,2527
2190,2236
2190,2303
2190,2206
2190,2263
2190,2617
2190,2211
2190,2238
2190,2500
2190,2282
2190,2434
2190,2603
2190,2436
2190,2519
2190,2697
2190,2212
2190,2269
2190,2418
2191,2253
2191,2275
2191,2397
2191,2358
2191,2628
2191,2434
2191,2644
2191,2292
2191,2543
2191,2236
2191,2210
2191,2285
2191,2359
2192,2398
2192,2309
2192,2525
2192,2715
2192,2684
2192,2389
2192,2602
2192,2350
2192,2318
2192,2523
2192,2329
2192,2222
2192,2714
2192,2439
2192,2206
2192,2517
2192,2427
2192,2516
2192,2639
2193,2216
2193,2585
2193,2460
2193,2551
2193,2269
2193,2694
2193,2459
2193,2696
2193,2697
2193,2577
2193,2515
2193,2359
2194,2576
2194,2632
2194,2462
2194,2582
2194,2423
2195,2273
2195,2670
2195,2275
2195,2457
2195,2458
2195,2426
2195,2267
2195,2424
2195,2582
2195,2266
2195,2327
2195,2515
2195,2628
2196,2309
2196,2241
2196,2715
2196,2642
2196,2711
2196,2414
2196,2564
2196,2688
2196,2558
2196,2201
2196,2505
2196,2251
2196,2573
2196,2706
2196,2512
2196,2525
2196,2719
2196,2474
2196,2648
2196,2612
2196,2607
2197,2456
2197,2356
2197,2548
2197,2237
2197,2348
2197,2210
2197,2696
2197,2598
2197,2269
2197,2516
2197,2241
2197,2650
2198,2676
2198,2659
2198,2679
2198,2566
2198,2632
2198,2573
2198,2625
2198,2591
2198,2597
2198,2680
2198,2261
2198,2428
2198,2617
2198,2658
2198,2293
2198,2303
2198,2425
2198,2547
2198,2643
2198,2361
2199,2588
2199,2494
2199,2698
2199,2201
2199,2332
2199,2222
2199,2282
2199,2291
2199,2264
2199,2417
2199,2506
2199,2299
2199,2439
2199,2602
2199,2233
2199,2231
2199,2619
2199,2251
2199,2669
2199,2624
2199,2354
2199,2503
2199,2238
2199,2432
2200,2588
2200,2430
2200,2399
2200,2317
2200,2464
2200,2644
2200,2650
2200,2362
2200,2603
2200,2303
2200,2600
2200,2217
2200,2485
2200,2565
2200,2632
2200,2544
2200,2254
2200,2234
2200,2282
2200,2646
2200,2549
2201,2684
2201,2250
2201,2347
2201,2352
2201,2298
2201,2324
2201,2242
2201,2396
2201,2233
2201,2471
2201,2571
2201,2474
2201,2663
2201,2648
2201,2607
2201,2558
2201,2512
2202,2270
2202,2494
2202,2417
2202,2247
2202,2456
2202,2523
2202,2526
2202,2234
2202,2632
2202,2503
2202,2527
2202,2333
2202,2263
2202,2705
2202,2206
2202,2230
2202,2425
2202,2210
2202,2609
2202,2221
2202,2239
2202,2433
2202,2627
2203,2548
2203,2401
2203,2355
2203,2603
2203,2409
2203,2459
2203,2418
2203,2431
2203,2353
2203,2404
2203,2518
2204,2216
2204,2588
2204,2697
2204,2461
2204,2256
2204,2356
2204,2222
2204,2483
2204,2206
2204,2543
2204,2699
2204,2361
2204,2687
2204,2702
2204,2500
2204,2220
2204,2609
2204,2208
2204,2228
2204,2654
2204,2627
2204,2279
2204,2404
2205,2679
2205,2595
2205,2641
2205,2588
2205,2491
2205,2625
2205,2629
2205,2227
2205,2634
2205,2650
2205,2500
2205,2611
2205,2502
2205,2696
2206,2609
2206,2684
2206,2500
2206,2486
2206,2298
2206,2439
2206,2211
2206,2702
2206,2504
2206,2718
2206,2282
2206,2661
2206,2238
2206,2516
2206,2259
2207,2654
2207,2327
2207,2715
2207,2417
2207,2623
2207,2296
2207,2248
2207,2657
2207,2571
2207,2352
2207,2714
2207,2350
2207,2418
2207,2425
2207,2232
2207,2238
2207,2210
2207,2624
2207,2495
2207,2639
2207,2348
2208,2704
2208,2642
2208,2356
2208,2358
2208,2235
2208,2224
2208,2337
2208,2425
2208,2291
2208,2526
2208,2466
2208,2644
2208,2221
2208,2545
2208,2650
2208,2523
2208,2351
2208,2210
2209,2545
2209,2461
2209,2623
2209,2694
2209,2683
2209,2262
2209,2600
2209,2487
2209,2399
2209,2702
2209,2582
2209,2516
2210,2216
2210,2213
2210,2494
2210,2326
2210,2684
2210,2417
2210,2355
2210,2649
2210,2602
2210,2414
2210,2571
2210,2486
2210,2234
2210,2219
2210,2438
2210,2412
2210,2298
2210,2352
2210,2467
2210,2544
2210,2669
2210,2624
2210,2230
2210,2456
2210,2503
2210,2609
2210,2318
2210,2221
2210,2592
2211,2309
2211,2545
2211,2584
2211,2653
2211,2326
2211,2229
2211,2358
2211,2298
2211,2231
2211,2225
2211,2500
2211,2592
2211,2235
2211,2269
2211,2524
2211,2234
2211,2599
2211,2696
2212,2327
2212,2591
2212,2484
2212,2239
2212,2296
2212,2571
2212,2435
2212,2298
2212,2439
2212,2417
2212,2325
2212,2467
2212,2263
2212,2430
2212,2333
2212,2602
2212,2699
2212,2687
2212,2242
2212,2506
2212,2412
2212,2407
2212,2443
2212,2649
2212,2696
2212,2292
2212,2238
2213,2659
2213,2378
2213,2661
2213,2485
2213,2605
2213,2535
2213,2426
2213,2332
2213,2230
2213,2399
2213,2404
2213,2716
2214,2611
2214,2565
2214,2321
2214,2599
2214,2505
2214,2569
2215,2461
2215,2584
2215,2290
2215,2632
2215,2587
2215,2436
2215,2326
2215,2611
2215,2627
2215,2359
2215,2398
2215,2296
2215,2249
2215,2291
2215,2605
2216,2601
2216,2270
2216,2599
2216,2254
2216,2718
2216,2547
2216,2229
2216,2333
2216,2592
2216,2484
2216,2413
2216,2603
2217,2676
2217,2491
2217,2680
2217,2261
2217,2646
2217,2596
2217,2661
2217,2605
2217,2418
2217,2230
2217,2618
2217,2634
2217,2544
2217,2500
2217,2694
2217,2594
2217,2303
2217,2397
2217,2259
2217,2453
2217,2232
2218,2328
2218,2260
2218,2680
2218,2631
2218,2596
2218,2625
2218,2511
2218,2694
2218,2259
2219,2327
2219,2400
2219,2638
2219,2526
2219,2699
2219,2700
2219,2249
2219,2238
2219,2706
2219,2605
2219,2702
2219,2224
2219,2225
2219,2299
2219,2233
2219,2333
2219,2425
2219,2616
2219,2584
2219,2653
2220,2704
2220,2327
2220,2355
2220,2352
2220,2567
2220,2234
2220,2545
2220,2431
2220,2592
2220,2540
2220,2443
2220,2263
2220,2252
2220,2703
2220,2710
2220,2436
2220,2527
2220,2624
2220,2705
2220,2627
2220,2238
2220,2702
2221,2715
2221,2330
2221,2437
2221,2229
2221,2644
2221,2634
2221,2518
2221,2500
2221,2337
2221,2709
2221,2224
2221,2687
2221,2292
2221,2706
2221,2361
2221,2436
2222,2399
2222,2484
2222,2467
2222,2714
2222,2653
2222,2471
2222,2487
2222,2325
2222,2609
2222,2415
2222,2699
2222,2236
2222,2503
2222,2282
2222,2225
2222,2700
2222,2506
2222,2231
2222,2414
2222,2223
2223,2326
2223,2247
2223,2355
2223,2441
2223,2526
2223,2519
2223,2609
2223,2233
2223,2618
2223,2578
2223,2249
2223,2440
2223,2263
2223,2699
2223,2348
2223,2624
2224,2270
2224,2253
2224,2327
2224,2545
2224,2233
2224,2484
2224,2466
2224,2239
2224,2467
2224,2435
2224,2657
2224,2518
2224,2383
2224,2371
2224,2393
2224,2263
2224,2333
2224,2503
2224,2702
2224,2348
2224,2592
2224,2609
2224,2444
2225,2673
2225,2389
2225,2422
2225,2248
2225,2501
2225,2298
2225,2536
2225,2386
2225,2393
2225,2526
2225,2279
2225,2312
2225,2506
2225,2412
2225,2443
2225,2257
2225,2416
2225,2352
2225,2432
2226,2611
2226,2551
2226,2488
2226,2665
2226,2358
2226,2683
2226,2486
2226,2680
2226,2588
2226,2535
2226,2303
2226,2426
2226,2547
2226,2249
2226,2425
2226,2495
2226,2487
2227,2328
2227,2430
2227,2421
2227,2614
2227,2606
2227,2368
2227,2252
2227,2600
2227,2629
2227,2500
2228,2563
2228,2357
2228,2470
2228,2368
2228,2261
2228,2444
2228,2480
2228,2511
2228,2624
2229,2270
2229,2709
2229,2394
2229,2535
2229,2383
2229,2361
2229,2234
2229,2702
2229,2443
2229,2235
2229,2435
2229,2434
2229,2333
2229,2277
2229,2650
2229,2359
2229,2431
2229,2518
2230,2327
2230,2679
2230,2441
2230,2358
2230,2567
2230,2487
2230,2418
2230,2675
2230,2544
2230,2282
2230,2279
2230,2238
2231,2494
2231,2523
2231,2298
2231,2691
2231,2719
2231,2517
2231,2249
2231,2503
2231,2238
2231,2545
2231,2687
2231,2467
2231,2439
2231,2393
2231,2264
2232,2398
2232,2697
2232,2523
2232,2264
2232,2433
2232,2431
2232,2404
2232,2299
2232,2267
2232,2699
2232,2459
2232,2359
2232,2527
2232,2624
2232,2327
2233,2494
2233,2684
2233,2679
2233,2264
2233,2414
2233,2434
2233,2436
2233,2506
2233,2333
2233,2662
2233,2709
2233,2496
2233,2401
2233,2498
2233,2550
2233,2467
2233,2294
2234,2456
2234,2355
2234,2484
2234,2435
2234,2644
2234,2611
2234,2383
2234,2236
2234,2425
2234,2687
2234,2702
2234,2291
2234,2412
2234,2335
2234,2460
2234,2515
2234,2413
2234,2520
2234,2239
2235,2609
2235,2362
2235,2614
2235,2697
2235,2456
2235,2623
2235,2484
2235,2466
2235,2239
2235,2486
2235,2353
2235,2286
2235,2705
2235,2488
2235,2524
2235,2333
2235,2500
2235,2348
2235,2436
2235,2592
2235,2548
2236,2502
2236,2326
2236,2414
2236,2556
2236,2296
2236,2237
2236,2625
2236,2249
2236,2379
2236,2618
2236,2288
2236,2263
2236,2239
2236,2627
2236,2238
2236,2694
2236,2500
2236,2506
2236,2609
2237,2327
2237,2582
2237,2418
2237,2297
2237,2404
2238,2545
2238,2602
2238,2456
2238,2437
2238,2714
2238,2291
2238,2526
2238,2578
2238,2500
2238,2697
2238,2425
2238,2687
2238,2527
2238,2333
2238,2517
2238,2644
2238,2401
2238,2700
2238,2409
2238,2487
2238,2412
2238,2596
2238,2361
2238,2427
2238,2282
2238,2484
2239,2270
2239,2422
2239,2568
2239,2242
2239,2627
2239,2527
2239,2361
2239,2687
2239,2702
2239,2263
2239,2427
2239,2256
2239,2459
2240,2372
2240,2364
2240,2374
2240,2324
2240,2640
2240,2536
2240,2638
2240,2532
2240,2514
2240,2510
2240,2465
2240,2695
2241,2529
2241,2340
2241,2364
2241,2652
2241,2415
2241,2711
2241,2640
2241,2408
2241,2645
2241,2718
2241,2636
2241,2667
2242,2494
2242,2350
2242,2715
2242,2335
2242,2414
2242,2379
2242,2329
2242,2325
2242,2701
2242,2509
2242,2520
2242,2298
2242,2684
2242,2393
2242,2699
2242,2436
2242,2655
2242,2337
2242,2309
2242,2607
2242,2442
2242,2669
2242,2639
2243,2317
2243,2477
2243,2380
2243,2410
2243,2391
2243,2695
2243,2689
2243,2603
2243,2347
2244,2685
2244,2667
2244,2426
2244,2298
2244,2289
2244,2655
2244,2639
2245,2701
2245,2531
2245,2377
2245,2525
2245,2329
2245,2367
2245,2376
2245,2536
2245,2478
2245,2472
2245,2499
2245,2532
2245,2340
2246,2622
2246,2360
2246,2492
2246,2531
2246,2373
2246,2316
2246,2387
2246,2382
2246,2479
2246,2533
2246,2396
2246,2380
2246,2717
2247,2502
2247,2249
2247,2443
2247,2439
2247,2664
2247,2668
2247,2292
2247,2657
2247,2527
2247,2401
2248,2715
2248,2318
2248,2393
2248,2500
2248,2337
2248,2700
2248,2506
2248,2709
2248,2497
2248,2370
2248,2277
2248,2289
2248,2251
2248,2669
2248,2456
2248,2329
2248,2335
2249,2502
2249,2670
2249,2326
2249,2411
2249,2397
2249,2414
2249,2683
2249,2595
2249,2276
2249,2691
2249,2480
2249,2547
2249,2484
2249,2263
2249,2527
2249,2503
2249,2279
2249,2589
2249,2439
2249,2434
2249,2436
2249,2358
2249,2545
2249,2592
2249,2359
2250,2525
2250,2655
2250,2688
2250,2636
2250,2330
2250,2612
2250,2334
2250,2648
2250,2662
2250,2584
2251,2502
2251,2416
2251,2716
2251,2318
2251,2435
2251,2604
2251,2294
2251,2289
2251,2324
2251,2568
2251,2277
2251,2347
2251,2409
2251,2664
2251,2495
2251,2684
2251,2299
2251,2412
2251,2639
2252,2611
2252,2483
2252,2654
2252,2629
2252,2397
2252,2600
2252,2522
2252,2425
2252,2487
2252,2605
2252,2718
2252,2596
2252,2288
2252,2609
2252,2359
2253,2368
2253,2596
2253,2633
2253,2675
2253,2605
2253,2286
2253,2588
2253,2603
2253,2600
2253,2683
2253,2256
2253,2644
2253,2547
2253,2434
2254,2545
2254,2352
2254,2634
2254,2547
2254,2267
2254,2331
2254,2266
2254,2705
2254,2629
2254,2280
2255,2676
2255,2470
2255,2674
2255,2528
2255,2303
2256,2522
2256,2421
2256,2511
2256,2411
2256,2593
2256,2606
2256,2468
2256,2589
2256,2596
2256,2661
2256,2599
2257,2601
2257,2309
2257,2323
2257,2485
2257,2374
2257,2488
2257,2373
2257,2654
2257,2606
2257,2597
2257,2594
2257,2288
2258,2701
2258,2371
2259,2328
2259,2330
2259,2428
2259,2631
2259,2591
2259,2625
2259,2589
2259,2261
2259,2646
2259,2342
2259,2661
2259,2650
2259,2488
2259,2675
2259,2658
2259,2680
2259,2599
2260,2328
2260,2452
2260,2595
2260,2400
2260,2594
2260,2461
2260,2641
2260,2631
2260,2261
2260,2480
2261,2362
2261,2328
2261,2511
2261,2679
2261,2551
2261,2631
2261,2464
2261,2428
2261,2599
2261,2498
2261,2400
2261,2547
2261,2566
2261,2596
2261,2486
2261,2680
2261,2535
2261,2381
2262,2632
2262,2606
2262,2600
2262,2276
2262,2480
2262,2683
2263,2548
2263,2414
2263,2358
2263,2526
2263,2397
2263,2688
2263,2500
2263,2331
2263,2675
2263,2412
2263,2425
2263,2348
2263,2655
2263,2697
2263,2503
2264,2326
2264,2389
2264,2584
2264,2335
2264,2696
2264,2383
2264,2337
2264,2299
2264,2592
2264,2375
2264,2456
2264,2409
2264,2541
2265,2581
2265,2458
2265,2577
2265,2618
2265,2274
2265,2516
2265,2460
2265,2423
2265,2268
2266,2287
2266,2272
2266,2429
2266,2268
2266,2707
2267,2587
2267,2420
2267,2547
2267,2628
2267,2586
2267,2483
2267,2677
2267,2383
2267,2286
2267,2610
2267,2543
2267,2515
2268,2457
2268,2429
2268,2272
2268,2696
2268,2351
2269,2355
2269,2588
2269,2623
2269,2271
2269,2458
2269,2418
2269,2413
2269,2426
2269,2466
2269,2272
2269,2342
2269,2578
2270,2650
2270,2303
2270,2279
2270,2358
2270,2435
2270,2676
2271,2581
2271,2614
2271,2586
2271,2274
2271,2272
2271,2287
2271,2583
2271,2457
2272,2583
2272,2586
2272,2458
2272,2577
2272,2424
2272,2421
2272,2462
2272,2456
2272,2457
2273,2458
2273,2586
2273,2287
2273,2610
2273,2423
2273,2457
2274,2587
2274,2707
2274,2586
2274,2429
2274,2462
2274,2285
2274,2643
2274,2424
2274,2458
2275,2605
2275,2643
2275,2592
2275,2707
2275,2696
2275,2579
2275,2461
2275,2359
2275,2292
2275,2355
2276,2300
2276,2397
2276,2307
2276,2681
2276,2333
2276,2718
2277,2416
2277,2398
2277,2375
2277,2518
2277,2504
2277,2665
2277,2506
2277,2329
2277,2540
2277,2501
2277,2434
2277,2669
2278,2339
2278,2562
2278,2307
2278,2311
2278,2464
2278,2481
2278,2530
2278,2406
2278,2301
2278,2342
2278,2345
2278,2641
2278,2338
2278,2419
2278,2680
2278,2391
2278,2596
2279,2494
2279,2461
2279,2694
2279,2579
2279,2440
2279,2383
2279,2605
2279,2518
2279,2358
2279,2282
2279,2543
2279,2527
2280,2629
2281,2514
2281,2484
2281,2572
2281,2405
2281,2710
2281,2641
2281,2521
2281,2390
2281,2564
2281,2473
2281,2313
2282,2654
2282,2375
2282,2677
2282,2500
2282,2404
2282,2716
2282,2425
2282,2699
2282,2635
2282,2333
2282,2627
2282,2361
2282,2550
2283,2472
2283,2387
2283,2385
2283,2322
2283,2376
2283,2374
2284,2345
2284,2625
2284,2303
2284,2546
2284,2696
2284,2466
2285,2548
2285,2286
2285,2596
2285,2705
2285,2710
2286,2659
2286,2437
2286,2383
2286,2680
2286,2705
2286,2661
2286,2632
2286,2543
2286,2617
2286,2696
2287,2577
2287,2583
2287,2515
2288,2362
2288,2511
2288,2522
2288,2425
2288,2428
2288,2589
2288,2535
2288,2658
2288,2398
2288,2544
2288,2342
2289,2416
2289,2411
2289,2709
2289,2389
2289,2486
2289,2298
2289,2713
2289,2439
2289,2456
2289,2412
2289,2436
2289,2409
2289,2662
2289,2442
2289,2636
2289,2558
2290,2632
2290,2677
2290,2496
2290,2296
2290,2624
2291,2416
2291,2523
2291,2433
2291,2491
2291,2705
2291,2702
2291,2434
2291,2503
2291,2409
2291,2609
2292,2494
2292,2417
2292,2456
2292,2401
2292,2355
2292,2441
2292,2518
2292,2519
2292,2687
2292,2653
2292,2639
2292,2434
2292,2624
2293,2366
2293,2711
2293,2568
2293,2374
2293,2717
2293,2474
2293,2309
2293,2444
2294,2525
2294,2668
2294,2350
2294,2324
2294,2432
2294,2361
2294,2656
2294,2664
2294,2671
2294,2639
2295,2552
2295,2455
2295,2530
2295,2302
2295,2310
2295,2346
2295,2672
2295,2449
2295,2448
2295,2307
2296,2598
2296,2484
2296,2547
2296,2523
2296,2353
2296,2496
2296,2558
2297,2585
2297,2453
2297,2412
2297,2354
2298,2494
2298,2684
2298,2456
2298,2656
2298,2437
2298,2657
2298,2352
2298,2594
2298,2524
2298,2698
2298,2640
2298,2309
2298,2697
2298,2607
2298,2662
2298,2518
2299,2389
2299,2422
2299,2714
2299,2640
2299,2337
2299,2657
2299,2491
2299,2425
2300,2593
2300,2606
2300,2567
2300,2631
2300,2588
2301,2560
2301,2450
2301,2306
2301,2626
2301,2672
2301,2557
2302,2451
2302,2552
2302,2319
2302,2626
2302,2530
2302,2554
2302,2406
2302,2454
2302,2346
2303,2611
2303,2362
2303,2666
2303,2561
2303,2428
2303,2351
2303,2577
2303,2567
2303,2483
2303,2633
2303,2603
2303,2524
2303,2627
2304,2323
2304,2455
2304,2626
2304,2552
2304,2530
2304,2446
2305,2448
2305,2489
2305,2559
2305,2308
2305,2428
2306,2451
2306,2319
2306,2530
2306,2554
2306,2449
2306,2490
2306,2406
2306,2454
2306,2346
2306,2593
2307,2451
2307,2446
2307,2626
2308,2339
2308,2676
2308,2562
2308,2344
2308,2557
2308,2593
2308,2447
2308,2554
2308,2553
2308,2480
2309,2400
2309,2410
2309,2394
2309,2437
2309,2524
2309,2411
2309,2335
2309,2642
2309,2334
2309,2558
2309,2684
2310,2450
2310,2314
2310,2490
2310,2672
2310,2575
2310,2341
2310,2626
2310,2555
2310,2406
2311,2511
2311,2556
2311,2345
2311,2557
2311,2562
2311,2344
2311,2481
2311,2678
2311,2650
2312,2620
2312,2386
2312,2478
2312,2508
2312,2396
2312,2390
2312,2473
2312,2378
2312,2533
2312,2472
2312,2391
2313,2395
2313,2572
2313,2482
2313,2565
2313,2381
2313,2387
2314,2317
2314,2484
2314,2510
2314,2367
2314,2565
2314,2365
2314,2473
2314,2633
2315,2472
2315,2538
2315,2387
2315,2695
2315,2613
2315,2382
2315,2508
2315,2317
2315,2316
2315,2572
2315,2521
2315,2376
2315,2473
2315,2372
2315,2505
2315,2434
2316,2537
2316,2373
2316,2531
2316,2402
2316,2367
2316,2473
2316,2370
2316,2564
2316,2472
2316,2686
2317,2521
2317,2529
2317,2377
2317,2405
2317,2522
2317,2574
2317,2374
2317,2408
2318,2493
2318,2469
2318,2715
2318,2649
2318,2571
2318,2443
2318,2414
2318,2350
2318,2656
2318,2660
2318,2541
2318,2335
2318,2441
2318,2550
2319,2341
2319,2449
2319,2552
2319,2455
2319,2403
2319,2593
2320,2370
2320,2382
2320,2529
2320,2336
2320,2371
2320,2565
2320,2672
2320,2710
2321,2469
2321,2538
2321,2360
2321,2415
2322,2507
2322,2537
2322,2382
2322,2387
2322,2590
2322,2378
2322,2405
2322,2381
2322,2533
2322,2377
2322,2366
2322,2570
2322,2473
2323,2626
2323,2672
2323,2345
2323,2463
2323,2451
2324,2689
2324,2667
2324,2590
2324,2701
2324,2640
2324,2536
2324,2380
2324,2642
2324,2695
2324,2428
2324,2717
2324,2637
2324,2612
2324,2669
2325,2708
2325,2422
2325,2371
2325,2645
2325,2636
2325,2471
2325,2612
2325,2689
2326,2670
2326,2661
2326,2657
2326,2383
2326,2443
2326,2409
2326,2662
2326,2496
2326,2357
2326,2355
2326,2526
2326,2623
2326,2696
2326,2503
2327,2657
2327,2440
2327,2348
2327,2389
2327,2353
2327,2357
2327,2653
2327,2702
2327,2467
2327,2716
2328,2450
2328,2553
2328,2400
2328,2367
2328,2405
2328,2374
2328,2606
2328,2368
2328,2617
2328,2615
2328,2426
2328,2468
2329,2411
2329,2432
2329,2355
2329,2422
2329,2665
2329,2398
2329,2689
2329,2416
2329,2513
2329,2711
2329,2393
2329,2409
2329,2540
2329,2497
2329,2442
2329,2648
2329,2692
2329,2520
2329,2671
2329,2685
2330,2715
2330,2417
2330,2368
2330,2686
2330,2655
2330,2663
2330,2612
2330,2627
2330,2700
2330,2662
2330,2442
2330,2664
2330,2520
2330,2714
2330,2571
2330,2545
2330,2645
2331,2345
2331,2682
2331,2406
2331,2673
2331,2363
2331,2475
2331,2533
2331,2554
2332,2398
2332,2715
2332,2716
2332,2568
2332,2714
2332,2695
2332,2526
2332,2506
2332,2686
2332,2452
2332,2442
2332,2704
2332,2607
2332,2662
2332,2664
2333,2494
2333,2585
2333,2665
2333,2439
2333,2519
2333,2500
2333,2602
2333,2697
2333,2503
2333,2717
2333,2400
2333,2690
2333,2627
2334,2685
2334,2667
2334,2701
2334,2394
2334,2693
2334,2364
2334,2691
2334,2517
2334,2615
2334,2664
2335,2504
2335,2394
2335,2691
2335,2693
2335,2638
2335,2636
2335,2397
2335,2612
2335,2671
2335,2568
2335,2427
2335,2375
2335,2517
2336,2713
2336,2498
2336,2574
2336,2620
2337,2494
2337,2602
2337,2715
2337,2683
2337,2520
2337,2352
2337,2513
2337,2565
2337,2627
2337,2671
2337,2607
2337,2541
2337,2361
2338,2339
2338,2349
2338,2556
2338,2626
2338,2447
2338,2530
2338,2345
2338,2562
2339,2341
2339,2447
2339,2563
2339,2444
2339,2644
2340,2692
2340,2645
2340,2620
2340,2382
2340,2392
2340,2380
2340,2396
2341,2593
2341,2572
2341,2530
2341,2626
2342,2477
2342,2614
2342,2641
2342,2405
2342,2599
2342,2617
2342,2480
2342,2368
2342,2700
2343,2601
2343,2562
2343,2517
2343,2573
2344,2591
2344,2555
2344,2562
2344,2447
2344,2560
2344,2594
2344,2606
2344,2464
2344,2650
2344,2480
2345,2556
2345,2557
2345,2593
2345,2666
2345,2535
2345,2426
2346,2481
2346,2530
2346,2454
2346,2406
2346,2449
2347,2621
2347,2411
2347,2649
2347,2653
2347,2394
2347,2379
2347,2504
2347,2471
2347,2691
2347,2438
2347,2689
2347,2520
2347,2513
2348,2545
2348,2523
2348,2425
2348,2417
2348,2443
2348,2535
2348,2657
2348,2618
2348,2383
2348,2354
2348,2670
2348,2623
2348,2484
2349,2666
2349,2681
2349,2694
2350,2524
2350,2414
2350,2523
2350,2709
2350,2660
2350,2648
2350,2442
2350,2665
2350,2352
2350,2501
2350,2518
2351,2579
2351,2546
2351,2629
2351,2543
2351,2361
2351,2459
2351,2578
2351,2516
2351,2585
2351,2670
2352,2398
2352,2715
2352,2484
2352,2619
2352,2407
2352,2545
2352,2718
2352,2474
2352,2706
2352,2422
2352,2519
2352,2442
2353,2609
2353,2461
2353,2401
2353,2422
2353,2548
2353,2355
2353,2543
2353,2357
2354,2431
2354,2467
2354,2624
2354,2441
2354,2550
2355,2434
2355,2496
2356,2502
2356,2583
2356,2705
2356,2657
2356,2461
2356,2429
2356,2500
2356,2459
2356,2578
2356,2628
2356,2703
2357,2548
2357,2483
2357,2466
2357,2527
2357,2550
2357,2431
2357,2496
2358,2611
2358,2494
2358,2602
2358,2484
2358,2665
2358,2694
2358,2616
2358,2523
2358,2414
2358,2623
2358,2458
2358,2697
2358,2440
2358,2634
2358,2683
2358,2393
2358,2655
2358,2627
2358,2700
2358,2383
2359,2598
2359,2548
2359,2677
2359,2383
2359,2456
2359,2440
2359,2628
2359,2434
2359,2546
2359,2543
2360,2370
2360,2590
2360,2386
2360,2377
2361,2412
2361,2699
2361,2368
2361,2596
2361,2669
2361,2413
2361,2409
2361,2718
2362,2666
2362,2682
2362,2659
2362,2680
2362,2629
2362,2718
2362,2511
2362,2594
2362,2600
2362,2480
2362,2462
2363,2514
2363,2407
2363,2386
2363,2400
2364,2477
2364,2385
2364,2382
2364,2376
2364,2532
2364,2415
2364,2531
2364,2394
2364,2637
2364,2655
2364,2392
2365,2385
2365,2384
2365,2386
2365,2508
2365,2376
2365,2711
2365,2529
2365,2465
2365,2372
2365,2380
2366,2508
2366,2482
2366,2407
2366,2438
2366,2394
2366,2719
2366,2686
2366,2619
2367,2485
2367,2507
2367,2374
2367,2536
2367,2377
2367,2580
2367,2386
2367,2468
2367,2482
2367,2710
2367,2570
2367,2396
2367,2617
2368,2522
2368,2614
2368,2491
2368,2591
2368,2397
2368,2706
2368,2599
2368,2553
2368,2487
2368,2681
2368,2633
2368,2486
2368,2608
2368,2480
2369,2569
2369,2695
2369,2437
2369,2513
2369,2692
2369,2648
2370,2448
2370,2537
2370,2608
2370,2521
2370,2482
2370,2373
2370,2574
2370,2380
2370,2438
2370,2507
2370,2410
2370,2638
2371,2608
2371,2620
2371,2479
2371,2402
2371,2534
2371,2392
2371,2378
2371,2521
2371,2573
2371,2381
2371,2415
2372,2469
2372,2385
2372,2608
2372,2476
2372,2376
2372,2473
2372,2374
2372,2378
2372,2472
2372,2499
2372,2638
2373,2492
2373,2405
2373,2539
2374,2539
2374,2394
2374,2620
2374,2465
2374,2378
2374,2708
2374,2509
2374,2471
2375,2502
2375,2540
2375,2416
2375,2389
2375,2584
2375,2619
2375,2714
2375,2713
2375,2688
2375,2436
2375,2474
2375,2700
2375,2409
2375,2655
2375,2497
2375,2684
2375,2393
2375,2442
2375,2495
2375,2665
2375,2669
2375,2427
2375,2671
2376,2472
2376,2538
2376,2382
2376,2537
2376,2508
2376,2402
2376,2377
2376,2392
2376,2465
2376,2469
2376,2620
2377,2580
2377,2663
2377,2564
2377,2378
2377,2615
2377,2381
2377,2392
2377,2495
2378,2564
2378,2620
2378,2407
2378,2521
2378,2646
2378,2638
2378,2616
2378,2619
2378,2405
2378,2712
2379,2704
2379,2690
2379,2493
2379,2715
2379,2602
2379,2558
2379,2485
2379,2499
2379,2569
2379,2717
2379,2545
2379,2719
2379,2474
2379,2443
2379,2691
2379,2497
2379,2660
2379,2477
2380,2685
2380,2479
2380,2387
2380,2608
2380,2710
2380,2689
2380,2719
2380,2408
2381,2712
2381,2635
2381,2492
2381,2465
2381,2672
2381,2405
2381,2574
2382,2608
2382,2507
2382,2529
2382,2508
2382,2531
2382,2528
2382,2572
2382,2570
2383,2452
2383,2550
2383,2585
2383,2594
2383,2578
2383,2500
2383,2524
2383,2627
2383,2503
2383,2592
2383,2609
2383,2541
2383,2456
2384,2630
2385,2538
2385,2580
2385,2507
2385,2514
2385,2564
2385,2691
2386,2472
2386,2492
2386,2507
2386,2531
2386,2479
2386,2590
2386,2478
2387,2493
2387,2608
2387,2472
2387,2580
2387,2473
2389,2540
2389,2649
2389,2544
2389,2698
2389,2604
2389,2409
2389,2525
2389,2619
2389,2709
2389,2660
2389,2714
2389,2704
2389,2524
2389,2665
2389,2398
2389,2716
2390,2564
2390,2570
2390,2479
2390,2572
2390,2620
2390,2625
2391,2514
2391,2509
2391,2407
2391,2652
2391,2717
2392,2708
2392,2613
2392,2539
2392,2638
2392,2531
2392,2510
2392,2507
2392,2621
2392,2465
2392,2396
2393,2540
2393,2602
2393,2519
2393,2698
2393,2636
2393,2571
2393,2474
2393,2524
2393,2662
2393,2607
2393,2719
2393,2686
2394,2684
2394,2411
2394,2716
2394,2569
2394,2504
2394,2695
2394,2717
2394,2524
2394,2636
2395,2663
2395,2637
2395,2701
2395,2652
2396,2712
2396,2469
2396,2407
2396,2517
2396,2564
2396,2708
2396,2405
2396,2498
2396,2658
2397,2611
2397,2450
2397,2606
2397,2597
2397,2596
2397,2634
2397,2718
2397,2705
2397,2600
2397,2676
2397,2658
2398,2635
2398,2499
2398,2571
2398,2588
2398,2592
2398,2439
2398,2607
2398,2524
2398,2427
2399,2673
2399,2546
2399,2543
2399,2500
2399,2544
2399,2423
2399,2418
2399,2628
2399,2461
2399,2515
2399,2703
2399,2567
2400,2439
2400,2654
2400,2517
2400,2498
2401,2416
2401,2602
2401,2653
2401,2440
2401,2550
2401,2518
2402,2712
2402,2514
2402,2475
2402,2473
2402,2564
2402,2465
2402,2517
2403,2419
2403,2449
2403,2651
2403,2554
2404,2704
2404,2484
2404,2440
2404,2433
2404,2604
2404,2520
2404,2547
2404,2435
2404,2495
2404,2582
2404,2426
2404,2624
2405,2472
2405,2615
2405,2507
2405,2537
2405,2407
2405,2465
2405,2575
2405,2478
2405,2529
2405,2710
2405,2589
2405,2622
2405,2531
2405,2521
2405,2678
2406,2552
2406,2557
2406,2682
2406,2575
2406,2449
2406,2454
2407,2637
2407,2492
2407,2564
2407,2505
2407,2410
2408,2465
2408,2438
2408,2505
2408,2698
2408,2510
2408,2520
2408,2592
2409,2715
2409,2422
2409,2709
2409,2571
2409,2524
2409,2607
2409,2655
2409,2649
2409,2639
2410,2689
2410,2411
2410,2623
2410,2604
2410,2612
2410,2536
2410,2528
2410,2686
2410,2512
2410,2415
2410,2525
2410,2719
2411,2493
2411,2417
2411,2695
2411,2524
2411,2504
2411,2698
2411,2471
2411,2568
2411,2636
2411,2558
2411,2655
2411,2474
2412,2540
2412,2715
2412,2466
2412,2414
2412,2520
2412,2422
2412,2519
2412,2686
2412,2699
2412,2662
2413,2670
2413,2600
2413,2418
2413,2628
2413,2543
2413,2696
2414,2502
2414,2494
2414,2609
2414,2692
2414,2657
2414,2506
2415,2422
2415,2637
2415,2509
2415,2638
2415,2652
2415,2648
2415,2499
2415,2569
2415,2717
2416,2545
2416,2436
2416,2665
2416,2432
2417,2494
2417,2646
2417,2440
2417,2456
2417,2523
2417,2503
2418,2466
2418,2618
2418,2614
2418,2677
2419,2601
2419,2454
2419,2672
2419,2542
2419,2573
2420,2705
2420,2586
2420,2515
2420,2496
2421,2618
2421,2705
2422,2520
2422,2616
2422,2697
2422,2503
2422,2627
2422,2664
2422,2495
2422,2624
2422,2550
2423,2610
2423,2462
2423,2577
2423,2587
2423,2582
2423,2460
2424,2429
2424,2461
2424,2577
2424,2462
2425,2697
2425,2484
2425,2709
2425,2500
2425,2700
2425,2702
2425,2609
2425,2624
2425,2602
2426,2654
2426,2430
2426,2591
2426,2511
2426,2428
2426,2614
2426,2644
2426,2497
2426,2629
2426,2605
2426,2546
2426,2486
2426,2718
2426,2670
2426,2595
2426,2657
2427,2654
2427,2689
2427,2602
2427,2523
2427,2435
2427,2475
2427,2512
2427,2540
2427,2558
2427,2497
2427,2604
2428,2616
2428,2553
2428,2681
2428,2567
2428,2596
2428,2658
2428,2638
2428,2627
2428,2506
2429,2595
2430,2596
2430,2625
2430,2633
2430,2718
2430,2603
2430,2643
2430,2546
2430,2544
2430,2484
2430,2500
2430,2623
2430,2602
2430,2600
2430,2697
2430,2586
2431,2461
2431,2598
2431,2441
2431,2433
2431,2550
2431,2518
2431,2496
2431,2687
2431,2459
2432,2716
2432,2686
2432,2436
2432,2541
2433,2502
2433,2540
2433,2527
2433,2623
2433,2435
2433,2503
2433,2578
2433,2516
2433,2703
2433,2496
2434,2704
2434,2494
2434,2520
2434,2506
2434,2697
2434,2544
2434,2436
2435,2441
2435,2657
2435,2526
2435,2609
2435,2706
2435,2547
2435,2628
2435,2714
2435,2624
2435,2634
2435,2491
2436,2494
2436,2527
2436,2656
2436,2441
2436,2550
2436,2440
2436,2541
2437,2711
2437,2616
2437,2691
2437,2719
2437,2474
2437,2629
2437,2636
2437,2612
2437,2686
2437,2506
2438,2452
2438,2509
2438,2531
2438,2574
2438,2599
2438,2635
2438,2638
2439,2647
2439,2502
2439,2523
2439,2657
2439,2698
2439,2506
2439,2541
2439,2456
2440,2704
2440,2609
2440,2563
2440,2535
2440,2443
2440,2592
2440,2506
2440,2519
2441,2704
2441,2668
2441,2523
2441,2500
2441,2519
2441,2506
2441,2456
2441,2442
2442,2692
2442,2709
2442,2604
2442,2619
2442,2597
2442,2550
2442,2504
2442,2541
2442,2558
2443,2584
2443,2456
2443,2631
2443,2604
2443,2550
2443,2518
2443,2500
2443,2592
2443,2697
2443,2609
2443,2706
2443,2699
2443,2627
2443,2702
2444,2567
2444,2599
2444,2588
2444,2661
2444,2680
2444,2597
2445,2451
2445,2557
2445,2672
2445,2554
2445,2449
2446,2521
2446,2463
2446,2481
2447,2450
2447,2556
2447,2553
2447,2593
2448,2651
2448,2560
2448,2463
2448,2600
2449,2455
2449,2490
2449,2682
2449,2651
2449,2559
2449,2661
2449,2454
2450,2672
2450,2575
2450,2557
2450,2678
2450,2482
2451,2557
2451,2510
2451,2563
2451,2489
2451,2674
2451,2559
2451,2641
2452,2597
2453,2707
2453,2632
2453,2583
2453,2605
2454,2552
2454,2530
2454,2575
2455,2601
2455,2559
2455,2552
2456,2704
2456,2494
2456,2502
2456,2684
2456,2661
2456,2602
2456,2699
2456,2687
2456,2686
2456,2655
2456,2653
2456,2503
2457,2707
2457,2675
2457,2576
2457,2462
2457,2582
2457,2703
2458,2576
2458,2629
2458,2610
2458,2577
2458,2549
2458,2459
2459,2683
2459,2677
2459,2703
2459,2670
2460,2551
2460,2610
2460,2650
2460,2581
2461,2546
2461,2496
2461,2586
2461,2578
2461,2628
2461,2653
2461,2676
2462,2644
2462,2549
2462,2677
2463,2553
2463,2561
2463,2556
2464,2522
2464,2511
2464,2523
2464,2588
2464,2589
2464,2625
2465,2708
2465,2590
2465,2564
2465,2620
2465,2473
2466,2644
2466,2578
2467,2602
2467,2584
2467,2526
2467,2627
2467,2656
2467,2541
2467,2519
2467,2545
2468,2654
2468,2562
2468,2561
2468,2498
2468,2595
2468,2710
2469,2613
2469,2528
2469,2630
2469,2538
2469,2580
2469,2482
2469,2590
2470,2595
2470,2606
2470,2605
2470,2488
2471,2477
2471,2692
2471,2568
2471,2691
2471,2517
2471,2636
2471,2618
2472,2690
2472,2531
2472,2538
2472,2580
2472,2473
2472,2620
2472,2652
2472,2509
2472,2645
2473,2708
2473,2482
2473,2539
2473,2652
2473,2510
2473,2492
2473,2573
2473,2564
2474,2493
2474,2689
2474,2692
2474,2612
2474,2636
2474,2635
2474,2504
2474,2569
2474,2517
2474,2686
2474,2717
2475,2542
2475,2505
2475,2646
2475,2565
2475,2710
2476,2608
2476,2580
2477,2616
2477,2499
2477,2638
2477,2717
2477,2689
2477,2688
2477,2478
2478,2711
2478,2612
2478,2509
2478,2597
2478,2699
2479,2689
2479,2608
2479,2538
2479,2620
2479,2539
2479,2521
2480,2694
2480,2487
2480,2600
2480,2633
2480,2658
2480,2718
2480,2603
2480,2661
2480,2609
2480,2673
2480,2629
2481,2601
2481,2682
2481,2553
2482,2719
2483,2567
2483,2491
2483,2605
2483,2694
2483,2547
2483,2609
2483,2634
2483,2600
2483,2515
2484,2633
2484,2627
2484,2526
2484,2592
2484,2706
2485,2507
2485,2492
2485,2646
2485,2633
2485,2658
2486,2611
2486,2545
2486,2694
2486,2634
2486,2603
2486,2599
2486,2588
2487,2675
2487,2567
2487,2644
2487,2718
2488,2567
2488,2631
2488,2594
2488,2718
2488,2650
2488,2600
2488,2683
2488,2597
2488,2544
2488,2699
2488,2599
2488,2516
2489,2672
2489,2626
2490,2651
2490,2575
2490,2555
2490,2557
2491,2591
2491,2511
2491,2537
2491,2599
2491,2503
2491,2500
2491,2687
2492,2539
2492,2565
2492,2531
2492,2710
2492,2623
2492,2573
2492,2533
2493,2569
2493,2649
2493,2647
2493,2513
2493,2612
2493,2662
2493,2520
2493,2714
2493,2698
2494,2529
2494,2641
2494,2526
2494,2699
2494,2611
2494,2524
2494,2656
2494,2619
2494,2664
2494,2665
2494,2501
2494,2503
2495,2540
2495,2684
2495,2649
2495,2653
2495,2506
2495,2692
2495,2541
2495,2660
2495,2669
2496,2704
2496,2598
2496,2585
2497,2588
2497,2619
2497,2714
2497,2668
2497,2717
2497,2621
2497,2524
2497,2541
2497,2665
2498,2579
2498,2566
2498,2597
2498,2617
2498,2661
2498,2658
2498,2505
2499,2616
2499,2701
2499,2569
2499,2695
2500,2550
2500,2699
2500,2627
2500,2623
2500,2526
2500,2503
2500,2592
2501,2667
2501,2668
2501,2713
2502,2558
2502,2687
2502,2506
2502,2523
2502,2604
2503,2518
2503,2699
2503,2702
2503,2603
2503,2657
2503,2662
2503,2541
2504,2692
2504,2630
2504,2671
2504,2512
2504,2517
2504,2524
2504,2569
2504,2695
2504,2717
2505,2673
2505,2637
2505,2510
2505,2572
2505,2635
2506,2540
2506,2684
2506,2716
2506,2649
2506,2523
2506,2512
2506,2715
2506,2639
2507,2539
2507,2573
2507,2574
2507,2620
2508,2525
2508,2538
2508,2620
2508,2613
2508,2572
2509,2689
2509,2653
2509,2695
2509,2532
2509,2638
2510,2564
2511,2522
2511,2678
2511,2631
2511,2589
2511,2646
2511,2705
2511,2603
2512,2692
2512,2612
2512,2536
2512,2717
2512,2719
2512,2621
2512,2524
2513,2642
2513,2621
2513,2604
2513,2612
2513,2713
2513,2648
2514,2580
2514,2620
2514,2712
2514,2645
2516,2579
2516,2623
2516,2598
2516,2657
2516,2703
2516,2628
2516,2603
2517,2689
2517,2616
2517,2520
2517,2637
2517,2695
2517,2663
2517,2719
2517,2662
2518,2623
2518,2653
2518,2585
2519,2649
2519,2657
2519,2624
2519,2541
2520,2540
2520,2568
2520,2612
2520,2691
2520,2617
2520,2711
2520,2662
2521,2708
2521,2608
2521,2620
2521,2710
2521,2574
2522,2599
2522,2631
2522,2675
2522,2655
2523,2697
2523,2689
2523,2527
2523,2694
2523,2526
2523,2627
2523,2607
2524,2620
2524,2616
2524,2688
2524,2565
2524,2662
2525,2691
2525,2692
2525,2568
2525,2526
2526,2588
2526,2627
2526,2706
2527,2584
2527,2686
2528,2573
2529,2537
2529,2622
2530,2559
2530,2575
2531,2538
2531,2695
2531,2691
2531,2620
2532,2708
2532,2701
2532,2569
2533,2590
2533,2620
2533,2645
2533,2701
2534,2590
2534,2612
2534,2613
2535,2623
2535,2625
2535,2694
2535,2597
2535,2683
2535,2600
2536,2564
2536,2683
2536,2713
2537,2608
2537,2539
2537,2620
2538,2574
2539,2708
2539,2622
2539,2573
2539,2635
2540,2704
2540,2663
2540,2649
2540,2662
2540,2717
2541,2584
2541,2716
2541,2619
2541,2671
2541,2717
2541,2558
2541,2664
2542,2626
2542,2575
2542,2559
2542,2651
2542,2672
2542,2555
2543,2670
2543,2548
2543,2581
2543,2549
2544,2548
2544,2579
2544,2596
2544,2705
2544,2718
2545,2704
2545,2618
2545,2609
2545,2653
2546,2670
2546,2707
2546,2586
2546,2633
2546,2592
2547,2611
2547,2644
2547,2637
2547,2618
2548,2670
2548,2699
2548,2696
2548,2551
2549,2625
2549,2583
2550,2653
2550,2584
2551,2581
2552,2575
2553,2593
2553,2597
2554,2651
2555,2626
2556,2562
2556,2561
2556,2651
2557,2601
2557,2626
2558,2588
2558,2642
2558,2665
2558,2597
2558,2655
2558,2647
2558,2648
2558,2636
2559,2651
2560,2601
2560,2593
2560,2589
2560,2654
2560,2604
2561,2675
2561,2666
2561,2593
2561,2678
2562,2588
2562,2593
2562,2666
2562,2672
2563,2676
2563,2674
2563,2593
2563,2600
2563,2629
2564,2608
2564,2638
2565,2593
2565,2573
2566,2631
2567,2679
2567,2596
2567,2661
2567,2718
2567,2696
2568,2690
2568,2616
2568,2637
2568,2691
2568,2692
2568,2719
2568,2636
2569,2712
2569,2713
2569,2719
2570,2708
2570,2710
2571,2684
2571,2649
2571,2706
2571,2636
2572,2615
2572,2620
2572,2710
2572,2664
2573,2710
2574,2689
2574,2710
2575,2672
2576,2629
2576,2577
2577,2587
2577,2586
2577,2610
2578,2611
2578,2670
2578,2623
2578,2660
2579,2718
2579,2586
2579,2696
2580,2608
2581,2587
2581,2586
2582,2610
2582,2583
2583,2598
2584,2697
2584,2618
2584,2657
2584,2624
2586,2677
2586,2696
2588,2650
2588,2694
2588,2646
2589,2707
2589,2615
2589,2601
2589,2661
2589,2597
2589,2687
2591,2654
2591,2679
2591,2597
2591,2683
2591,2600
2592,2623
2592,2700
2592,2699
2592,2627
2592,2706
2592,2711
2593,2676
2594,2683
2594,2678
2594,2679
2594,2605
2596,2654
2596,2625
2596,2600
2596,2617
2596,2605
2596,2597
2596,2658
2596,2603
2597,2659
2597,2673
2597,2646
2597,2617
2597,2634
2597,2628
2597,2633
2597,2609
2597,2669
2598,2698
2599,2673
2599,2654
2599,2625
2599,2644
2599,2658
2599,2646
2599,2617
2599,2675
2599,2633
2600,2656
2600,2683
2600,2634
2600,2625
2600,2617
2600,2650
2601,2672
2602,2704
2602,2662
2602,2653
2603,2654
2603,2629
2603,2661
2603,2682
2603,2634
2604,2625
2605,2632
2605,2658
2605,2705
2605,2718
2605,2650
2605,2696
2607,2714
2607,2657
2607,2712
2607,2716
2607,2667
2607,2664
2607,2655
2607,2662
2609,2691
2609,2699
2609,2644
2609,2624
2611,2632
2611,2634
2611,2614
2611,2653
2612,2645
2612,2708
2612,2648
2613,2622
2614,2617
2614,2629
2614,2632
2616,2689
2616,2691
2616,2692
2617,2659
2617,2625
2617,2673
2618,2675
2618,2703
2618,2670
2619,2697
2619,2684
2619,2621
2619,2665
2619,2719
2619,2662
2620,2645
2620,2708
2620,2717
2621,2711
2621,2640
2621,2719
2621,2636
2621,2663
2621,2691
2623,2698
2623,2697
2623,2702
2624,2657
2624,2699
2624,2627
2624,2696
2624,2687
2625,2633
2625,2680
2627,2664
2627,2658
2627,2700
2628,2683
2628,2703
2628,2696
2628,2677
2629,2634
2629,2632
2629,2694
2631,2659
2631,2679
2631,2658
2631,2718
2631,2633
2632,2644
2632,2682
2633,2654
2633,2682
2633,2679
2633,2718
2634,2650
2634,2700
2635,2694
2636,2647
2636,2685
2636,2714
2636,2663
2636,2648
2637,2690
2637,2640
2637,2688
2638,2689
2638,2695
2638,2717
2638,2691
2638,2719
2638,2699
2639,2668
2639,2716
2640,2690
2640,2693
2640,2717
2640,2719
2640,2709
2640,2712
2641,2659
2641,2683
2642,2647
2642,2719
2644,2696
2645,2698
2646,2659
2647,2719
2647,2685
2647,2663
2647,2687
2648,2685
2648,2691
2649,2704
2649,2700
2649,2684
2649,2714
2650,2659
2650,2694
2650,2718
2651,2658
2653,2687
2653,2700
2653,2706
2654,2673
2654,2675
2655,2671
2655,2715
2656,2665
2657,2697
2657,2687
2657,2704
2657,2702
2658,2706
2658,2683
2658,2661
2658,2680
2659,2673
2659,2661
2659,2694
2660,2664
2660,2716
2660,2669
2660,2668
2661,2673
2661,2680
2661,2686
2662,2715
2662,2671
2662,2714
2662,2684
2663,2690
2663,2706
2664,2690
2664,2715
2664,2668
2664,2671
2664,2686
2665,2690
2665,2718
2665,2717
2667,2693
2668,2671
2668,2669
2668,2686
2670,2694
2670,2696
2671,2716
2671,2719
2671,2697
2671,2686
2672,2710
2673,2702
2674,2676
2675,2694
2675,2681
2676,2682
2677,2703
2678,2682
2679,2682
2683,2694
2684,2690
2684,2717
2684,2686
2684,2714
2684,2716
2685,2715
2685,2691
2686,2715
2687,2704
2687,2696
2688,2693
2688,2689
2689,2690
2689,2691
2692,2695
2692,2719
2692,2702
2693,2719
2694,2702
2695,2719
2697,2699
2699,2704
2699,2715
2699,2700
2700,2702
2704,2717
2706,2716
2708,2712
2709,2719
2714,2715
