u,v
0,117
0,90
0,142
0,58
0,188
0,37
0,51
0,129
0,94
0,191
0,183
0,175
0,172
0,71
0,168
0,162
0,46
0,143
0,119
0,88
0,33
0,130
0,180
0,83
0,82
0,156
0,159
0,62
0,44
0,85
0,38
0,186
0,89
0,42
0,113
0,116
0,19
0,154
0,157
0,60
0,14
0,103
0,176
0,79
0,105
0,108
0,10
0,121
0,74
0,195
0,98
0,4
0,199
0,5
0,189
0,163
0,170
0,73
0,100
0,150
0,53
1,90
1,41
1,126
1,123
1,37
1,112
1,137
1,91
1,181
1,179
1,172
1,171
1,170
1,168
1,165
1,162
1,158
1,156
1,58
1,155
1,151
1,147
1,127
1,120
1,115
1,104
1,102
1,197
1,3
1,100
1,192
1,95
1,89
1,78
1,56
1,145
1,195
1,98
1,4
1,148
1,38
1,135
1,88
1,132
1,35
1,32
1,70
1,93
1,24
1,19
1,66
1,114
1,20
1,77
1,60
1,131
1,14
1,72
1,49
1,146
1,97
2,160
2,127
2,188
2,123
2,112
2,137
2,195
2,193
2,176
2,174
2,169
2,166
2,152
2,151
2,146
2,143
2,135
2,113
2,109
2,184
2,87
2,80
2,64
2,60
2,186
2,89
2,139
2,42
2,32
2,28
2,125
2,78
2,128
2,31
2,199
2,5
2,52
2,76
2,126
2,29
2,25
2,43
2,114
2,164
2,20
2,22
2,10
2,57
2,178
2,81
2,131
2,108
2,65
2,100
2,53
2,118
2,21
2,168
2,24
2,181
2,84
2,167
2,70
3,160
3,144
3,40
3,49
3,180
3,34
3,99
3,196
3,187
3,86
3,183
3,177
3,172
3,168
3,161
3,132
3,107
3,149
3,5
3,102
3,148
3,101
3,91
3,141
3,165
3,24
3,69
3,65
3,53
3,33
3,120
3,26
3,15
3,178
3,81
3,105
3,106
3,9
3,39
3,155
3,14
3,29
3,190
3,12
3,92
3,45
3,195
4,55
4,30
4,40
4,197
4,123
4,108
4,51
4,96
4,193
4,186
4,168
4,69
4,166
4,161
4,154
4,147
4,14
4,111
4,109
4,104
4,149
4,5
4,102
4,35
4,132
4,85
4,177
4,80
4,75
4,163
4,66
4,43
4,83
4,36
4,27
4,76
4,126
4,29
4,190
4,9
4,116
4,16
4,39
4,162
4,68
4,45
4,46
4,141
5,30
5,157
5,41
5,40
5,96
5,63
5,71
5,195
5,185
5,184
5,181
5,177
5,173
5,172
5,167
5,165
5,154
5,148
5,143
5,136
5,135
5,133
5,130
5,125
5,117
5,20
5,19
5,116
5,115
5,107
5,196
5,92
5,176
5,79
5,61
5,54
5,114
5,67
5,164
5,42
5,16
5,113
5,66
5,62
5,112
5,15
5,9
5,106
5,59
5,12
5,102
5,55
5,152
5,29
5,93
5,190
5,150
5,53
5,6
5,27
5,170
5,73
5,197
5,48
5,72
5,25
5,131
5,105
5,108
6,117
6,23
6,63
6,11
6,108
6,67
6,122
6,129
6,90
6,187
6,183
6,181
6,177
6,176
6,175
6,172
6,170
6,167
6,166
6,165
6,162
6,159
6,34
6,131
6,125
6,124
6,115
6,10
6,107
6,195
6,98
6,182
6,85
6,72
6,58
6,155
6,111
6,14
6,158
6,61
6,51
6,148
6,198
6,101
6,54
6,197
6,100
6,53
6,46
6,33
6,130
6,83
6,36
6,123
6,26
6,57
6,9
6,56
6,45
6,22
6,37
6,134
6,161
6,64
6,199
6,105
6,12
7,194
7,181
7,67
7,179
7,175
7,170
7,159
7,155
7,122
7,141
7,139
7,13
7,110
7,134
7,131
7,160
7,63
7,125
7,124
7,108
7,17
7,115
7,113
7,137
7,94
7,106
7,98
7,92
7,88
7,83
7,69
7,68
7,61
7,60
7,156
7,59
7,52
7,48
7,96
7,150
7,26
7,14
7,107
7,10
7,144
7,163
7,198
7,103
7,50
7,23
7,126
7,142
7,45
8,90
8,17
8,188
8,94
8,150
8,134
8,37
8,98
8,195
8,86
8,183
8,158
8,152
8,140
8,135
8,28
8,125
8,20
8,154
8,107
8,104
8,102
8,100
8,192
8,97
8,180
8,83
8,77
8,76
8,122
8,25
8,72
8,19
8,116
8,22
8,69
8,47
8,133
8,74
8,33
8,21
8,63
8,16
8,156
8,109
8,15
8,48
8,52
8,190
9,118
9,55
9,41
9,63
9,123
9,94
9,37
9,195
9,186
9,176
9,174
9,156
9,135
9,36
9,133
9,128
9,124
9,57
9,154
9,107
9,199
9,102
9,101
9,92
9,184
9,87
9,84
9,179
9,82
9,78
9,76
9,20
9,70
9,44
9,141
9,47
9,143
9,46
9,164
9,113
9,66
9,19
9,75
9,190
9,103
9,15
9,120
9,73
9,130
9,83
9,197
10,30
10,40
10,63
10,58
10,49
10,91
10,180
10,67
10,37
10,110
10,129
10,195
10,185
10,82
10,179
10,167
10,139
10,33
10,130
10,124
10,116
10,158
10,111
10,105
10,176
10,115
10,165
10,68
10,57
10,154
10,60
10,100
10,103
10,150
10,53
10,192
10,183
10,89
10,66
10,43
10,178
10,181
10,56
10,128
10,75
10,99
10,190
10,24
10,48
10,141
11,55
11,30
11,195
11,193
11,90
11,187
11,183
11,175
11,173
11,171
11,167
11,166
11,158
11,153
11,141
11,110
11,136
11,135
11,128
11,37
11,115
11,114
11,113
11,107
11,104
11,100
11,131
11,34
11,194
11,97
11,88
11,87
11,85
11,81
11,77
11,72
11,68
11,99
11,159
11,62
11,59
11,151
11,54
11,52
11,145
11,48
11,91
11,188
11,150
11,123
11,26
11,24
11,22
11,20
11,138
11,15
11,112
11,45
12,41
12,40
12,94
12,150
12,195
12,183
12,172
12,166
12,162
12,63
12,158
12,156
12,155
12,149
12,141
12,132
12,13
12,110
12,106
12,102
12,185
12,88
12,87
12,84
12,180
12,83
12,79
12,77
12,70
12,165
12,68
12,161
12,64
12,157
12,60
12,151
12,54
12,24
12,121
12,171
12,74
12,27
12,48
12,119
12,25
12,15
12,42
12,19
12,123
12,26
12,100
12,39
12,190
12,147
12,45
12,148
12,28
12,146
13,117
13,30
13,63
13,123
13,94
13,187
13,181
13,179
13,177
13,174
13,154
13,151
13,122
13,140
13,132
13,134
13,37
13,137
13,111
13,105
13,104
13,197
13,100
13,98
13,85
13,83
13,78
13,74
13,199
13,70
13,166
13,69
13,162
13,65
13,64
13,60
13,155
13,150
13,53
13,129
13,146
13,145
13,48
13,44
13,38
13,31
13,28
13,121
13,24
13,116
13,19
13,189
13,81
13,178
13,29
13,23
13,120
13,112
14,118
14,142
14,126
14,63
14,188
14,108
14,192
14,94
14,191
14,187
14,183
14,172
14,71
14,168
14,166
14,158
14,152
14,46
14,143
14,31
14,128
14,114
14,105
14,189
14,92
14,89
14,132
14,182
14,85
14,83
14,179
14,82
14,80
14,74
14,115
14,68
14,66
14,106
14,156
14,59
14,184
14,87
14,78
14,64
14,157
14,60
14,84
14,104
14,198
14,98
14,103
14,97
14,50
14,145
14,23
14,120
14,26
14,16
14,39
15,160
15,90
15,118
15,188
15,180
15,67
15,150
15,122
15,37
15,71
15,195
15,194
15,185
15,177
15,170
15,147
15,35
15,132
15,120
15,115
15,114
15,16
15,113
15,107
15,191
15,131
15,84
15,78
15,196
15,102
15,149
15,52
15,87
15,137
15,36
15,33
15,121
15,74
15,27
15,159
15,62
15,198
15,135
15,182
15,116
15,69
15,55
15,152
15,179
15,82
15,153
15,93
15,189
15,197
16,160
16,157
16,126
16,67
16,137
16,129
16,194
16,191
16,187
16,170
16,168
16,167
16,166
16,132
16,131
16,106
16,95
16,180
16,83
16,82
16,128
16,81
16,174
16,77
16,75
16,161
16,113
16,163
16,66
16,65
16,146
16,118
16,21
16,24
16,93
16,27
16,50
16,62
16,183
16,86
16,39
16,41
16,138
16,139
16,45
16,155
16,151
16,57
16,108
17,123
17,185
17,183
17,181
17,177
17,176
17,161
17,159
17,151
17,149
17,141
17,110
17,135
17,63
17,119
17,116
17,115
17,114
17,111
17,191
17,94
17,131
17,34
17,98
17,95
17,91
17,92
17,83
17,179
17,82
17,74
17,169
17,72
17,70
17,68
17,99
17,155
17,58
17,157
17,60
17,154
17,57
17,144
17,47
17,46
17,140
17,43
17,36
17,132
17,35
17,29
17,28
17,27
17,117
17,20
17,105
17,103
17,190
17,93
17,50
17,39
17,112
18,1917
18,1738
18,2149
18,2553
18,1164
18,2037
18,890
18,847
18,848
18,803
18,895
18,2156
18,1591
18,2681
18,2024
18,1880
18,2036
18,2008
18,2026
18,2000
18,2674
18,2680
18,2198
18,1897
18,1883
18,2626
18,2028
18,1366
18,856
18,1729
18,1341
18,1378
18,1369
18,2254
18,2589
18,983
18,965
18,963
19,127
19,126
19,99
19,40
19,137
19,51
19,71
19,193
19,91
19,186
19,185
19,177
19,176
19,171
19,165
19,162
19,156
19,151
19,143
19,136
19,131
19,117
19,20
19,113
19,194
19,97
19,92
19,37
19,134
19,87
19,86
19,85
19,82
19,81
19,25
19,172
19,75
19,109
19,62
19,61
19,107
19,60
19,146
19,83
19,36
19,27
19,119
19,144
19,47
19,138
19,43
19,161
19,64
19,100
19,53
20,117
20,144
20,118
20,142
20,40
20,96
20,127
20,71
20,192
20,91
20,185
20,184
20,183
20,68
20,165
20,155
20,156
20,109
20,51
20,148
20,101
20,90
20,187
20,82
20,179
20,85
20,181
20,84
20,180
20,83
20,176
20,76
20,115
20,113
20,66
20,56
20,69
20,22
20,99
20,196
20,190
20,64
20,135
20,138
20,46
20,57
20,108
20,31
20,145
20,28
20,199
20,122
20,25
20,195
21,197
21,188
21,122
21,40
21,137
21,191
21,186
21,155
21,153
21,151
21,47
21,23
21,120
21,107
21,98
21,77
21,174
21,80
21,75
21,168
21,74
21,65
21,43
21,35
21,132
21,85
21,38
21,69
21,22
21,99
21,196
21,93
21,190
21,189
21,103
21,62
21,138
21,70
21,147
21,53
21,124
21,30
21,127
21,158
21,111
21,178
22,144
22,23
22,157
22,127
22,126
22,49
22,94
22,51
22,129
22,194
22,192
22,187
22,186
22,175
22,170
22,166
22,162
22,63
22,136
22,135
22,133
22,116
22,145
22,98
22,87
22,85
22,82
22,80
22,27
22,124
22,174
22,77
22,68
22,159
22,62
22,158
22,61
22,140
22,143
22,46
22,171
22,74
22,167
22,70
22,24
22,44
22,66
22,117
22,149
22,102
22,104
22,198
22,84
22,178
22,110
22,119
22,169
22,72
22,25
22,193
22,99
23,142
23,157
23,179
23,176
23,167
23,134
23,71
23,63
23,115
23,94
23,106
23,98
23,87
23,180
23,83
23,76
23,64
23,62
23,153
23,56
23,52
23,129
23,42
23,150
23,33
23,118
23,47
23,190
23,189
23,178
23,198
23,103
23,55
23,152
23,126
24,160
24,157
24,188
24,150
24,137
24,172
24,171
24,164
24,149
24,148
24,147
24,28
24,125
24,124
24,109
24,98
24,134
24,184
24,87
24,183
24,86
24,113
24,66
24,65
24,136
24,42
24,182
24,170
24,73
24,158
24,151
24,57
24,197
24,59
24,45
24,80
24,128
24,81
24,103
25,40
25,127
25,63
25,58
25,49
25,91
25,34
25,129
25,96
25,193
25,90
25,187
25,181
25,177
25,173
25,171
25,168
25,162
25,156
25,152
25,53
25,145
25,139
25,136
25,120
25,110
25,97
25,191
25,86
25,125
25,78
25,198
25,57
25,147
25,100
25,138
25,44
25,169
25,75
25,29
25,46
25,116
25,163
25,99
25,114
25,159
25,179
25,82
25,81
25,153
26,144
26,90
26,142
26,40
26,112
26,184
26,80
26,177
26,167
26,165
26,67
26,161
26,151
26,149
26,98
26,195
26,148
26,111
26,94
26,191
26,97
26,74
26,166
26,69
26,86
26,183
26,39
26,136
26,89
26,66
26,152
26,108
26,34
26,175
26,153
26,56
26,103
26,180
26,133
26,124
26,95
26,72
26,58
26,155
27,142
27,41
27,58
27,94
27,34
27,137
27,51
27,82
27,179
27,168
27,165
27,187
27,140
27,139
27,134
27,133
27,115
27,105
27,104
27,101
27,89
27,78
27,72
27,158
27,64
27,153
27,56
27,47
27,29
27,32
27,182
27,73
27,97
27,50
27,65
27,63
27,62
27,196
28,160
28,49
28,123
28,108
28,37
28,199
28,195
28,194
28,170
28,162
28,161
28,136
28,125
28,121
28,117
28,115
28,105
28,183
28,86
28,82
28,75
28,119
28,169
28,72
28,85
28,38
28,79
28,33
28,43
28,140
28,46
28,138
28,66
28,149
28,139
28,45
28,81
28,192
28,95
28,48
28,189
28,168
29,55
29,41
29,126
29,63
29,58
29,123
29,34
29,37
29,40
29,137
29,51
29,194
29,193
29,191
29,186
29,184
29,177
29,175
29,173
29,70
29,167
29,159
29,59
29,156
29,149
29,116
29,113
29,101
29,183
29,86
29,79
29,164
29,68
29,60
29,43
29,42
29,33
29,130
29,36
29,179
29,82
29,35
29,195
29,98
29,197
29,50
29,171
29,81
29,103
29,192
29,95
29,189
29,196
29,166
29,72
29,122
30,55
30,196
30,191
30,187
30,177
30,175
30,164
30,159
30,153
30,146
30,141
30,134
30,128
30,119
30,113
30,137
30,111
30,148
30,51
30,109
30,106
30,104
30,34
30,194
30,97
30,92
30,87
30,180
30,83
30,70
30,69
30,66
30,65
30,59
30,151
30,54
30,197
30,140
30,43
30,38
30,132
30,35
30,33
30,107
30,103
30,73
30,45
31,160
31,90
31,55
31,40
31,96
31,126
31,123
31,180
31,122
31,37
31,51
31,172
31,69
31,166
31,162
31,153
31,146
31,145
31,136
31,133
31,124
31,71
31,168
31,121
31,111
31,105
31,85
31,34
31,131
31,178
31,84
31,79
31,70
31,138
31,60
31,151
31,198
31,116
31,43
31,140
31,143
31,46
31,66
31,120
31,73
31,192
31,95
31,189
32,160
32,118
32,63
32,197
32,192
32,167
32,164
32,156
32,151
32,134
32,131
32,162
32,115
32,107
32,58
32,199
32,152
32,105
32,52
32,78
32,74
32,108
32,61
32,82
32,59
32,184
32,43
32,102
32,173
32,79
32,174
32,80
32,33
32,144
32,50
32,46
33,117
33,90
33,118
33,55
33,142
33,157
33,40
33,188
33,123
33,51
33,193
33,183
33,173
33,172
33,170
33,166
33,165
33,162
33,155
33,153
33,145
33,131
33,121
33,196
33,192
33,95
33,139
33,92
33,186
33,89
33,161
33,44
33,37
33,134
33,87
33,130
33,133
33,36
33,57
33,126
33,70
33,190
33,93
33,143
33,50
33,147
33,85
33,38
33,39
33,102
33,194
34,117
34,118
34,142
34,188
34,180
34,99
34,90
34,187
34,184
34,181
34,179
34,174
34,172
34,168
34,166
34,158
34,146
34,136
34,131
34,37
34,121
34,120
34,119
34,116
34,113
34,137
34,98
34,192
34,95
34,191
34,89
34,80
34,175
34,78
34,70
34,67
34,164
34,52
34,129
34,44
34,140
34,43
34,35
34,122
34,115
34,100
34,189
34,178
34,103
34,112
35,118
35,41
35,112
35,196
35,94
35,185
35,184
35,126
35,173
35,183
35,136
35,133
35,130
35,172
35,78
35,171
35,77
35,189
35,95
35,72
35,134
35,87
35,111
35,64
35,62
35,92
35,46
35,74
35,115
35,57
35,198
35,145
35,108
35,155
35,61
35,148
35,70
36,90
36,157
36,40
36,49
36,94
36,180
36,199
36,173
36,171
36,164
36,161
36,152
36,149
36,139
36,125
36,107
36,198
36,101
36,134
36,87
36,82
36,79
36,75
36,72
36,168
36,66
36,156
36,59
36,48
36,145
36,98
36,192
36,95
36,47
36,44
36,57
36,84
36,56
36,147
36,100
36,88
36,109
37,144
37,142
37,127
37,49
37,123
37,67
37,122
37,196
37,185
37,177
37,159
37,153
37,140
37,136
37,134
37,133
37,132
37,131
37,168
37,71
37,124
37,121
37,114
37,109
37,95
37,89
37,87
37,86
37,79
37,77
37,173
37,76
37,171
37,74
37,169
37,72
37,167
37,70
37,66
37,158
37,61
37,57
37,53
37,149
37,52
37,48
37,46
37,137
37,38
37,116
37,110
37,107
37,105
37,195
37,194
37,97
37,198
37,189
37,103
37,50
37,112
38,117
38,142
38,96
38,129
38,185
38,183
38,175
38,161
38,63
38,155
38,143
38,139
38,135
38,132
38,130
38,106
38,102
38,187
38,85
38,77
38,76
38,72
38,114
38,67
38,164
38,109
38,62
38,61
38,101
38,151
38,54
38,154
38,57
38,60
38,134
38,138
38,44
38,147
38,50
38,51
38,148
38,172
38,75
38,137
38,100
38,53
38,93
38,95
38,56
38,80
39,90
39,188
39,123
39,99
39,40
39,137
39,179
39,149
39,136
39,83
39,180
39,133
39,168
39,121
39,115
39,114
39,156
39,109
39,195
39,198
39,101
39,100
39,135
39,88
39,165
39,58
39,155
39,61
39,144
39,47
39,140
39,46
39,81
39,153
39,106
39,177
39,103
39,199
39,75
39,190
39,95
39,51
40,194
40,186
40,179
40,166
40,164
40,161
40,158
40,149
40,147
40,110
40,132
40,131
40,63
40,124
40,108
40,121
40,137
40,111
40,104
40,85
40,84
40,78
40,76
40,70
40,165
40,68
40,62
40,156
40,59
40,57
40,56
40,48
40,143
40,46
40,96
40,188
40,150
40,128
40,122
40,109
40,107
40,92
40,189
40,103
40,55
40,152
40,198
40,45
41,160
41,55
41,196
41,192
41,90
41,187
41,183
41,177
41,176
41,158
41,148
41,145
41,122
41,140
41,136
41,134
41,71
41,119
41,127
41,85
41,181
41,84
41,82
41,81
41,74
41,166
41,69
41,165
41,68
41,65
41,58
41,159
41,62
41,60
41,54
41,197
41,46
41,96
41,113
41,106
41,98
41,126
41,163
41,198
41,93
41,50
42,142
42,127
42,58
42,91
42,122
42,110
42,51
42,129
42,71
42,96
42,193
42,186
42,185
42,184
42,177
42,158
42,151
42,147
42,146
42,134
42,131
42,115
42,113
42,132
42,182
42,85
42,130
42,83
42,179
42,82
42,125
42,78
42,72
42,111
42,64
42,159
42,62
42,106
42,59
42,138
42,44
42,135
42,199
42,52
42,143
42,46
42,194
42,55
42,152
42,57
42,145
42,48
42,98
43,117
43,188
43,180
43,112
43,199
43,194
43,187
43,184
43,177
43,149
43,133
43,82
43,179
43,132
43,120
43,116
43,111
43,107
43,84
43,159
43,62
43,47
43,126
43,103
43,186
43,139
43,92
43,142
43,45
43,74
43,185
43,138
43,115
43,118
43,104
43,65
43,50
43,98
43,99
44,160
44,144
44,96
44,126
44,123
44,108
44,180
44,112
44,129
44,199
44,195
44,184
44,175
44,167
44,166
44,159
44,153
44,148
44,143
44,125
44,111
44,109
44,100
44,133
44,183
44,86
44,82
44,173
44,76
44,75
44,68
44,113
44,66
44,107
44,60
44,57
44,52
44,178
44,140
44,93
44,119
44,139
44,45
44,135
44,158
44,61
44,106
44,59
44,65
44,48
45,188
45,122
45,129
45,96
45,193
45,90
45,187
45,186
45,173
45,172
45,67
45,164
45,136
45,135
45,127
45,121
45,158
45,111
45,192
45,95
45,141
45,92
45,85
45,84
45,77
45,65
45,180
45,83
45,60
45,176
45,179
45,82
45,81
45,49
45,146
45,52
45,147
45,197
45,100
45,73
45,97
46,90
46,118
46,127
46,126
46,63
46,188
46,94
46,99
46,150
46,193
46,177
46,174
46,168
46,164
46,162
46,158
46,155
46,154
46,148
46,147
46,146
46,135
46,115
46,199
46,102
46,101
46,97
46,85
46,171
46,74
46,70
46,60
46,156
46,59
46,149
46,52
46,89
46,139
46,88
46,136
46,82
46,78
46,72
46,84
46,178
46,111
46,119
46,108
46,75
46,125
46,161
46,64
46,197
46,100
46,153
46,56
46,73
46,98
47,144
47,142
47,58
47,197
47,108
47,188
47,91
47,184
47,174
47,173
47,172
47,147
47,139
47,116
47,98
47,95
47,191
47,186
47,89
47,82
47,121
47,74
47,158
47,111
47,64
47,190
47,120
47,73
47,130
47,57
47,63
47,113
47,66
47,88
47,182
47,115
47,72
47,65
47,78
48,118
48,126
48,197
48,194
48,179
48,168
48,161
48,145
48,127
48,125
48,121
48,141
48,92
48,86
48,85
48,72
48,167
48,70
48,165
48,68
48,155
48,61
48,50
48,89
48,154
48,130
48,111
48,81
48,77
48,148
48,54
48,56
49,157
49,126
49,192
49,181
49,176
49,174
49,166
49,165
49,162
49,158
49,147
49,145
49,132
49,131
49,168
49,71
49,124
49,121
49,111
49,51
49,106
49,91
49,81
49,78
49,76
49,75
49,59
49,155
49,153
49,56
49,133
49,100
49,197
49,198
49,138
49,73
50,118
50,199
50,194
50,185
50,86
50,183
50,75
50,172
50,166
50,162
50,147
50,134
50,159
50,191
50,189
50,92
50,169
50,167
50,70
50,155
50,148
50,54
50,95
50,138
50,66
50,79
50,127
50,126
50,132
50,120
50,73
50,121
50,178
50,57
51,142
51,127
51,160
51,63
51,58
51,188
51,180
51,137
51,96
51,193
51,191
51,177
51,176
51,173
51,172
51,171
51,167
51,154
51,152
51,147
51,146
51,141
51,140
51,132
51,131
51,168
51,71
51,121
51,109
51,95
51,89
51,88
51,72
51,64
51,62
51,59
51,130
51,128
51,124
51,119
51,115
51,182
51,93
51,73
51,101
52,126
52,123
52,180
52,71
52,195
52,193
52,181
52,177
52,174
52,173
52,169
52,166
52,165
52,164
52,155
52,145
52,132
52,130
52,120
52,119
52,116
52,115
52,114
52,191
52,187
52,82
52,74
52,70
52,66
52,60
52,151
52,104
52,198
52,143
52,112
52,65
52,136
52,89
52,87
52,105
52,175
52,78
52,129
52,161
52,64
52,88
52,182
52,199
52,102
52,99
53,55
53,160
53,63
53,71
53,185
53,184
53,172
53,165
53,147
53,140
53,92
53,186
53,89
53,83
53,124
53,174
53,77
53,121
53,74
53,116
53,69
53,64
53,62
53,59
53,107
53,60
53,104
53,198
53,61
53,85
53,79
53,56
53,196
53,190
53,119
53,72
53,97
53,148
53,138
53,141
54,55
54,142
54,96
54,150
54,112
54,110
54,191
54,179
54,177
54,174
54,166
54,159
54,136
54,130
54,172
54,125
54,169
54,121
54,115
54,145
54,98
54,138
54,188
54,91
54,173
54,76
54,164
54,70
54,113
54,163
54,66
54,134
54,87
54,64
54,56
54,104
54,198
54,95
54,116
54,194
54,97
54,73
54,146
54,199
54,181
54,84
54,92
55,90
55,195
55,194
55,193
55,184
55,183
55,179
55,174
55,171
55,168
55,164
55,154
55,153
55,147
55,140
55,110
55,121
55,120
55,115
55,114
55,189
55,92
55,185
55,88
55,178
55,81
55,176
55,79
55,75
55,199
55,65
55,158
55,61
55,60
55,59
55,129
55,94
55,91
55,188
55,125
55,175
55,78
55,76
55,113
55,109
55,99
55,190
55,142
55,138
55,124
55,70
56,118
56,112
56,194
56,77
56,174
56,164
56,159
56,125
56,105
56,102
56,145
56,98
56,86
56,81
56,171
56,170
56,76
56,165
56,68
56,64
56,107
56,60
56,79
56,147
56,197
56,100
56,150
56,134
56,87
56,59
56,177
56,123
56,69
56,113
56,66
56,117
56,190
57,126
57,58
57,188
57,94
57,112
57,110
57,71
57,199
57,195
57,185
57,183
57,179
57,177
57,174
57,162
57,161
57,158
57,153
57,148
57,145
57,140
57,134
57,92
57,128
57,81
57,176
57,79
57,125
57,78
57,75
57,72
57,103
57,73
57,147
57,117
57,135
57,85
57,182
57,136
57,157
57,60
57,83
58,160
58,90
58,142
58,193
58,186
58,181
58,177
58,173
58,169
58,168
58,167
58,166
58,159
58,156
58,155
58,152
58,151
58,146
58,143
58,134
58,133
58,131
58,128
58,125
58,120
58,116
58,114
58,94
58,105
58,104
58,101
58,100
58,95
58,88
58,86
58,81
58,174
58,77
58,75
58,74
58,99
58,65
58,144
58,150
58,107
59,144
59,197
59,123
59,94
59,91
59,196
59,193
59,174
59,173
59,172
59,166
59,162
59,155
59,154
59,151
59,148
59,147
59,119
59,106
59,104
59,102
59,97
59,192
59,95
59,92
59,187
59,87
59,86
59,85
59,129
59,82
59,80
59,71
59,168
59,111
59,161
59,64
59,109
59,159
59,62
59,103
59,153
59,150
59,146
59,136
59,139
59,125
59,78
59,143
59,70
59,60
59,180
59,83
60,90
60,96
60,94
60,91
60,112
60,185
60,174
60,166
60,155
60,135
60,124
60,107
60,86
60,178
60,81
60,169
60,72
60,114
60,65
60,73
60,156
60,198
60,154
60,92
60,132
60,125
60,163
60,66
60,116
60,184
60,87
60,195
61,142
61,157
61,96
61,126
61,63
61,108
61,94
61,196
61,187
61,186
61,185
61,172
61,170
61,161
61,156
61,141
61,128
61,119
61,115
61,109
61,189
61,92
61,83
61,177
61,80
61,76
61,79
61,95
61,133
61,198
61,155
61,102
61,124
61,113
61,116
61,137
61,85
62,90
62,96
62,126
62,160
62,63
62,108
62,188
62,91
62,180
62,110
62,196
62,184
62,183
62,177
62,170
62,159
62,154
62,149
62,133
62,120
62,107
62,105
62,173
62,76
62,72
62,140
62,93
62,179
62,82
62,128
62,141
62,194
62,182
62,162
62,65
62,64
62,95
62,189
62,145
62,195
62,98
62,69
63,157
63,127
63,194
63,191
63,181
63,176
63,173
63,171
63,168
63,161
63,154
63,152
63,151
63,149
63,146
63,139
63,136
63,134
63,130
63,128
63,120
63,113
63,148
63,101
63,98
63,180
63,87
63,86
63,169
63,72
63,70
63,196
63,99
63,135
63,122
63,104
63,92
63,189
63,138
63,103
64,142
64,157
64,96
64,123
64,112
64,137
64,110
64,91
64,184
64,170
64,166
64,67
64,164
64,145
64,144
64,149
64,199
64,102
64,88
64,86
64,130
64,180
64,83
64,177
64,80
64,78
64,72
64,162
64,115
64,165
64,68
64,159
64,103
64,191
64,74
64,161
64,114
64,136
64,113
64,81
64,99
64,196
64,190
65,160
65,90
65,123
65,94
65,188
65,91
65,71
65,184
65,181
65,170
65,169
65,164
65,155
65,154
65,153
65,143
65,140
65,132
65,131
65,114
65,101
65,89
65,86
65,179
65,82
65,128
65,81
65,69
65,157
65,102
65,98
65,165
65,68
65,142
65,137
65,121
65,74
65,109
65,97
65,144
66,160
66,142
66,108
66,112
66,137
66,110
66,192
66,173
66,168
66,67
66,164
66,161
66,159
66,158
66,152
66,131
66,124
66,119
66,113
66,106
66,186
66,89
66,88
66,87
66,80
66,79
66,107
66,157
66,105
66,199
66,83
66,133
66,151
66,175
66,78
66,120
66,170
66,73
66,69
66,75
66,125
66,153
67,197
67,186
67,185
67,165
67,162
67,149
67,147
67,141
67,110
67,124
67,134
67,137
67,195
67,98
67,97
67,95
67,94
67,191
67,87
67,82
67,79
67,75
67,70
67,129
67,150
67,108
67,199
67,190
67,92
67,189
67,152
68,160
68,144
68,123
68,99
68,199
68,192
68,185
68,167
68,165
68,159
68,151
68,148
68,139
68,136
68,133
68,125
68,115
68,109
68,197
68,100
68,189
68,92
68,87
68,86
68,180
68,83
68,81
68,79
68,75
68,171
68,74
68,103
68,146
68,182
68,77
68,76
68,126
68,116
68,69
68,155
68,114
68,131
68,84
68,98
69,142
69,157
69,96
69,108
69,129
69,192
69,186
69,184
69,183
69,181
69,173
69,171
69,161
69,158
69,155
69,139
69,136
69,134
69,132
69,128
69,111
69,101
69,191
69,83
69,179
69,82
69,80
69,77
69,72
69,93
69,190
69,178
69,70
69,140
69,112
69,88
69,182
69,150
69,78
69,194
69,97
69,73
69,145
70,160
70,91
70,150
70,110
70,129
70,191
70,175
70,171
70,154
70,139
70,120
70,113
70,111
70,104
70,89
70,181
70,84
70,83
70,81
70,79
70,106
70,98
70,97
70,116
70,163
70,80
70,146
70,196
70,173
70,76
70,126
70,135
70,182
70,189
71,144
71,118
71,142
71,96
71,197
71,137
71,129
71,191
71,186
71,184
71,179
71,175
71,173
71,171
71,159
71,153
71,152
71,151
71,147
71,143
71,140
71,134
71,133
71,125
71,124
71,105
71,95
71,92
71,185
71,88
71,183
71,86
71,79
71,72
71,156
71,149
71,115
71,190
71,85
71,182
71,138
71,127
72,188
72,99
72,192
72,186
72,179
72,175
72,173
72,169
72,165
72,164
72,158
72,152
72,149
72,148
72,147
72,124
72,119
72,114
72,105
72,98
72,86
72,81
72,96
72,193
72,93
72,190
72,176
72,79
72,159
72,104
72,100
72,189
72,116
72,166
72,135
72,83
72,120
72,73
72,102
72,121
72,172
72,75
72,191
72,144
73,160
73,117
73,90
73,108
73,180
73,122
73,112
73,110
73,196
73,193
73,191
73,185
73,183
73,181
73,177
73,132
73,167
73,120
73,164
73,162
73,115
73,106
73,105
73,147
73,100
73,176
73,82
73,157
73,119
73,146
73,92
73,124
73,194
73,165
73,103
74,197
74,122
74,196
74,181
74,175
74,173
74,169
74,168
74,167
74,166
74,164
74,158
74,148
74,147
74,146
74,128
74,125
74,124
74,107
74,105
74,104
74,98
74,189
74,92
74,135
74,88
74,86
74,85
74,178
74,140
74,118
74,120
74,123
74,102
74,143
74,106
74,101
75,144
75,96
75,197
75,180
75,199
75,196
75,194
75,187
75,170
75,159
75,158
75,156
75,151
75,146
75,140
75,128
75,121
75,120
75,116
75,111
75,92
75,89
75,179
75,82
75,81
75,80
75,175
75,78
75,190
75,105
75,108
75,88
75,135
75,84
75,125
75,169
75,101
75,198
75,115
75,147
76,144
76,123
76,180
76,172
76,169
76,168
76,153
76,146
76,128
76,119
76,111
76,92
76,88
76,129
76,176
76,82
76,117
76,156
76,196
76,148
76,91
76,181
76,179
76,124
76,96
76,143
77,123
77,108
77,112
77,192
77,183
77,172
77,171
77,169
77,168
77,133
77,114
77,113
77,95
77,139
77,82
77,179
78,142
78,94
78,150
78,110
78,199
78,192
78,186
78,185
78,181
78,175
78,173
78,170
78,169
78,168
78,152
78,147
78,131
78,124
78,197
78,100
78,145
78,98
78,97
78,133
78,86
78,85
78,80
78,163
78,156
78,154
78,172
78,146
78,149
78,166
78,93
78,79
78,87
78,111
78,109
78,112
78,179
78,82
79,117
79,96
79,127
79,123
79,94
79,188
79,91
79,110
79,176
79,173
79,172
79,170
79,166
79,149
79,141
79,139
79,134
79,133
79,107
79,136
79,89
79,93
79,190
79,95
79,189
79,140
79,169
79,115
79,113
79,153
79,135
79,130
79,180
79,83
79,102
79,152
79,125
79,99
79,196
79,105
80,144
80,157
80,188
80,180
80,112
80,187
80,185
80,183
80,177
80,173
80,169
80,168
80,147
80,146
80,141
80,133
80,130
80,119
80,107
80,102
80,95
80,182
80,103
80,125
80,116
80,106
80,156
80,105
80,155
80,145
80,98
80,134
80,158
80,164
80,178
80,167
80,193
81,144
81,91
81,150
81,194
81,187
81,185
81,181
81,177
81,176
81,170
81,147
81,140
81,128
81,120
81,116
81,109
81,106
81,94
81,191
81,87
81,85
81,83
81,82
81,138
81,104
81,139
81,142
81,124
81,162
81,133
81,86
81,189
81,143
81,169
81,172
82,99
82,193
82,192
82,185
82,184
82,183
82,165
82,164
82,154
82,153
82,151
82,147
82,134
82,132
82,128
82,115
82,181
82,84
82,190
82,175
82,156
82,155
82,98
82,148
82,138
82,126
82,172
82,125
82,113
82,109
82,140
82,127
82,104
82,119
82,191
83,127
83,188
83,123
83,112
83,137
83,110
83,129
83,186
83,183
83,179
83,175
83,173
83,172
83,159
83,147
83,146
83,143
83,120
83,105
83,198
83,101
83,97
83,192
83,95
83,187
83,135
83,88
83,131
83,181
83,84
83,138
83,140
83,93
83,114
83,158
83,156
83,100
83,165
83,139
83,166
84,99
84,196
84,194
84,193
84,185
84,174
84,170
84,112
84,159
84,151
84,180
84,133
84,132
84,131
84,121
84,192
84,98
84,87
84,184
84,189
84,169
84,162
84,130
84,125
85,126
85,123
85,122
85,112
85,199
85,184
85,183
85,181
85,165
85,164
85,153
85,151
85,147
85,146
85,141
85,136
85,133
85,132
85,120
85,196
85,91
85,138
85,121
85,92
85,189
85,145
85,125
85,175
85,89
85,139
85,113
85,116
85,100
85,124
85,127
85,198
85,101
85,104
85,154
85,105
85,148
86,118
86,180
86,112
86,129
86,192
86,172
86,166
86,158
86,132
86,131
86,130
86,109
86,101
86,100
86,92
86,89
86,184
86,87
86,190
86,128
86,110
86,147
86,161
86,145
87,142
87,123
87,194
87,170
87,166
87,147
87,111
87,102
87,197
87,100
87,95
87,138
87,165
87,101
87,196
87,156
87,133
87,103
87,116
87,124
87,105
87,168
87,190
88,117
88,90
88,142
88,188
88,123
88,108
88,122
88,183
88,177
88,167
88,161
88,154
88,135
88,109
88,104
88,148
88,101
88,195
88,98
88,97
88,131
88,178
88,130
88,133
88,180
88,168
88,121
88,163
88,146
88,138
88,141
88,140
88,93
88,95
88,189
89,142
89,197
89,188
89,191
89,181
89,177
89,170
89,159
89,154
89,153
89,151
89,146
89,130
89,125
89,114
89,92
89,131
89,178
89,163
89,138
89,103
89,133
89,113
89,145
89,121
89,95
89,143
89,167
89,141
89,194
89,144
89,140
89,93
90,193
90,184
90,179
90,175
90,173
90,172
90,167
90,166
90,156
90,145
90,141
90,140
90,110
90,135
90,116
90,137
90,111
90,94
90,104
90,159
90,197
90,122
90,117
90,196
90,189
90,178
90,138
90,103
90,93
91,188
91,108
91,94
91,186
91,171
91,165
91,153
91,148
91,110
91,134
91,130
91,125
91,124
91,119
91,114
91,113
91,109
91,105
91,97
91,199
91,167
91,157
91,151
91,139
91,150
91,122
91,189
91,182
91,178
92,127
92,94
92,129
92,196
92,179
92,174
92,167
92,164
92,162
92,161
92,155
92,143
92,131
92,178
92,186
92,133
92,132
92,104
92,97
92,197
92,100
92,95
92,189
92,165
92,139
92,142
92,154
92,128
92,134
92,148
93,118
93,108
93,184
93,151
93,143
93,140
93,170
93,107
93,101
93,166
93,161
93,114
93,126
93,174
93,131
93,179
93,197
93,150
93,103
93,128
93,163
94,117
94,142
94,108
94,96
94,193
94,191
94,184
94,179
94,171
94,170
94,169
94,164
94,161
94,155
94,147
94,141
94,110
94,134
94,114
94,113
94,107
94,104
94,100
94,98
94,192
94,95
94,196
94,99
94,157
94,150
94,124
94,123
94,119
94,105
94,189
94,163
94,138
94,103
94,152
94,112
95,117
95,96
95,112
95,137
95,194
95,192
95,173
95,171
95,115
95,104
95,102
95,147
95,197
95,100
95,176
95,109
95,158
95,142
95,106
95,156
95,133
95,152
95,123
95,144
95,195
96,195
96,185
96,165
96,164
96,154
96,146
96,145
96,133
96,124
96,108
96,121
96,120
96,113
96,109
96,194
96,97
96,192
96,187
96,157
96,129
96,197
96,137
96,135
96,188
96,128
96,114
96,104
96,102
96,189
96,163
96,101
96,198
97,160
97,144
97,99
97,137
97,110
97,129
97,181
97,177
97,170
97,154
97,132
97,131
97,115
97,109
97,107
97,104
97,146
97,175
97,106
97,156
97,140
97,143
97,121
97,124
97,120
97,111
97,100
97,151
97,149
97,113
97,189
97,142
97,195
98,142
98,197
98,188
98,180
98,122
98,129
98,199
98,184
98,176
98,166
98,155
98,136
98,135
98,134
98,128
98,114
98,185
98,178
98,181
98,171
98,119
98,159
98,103
98,153
98,190
98,111
98,105
98,124
98,191
98,195
98,116
98,108
98,143
99,127
99,160
99,196
99,191
99,173
99,172
99,171
99,168
99,158
99,154
99,110
99,133
99,130
99,121
99,120
99,109
99,102
99,194
99,181
99,179
99,169
99,150
99,119
99,117
99,107
99,100
99,190
99,163
100,118
100,157
100,126
100,108
100,112
100,193
100,191
100,181
100,179
100,172
100,166
100,162
100,161
100,156
100,147
100,136
100,131
100,128
100,122
100,111
100,141
100,133
100,107
100,110
100,130
100,180
100,103
100,104
100,102
100,155
100,106
100,192
100,195
101,144
101,127
101,187
101,172
101,167
101,156
101,124
101,119
101,104
101,102
101,138
101,184
101,177
101,130
101,132
101,128
101,161
101,169
101,148
101,197
102,118
102,127
102,126
102,123
102,150
102,181
102,173
102,151
102,141
102,140
102,128
102,120
102,178
102,121
102,169
102,164
102,199
102,149
102,177
102,130
102,116
102,105
102,135
102,109
103,188
103,180
103,122
103,192
103,183
103,181
103,176
103,172
103,169
103,168
103,148
103,132
103,119
103,113
103,109
103,178
103,138
103,145
103,167
103,106
103,151
103,136
103,137
103,111
103,124
104,118
104,157
104,123
104,180
104,129
104,186
104,172
104,168
104,159
104,124
104,111
104,154
104,107
104,198
104,131
104,178
104,135
104,185
104,171
104,119
104,152
104,149
104,137
104,167
104,192
105,160
105,123
105,188
105,122
105,186
105,185
105,181
105,179
105,167
105,161
105,158
105,156
105,154
105,140
105,133
105,124
105,106
105,145
105,134
105,184
105,132
105,130
105,177
105,109
105,155
105,176
105,107
105,146
106,117
106,127
106,126
106,108
106,196
106,184
106,181
106,177
106,162
106,151
106,172
106,125
106,190
106,178
106,116
106,163
106,152
106,147
106,138
106,133
106,192
106,179
106,168
106,193
107,117
107,144
107,126
107,188
107,110
107,196
107,193
107,192
107,185
107,170
107,161
107,158
107,155
107,152
107,148
107,145
107,143
107,136
107,129
107,182
107,116
107,163
107,177
107,109
107,159
107,147
107,150
107,127
107,114
107,115
107,111
107,194
108,160
108,193
108,179
108,168
108,167
108,165
108,156
108,152
108,146
108,145
108,110
108,133
108,131
108,188
108,180
108,185
108,174
108,172
108,166
108,159
108,111
108,196
108,138
108,127
109,118
109,142
109,129
109,193
109,184
109,169
109,167
109,164
109,147
109,134
109,124
109,163
109,125
109,165
109,128
109,155
109,132
109,135
109,130
109,149
109,199
109,168
109,190
110,160
110,117
110,118
110,157
110,126
110,150
110,192
110,181
110,179
110,177
110,171
110,169
110,164
110,156
110,153
110,149
110,147
110,143
110,140
110,134
110,125
110,116
110,115
110,113
110,111
110,197
110,183
110,180
110,175
110,167
110,151
110,129
110,119
110,178
111,117
111,112
111,137
111,199
111,193
111,171
111,168
111,165
111,158
111,143
111,131
111,128
111,154
111,134
111,141
111,144
111,142
111,152
111,125
111,163
111,140
111,164
111,162
111,115
111,172
111,123
112,117
112,127
112,194
112,187
112,171
112,169
112,164
112,159
112,145
112,139
112,134
112,131
112,120
112,116
112,157
112,129
112,196
112,195
113,118
113,142
113,188
113,180
113,195
113,181
113,171
113,169
113,166
113,164
113,149
113,147
113,140
113,139
113,134
113,131
113,127
113,125
113,120
113,119
113,116
113,194
113,132
113,176
113,153
113,138
113,141
113,161
113,167
113,158
114,144
114,188
114,193
114,192
114,185
114,184
114,181
114,179
114,173
114,171
114,170
114,168
114,161
114,147
114,125
114,164
114,187
114,136
114,124
114,166
114,158
114,199
114,132
114,196
114,154
114,155
115,160
115,180
115,122
115,191
115,177
115,174
115,173
115,171
115,155
115,152
115,130
115,125
115,119
115,146
115,139
115,137
115,134
115,158
115,151
115,199
115,189
115,192
115,195
116,180
116,129
116,186
116,185
116,179
116,176
116,174
116,173
116,171
116,159
116,158
116,152
116,139
116,136
116,131
116,189
116,138
116,172
116,157
116,122
116,126
116,124
116,127
116,125
116,156
116,145
116,165
117,160
117,195
117,193
117,184
117,169
117,162
117,157
117,155
117,151
117,141
117,136
117,133
117,132
117,128
117,137
117,191
117,131
117,173
117,153
117,129
117,140
117,135
117,188
117,150
117,130
117,125
117,119
117,187
117,163
117,170
118,193
118,191
118,165
118,152
118,146
118,133
118,168
118,197
118,143
118,188
118,130
118,196
118,138
118,147
119,127
119,197
119,122
119,193
119,192
119,187
119,185
119,184
119,183
119,172
119,171
119,168
119,166
119,165
119,155
119,146
119,135
119,134
119,133
119,130
119,128
119,121
119,198
119,120
119,158
119,131
119,145
119,141
119,194
119,140
119,179
119,156
119,138
119,177
120,142
120,127
120,126
120,188
120,150
120,129
120,186
120,184
120,181
120,179
120,176
120,162
120,156
120,154
120,148
120,145
120,140
120,198
120,182
120,132
120,130
120,159
120,194
120,197
120,134
120,137
120,141
121,126
121,197
121,188
121,180
121,122
121,195
121,191
121,184
121,183
121,179
121,175
121,174
121,173
121,170
121,167
121,161
121,151
121,163
121,155
121,178
121,169
121,147
121,189
121,141
121,142
121,134
121,137
121,127
121,154
121,156
122,150
122,193
122,187
122,186
122,183
122,181
122,177
122,175
122,173
122,165
122,164
122,161
122,156
122,154
122,153
122,151
122,136
122,133
122,132
122,125
122,197
122,129
122,138
123,187
123,186
123,181
123,177
123,172
123,170
123,166
123,159
123,154
123,146
123,134
123,191
123,193
123,184
123,180
123,173
123,199
123,165
123,149
123,150
123,126
123,125
123,195
123,190
123,189
124,160
124,142
124,197
124,196
124,193
124,186
124,183
124,179
124,177
124,174
124,172
124,167
124,155
124,151
124,147
124,143
124,136
124,131
124,141
124,184
124,168
124,173
124,125
125,144
125,195
125,194
125,185
125,184
125,174
125,166
125,162
125,152
125,147
125,136
125,132
125,128
125,190
125,178
125,171
125,164
125,138
125,141
125,186
125,193
125,196
125,151
125,154
126,144
126,194
126,169
126,164
126,162
126,161
126,156
126,152
126,151
126,139
126,133
126,137
126,199
126,154
126,140
126,163
126,138
126,190
126,198
127,186
127,184
127,172
127,169
127,166
127,165
127,158
127,153
127,151
127,149
127,130
127,160
127,176
127,129
127,143
127,196
127,182
127,178
128,160
128,188
128,180
128,179
128,174
128,161
128,138
128,158
128,148
128,197
128,163
128,192
128,134
128,135
128,199
129,197
129,137
129,196
129,184
129,175
129,164
129,159
129,154
129,140
129,134
129,133
129,132
129,130
129,195
129,199
129,166
129,139
129,163
130,193
130,184
130,179
130,173
130,172
130,165
130,140
130,178
130,148
130,190
130,146
130,186
130,132
130,176
131,157
131,150
131,172
131,170
131,169
131,167
131,154
131,145
131,158
131,135
131,165
131,186
131,156
131,147
132,142
132,188
132,137
132,196
132,193
132,191
132,186
132,177
132,175
132,171
132,161
132,154
132,152
132,190
132,189
132,133
132,183
132,166
132,182
132,170
132,194
133,188
133,180
133,150
133,137
133,172
133,171
133,168
133,161
133,153
133,147
133,197
133,135
133,178
133,163
133,149
133,152
134,157
134,197
134,192
134,187
134,181
134,170
134,167
134,164
134,162
134,161
134,146
134,145
134,179
134,136
134,149
135,193
135,168
135,164
135,147
135,157
135,190
135,143
135,138
135,139
135,185
135,148
135,167
136,144
136,194
136,184
136,152
136,189
136,170
136,154
136,197
136,173
136,176
136,146
136,163
136,162
136,179
137,142
137,197
137,188
137,150
137,187
137,184
137,172
137,169
137,166
137,151
137,149
137,146
137,168
137,148
137,180
137,161
137,158
137,195
137,198
137,182
138,197
138,193
138,176
138,155
138,154
138,140
138,198
138,153
138,145
138,169
138,165
138,172
139,197
139,194
139,191
139,188
139,187
139,184
139,179
139,152
139,149
139,176
139,165
139,151
139,198
139,153
139,180
139,190
139,169
139,158
140,184
140,183
140,181
140,177
140,175
140,173
140,170
140,168
140,155
140,154
140,153
140,143
140,141
140,186
140,178
140,172
140,162
140,151
140,180
140,150
140,149
140,199
140,161
141,160
141,157
141,180
141,183
141,179
141,170
141,162
141,148
141,169
141,166
141,186
141,182
141,161
141,164
141,177
141,152
141,198
141,196
141,165
141,145
142,196
142,193
142,179
142,177
142,176
142,173
142,170
142,167
142,164
142,149
142,147
142,143
142,148
142,199
142,155
142,158
142,151
142,197
142,144
142,190
143,144
143,157
143,197
143,187
143,184
143,164
143,149
143,182
143,154
143,145
143,199
143,170
143,171
143,163
143,191
144,187
144,184
144,183
144,175
144,166
144,153
144,151
144,173
144,162
144,155
144,188
144,190
145,180
145,191
145,185
145,181
145,172
145,170
145,164
145,154
145,161
145,146
145,177
145,148
146,193
146,192
146,161
146,155
146,198
146,182
146,172
146,162
146,177
146,189
147,199
147,191
147,187
147,186
147,176
147,174
147,173
147,168
147,166
147,162
147,155
147,151
147,163
147,183
147,179
147,152
147,169
147,198
148,186
148,183
148,162
148,153
148,149
148,178
148,163
148,198
148,189
148,165
148,156
148,168
149,188
149,150
149,186
149,171
149,168
149,164
149,162
149,165
149,166
149,167
149,153
150,157
150,186
150,177
150,172
150,170
150,159
150,158
150,193
150,167
150,151
151,157
151,160
151,180
151,191
151,185
151,183
151,177
151,175
151,173
151,158
151,155
151,152
151,171
151,199
151,194
151,162
151,172
152,157
152,160
152,197
152,188
152,180
152,170
152,161
152,153
152,198
152,199
152,155
152,183
152,167
153,177
153,195
153,187
153,162
153,176
153,179
153,199
153,185
153,172
153,167
153,170
154,188
154,196
154,192
154,184
154,183
154,173
154,166
154,164
154,158
154,155
154,163
154,167
154,159
154,182
154,199
155,196
155,194
155,193
155,183
155,174
155,163
155,189
155,162
155,156
155,197
155,157
155,179
156,196
156,183
156,176
156,171
156,166
156,165
156,161
156,178
156,184
156,179
156,158
157,196
157,192
157,185
157,181
157,164
157,162
157,161
157,158
157,197
157,188
157,189
157,178
158,197
158,188
158,194
158,191
158,179
158,176
158,168
158,167
158,165
158,162
158,159
158,177
158,163
159,160
159,197
159,196
159,185
159,184
159,176
159,168
159,161
159,181
159,180
159,169
159,191
160,181
160,177
160,171
160,168
160,199
160,197
160,196
160,190
160,170
161,180
161,195
161,191
161,187
161,177
161,174
161,170
161,198
162,186
162,185
162,183
162,176
162,166
162,164
162,163
162,189
162,187
162,198
162,197
162,195
163,197
163,199
163,191
163,184
163,181
163,174
163,173
163,169
163,189
163,178
163,194
163,182
163,171
164,194
164,191
164,185
164,181
164,175
164,166
164,165
164,178
164,177
164,169
164,196
165,196
165,194
165,193
165,188
165,185
165,183
165,173
165,198
165,197
166,173
166,170
166,176
166,169
166,196
167,194
167,187
167,184
167,183
167,169
167,168
167,198
167,185
167,171
168,199
168,192
168,187
168,176
168,172
168,169
168,184
168,196
169,188
169,195
169,187
169,179
169,196
169,171
169,173
170,187
170,174
170,186
170,184
170,176
170,195
170,199
171,199
171,183
171,198
171,189
171,181
172,188
172,186
172,182
172,183
172,174
172,197
172,198
172,175
172,179
173,195
173,179
173,198
173,187
173,176
174,199
174,185
174,184
174,186
174,178
174,181
174,192
174,190
175,191
175,177
175,176
176,180
176,187
176,186
176,189
177,193
177,192
177,179
177,199
177,185
177,186
177,194
178,188
178,180
178,194
178,189
178,186
178,181
179,184
179,181
179,180
179,189
179,195
180,191
180,183
180,199
181,184
181,189
181,195
181,194
181,186
181,182
181,196
181,197
182,185
182,198
182,183
182,193
183,187
183,185
183,197
183,191
184,197
184,193
184,198
184,195
184,190
185,188
185,193
185,192
185,187
185,189
186,195
186,190
186,196
187,196
187,190
188,197
188,192
188,199
188,196
188,194
189,193
189,192
189,191
190,193
190,199
191,197
191,194
192,196
193,194
194,197
195,199
195,196
196,198
196,197
198,199
200,245
200,332
200,366
200,307
200,236
200,281
200,358
200,243
200,327
200,321
200,335
200,238
200,384
200,374
200,367
200,365
200,318
200,316
200,216
200,313
200,214
200,311
200,304
200,398
200,204
200,299
200,292
200,212
200,356
200,259
200,303
200,256
200,349
200,255
200,336
200,239
200,357
200,392
200,345
200,201
200,344
200,247
200,383
200,240
200,283
200,375
200,372
200,253
200,276
200,231
200,249
200,300
200,203
201,332
201,320
201,363
201,376
201,342
201,364
201,236
201,275
201,261
201,358
201,348
201,251
201,302
201,208
201,349
201,296
201,343
201,387
201,340
201,242
201,339
201,317
201,216
201,313
201,304
201,241
201,385
201,288
201,274
201,268
201,248
201,206
201,253
201,324
201,230
201,357
201,306
201,212
201,229
201,370
201,383
201,291
201,240
201,337
201,374
201,278
201,231
201,325
201,264
201,287
201,301
201,398
201,254
202,301
202,233
202,363
202,261
202,342
202,269
202,366
202,355
202,386
202,293
202,236
202,397
202,300
202,290
202,215
202,238
202,392
202,287
202,384
202,380
202,350
202,345
202,344
202,234
202,331
202,226
202,323
202,305
202,294
202,264
202,262
202,242
202,365
202,318
202,271
202,224
202,317
202,223
202,206
202,396
202,299
202,346
202,205
202,288
202,382
202,310
202,216
202,377
202,225
202,214
202,375
202,265
202,218
202,240
202,207
202,349
202,255
202,277
202,227
202,324
202,291
203,217
203,376
203,355
203,307
203,386
203,236
203,366
203,275
203,348
203,341
203,296
203,241
203,392
203,389
203,290
203,387
203,381
203,270
203,367
203,349
203,238
203,335
203,234
203,331
203,318
203,317
203,316
203,309
203,306
203,396
203,299
203,286
203,271
203,311
203,264
203,354
203,257
203,256
203,255
203,350
203,253
203,246
203,230
203,260
203,310
203,213
203,375
203,278
203,231
203,228
203,325
203,369
203,272
203,313
203,216
203,283
203,377
203,308
203,266
203,263
203,360
203,291
203,329
203,223
203,297
203,390
203,287
203,373
203,276
203,351
203,254
203,294
203,247
204,279
204,395
204,354
204,333
204,281
204,368
204,227
204,389
204,384
204,268
204,365
204,248
204,345
204,231
204,328
204,326
204,309
204,340
204,390
204,383
204,286
204,274
204,219
204,316
204,349
204,352
204,255
204,250
204,289
204,242
204,253
204,394
204,206
204,385
204,288
204,285
204,382
204,323
204,370
204,294
204,220
204,314
204,361
204,337
204,362
204,329
204,372
204,278
204,353
204,307
204,210
205,233
205,322
205,279
205,354
205,366
205,261
205,358
205,302
205,281
205,263
205,321
205,389
205,379
205,369
205,345
205,365
205,221
205,318
205,313
205,214
205,311
205,309
205,306
205,239
205,336
205,289
205,283
205,270
205,223
205,347
205,394
205,206
205,346
205,287
205,384
205,337
205,256
205,304
205,210
205,372
205,325
205,331
205,334
205,237
205,305
205,355
205,258
205,255
205,352
205,349
205,324
205,381
205,343
206,221
206,376
206,293
206,354
206,300
206,290
206,263
206,251
206,241
206,327
206,238
206,388
206,384
206,369
206,365
206,351
206,349
206,343
206,339
206,328
206,305
206,207
206,304
206,391
206,294
206,274
206,256
206,250
206,235
206,368
206,271
206,224
206,357
206,260
206,213
206,259
206,212
206,394
206,229
206,370
206,283
206,377
206,289
206,286
206,383
206,364
206,267
206,317
206,220
206,314
206,214
206,308
206,375
206,225
206,399
206,226
206,301
206,239
206,362
206,265
206,218
206,315
207,322
207,279
207,284
207,364
207,391
207,354
207,373
207,290
207,281
207,211
207,238
207,384
207,253
207,350
207,239
207,336
207,214
207,311
207,243
207,340
207,382
207,262
207,371
207,277
207,230
207,321
207,224
207,320
207,223
207,310
207,213
207,349
207,283
207,377
207,263
207,360
207,357
207,209
207,306
207,259
207,353
207,240
207,352
207,394
207,297
207,220
207,273
207,370
207,232
207,347
207,351
207,210
207,372
207,325
207,226
208,333
208,300
208,397
208,348
208,399
208,211
208,312
208,215
208,356
208,385
208,243
208,384
208,351
208,336
208,246
208,261
208,358
208,214
208,311
208,264
208,260
208,213
208,346
208,249
208,293
208,390
208,231
208,360
208,237
208,377
208,283
208,281
208,375
208,230
208,226
208,323
208,276
208,326
208,232
208,265
208,218
208,271
208,224
209,301
209,233
209,322
209,334
209,391
209,397
209,302
209,290
209,348
209,251
209,241
209,388
209,285
209,372
209,349
209,343
209,335
209,331
209,328
209,326
209,313
209,310
209,306
209,303
209,392
209,376
209,278
209,273
209,262
209,327
209,230
209,309
209,212
209,342
209,396
209,314
209,211
209,308
209,395
209,287
209,283
209,276
209,254
209,244
209,232
210,269
210,342
210,330
210,285
210,378
210,300
210,243
210,327
210,234
210,389
210,371
210,347
210,356
210,309
210,286
210,379
210,368
210,271
210,265
210,257
210,280
210,377
210,333
210,213
210,246
210,270
210,317
210,223
210,361
210,319
210,222
210,360
210,306
210,256
210,353
210,352
210,258
210,244
210,373
210,276
210,273
210,370
210,326
210,232
210,392
210,398
210,226
210,240
210,299
210,302
210,237
211,233
211,298
211,319
211,398
211,320
211,334
211,236
211,261
211,358
211,348
211,302
211,397
211,300
211,296
211,281
211,215
211,270
211,321
211,324
211,227
211,389
211,388
211,374
211,372
211,351
211,347
211,344
211,288
211,385
211,338
211,331
211,350
211,303
211,266
211,316
211,343
211,249
211,280
211,377
211,283
211,286
211,383
211,335
211,265
211,263
211,357
211,255
211,232
211,311
211,214
211,396
211,299
211,287
211,240
211,267
212,301
212,320
212,275
212,302
212,296
212,290
212,252
212,251
212,243
212,215
212,230
212,327
212,335
212,238
212,379
212,345
212,339
212,234
212,328
212,225
212,317
212,310
212,326
212,268
212,273
212,250
212,219
212,235
212,255
212,353
212,371
212,373
212,276
212,254
212,278
212,350
212,303
212,260
212,214
212,283
212,343
212,390
212,271
212,244
212,388
212,294
213,245
213,217
213,322
213,319
213,279
213,269
213,396
213,236
213,285
213,399
213,302
213,243
213,356
213,238
213,387
213,381
213,374
213,275
213,372
213,351
213,347
213,220
213,317
213,311
213,306
213,294
213,288
213,309
213,359
213,262
213,260
213,248
213,235
213,368
213,271
213,224
213,360
213,219
213,292
213,278
213,375
213,315
213,362
213,339
213,242
213,383
213,308
213,384
213,287
213,229
213,370
213,276
213,257
213,231
213,230
213,324
213,258
213,397
214,301
214,221
214,332
214,269
214,354
214,285
214,397
214,252
214,241
214,321
214,227
214,380
214,369
214,268
214,365
214,323
214,310
214,304
214,303
214,381
214,372
214,313
214,266
214,265
214,260
214,248
214,339
214,242
214,239
214,377
214,222
214,240
214,337
214,282
214,329
214,384
214,287
214,255
214,253
214,374
214,277
214,230
214,249
214,396
214,299
214,341
214,244
214,223
214,294
215,233
215,298
215,261
215,376
215,245
215,342
215,366
215,236
215,275
215,397
215,378
215,281
215,252
215,338
215,241
215,356
215,230
215,327
215,321
215,238
215,389
215,341
215,388
215,359
215,339
215,385
215,326
215,350
215,303
215,256
215,237
215,282
215,223
215,290
215,337
215,336
215,383
215,357
215,345
215,287
215,278
215,362
215,304
215,271
215,343
216,301
216,363
216,261
216,364
216,236
216,333
216,302
216,251
216,270
216,365
216,243
216,340
216,328
216,326
216,322
216,225
216,316
216,313
216,309
216,304
216,371
216,274
216,265
216,350
216,353
216,256
216,342
216,289
216,242
216,233
216,330
216,352
216,255
216,385
216,288
216,382
216,306
216,325
216,230
216,324
216,308
216,329
216,283
216,249
216,390
216,298
216,395
216,373
216,276
216,337
216,338
216,388
216,291
216,250
217,245
217,355
217,358
217,374
217,372
217,371
217,365
217,359
217,350
217,349
217,345
217,344
217,343
217,338
217,326
217,318
217,317
217,315
217,309
217,306
217,294
217,292
217,288
217,392
217,266
217,256
217,347
217,250
217,239
217,316
217,219
217,396
217,394
217,280
217,377
217,360
217,325
217,222
217,319
217,373
217,276
217,225
217,300
218,332
218,342
218,386
218,236
218,354
218,296
218,290
218,281
218,243
218,356
218,389
218,369
218,345
218,225
218,310
218,304
218,398
218,295
218,382
218,375
218,278
218,274
218,309
218,262
218,260
218,343
218,246
218,381
218,334
218,237
218,327
218,230
218,224
218,220
218,317
218,223
218,328
218,308
218,238
218,335
218,288
218,267
218,311
218,240
218,287
218,323
218,370
218,232
218,396
218,299
218,258
218,390
218,346
219,319
219,334
219,236
219,285
219,378
219,348
219,302
219,252
219,356
219,321
219,385
219,381
219,335
219,229
219,326
219,225
219,294
219,274
219,318
219,271
219,268
219,266
219,256
219,293
219,390
219,249
219,336
219,289
219,339
219,242
219,290
219,387
219,246
219,317
219,320
219,223
219,250
219,301
219,269
219,366
219,375
219,273
219,323
219,276
219,230
219,262
219,377
219,314
220,245
220,261
220,355
220,386
220,354
220,333
220,399
220,302
220,290
220,263
220,252
220,251
220,241
220,389
220,277
220,374
220,340
220,339
220,335
220,238
220,379
220,234
220,328
220,326
220,311
220,296
220,393
220,299
220,288
220,278
220,274
220,222
220,239
220,283
220,377
220,276
220,370
220,365
220,271
220,224
220,265
220,362
220,357
220,306
220,259
220,353
220,244
220,284
220,381
220,240
220,287
220,272
220,228
221,245
221,378
221,358
221,241
221,321
221,380
221,285
221,372
221,371
221,393
221,365
221,343
221,323
221,316
221,309
221,294
221,288
221,277
221,373
221,356
221,259
221,334
221,237
221,354
221,230
221,223
221,303
221,399
221,307
221,280
221,377
221,265
221,362
221,360
221,227
221,324
221,284
221,314
221,308
221,394
221,297
221,287
221,244
221,337
221,240
221,325
221,228
222,301
222,332
222,269
222,396
222,397
222,378
222,341
222,280
222,263
222,251
222,368
222,393
222,290
222,387
222,270
222,367
222,365
222,247
222,344
222,237
222,231
222,328
222,313
222,311
222,385
222,288
222,286
222,357
222,260
222,343
222,293
222,390
222,249
222,339
222,292
222,362
222,310
222,234
222,331
222,305
222,258
222,255
222,352
222,283
222,267
222,230
222,370
222,373
222,276
222,351
222,278
223,298
223,334
223,376
223,342
223,330
223,341
223,296
223,263
223,241
223,321
223,238
223,385
223,384
223,374
223,367
223,252
223,349
223,340
223,326
223,317
223,316
223,310
223,392
223,295
223,381
223,371
223,274
223,268
223,365
223,318
223,271
223,315
223,283
223,282
223,332
223,235
223,370
223,337
223,312
223,262
223,308
223,396
223,299
223,369
223,325
223,228
223,386
223,289
223,242
223,256
223,353
223,398
223,254
223,350
223,303
223,375
223,397
224,398
224,320
224,279
224,261
224,391
224,296
224,243
224,356
224,387
224,384
224,284
224,381
224,350
224,239
224,336
224,313
224,305
224,389
224,392
224,295
224,282
224,371
224,277
224,365
224,271
224,349
224,255
224,347
224,250
224,343
224,249
224,388
224,247
224,353
224,231
224,325
224,260
224,283
224,254
224,238
224,335
224,382
224,338
224,244
224,225
224,345
224,298
224,395
225,322
225,298
225,398
225,284
225,366
225,373
225,330
225,300
225,290
225,327
225,393
225,384
225,380
225,369
225,349
225,309
225,386
225,289
225,316
225,268
225,254
225,351
225,257
225,248
225,246
225,360
225,306
225,353
225,297
225,346
225,285
225,382
225,341
225,244
225,229
225,273
225,370
225,232
225,367
225,226
225,240
225,239
225,265
225,310
225,258
225,318
225,396
226,334
226,261
226,312
226,366
226,399
226,241
226,327
226,324
226,227
226,234
226,328
226,270
226,317
226,303
226,392
226,295
226,278
226,273
226,271
226,266
226,359
226,265
226,260
226,235
226,288
226,382
226,377
226,361
226,371
226,342
226,336
226,383
226,291
226,346
226,249
226,293
226,390
226,272
226,304
226,276
226,307
226,393
226,240
227,322
227,363
227,312
227,293
227,354
227,358
227,296
227,280
227,356
227,327
227,270
227,380
227,387
227,340
227,315
227,254
227,351
227,304
227,335
227,238
227,285
227,382
227,274
227,264
227,350
227,256
227,392
227,395
227,372
227,231
227,370
227,232
227,291
227,341
227,244
227,383
227,260
227,234
227,375
227,344
227,250
227,271
228,301
228,245
228,233
228,319
228,334
228,269
228,355
228,236
228,333
228,358
228,296
228,368
228,327
228,321
228,385
228,367
228,268
228,365
228,276
228,326
228,316
228,294
228,293
228,390
228,282
228,278
228,361
228,264
228,362
228,265
228,289
228,242
228,374
228,377
228,349
228,352
228,255
228,323
228,370
228,313
228,360
228,306
228,353
228,317
228,300
228,297
228,392
228,345
228,253
228,320
228,346
229,245
229,233
229,319
229,320
229,334
229,396
229,269
229,366
229,285
229,399
229,302
229,281
229,321
229,392
229,359
229,339
229,318
229,317
229,303
229,294
229,289
229,331
229,282
229,376
229,375
229,278
229,274
229,257
229,390
229,249
229,246
229,324
229,230
229,374
229,394
229,297
229,385
229,338
229,341
229,244
229,370
229,306
229,353
229,357
229,260
229,310
229,380
229,287
229,395
230,332
230,363
230,279
230,366
230,341
230,302
230,280
230,321
230,393
230,392
230,385
230,351
230,238
230,335
230,328
230,326
230,315
230,294
230,340
230,293
230,390
230,286
230,271
230,250
230,347
230,394
230,388
230,291
230,316
230,319
230,289
230,242
230,310
230,260
230,357
230,308
230,309
230,256
230,265
230,398
230,283
230,272
230,397
230,300
230,395
231,233
231,332
231,320
231,342
231,312
231,280
231,358
231,252
231,251
231,243
231,356
231,234
231,277
231,374
231,270
231,367
231,351
231,317
231,288
231,363
231,266
231,265
231,246
231,390
231,301
231,398
231,298
231,395
231,283
231,276
231,370
231,324
231,232
231,274
231,244
231,389
231,365
231,260
231,346
231,255
231,247
231,344
231,383
231,316
232,233
232,363
232,279
232,355
232,395
232,391
232,236
232,300
232,251
232,345
232,317
232,316
232,311
232,295
232,292
232,277
232,365
232,368
232,271
232,350
232,353
232,256
232,249
232,247
232,334
232,237
232,347
232,297
232,394
232,286
232,383
232,259
232,308
232,352
232,235
232,329
232,380
232,283
232,272
232,254
232,325
232,288
232,382
232,244
232,307
232,240
233,391
233,397
233,358
233,280
233,243
233,376
233,327
233,388
233,385
233,384
233,381
233,371
233,359
233,323
233,318
233,301
233,398
233,310
233,309
233,303
233,392
233,277
233,332
233,273
233,271
233,373
233,268
233,259
233,255
233,253
233,247
233,339
233,242
233,326
233,399
233,299
233,320
233,394
233,362
233,360
233,308
233,319
233,258
233,254
233,328
234,332
234,312
234,395
234,354
234,333
234,399
234,261
234,358
234,281
234,252
234,270
234,238
234,392
234,389
234,340
234,331
234,398
234,289
234,264
234,262
234,250
234,347
234,253
234,396
234,390
234,375
234,256
234,353
234,297
234,287
234,321
234,274
234,273
234,314
234,241
234,288
234,382
234,315
234,268
234,346
234,303
235,334
235,279
235,269
235,261
235,354
235,285
235,300
235,290
235,378
235,281
235,263
235,251
235,393
235,381
235,339
235,311
235,309
235,305
235,295
235,335
235,288
235,313
235,363
235,266
235,359
235,265
235,344
235,297
235,347
235,250
235,268
235,337
235,314
235,283
235,380
235,239
235,308
235,270
235,326
235,253
235,276
235,398
235,254
236,398
236,269
236,376
236,378
236,348
236,290
236,263
236,241
236,312
236,393
236,284
236,381
236,372
236,369
236,351
236,350
236,345
236,344
236,340
236,336
236,335
236,323
236,317
236,311
236,306
236,304
236,295
236,292
236,282
236,274
236,268
236,262
236,260
236,249
236,316
236,310
236,396
236,299
236,394
236,390
236,337
236,308
236,267
237,334
237,342
237,366
237,396
237,354
237,358
237,348
237,300
237,290
237,241
237,238
237,392
237,369
237,351
237,345
237,243
237,340
237,336
237,301
237,398
237,339
237,389
237,292
237,286
237,331
237,275
237,372
237,371
237,274
237,318
237,271
237,365
237,268
237,353
237,256
237,250
237,293
237,390
237,249
237,294
237,247
237,382
237,333
237,283
237,280
237,377
237,308
237,305
237,258
237,291
237,316
237,319
237,264
237,240
237,255
237,259
237,309
237,359
237,262
237,394
237,278
237,325
238,322
238,319
238,376
238,364
238,293
238,290
238,296
238,393
238,388
238,385
238,379
238,270
238,367
238,359
238,254
238,351
238,340
238,335
238,310
238,295
238,292
238,273
238,239
238,346
238,329
238,244
238,380
238,283
238,331
238,334
238,318
238,321
238,361
238,353
238,253
238,397
238,323
238,276
239,261
239,395
239,275
239,348
239,241
239,327
239,270
239,389
239,388
239,365
239,248
239,345
239,247
239,344
239,243
239,340
239,331
239,328
239,262
239,359
239,383
239,286
239,326
239,279
239,376
239,363
239,266
239,264
239,309
239,260
239,342
239,336
239,377
239,325
239,255
239,324
239,369
239,272
239,364
239,267
239,305
239,258
239,282
239,294
239,318
239,373
239,276
239,306
239,353
240,319
240,320
240,363
240,279
240,269
240,391
240,354
240,333
240,281
240,263
240,368
240,270
240,388
240,380
240,379
240,275
240,372
240,371
240,369
240,365
240,350
240,323
240,318
240,311
240,386
240,289
240,277
240,357
240,260
240,246
240,394
240,335
240,288
240,382
240,377
240,259
240,353
240,346
240,361
240,314
240,248
240,345
240,305
240,258
240,293
240,390
240,396
240,278
240,375
240,362
240,265
240,304
240,295
240,325
240,307
241,301
241,307
241,293
241,378
241,358
241,348
241,341
241,302
241,280
241,243
241,388
241,290
241,387
241,284
241,381
241,365
241,351
241,252
241,349
241,335
241,375
241,278
241,262
241,359
241,312
241,362
241,265
241,260
241,256
241,242
241,396
241,299
241,346
241,276
241,361
241,364
241,267
241,347
241,253
241,394
241,272
241,300
241,367
242,334
242,269
242,312
242,348
242,251
242,321
242,393
242,387
242,379
242,374
242,367
242,351
242,350
242,252
242,349
242,328
242,323
242,309
242,299
242,339
242,389
242,292
242,371
242,274
242,247
242,293
242,390
242,246
242,394
242,325
242,383
242,313
242,360
242,291
242,305
242,258
242,287
242,357
242,283
242,320
242,315
242,365
242,268
242,362
242,295
242,298
242,395
243,398
243,320
243,284
243,269
243,312
243,373
243,330
243,399
243,261
243,358
243,378
243,281
243,270
243,385
243,338
243,326
243,317
243,316
243,295
243,282
243,250
243,249
243,389
243,292
243,289
243,383
243,375
243,361
243,360
243,384
243,337
243,307
243,283
243,352
243,258
243,306
243,356
243,259
243,353
243,371
243,277
243,324
243,325
243,257
244,301
244,398
244,284
244,364
244,396
244,354
244,378
244,397
244,300
244,296
244,290
244,252
244,367
244,270
244,348
244,277
244,374
244,266
244,264
244,260
244,292
244,287
244,326
244,373
244,276
244,353
244,345
244,324
244,283
244,278
244,375
244,329
244,372
244,325
244,255
244,371
244,351
244,307
245,364
245,397
245,300
245,290
245,280
245,251
245,356
245,385
245,380
245,395
245,334
245,293
245,351
245,339
245,363
245,316
245,305
245,304
245,295
245,289
245,286
245,275
245,277
245,332
245,271
245,365
245,268
245,262
245,345
245,248
245,354
245,322
245,320
245,333
245,382
245,370
245,353
245,249
245,346
245,330
245,329
245,308
245,342
245,394
245,297
245,291
245,384
245,287
246,398
246,320
246,363
246,279
246,342
246,395
246,396
246,285
246,399
246,378
246,296
246,280
246,263
246,384
246,345
246,340
246,317
246,309
246,295
246,291
246,388
246,294
246,286
246,282
246,274
246,253
246,268
246,362
246,353
246,338
246,267
246,351
246,370
246,381
246,264
246,346
246,255
246,357
246,289
246,339
246,389
246,292
246,344
247,301
247,298
247,366
247,391
247,399
247,302
247,281
247,270
247,393
247,385
247,379
247,359
247,351
247,349
247,347
247,343
247,338
247,317
247,309
247,306
247,274
247,362
247,265
247,260
247,255
247,344
247,297
247,287
247,382
247,267
247,329
247,370
247,336
247,289
247,383
247,299
247,346
247,268
247,313
247,263
247,360
247,337
247,319
247,311
247,305
247,258
248,284
248,312
248,280
248,327
248,368
248,321
248,388
248,369
248,367
248,339
248,281
248,328
248,342
248,295
248,266
248,257
248,314
248,361
248,288
248,357
248,300
248,253
248,276
248,334
248,380
248,324
248,261
248,271
248,319
248,282
248,315
248,268
248,392
249,320
249,279
249,312
249,366
249,298
249,395
249,386
249,275
249,378
249,302
249,300
249,296
249,290
249,271
249,368
249,392
249,379
249,371
249,328
249,286
249,278
249,264
249,309
249,262
249,257
249,250
249,394
249,297
249,326
249,276
249,288
249,382
249,267
249,329
249,367
249,273
249,283
249,308
249,292
249,266
249,252
249,349
250,322
250,363
250,269
250,342
250,312
250,307
250,391
250,354
250,302
250,290
250,378
250,281
250,393
250,351
250,252
250,349
250,340
250,335
250,326
250,317
250,315
250,292
250,278
250,273
250,265
250,361
250,264
250,357
250,260
250,256
250,394
250,314
250,289
250,383
250,360
250,291
250,343
250,329
250,306
250,365
250,301
250,398
250,274
250,276
250,277
251,320
251,364
251,327
251,384
251,381
251,369
251,253
251,350
251,343
251,338
251,378
251,331
251,270
251,317
251,311
251,393
251,299
251,300
251,394
251,375
251,377
251,283
251,355
251,258
251,282
251,255
251,376
251,360
251,314
251,275
251,372
251,295
251,308
251,310
252,319
252,279
252,342
252,355
252,391
252,378
252,327
252,296
252,393
252,290
252,384
252,276
252,371
252,302
252,349
252,331
252,295
252,383
252,286
252,315
252,268
252,260
252,309
252,353
252,259
252,394
252,370
252,338
252,341
252,375
252,313
252,254
253,320
253,284
253,307
253,354
253,399
253,321
253,393
253,387
253,372
253,365
253,359
253,351
253,349
253,340
253,339
253,306
253,326
253,277
253,352
253,255
253,293
253,390
253,264
253,361
253,363
253,266
253,263
253,360
253,305
253,337
253,286
253,301
253,298
253,395
253,295
253,384
253,287
253,288
253,338
253,335
253,273
253,300
253,297
253,276
253,328
254,301
254,363
254,334
254,355
254,307
254,368
254,387
254,287
254,384
254,374
254,274
254,371
254,272
254,369
254,350
254,304
254,386
254,289
254,255
254,390
254,263
254,360
254,282
254,329
254,308
254,300
254,297
254,373
254,276
254,361
254,267
254,338
254,291
254,342
254,326
254,322
254,353
254,321
254,280
254,377
254,333
255,376
255,355
255,293
255,281
255,368
255,327
255,296
255,393
255,388
255,290
255,387
255,380
255,374
255,367
255,257
255,323
255,379
255,282
255,304
255,280
255,377
255,375
255,268
255,362
255,263
255,360
255,337
255,287
255,347
255,306
255,259
255,395
255,348
255,398
255,334
255,369
255,272
255,343
255,299
255,357
255,399
255,339
255,342
256,322
256,319
256,398
256,342
256,354
256,333
256,373
256,275
256,378
256,393
256,384
256,367
256,365
256,349
256,344
256,323
256,315
256,392
256,295
256,339
256,292
256,273
256,357
256,260
256,343
256,390
256,383
256,377
256,346
256,337
256,288
256,328
256,375
256,297
256,374
256,277
256,327
256,310
256,363
256,266
256,360
256,353
256,309
256,312
256,300
256,274
256,308
257,298
257,320
257,334
257,342
257,293
257,330
257,261
257,358
257,341
257,378
257,281
257,392
257,276
257,268
257,365
257,267
257,328
257,313
257,311
257,306
257,305
257,398
257,396
257,299
257,290
257,387
257,389
257,292
257,282
257,278
257,362
257,265
257,260
257,333
257,322
257,262
257,308
257,337
257,338
257,291
257,303
257,349
257,344
257,304
257,307
258,363
258,284
258,342
258,312
258,366
258,285
258,378
258,397
258,300
258,358
258,393
258,389
258,388
258,387
258,326
258,313
258,295
258,371
258,274
258,309
258,262
258,306
258,259
258,280
258,377
258,265
258,362
258,324
258,345
258,370
258,276
258,267
258,294
258,337
258,260
258,357
258,386
258,289
258,286
258,383
258,282
258,329
258,384
258,287
258,351
259,322
259,312
259,366
259,298
259,395
259,396
259,293
259,354
259,333
259,330
259,285
259,275
259,399
259,302
259,300
259,392
259,389
259,385
259,283
259,380
259,374
259,344
259,339
259,313
259,351
259,304
259,336
259,289
259,375
259,278
259,271
259,347
259,303
259,394
259,377
259,369
259,272
259,331
259,324
259,326
259,301
259,398
259,316
260,301
260,332
260,279
260,312
260,293
260,348
260,399
260,302
260,280
260,356
260,296
260,393
260,392
260,387
260,359
260,351
260,350
260,340
260,339
260,313
260,309
260,289
260,282
260,372
260,362
260,272
260,361
260,314
260,267
260,349
260,341
260,286
260,300
260,347
260,389
260,292
260,316
260,321
260,306
260,278
260,308
261,322
261,301
261,398
261,279
261,358
261,348
261,341
261,281
261,263
261,356
261,327
261,387
261,381
261,351
261,316
261,315
261,392
261,268
261,266
261,336
261,366
261,321
261,396
261,390
261,377
261,375
261,370
261,324
262,322
262,312
262,366
262,378
262,296
262,393
262,388
262,381
262,347
262,345
262,340
262,338
262,326
262,315
262,277
262,369
262,335
262,288
262,382
262,323
262,370
262,354
262,305
262,355
262,343
262,396
262,375
262,304
262,264
262,361
262,270
262,263
262,357
262,313
263,376
263,366
263,391
263,348
263,327
263,321
263,351
263,336
263,331
263,369
263,311
263,303
263,286
263,365
263,271
263,382
263,362
263,266
263,360
263,357
263,337
263,284
263,381
263,287
263,267
263,277
263,324
263,388
263,342
263,290
263,387
263,373
263,276
263,394
263,345
263,298
263,395
263,397
264,322
264,319
264,332
264,269
264,302
264,298
264,393
264,359
264,351
264,350
264,339
264,282
264,379
264,305
264,371
264,277
264,382
264,280
264,377
264,361
264,306
264,353
264,291
264,370
264,276
264,300
264,297
264,362
264,375
265,319
265,301
265,398
265,320
265,363
265,376
265,364
265,386
265,296
265,393
265,389
265,284
265,381
265,374
265,359
265,345
265,331
265,311
265,350
265,303
265,274
265,315
265,268
265,362
265,360
265,377
265,361
265,314
265,388
265,291
265,335
265,305
265,352
265,329
265,327
265,357
265,293
265,390
265,278
265,372
266,319
266,376
266,342
266,355
266,395
266,354
266,333
266,275
266,348
266,381
266,374
266,392
266,345
266,359
266,304
266,331
266,274
266,296
266,390
266,324
266,310
266,325
266,303
266,394
266,380
266,339
266,389
266,292
266,272
266,375
266,285
266,382
266,268
266,338
267,269
267,342
267,391
267,285
267,341
267,296
267,290
267,356
267,392
267,381
267,379
267,365
267,317
267,311
267,306
267,374
267,277
267,349
267,286
267,383
267,325
267,276
267,283
267,346
267,301
267,398
267,293
267,390
267,361
267,340
267,287
267,335
267,385
267,288
267,304
267,319
267,350
267,303
267,394
268,319
268,284
268,307
268,293
268,285
268,397
268,348
268,368
268,380
268,374
268,367
268,359
268,351
268,343
268,338
268,335
268,323
268,309
268,305
268,326
268,376
268,274
268,297
268,394
268,377
268,396
268,299
268,389
268,292
268,289
268,336
268,340
268,295
268,332
268,272
268,334
269,298
269,398
269,284
269,399
269,358
269,290
269,369
269,367
269,296
269,393
269,365
269,359
269,293
269,323
269,304
269,294
269,275
269,282
269,347
269,319
269,396
269,394
269,286
269,383
269,375
269,357
269,352
269,314
269,373
269,276
269,325
269,307
270,322
270,301
270,398
270,396
270,275
270,296
270,281
270,356
270,321
270,389
270,373
270,276
270,350
270,339
270,331
270,318
270,306
270,295
270,383
270,288
270,382
270,362
270,324
270,308
270,377
270,380
270,283
270,323
270,338
270,341
270,352
270,375
270,346
270,310
270,330
271,319
271,363
271,373
271,285
271,399
271,378
271,348
271,368
271,388
271,381
271,380
271,374
271,371
271,367
271,347
271,328
271,315
271,305
271,391
271,294
271,289
271,335
271,385
271,288
271,395
271,310
271,357
271,360
271,327
271,316
271,306
271,353
271,356
271,343
271,390
271,273
271,344
271,392
271,295
271,345
272,298
272,398
272,363
272,293
272,330
272,290
272,374
272,312
272,359
272,336
272,364
272,317
272,302
272,329
272,324
272,385
272,338
272,291
272,315
272,348
272,320
272,287
272,308
273,319
273,398
273,332
273,284
273,342
273,366
273,396
273,354
273,348
273,290
273,281
273,321
273,296
273,393
273,388
273,288
273,385
273,384
273,349
273,331
273,359
273,305
273,295
273,289
273,379
273,282
273,274
273,377
273,375
273,360
273,324
273,308
273,345
273,344
273,353
273,325
273,351
273,365
273,322
273,394
274,319
274,284
274,366
274,397
274,281
274,280
274,327
274,387
274,374
274,367
274,345
274,336
274,335
274,323
274,311
274,299
274,306
274,353
274,383
274,286
274,329
274,324
274,283
274,362
274,365
274,355
274,292
274,334
274,375
274,351
274,361
274,317
274,360
274,295
275,301
275,398
275,376
275,358
275,341
275,302
275,296
275,348
275,387
275,374
275,371
275,369
275,367
275,365
275,345
275,335
275,326
275,323
275,318
275,317
275,316
275,305
275,304
275,303
275,392
275,295
275,294
275,286
275,282
275,309
275,299
275,375
275,353
275,346
275,308
275,394
275,297
275,388
275,291
275,276
275,300
276,298
276,395
276,333
276,348
276,296
276,290
276,281
276,280
276,389
276,388
276,379
276,315
276,309
276,375
276,362
276,337
276,311
276,358
276,305
276,300
276,382
276,313
276,353
276,354
277,301
277,320
277,284
277,395
277,330
277,285
277,358
277,388
277,387
277,349
277,336
277,313
277,288
277,380
277,377
277,344
277,297
277,372
277,356
277,325
277,350
277,364
277,329
277,338
277,318
277,310
277,296
277,390
278,320
278,363
278,285
278,378
278,348
278,327
278,321
278,385
278,379
278,372
278,371
278,351
278,328
278,318
278,311
278,310
278,294
278,289
278,383
278,360
278,352
278,346
278,304
278,354
278,338
278,291
278,342
278,314
278,395
278,356
278,343
278,300
279,398
279,290
279,285
279,369
279,359
279,336
279,331
279,323
279,317
279,316
279,311
279,309
279,306
279,303
279,366
279,393
279,296
279,390
279,375
279,362
279,371
279,324
279,342
279,291
279,334
279,381
279,326
279,348
280,301
280,398
280,332
280,399
280,300
280,378
280,281
280,388
280,385
280,367
280,345
280,296
280,343
280,318
280,317
280,292
280,360
280,310
280,357
280,368
280,321
280,324
280,371
280,305
280,355
280,327
280,340
280,329
280,325
280,316
280,319
280,373
281,355
281,396
281,348
281,341
281,397
281,300
281,327
281,296
281,393
281,340
281,339
281,292
281,383
281,286
281,336
281,361
281,324
281,291
281,371
281,345
281,317
281,344
281,384
281,287
281,380
281,283
281,315
281,362
281,373
281,346
281,399
282,332
282,334
282,391
282,285
282,302
282,296
282,392
282,381
282,379
282,338
282,326
282,336
282,289
282,335
282,385
282,288
282,361
282,346
282,325
282,324
282,311
282,352
282,337
282,374
282,345
282,298
282,395
282,323
282,344
282,297
282,358
282,309
282,312
282,318
282,377
282,380
282,283
283,298
283,284
283,366
283,391
283,396
283,354
283,296
283,393
283,359
283,351
283,350
283,349
283,338
283,336
283,331
283,310
283,295
283,385
283,288
283,285
283,382
283,286
283,371
283,348
283,291
283,340
283,339
283,377
283,321
283,317
283,379
283,356
283,305
283,304
283,297
283,357
283,302
284,320
284,334
284,296
284,387
284,385
284,384
284,359
284,344
284,312
284,339
284,326
284,311
284,286
284,376
284,350
284,321
284,390
284,375
284,362
284,353
284,337
284,330
284,324
284,394
284,297
284,322
285,366
285,290
285,327
285,392
285,384
285,369
285,344
285,339
285,328
285,309
285,306
285,305
285,303
285,289
285,288
285,379
285,376
285,363
285,311
285,382
285,362
285,357
285,353
285,329
285,324
285,314
285,355
286,320
286,363
286,395
286,386
286,333
286,348
286,393
286,392
286,387
286,379
286,334
286,317
286,311
286,306
286,335
286,385
286,288
286,383
286,323
286,370
286,315
286,362
286,337
286,329
286,378
286,305
286,350
286,324
286,292
286,342
286,319
286,349
286,377
286,345
286,344
286,397
287,301
287,398
287,376
287,373
287,348
287,389
287,381
287,379
287,367
287,345
287,331
287,326
287,304
287,353
287,337
287,305
287,308
287,330
287,338
287,388
287,291
287,315
287,361
287,364
287,359
287,309
287,302
287,343
288,334
288,355
288,330
288,399
288,296
288,381
288,371
288,349
288,340
288,339
288,326
288,398
288,299
288,391
288,294
288,386
288,289
288,383
288,382
288,362
288,353
288,291
288,368
288,332
288,357
288,314
288,333
288,375
288,305
288,352
289,298
289,332
289,363
289,342
289,364
289,374
289,336
289,303
289,291
289,376
289,356
289,384
289,340
289,328
289,296
289,393
289,346
289,371
289,324
290,376
290,395
290,391
290,386
290,302
290,327
290,296
290,393
290,388
290,384
290,379
290,365
290,343
290,340
290,328
290,323
290,311
290,377
290,375
290,352
290,325
290,324
290,373
290,310
290,357
290,396
290,299
290,397
290,381
290,330
290,316
290,341
290,314
290,364
290,313
290,346
290,394
291,364
291,333
291,399
291,389
291,381
291,374
291,365
291,345
291,338
291,309
291,347
291,394
291,362
291,352
291,346
291,329
291,358
291,354
291,324
291,359
291,396
291,377
291,310
291,357
291,295
292,332
292,320
292,342
292,366
292,364
292,395
292,333
292,373
292,399
292,302
292,327
292,381
292,365
292,335
292,310
292,398
292,295
292,323
292,370
292,380
292,328
292,372
292,325
292,350
292,294
292,305
292,352
292,334
292,363
292,340
292,326
292,338
293,322
293,332
293,363
293,386
293,378
293,348
293,300
293,358
293,296
293,393
293,388
293,385
293,379
293,374
293,359
293,345
293,338
293,335
293,331
293,326
293,313
293,295
293,398
293,350
293,339
293,334
293,354
293,319
293,303
293,333
293,390
293,361
293,352
293,346
293,369
293,364
294,301
294,319
294,393
294,341
294,388
294,320
294,367
294,359
294,377
294,315
294,362
294,314
294,373
294,326
294,372
294,298
294,345
294,313
294,322
294,344
294,399
295,301
295,319
295,366
295,386
295,341
295,300
295,392
295,381
295,372
295,369
295,336
295,331
295,309
295,396
295,299
295,370
295,353
295,325
295,324
295,388
295,371
295,362
295,365
295,303
295,394
295,350
295,337
295,340
295,383
295,308
295,358
295,335
296,301
296,322
296,319
296,334
296,312
296,366
296,396
296,302
296,393
296,384
296,381
296,371
296,350
296,331
296,298
296,386
296,375
296,308
296,314
296,364
296,306
296,397
297,332
297,363
297,312
297,364
297,327
297,365
297,338
297,335
297,381
297,309
297,305
297,357
297,325
297,308
297,330
297,377
297,373
297,301
297,375
297,341
297,323
298,364
298,376
298,368
298,374
298,372
298,359
298,351
298,349
298,347
298,345
298,340
298,335
298,317
298,316
298,304
298,392
298,332
298,350
298,390
298,377
298,375
298,370
298,361
298,360
298,346
298,325
298,324
298,314
298,308
298,380
298,328
299,363
299,366
299,358
299,356
299,367
299,351
299,347
299,338
299,331
299,328
299,370
299,360
299,357
299,353
299,346
299,329
299,324
299,337
299,372
299,362
299,365
299,345
299,348
299,317
299,304
299,354
299,305
299,397
300,363
300,354
300,397
300,399
300,302
300,381
300,371
300,365
300,344
300,339
300,317
300,315
300,309
300,360
300,306
300,396
300,341
300,331
300,334
300,345
300,350
300,324
300,398
301,302
301,387
301,381
301,371
301,369
301,349
301,343
301,340
301,335
301,326
301,317
301,305
301,332
301,344
301,354
301,366
301,316
301,303
301,307
301,396
301,390
301,362
301,352
301,346
301,337
301,329
301,324
301,314
301,319
301,394
301,351
301,341
301,325
302,398
302,364
302,355
302,341
302,392
302,371
302,365
302,345
302,340
302,326
302,315
302,339
302,316
302,357
302,393
302,335
302,382
302,399
302,323
302,370
302,314
302,329
302,379
303,322
303,334
303,366
303,396
303,373
303,378
303,368
303,327
303,393
303,389
303,387
303,385
303,379
303,374
303,372
303,350
303,344
303,335
303,390
303,329
303,398
303,340
303,336
303,383
303,360
303,362
303,310
303,315
303,306
303,309
303,351
303,375
303,316
304,319
304,332
304,366
304,355
304,397
304,392
304,379
304,371
304,367
304,365
304,350
304,344
304,328
304,317
304,305
304,335
304,382
304,370
304,362
304,329
304,361
304,313
304,353
304,384
304,359
304,312
304,380
304,310
304,399
305,363
305,386
305,348
305,341
305,356
305,327
305,393
305,392
305,374
305,369
305,367
305,351
305,349
305,347
305,345
305,306
305,396
305,357
305,325
305,339
305,389
305,335
305,385
305,373
305,319
305,358
305,362
305,336
305,384
305,331
305,334
305,332
305,321
305,344
305,359
305,372
305,346
305,365
306,334
306,391
306,396
306,333
306,373
306,358
306,341
306,356
306,392
306,359
306,351
306,349
306,345
306,339
306,328
306,316
306,382
306,377
306,393
306,326
306,318
306,368
306,317
306,367
306,310
306,357
306,352
306,399
307,322
307,319
307,342
307,364
307,397
307,356
307,374
307,372
307,365
307,318
307,313
307,354
307,396
307,390
307,362
307,357
307,337
307,329
307,308
307,392
307,344
308,322
308,319
308,342
308,366
308,396
308,373
308,399
308,341
308,327
308,321
308,393
308,372
308,369
308,349
308,336
308,328
308,309
308,335
308,382
308,377
308,352
308,337
308,343
308,390
308,397
308,350
308,310
308,334
308,326
309,320
309,342
309,364
309,391
309,354
309,378
309,348
309,385
309,372
309,371
309,367
309,359
309,347
309,345
309,338
309,331
309,328
309,317
309,316
309,360
309,337
309,325
309,394
309,388
309,362
309,346
309,399
309,344
309,343
309,383
309,339
309,334
309,329
309,315
309,311
309,398
309,322
310,355
310,391
310,354
310,399
310,356
310,380
310,335
310,322
310,311
310,394
310,336
310,383
310,357
310,346
310,327
310,371
310,324
310,345
311,320
311,376
311,355
311,333
311,378
311,368
311,327
311,393
311,389
311,367
311,365
311,347
311,317
311,377
311,375
311,315
311,362
311,314
311,358
311,344
311,379
311,398
311,349
311,397
311,346
311,316
311,354
311,352
312,332
312,351
312,340
312,338
312,326
312,315
312,379
312,373
312,356
312,354
312,320
312,396
312,383
312,361
312,357
312,328
312,323
313,379
313,359
313,339
313,338
313,335
313,381
313,375
313,345
313,387
313,323
313,373
313,354
313,369
313,355
313,329
313,357
313,316
313,319
314,319
314,334
314,364
314,355
314,395
314,366
314,397
314,393
314,387
314,374
314,369
314,351
314,386
314,339
314,338
314,383
314,361
314,371
314,324
314,396
314,376
314,325
314,381
314,377
314,347
314,341
314,388
315,319
315,363
315,330
315,348
315,321
315,393
315,392
315,389
315,380
315,379
315,374
315,366
315,339
315,338
315,343
315,390
315,382
315,361
315,325
315,349
315,384
315,328
315,378
315,358
315,391
315,318
315,394
315,370
316,366
316,373
316,392
316,385
316,384
316,380
316,342
316,338
316,335
316,394
316,343
316,390
316,377
316,375
316,323
316,370
316,361
316,346
316,399
316,340
316,369
316,325
316,372
316,339
316,320
317,363
317,376
317,355
317,391
317,393
317,392
317,389
317,385
317,374
317,351
317,349
317,338
317,331
317,318
317,362
317,324
317,378
317,371
317,369
317,397
317,340
317,372
317,360
317,326
317,380
317,370
318,358
318,392
318,389
318,387
318,385
318,369
318,350
318,336
318,327
318,374
318,372
318,324
318,370
318,341
318,343
318,391
318,332
319,397
319,341
319,388
319,387
319,381
319,393
319,350
319,343
319,339
319,323
319,368
319,373
319,365
319,363
319,345
319,366
319,327
319,326
319,390
319,383
319,362
319,361
319,360
319,357
319,330
319,329
319,325
320,399
320,341
320,338
320,335
320,374
320,380
320,351
320,347
320,365
320,346
320,390
320,377
320,361
320,357
320,353
320,393
320,324
321,376
321,366
321,333
321,368
321,385
321,340
321,337
321,330
321,348
321,389
321,358
321,394
321,371
322,397
322,368
322,380
322,395
322,343
322,335
322,331
322,391
322,392
322,396
322,394
322,333
322,352
323,366
323,386
323,354
323,373
323,358
323,385
323,372
323,340
323,331
323,326
323,382
323,371
323,324
323,389
323,396
323,379
323,350
323,374
323,330
323,383
323,381
324,332
324,391
324,354
324,373
324,358
324,348
324,393
324,381
324,380
324,365
324,351
324,347
324,375
324,362
324,361
324,370
324,360
324,388
324,341
324,337
324,336
324,353
324,369
324,371
324,346
325,376
325,372
325,351
325,350
325,345
325,340
325,394
325,390
325,389
325,384
325,336
325,383
325,357
325,395
325,344
325,397
326,366
326,378
326,392
326,374
326,369
326,344
326,343
326,338
326,394
326,390
326,383
326,375
326,360
326,357
326,352
326,385
326,381
326,355
326,327
326,329
326,340
326,395
327,332
327,334
327,355
327,396
327,354
327,373
327,399
327,356
327,388
327,384
327,367
327,365
327,328
327,390
327,382
327,377
327,362
327,329
327,398
327,394
327,337
327,375
327,345
327,348
327,349
328,332
328,363
328,364
328,355
328,392
328,388
328,384
328,380
328,379
328,331
328,382
328,352
328,329
328,362
328,396
328,340
328,371
328,389
328,361
328,359
329,389
329,365
329,337
329,375
329,349
329,346
329,359
329,399
329,352
329,392
329,395
329,373
330,395
330,333
330,378
330,389
330,371
330,359
330,335
330,383
330,382
330,370
330,360
330,352
330,337
331,376
331,354
331,387
331,385
331,369
331,349
331,382
331,392
331,377
331,380
331,352
331,375
331,399
331,343
332,358
332,384
332,381
332,393
332,359
332,351
332,339
332,338
332,335
332,385
332,379
332,365
332,383
332,361
332,353
332,346
332,386
332,394
333,342
333,364
333,399
333,393
333,374
333,372
333,369
333,350
333,349
333,347
333,336
333,363
333,356
333,382
333,362
333,357
333,373
334,358
334,368
334,387
334,384
334,374
334,372
334,359
334,350
334,344
334,338
334,389
334,379
334,376
334,394
334,375
334,360
334,352
334,337
334,386
334,351
335,398
335,391
335,348
335,341
335,393
335,388
335,381
335,380
335,369
335,345
335,337
335,389
335,368
335,362
335,365
335,361
335,364
335,347
335,350
335,360
335,382
335,352
336,363
336,364
336,373
336,351
336,394
336,370
336,337
336,372
336,392
336,340
336,378
336,376
336,357
336,379
336,358
336,350
336,349
337,363
337,397
337,341
337,393
337,388
337,369
337,365
337,351
337,390
337,340
337,384
337,381
337,349
337,352
337,339
337,342
337,355
337,379
337,399
337,377
338,342
338,364
338,373
338,399
338,341
338,381
338,371
338,343
338,396
338,344
338,394
338,389
338,384
338,379
338,369
338,398
338,370
338,349
338,345
338,340
338,360
339,364
339,354
339,373
339,358
339,348
339,393
339,388
339,371
339,369
339,390
339,361
339,353
339,362
339,360
340,342
340,391
340,396
340,354
340,373
340,394
340,361
340,352
340,346
340,387
340,365
340,347
340,395
340,377
341,373
341,348
341,369
341,343
341,360
341,365
341,353
341,399
341,375
341,378
341,384
341,354
341,393
341,358
341,356
342,391
342,388
342,385
342,381
342,374
342,393
342,350
342,344
342,389
342,363
342,394
342,382
342,377
342,360
342,357
342,386
342,395
343,398
343,355
343,396
343,378
343,356
343,371
343,369
343,379
343,359
343,372
343,347
343,374
343,395
343,358
343,399
344,364
344,366
344,381
344,369
344,378
344,350
344,390
344,351
344,354
345,376
345,348
345,387
345,381
345,380
345,369
345,347
345,390
345,352
345,399
345,370
345,362
345,384
345,383
345,391
345,394
346,395
346,354
346,373
346,397
346,348
346,356
346,393
346,392
346,374
346,370
346,352
346,383
346,379
346,382
346,378
346,361
346,396
346,359
347,376
347,389
347,369
347,394
347,362
347,392
347,381
347,366
347,365
347,375
347,393
347,399
347,371
347,353
347,350
348,376
348,356
348,393
348,389
348,387
348,371
348,370
348,373
348,367
348,349
349,376
349,355
349,393
349,389
349,351
349,375
349,361
349,374
349,364
349,357
349,380
349,396
349,395
350,386
350,372
350,369
350,365
350,359
350,377
350,360
350,389
350,383
350,382
350,361
350,374
350,362
350,353
350,396
351,364
351,373
351,368
351,384
351,369
351,396
351,380
351,365
351,361
351,360
351,397
351,357
352,363
352,376
352,396
352,366
352,397
352,383
352,361
352,358
352,369
352,372
352,385
352,359
352,378
352,393
352,399
353,388
353,381
353,374
353,369
353,394
353,377
353,392
353,370
353,396
353,372
353,357
353,362
354,376
354,378
354,358
354,368
354,387
354,385
354,379
354,372
354,359
354,398
354,383
354,377
354,362
354,395
354,388
355,388
355,384
355,376
355,371
355,373
355,363
355,382
355,375
355,370
355,357
356,391
356,378
356,387
356,381
356,382
356,370
356,390
356,383
356,371
356,362
357,376
357,373
357,374
357,372
357,369
357,375
357,387
357,359
357,399
357,383
357,380
358,376
358,384
358,361
358,383
358,365
358,382
358,370
359,392
359,385
359,371
359,367
359,361
359,375
359,376
360,398
360,363
360,386
360,393
360,388
360,387
360,385
360,384
360,381
360,380
360,374
360,394
360,390
360,362
360,361
361,373
361,387
361,367
361,370
361,378
361,382
361,398
362,366
362,386
362,397
362,387
362,384
362,379
362,369
362,394
362,377
362,383
362,378
362,373
362,371
363,378
363,385
363,381
363,380
363,379
363,392
363,383
363,377
363,369
364,378
364,368
364,381
364,393
364,390
364,377
364,384
365,386
365,373
365,393
365,384
365,374
365,383
365,377
365,375
365,399
365,392
365,370
365,397
365,394
365,381
365,398
365,372
366,379
366,372
366,389
366,371
366,394
366,380
367,371
367,394
367,381
367,382
367,369
367,373
367,388
367,391
368,390
369,398
369,373
369,393
369,384
369,380
369,371
369,394
369,383
369,382
370,378
370,387
370,384
370,380
370,374
370,394
370,375
370,398
371,381
371,394
371,390
371,385
371,382
371,377
371,375
371,398
371,378
372,388
372,387
372,376
372,394
372,399
373,378
373,388
373,387
373,385
373,374
373,377
374,399
374,378
374,392
374,387
374,380
374,382
374,377
374,388
374,386
374,394
375,388
375,381
375,390
375,383
375,382
375,394
375,397
376,388
376,385
376,395
376,382
377,399
377,393
377,385
377,381
377,382
377,391
377,390
377,388
377,380
377,379
377,397
378,391
378,386
378,388
378,387
378,384
379,391
379,397
379,393
379,387
379,392
379,383
379,390
380,395
380,399
380,381
381,395
381,391
381,383
381,399
382,392
382,389
382,388
382,384
382,399
383,388
384,397
384,392
384,389
384,385
384,386
384,390
384,396
385,391
385,399
385,394
385,390
386,398
386,391
386,387
386,397
387,398
387,391
387,396
387,393
388,398
388,391
389,396
389,394
389,390
390,391
390,393
390,394
391,392
393,395
393,396
393,399
394,396
395,398
396,399
396,398
397,398
397,399
398,399
400,527
400,506
400,503
400,548
400,579
400,578
400,561
400,544
400,433
400,587
400,572
400,562
400,586
400,442
400,539
400,440
400,537
400,528
400,526
400,473
400,570
400,523
400,426
400,425
400,522
400,557
400,460
400,413
400,510
400,593
400,596
400,499
400,585
400,491
400,555
400,411
400,508
400,485
400,568
400,521
400,474
400,566
400,469
400,550
400,456
400,581
400,472
400,403
400,436
400,444
400,494
400,512
400,420
400,552
401,527
401,541
401,595
401,548
401,477
401,447
401,584
401,554
401,523
401,502
401,599
401,496
401,565
401,560
401,480
401,438
401,433
401,424
401,518
401,421
401,417
401,567
401,552
401,549
401,442
401,539
401,437
401,534
401,431
401,528
401,418
401,515
401,559
401,512
401,482
401,525
401,478
401,494
401,545
401,448
401,446
401,434
401,547
401,406
401,570
401,526
401,429
401,585
401,588
401,491
401,419
401,516
401,422
401,410
401,504
401,412
401,536
401,420
401,476
401,573
401,479
401,456
401,449
401,403
402,595
402,535
402,451
402,531
402,551
402,487
402,441
402,419
402,409
402,592
402,493
402,590
402,581
402,577
402,443
402,540
402,569
402,522
402,465
402,562
402,418
402,515
402,555
402,411
402,508
402,532
402,582
402,485
402,576
402,579
402,482
402,525
402,478
402,564
402,467
402,463
402,523
402,426
402,429
402,547
402,406
402,453
402,2388
402,448
402,567
402,470
402,449
402,546
402,502
402,405
402,412
402,574
402,408
402,445
402,422
402,552
402,432
402,410
403,490
403,548
403,523
403,557
403,580
403,428
403,579
403,561
403,584
403,487
403,468
403,438
403,527
403,430
403,418
403,496
403,593
403,592
403,493
403,590
403,484
403,581
403,577
403,553
403,586
403,442
403,539
403,441
403,538
403,533
403,511
403,532
403,485
403,528
403,578
403,478
403,474
403,469
403,566
403,472
403,598
403,454
403,564
403,420
403,517
403,470
403,545
403,448
403,588
403,450
403,547
403,406
403,429
403,563
403,504
403,554
403,457
403,411
403,471
403,509
403,415
404,591
404,452
404,489
404,595
404,476
404,543
404,594
404,583
404,463
404,560
404,551
404,500
404,430
404,596
404,588
404,559
404,458
404,555
404,507
404,539
404,436
404,533
404,558
404,511
404,441
404,579
404,485
404,564
404,470
404,405
404,450
404,471
404,542
404,448
404,440
404,412
404,459
404,577
404,526
404,432
404,411
404,563
404,516
404,422
404,420
404,449
405,490
405,595
405,548
405,554
405,439
405,531
405,496
405,557
405,514
405,561
405,500
405,535
405,438
405,424
405,421
405,506
405,409
405,592
405,585
405,582
405,570
405,465
405,562
405,555
405,549
405,539
405,534
405,436
405,533
405,431
405,528
405,513
405,497
405,475
405,512
405,576
405,579
405,482
405,577
405,525
405,478
405,523
405,426
405,427
405,501
405,516
405,469
405,443
405,540
405,446
405,564
405,423
405,487
405,526
405,432
405,550
405,456
405,410
405,494
405,542
405,448
405,596
406,527
406,452
406,541
406,506
406,476
406,447
406,502
406,599
406,557
406,514
406,501
406,578
406,565
406,545
406,520
406,487
406,480
406,461
406,419
406,496
406,593
406,493
406,590
406,589
406,588
406,586
406,585
406,562
406,526
406,519
406,513
406,462
406,559
406,415
406,512
406,455
406,552
406,408
406,505
406,504
406,494
406,435
406,532
406,485
406,469
406,543
406,446
406,454
406,572
406,431
406,567
406,568
406,427
406,484
406,553
406,459
406,483
406,436
406,449
406,594
406,497
406,555
406,508
406,414
406,539
406,445
407,591
407,490
407,489
407,506
407,473
407,584
407,451
407,599
407,518
407,501
407,477
407,574
407,530
407,580
407,486
407,579
407,438
407,581
407,573
407,569
407,469
407,566
407,467
407,564
407,562
407,514
407,417
407,558
407,461
407,555
407,549
407,446
407,540
407,415
407,512
407,510
407,411
407,505
407,521
407,498
407,563
407,422
407,442
407,536
407,529
407,507
407,557
407,460
407,495
407,590
407,449
407,499
407,453
408,595
408,535
408,584
408,523
408,481
408,530
408,507
408,468
408,514
408,417
408,416
408,593
408,494
408,564
408,538
408,581
408,534
408,526
408,425
408,522
408,465
408,562
408,418
408,515
408,558
408,511
408,504
408,588
408,537
408,431
408,528
408,455
408,552
408,411
408,458
408,503
408,453
408,466
408,563
408,516
408,422
408,445
408,571
408,454
408,567
408,427
408,506
408,409
408,459
408,413
408,436
408,540
408,446
409,591
409,595
409,535
409,477
409,473
409,451
409,554
409,557
409,580
409,428
409,598
409,597
409,578
409,545
409,507
409,592
409,586
409,485
409,582
409,576
409,467
409,564
409,565
409,468
409,562
409,462
409,559
409,552
409,537
409,528
409,430
409,504
409,461
409,508
409,532
409,417
409,561
409,464
409,453
409,427
409,521
409,593
409,502
409,599
409,426
409,571
409,596
409,446
409,436
409,519
409,425
409,520
409,484
409,415
410,527
410,541
410,473
410,447
410,496
410,543
410,466
410,579
410,574
410,560
410,545
410,577
410,480
410,419
410,515
410,418
410,575
410,553
410,540
410,484
410,581
410,437
410,534
410,533
410,572
410,525
410,521
410,467
410,564
410,517
410,562
410,415
410,509
410,414
410,411
410,508
410,502
410,472
410,450
410,547
410,453
410,539
410,442
410,483
410,435
410,471
410,493
410,590
410,552
410,445
410,595
411,591
411,502
411,476
411,531
411,518
411,428
411,565
411,544
411,462
411,433
411,419
411,416
411,590
411,488
411,585
411,576
411,570
411,568
411,567
411,558
411,522
411,422
411,519
411,562
411,515
411,495
411,432
411,529
411,482
411,528
411,478
411,474
411,440
411,537
411,443
411,460
411,463
411,455
411,429
411,526
411,553
411,412
411,413
411,555
411,508
411,414
411,596
411,449
411,483
411,436
411,445
411,563
411,423
412,506
412,439
412,481
412,466
412,594
412,583
412,598
412,551
412,427
412,524
412,520
412,424
412,585
412,577
412,473
412,570
412,515
412,418
412,559
412,546
412,555
412,508
412,599
412,505
412,566
412,472
412,467
412,463
412,510
412,417
412,464
412,484
412,581
412,440
412,554
412,460
412,451
412,540
412,517
412,590
412,2388
412,448
412,531
412,556
412,415
413,490
413,488
413,502
413,476
413,447
413,451
413,493
413,514
413,501
413,583
413,481
413,578
413,545
413,487
413,424
413,516
413,419
413,589
413,576
413,478
413,575
413,569
413,559
413,558
413,416
413,510
413,556
413,509
413,498
413,532
413,485
413,484
413,572
413,467
413,555
413,458
413,427
413,450
413,445
413,443
413,536
413,442
413,567
413,426
413,517
413,566
413,425
413,414
413,421
413,562
413,515
413,588
414,527
414,452
414,506
414,477
414,496
414,541
414,444
414,597
414,480
414,462
414,441
414,438
414,418
414,416
414,586
414,474
414,571
414,459
414,556
414,431
414,528
414,458
414,555
414,508
414,596
414,502
414,599
414,591
414,494
414,482
414,469
414,505
414,427
414,498
414,443
414,510
414,463
414,534
414,440
414,512
414,465
414,536
414,442
414,497
414,450
414,426
414,436
414,448
414,425
414,456
414,504
414,475
414,503
415,591
415,451
415,554
415,599
415,496
415,579
415,578
415,551
415,487
415,441
415,438
415,576
415,571
415,444
415,539
415,533
415,531
415,434
415,575
415,528
415,428
415,525
415,469
415,566
415,519
415,416
415,513
415,509
415,508
415,449
415,546
415,499
415,495
415,483
415,568
415,471
415,563
415,419
415,516
415,465
415,459
415,450
415,570
415,427
415,456
415,432
415,504
415,510
415,560
415,463
415,440
415,429
416,452
416,473
416,439
416,502
416,599
416,531
416,496
416,493
416,580
416,597
416,487
416,482
416,579
416,438
416,433
416,573
416,542
416,444
416,538
416,537
416,470
416,517
416,555
416,508
416,475
416,558
416,464
416,550
416,456
416,520
416,426
416,449
416,418
416,465
416,583
416,442
416,544
416,450
416,556
416,460
416,505
416,587
416,540
416,446
416,576
417,591
417,452
417,488
417,502
417,584
417,523
417,493
417,514
417,501
417,545
417,433
417,530
417,500
417,586
417,556
417,555
417,457
417,537
417,536
417,581
417,437
417,534
417,574
417,430
417,485
417,505
417,529
417,579
417,482
417,568
417,474
417,425
417,422
417,519
417,465
417,551
417,481
417,578
417,469
417,478
417,456
417,524
417,515
417,423
418,591
418,488
418,535
418,548
418,477
418,584
418,518
418,496
418,444
418,583
418,561
418,551
418,2388
418,545
418,524
418,500
418,433
418,430
418,582
418,467
418,564
418,556
418,439
418,536
418,533
418,529
418,596
418,499
418,525
418,478
418,475
418,440
418,577
418,483
418,507
418,460
418,458
418,555
418,437
418,510
418,526
418,479
418,456
418,472
418,449
418,424
418,471
418,539
418,445
419,488
419,506
419,473
419,496
419,466
419,561
419,530
419,587
419,568
419,562
419,559
419,558
419,451
419,576
419,432
419,529
419,480
419,430
419,467
419,564
419,420
419,517
419,508
419,492
419,485
419,425
419,472
419,507
419,460
419,498
419,442
419,494
419,574
419,431
419,509
419,526
419,550
419,456
419,503
420,535
420,477
420,451
420,439
420,599
420,493
420,514
420,578
420,561
420,545
420,544
420,461
420,596
420,586
420,488
420,585
420,576
420,564
420,453
420,550
420,546
420,540
420,538
420,533
420,531
420,434
420,431
420,528
420,526
420,511
420,459
420,556
420,509
420,458
420,555
420,508
420,537
420,490
420,587
420,471
420,510
420,463
420,460
420,553
420,505
420,525
420,575
420,478
420,455
420,474
420,598
420,465
420,513
420,539
420,442
420,497
420,542
420,445
420,469
420,423
420,495
421,531
421,518
421,493
421,594
421,583
421,477
421,574
421,530
421,480
421,563
421,485
421,582
421,570
421,558
421,455
421,552
421,581
421,534
421,508
421,498
421,545
421,448
421,495
421,438
421,528
421,567
421,510
421,463
421,460
421,549
421,499
421,599
421,494
421,443
421,547
421,453
421,442
421,422
421,469
421,517
421,423
421,529
421,482
421,459
422,591
422,452
422,535
422,473
422,496
422,493
422,543
422,520
422,565
422,468
422,592
422,582
422,467
422,564
422,536
422,525
422,513
422,556
422,509
422,456
422,553
422,440
422,537
422,585
422,573
422,479
422,466
422,563
422,516
422,469
422,559
422,562
422,465
422,561
422,464
422,552
422,455
422,498
422,445
422,472
422,426
422,450
422,453
422,435
422,596
422,544
423,527
423,490
423,452
423,489
423,535
423,503
423,476
423,473
423,447
423,554
423,523
423,496
423,481
423,428
423,597
423,583
423,477
423,574
423,560
423,520
423,577
423,480
423,558
423,461
423,596
423,441
423,582
423,566
423,466
423,563
423,459
423,556
423,536
423,533
423,529
423,539
423,492
423,585
423,491
423,530
423,580
423,483
423,470
423,456
423,474
423,521
423,545
423,498
423,429
423,497
423,522
423,454
423,562
423,453
424,548
424,543
424,466
424,551
424,438
424,433
424,451
424,592
424,488
424,535
424,582
424,487
424,581
424,476
424,523
424,570
424,552
424,539
424,528
424,526
424,555
424,508
424,495
424,531
424,437
424,484
424,517
424,471
424,467
424,455
424,475
424,436
424,483
424,507
424,460
424,431
424,427
425,548
425,554
425,518
425,466
425,598
425,597
425,583
425,579
425,481
425,578
425,477
425,574
425,561
425,565
425,468
425,462
425,531
425,434
425,433
425,596
425,496
425,593
425,493
425,590
425,587
425,585
425,571
425,569
425,562
425,556
425,546
425,536
425,533
425,432
425,529
425,521
425,566
425,519
425,516
425,456
425,553
425,498
425,440
425,537
425,443
425,582
425,485
425,458
425,479
425,550
425,453
425,463
425,558
425,534
425,572
425,478
425,450
425,513
426,452
426,489
426,541
426,503
426,451
426,554
426,496
426,493
426,597
426,579
426,480
426,461
426,438
426,531
426,434
426,582
426,564
426,559
426,536
426,532
426,529
426,430
426,573
426,526
426,525
426,570
426,515
426,513
426,542
426,592
426,495
426,510
426,463
426,528
426,458
426,456
426,598
426,454
426,599
426,596
426,449
426,498
426,569
426,436
426,580
426,483
426,539
426,492
426,494
426,594
426,540
426,446
426,471
427,591
427,527
427,476
427,548
427,477
427,447
427,523
427,518
427,493
427,501
427,466
427,561
427,560
427,507
427,597
427,500
427,589
427,488
427,585
427,582
427,575
427,474
427,571
427,564
427,445
427,542
427,531
427,434
427,528
427,510
427,432
427,529
427,482
427,475
427,472
427,516
427,469
427,559
427,465
427,457
427,456
427,453
427,534
427,440
427,546
427,499
427,429
427,459
427,556
427,509
427,557
427,460
427,471
427,454
428,591
428,541
428,595
428,502
428,584
428,574
428,560
428,544
428,480
428,535
428,438
428,433
428,506
428,593
428,590
428,589
428,586
428,582
428,570
428,569
428,568
428,558
428,542
428,538
428,529
428,526
428,525
428,521
428,516
428,505
428,499
428,497
428,592
428,495
428,576
428,479
428,475
428,474
428,566
428,469
428,458
428,453
428,442
428,436
428,435
429,490
429,489
429,541
429,502
429,477
429,473
429,548
429,451
429,514
429,501
429,583
429,561
429,496
429,593
429,592
429,588
429,581
429,571
429,568
429,533
429,532
429,527
429,430
429,519
429,515
429,559
429,512
429,508
429,498
429,537
429,585
429,483
429,482
429,525
429,475
429,564
429,467
429,554
429,457
429,557
429,460
429,556
429,459
429,456
429,431
429,478
429,432
429,454
429,500
429,450
429,521
429,449
429,448
429,552
429,539
429,492
429,445
429,543
429,446
430,541
430,595
430,503
430,439
430,599
430,496
430,580
430,466
430,579
430,524
430,507
430,583
430,486
430,434
430,585
430,484
430,581
430,459
430,556
430,555
430,547
430,573
430,526
430,472
430,569
430,522
430,521
430,516
430,505
430,504
430,537
430,587
430,431
430,528
430,460
430,489
430,586
430,492
430,445
430,513
430,558
430,477
430,574
430,572
430,525
430,452
430,549
430,455
430,506
430,594
430,497
430,597
430,500
430,523
430,517
430,470
431,591
431,477
431,501
431,466
431,583
431,565
431,561
431,597
431,500
431,487
431,438
431,530
431,433
431,593
431,592
431,589
431,562
431,559
431,558
431,536
431,528
431,509
431,525
431,478
431,521
431,474
431,472
431,467
431,453
431,550
431,456
431,469
431,540
431,446
431,459
431,483
431,436
431,435
431,455
431,573
431,432
431,546
431,596
431,499
431,570
431,471
431,508
431,527
432,527
432,447
432,451
432,493
432,543
432,580
432,520
432,507
432,468
432,494
432,488
432,585
432,480
432,577
432,575
432,571
432,563
432,559
432,553
432,550
432,547
432,589
432,542
432,437
432,534
432,533
432,504
432,482
432,467
432,552
432,455
432,498
432,569
432,475
432,570
432,526
432,517
432,588
432,476
432,573
432,568
432,524
432,556
432,546
432,599
433,452
433,2388
433,489
433,535
433,503
433,476
433,473
433,451
433,554
433,502
433,599
433,518
433,493
433,444
433,466
433,583
433,561
433,594
433,500
433,468
433,585
433,461
433,458
433,555
433,526
433,521
433,516
433,509
433,504
433,449
433,546
433,499
433,484
433,595
433,498
433,475
433,557
433,460
433,550
433,456
433,455
433,571
433,436
433,519
433,435
433,542
433,487
433,440
433,514
434,452
434,476
434,439
434,531
434,481
434,565
434,500
434,584
434,487
434,535
434,438
434,488
434,585
434,564
434,562
434,555
434,456
434,553
434,527
434,558
434,511
434,510
434,498
434,504
434,457
434,576
434,479
434,587
434,543
434,446
434,442
434,539
434,445
434,581
434,534
434,440
434,435
434,570
434,453
434,566
434,449
434,523
434,588
434,544
434,589
435,527
435,2388
435,488
435,541
435,476
435,493
435,579
435,477
435,574
435,561
435,520
435,500
435,487
435,438
435,589
435,586
435,577
435,571
435,562
435,555
435,552
435,550
435,593
435,546
435,540
435,440
435,537
435,536
435,533
435,526
435,568
435,521
435,513
435,511
435,510
435,548
435,451
435,454
435,494
435,507
435,504
435,528
435,531
435,578
435,516
435,469
435,553
435,459
435,522
435,525
435,592
435,595
435,498
435,581
435,450
436,490
436,488
436,541
436,473
436,584
436,531
436,496
436,493
436,557
436,583
436,524
436,500
436,462
436,438
436,480
436,577
436,474
436,571
436,564
436,459
436,556
436,445
436,542
436,484
436,581
436,534
436,558
436,511
436,497
436,578
436,512
436,465
436,510
436,463
436,482
436,456
436,553
436,539
436,476
436,573
436,479
436,550
436,555
436,596
436,547
436,598
436,599
436,552
437,527
437,541
437,502
437,447
437,554
437,481
437,578
437,561
437,545
437,530
437,593
437,474
437,571
437,563
437,559
437,462
437,556
437,555
437,443
437,540
437,538
437,534
437,533
437,438
437,532
437,472
437,569
437,522
437,465
437,562
437,515
437,513
437,504
437,473
437,570
437,495
437,494
437,471
437,479
437,455
437,453
437,514
437,511
437,439
437,536
437,442
438,489
438,451
438,554
438,557
438,444
438,501
438,598
438,574
438,462
438,582
438,466
438,563
438,442
438,539
438,538
438,581
438,534
438,513
438,511
438,479
438,456
438,502
438,500
438,547
438,450
438,495
438,498
438,545
438,448
438,490
438,587
438,543
438,446
438,439
438,536
438,529
438,528
438,578
438,475
438,572
438,518
438,555
438,453
439,2388
439,489
439,595
439,477
439,584
439,514
439,486
439,461
439,580
439,587
439,581
439,573
439,568
439,566
439,564
439,556
439,555
439,549
439,539
439,538
439,532
439,496
439,515
439,510
439,596
439,499
439,495
439,494
439,492
439,588
439,491
439,475
439,560
439,463
439,453
439,534
439,502
440,506
440,523
440,557
440,477
440,574
440,560
440,507
440,584
440,487
440,486
440,468
440,581
440,577
440,474
440,571
440,567
440,564
440,558
440,550
440,549
440,541
440,444
440,538
440,536
440,533
440,532
440,531
440,515
440,501
440,595
440,498
440,478
440,512
440,465
440,556
440,459
440,551
440,454
440,569
440,504
440,446
440,588
440,508
440,448
441,591
441,541
441,506
441,535
441,476
441,548
441,523
441,502
441,599
441,493
441,557
441,514
441,543
441,497
441,594
441,583
441,579
441,598
441,551
441,524
441,487
441,468
441,587
441,577
441,478
441,575
441,472
441,569
441,550
441,559
441,512
441,578
441,484
441,508
441,505
441,499
441,447
441,544
441,450
441,560
441,513
441,537
441,2388
441,545
441,448
441,495
441,489
441,586
441,492
441,470
441,588
442,591
442,527
442,490
442,2388
442,503
442,502
442,493
442,514
442,501
442,578
442,574
442,560
442,551
442,530
442,487
442,593
442,577
442,571
442,563
442,547
442,538
442,534
442,526
442,519
442,512
442,558
442,511
442,509
442,575
442,478
442,455
442,451
442,528
442,513
442,533
442,459
442,570
442,541
442,444
442,594
442,589
442,542
442,595
442,562
442,550
442,456
442,543
442,446
443,506
443,476
443,554
443,531
443,557
443,514
443,541
443,444
443,466
443,598
443,579
443,530
443,524
443,520
443,507
443,500
443,480
443,593
443,586
443,585
443,576
443,575
443,562
443,559
443,553
443,453
443,550
443,513
443,510
443,509
443,502
443,594
443,497
443,538
443,491
443,587
443,532
443,485
443,578
443,508
443,458
443,522
443,475
443,546
443,596
443,499
443,494
443,544
443,581
443,484
443,564
443,467
443,515
443,495
443,2388
443,448
443,516
443,469
443,540
443,446
443,459
444,591
444,527
444,490
444,506
444,595
444,502
444,476
444,584
444,523
444,531
444,518
444,598
444,579
444,574
444,500
444,486
444,462
444,586
444,577
444,575
444,568
444,563
444,461
444,558
444,534
444,532
444,529
444,528
444,526
444,516
444,515
444,593
444,499
444,483
444,472
444,469
444,561
444,464
444,463
444,457
444,455
444,446
444,539
444,511
445,490
445,2388
445,595
445,473
445,557
445,597
445,579
445,578
445,561
445,544
445,530
445,583
445,486
445,593
445,589
445,586
445,582
445,581
445,576
445,572
445,567
445,566
445,563
445,462
445,559
445,461
445,558
445,556
445,451
445,540
445,536
445,529
445,526
445,522
445,513
445,510
445,509
445,508
445,501
445,598
445,588
445,491
445,525
445,478
445,564
445,467
445,458
445,502
445,599
445,552
445,455
445,569
445,472
445,596
445,499
445,449
445,547
445,550
445,453
445,521
445,474
445,452
445,549
445,507
445,531
445,580
445,483
446,548
446,554
446,518
446,496
446,557
446,580
446,594
446,583
446,530
446,524
446,507
446,597
446,500
446,468
446,462
446,461
446,596
446,592
446,587
446,581
446,572
446,563
446,562
446,526
446,516
446,513
446,509
446,508
446,552
446,505
446,540
446,590
446,589
446,492
446,579
446,482
446,470
446,467
446,511
446,561
446,464
446,459
446,506
446,456
446,595
446,498
446,545
446,448
446,536
446,560
446,463
446,535
446,599
446,525
446,478
446,547
446,573
446,522
447,490
447,452
447,535
447,502
447,481
447,565
447,560
447,530
447,580
447,451
447,582
447,480
447,577
447,576
447,575
447,571
447,542
447,540
447,539
447,537
447,532
447,517
447,509
447,504
447,499
447,492
447,588
447,491
447,464
447,554
447,584
447,524
447,507
448,541
448,548
448,473
448,584
448,554
448,557
448,580
448,594
448,579
448,545
448,524
448,565
448,468
448,590
448,586
448,575
448,567
448,525
448,569
448,522
448,504
448,578
448,526
448,576
448,479
448,477
448,574
448,465
448,511
448,561
448,464
448,463
448,553
448,459
448,552
448,455
448,454
448,537
448,585
448,449
448,546
448,458
448,555
448,508
448,500
448,505
448,544
448,592
448,495
449,452
449,506
449,473
449,584
449,451
449,514
449,580
449,561
449,507
449,461
449,593
449,577
449,572
449,474
449,571
449,566
449,564
449,562
449,456
449,553
449,533
449,526
449,516
449,508
449,499
449,497
449,537
449,463
449,460
449,568
449,498
449,501
449,539
449,542
449,550
449,591
449,494
449,495
449,545
450,591
450,595
450,481
450,594
450,565
450,560
450,524
450,520
450,487
450,480
450,461
450,593
450,592
450,589
450,462
450,559
450,587
450,540
450,586
450,539
450,536
450,526
450,467
450,564
450,517
450,511
450,505
450,582
450,538
450,521
450,474
450,571
450,477
450,574
450,548
450,451
450,454
450,547
450,453
450,588
450,491
450,563
450,519
450,533
450,504
450,501
450,528
451,503
451,548
451,584
451,481
451,574
451,561
451,551
451,524
451,520
451,597
451,502
451,599
451,535
451,501
451,590
451,587
451,585
451,577
451,573
451,568
451,462
451,559
451,533
451,531
451,521
451,511
451,505
451,497
451,494
451,589
451,492
451,485
451,484
451,580
451,483
451,570
451,472
451,552
451,455
451,549
451,554
451,542
451,539
451,532
451,523
451,517
451,512
451,510
451,504
452,597
452,595
452,574
452,477
452,583
452,486
452,462
452,527
452,514
452,587
452,576
452,573
452,570
452,568
452,562
452,525
452,513
452,510
452,548
452,504
452,499
452,494
452,485
452,482
452,544
452,470
452,561
452,464
452,460
452,555
452,458
452,454
452,585
452,488
452,487
452,584
452,519
452,503
452,501
453,490
453,2388
453,489
453,488
453,473
453,543
453,481
453,466
453,597
453,565
453,496
453,593
453,592
453,588
453,575
453,555
453,538
453,536
453,533
453,529
453,510
453,509
453,456
453,553
453,506
453,498
453,571
453,467
453,564
453,470
453,532
453,472
453,469
453,515
453,454
453,525
453,549
454,527
454,506
454,476
454,584
454,554
454,514
454,501
454,598
454,583
454,481
454,578
454,574
454,551
454,524
454,586
454,493
454,590
454,585
454,558
454,461
454,555
454,455
454,552
454,539
454,537
454,513
454,499
454,474
454,464
454,557
454,460
454,475
454,572
454,525
454,478
454,549
454,576
454,463
454,522
454,520
454,523
454,471
454,589
454,2388
454,495
454,469
455,488
455,502
455,476
455,473
455,531
455,543
455,481
455,466
455,501
455,598
455,594
455,574
455,561
455,524
455,507
455,487
455,461
455,596
455,593
455,589
455,587
455,480
455,577
455,576
455,575
455,566
455,559
455,537
455,529
455,509
455,540
455,485
455,458
455,545
455,536
455,533
455,550
455,456
455,517
455,470
455,525
455,526
455,491
455,562
455,516
455,522
455,475
456,541
456,503
456,548
456,580
456,466
456,501
456,598
456,507
456,500
456,584
456,487
456,565
456,468
456,593
456,592
456,586
456,585
456,582
456,576
456,559
456,556
456,542
456,537
456,534
456,529
456,515
456,589
456,492
456,504
456,457
456,599
456,550
456,578
456,478
456,474
456,523
456,519
456,472
456,516
456,465
456,594
456,520
456,509
456,463
457,527
457,535
457,490
457,584
457,554
457,565
457,466
457,560
457,473
457,520
457,543
457,487
457,562
457,556
457,2388
457,461
457,555
457,549
457,542
457,484
457,505
457,551
457,504
457,541
457,494
457,539
457,492
457,491
457,591
457,497
457,474
457,478
457,550
457,526
457,481
457,577
457,483
457,532
458,527
458,541
458,584
458,518
458,496
458,493
458,543
458,580
458,579
458,481
458,578
458,544
458,462
458,461
458,473
458,570
458,557
458,460
458,550
458,540
458,534
458,576
458,529
458,573
458,526
458,522
458,521
458,516
458,511
458,509
458,505
458,501
458,599
458,546
458,497
458,495
458,592
458,542
458,467
458,538
458,519
459,541
459,506
459,554
459,599
459,496
459,514
459,481
459,507
459,468
459,587
459,586
459,488
459,585
459,469
459,566
459,461
459,558
459,533
459,512
459,505
459,504
459,501
459,497
459,491
459,582
459,485
459,592
459,495
459,545
459,517
459,470
459,536
459,546
459,498
459,516
459,543
459,518
459,556
459,571
459,527
459,525
460,490
460,488
460,506
460,476
460,554
460,493
460,514
460,561
460,545
460,544
460,520
460,487
460,486
460,461
460,588
460,489
460,586
460,582
460,577
460,576
460,575
460,547
460,540
460,536
460,533
460,526
460,563
460,516
460,511
460,555
460,508
460,497
460,484
460,483
460,529
460,482
460,481
460,578
460,571
460,527
460,551
460,517
460,470
460,467
460,465
460,524
460,510
461,489
461,502
461,477
461,473
461,493
461,514
461,2388
461,545
461,480
461,468
461,462
461,593
461,592
461,487
461,569
461,568
461,556
461,555
461,529
461,525
461,516
461,515
461,513
461,546
461,499
461,494
461,485
461,484
461,483
461,511
461,561
461,464
461,463
461,552
461,505
461,498
461,567
461,523
461,576
461,479
461,539
461,547
461,572
461,475
462,591
462,489
462,488
462,476
462,554
462,523
462,599
462,514
462,597
462,578
462,574
462,544
462,520
462,507
462,486
462,590
462,478
462,575
462,562
462,558
462,536
462,517
462,504
462,592
462,495
462,552
462,555
462,567
462,497
462,547
462,539
462,492
462,543
462,538
462,491
462,535
462,576
462,482
462,480
462,577
462,522
462,525
462,596
462,499
463,535
463,496
463,597
463,594
463,560
463,524
463,486
463,585
463,471
463,568
463,558
463,539
463,576
463,529
463,478
463,575
463,528
463,526
463,523
463,513
463,512
463,591
463,494
463,485
463,522
463,475
463,551
463,543
463,552
463,505
463,483
463,545
463,566
463,520
463,592
463,598
464,490
464,488
464,502
464,523
464,481
464,466
464,544
464,590
464,582
464,571
464,472
464,569
464,547
464,533
464,482
464,579
464,532
464,575
464,528
464,526
464,517
464,515
464,509
464,596
464,567
464,467
464,465
464,484
464,555
464,501
464,598
464,592
464,539
464,492
464,491
464,504
464,550
464,506
465,598
465,565
465,592
465,588
465,517
465,515
465,504
465,537
465,485
465,525
465,478
465,569
465,475
465,514
465,529
465,482
465,593
465,581
465,534
465,571
465,477
465,574
465,510
465,590
466,488
466,541
466,506
466,544
466,500
466,584
466,487
466,480
466,468
466,530
466,490
466,587
466,576
466,570
466,569
466,566
466,562
466,558
466,539
466,532
466,525
466,516
466,515
466,499
466,498
466,594
466,497
466,590
466,483
466,579
466,482
466,573
466,561
466,552
466,522
466,509
467,527
467,2388
467,535
467,476
467,548
467,523
467,518
467,594
467,578
467,477
467,574
467,583
467,486
467,468
467,590
467,487
467,582
467,576
467,571
467,471
467,568
467,562
467,555
467,528
467,519
467,510
467,542
467,495
467,484
467,577
467,580
467,483
467,543
467,550
467,505
467,511
467,561
468,595
468,477
468,473
468,518
468,493
468,557
468,501
468,579
468,578
468,561
468,560
468,520
468,486
468,495
468,592
468,562
468,597
468,500
468,547
468,538
468,532
468,529
468,525
468,559
468,512
468,577
468,483
468,587
468,555
468,522
468,475
468,546
468,499
468,517
468,470
468,544
468,471
468,542
468,582
469,489
469,506
469,548
469,578
469,574
469,565
469,561
469,544
469,530
469,507
469,487
469,496
469,593
469,493
469,590
469,587
469,577
469,473
469,570
469,549
469,542
469,540
469,526
469,517
469,539
469,492
469,585
469,538
469,491
469,553
469,556
469,576
469,529
469,474
469,515
469,518
469,558
469,546
469,499
469,502
469,519
469,472
469,597
469,498
469,594
470,489
470,535
470,476
470,548
470,473
470,584
470,502
470,599
470,518
470,493
470,514
470,583
470,520
470,574
470,480
470,496
470,593
470,555
470,588
470,529
470,528
470,563
470,516
470,556
470,509
470,501
470,498
470,580
470,483
470,572
470,478
470,549
470,524
470,547
470,533
470,587
470,540
470,472
470,471
471,2388
471,535
471,477
471,557
471,594
471,524
471,596
471,570
471,563
471,546
471,540
471,533
471,576
471,529
471,519
471,513
471,555
471,508
471,495
471,522
471,475
471,585
471,491
471,530
471,577
471,483
471,501
471,521
471,504
472,591
472,489
472,535
472,503
472,473
472,501
472,578
472,2388
472,545
472,544
472,530
472,486
472,582
472,566
472,562
472,556
472,540
472,536
472,522
472,508
472,549
472,495
472,482
472,564
472,533
472,483
472,568
472,571
472,527
472,516
472,553
472,561
472,538
472,512
472,497
472,500
472,479
472,504
472,491
472,539
473,527
473,541
473,535
473,476
473,578
473,561
473,560
473,551
473,500
473,518
473,501
473,493
473,590
473,581
473,570
473,556
473,553
473,549
473,539
473,538
473,531
473,521
473,517
473,516
473,513
473,510
473,593
473,495
473,483
473,482
473,479
473,571
473,474
473,546
473,534
473,526
473,520
473,497
474,535
474,503
474,477
474,531
474,518
474,543
474,481
474,565
474,544
474,530
474,487
474,486
474,480
474,596
474,593
474,588
474,586
474,585
474,575
474,476
474,573
474,567
474,556
474,510
474,542
474,495
474,571
474,546
474,539
474,497
474,568
474,524
474,563
474,516
474,517
474,498
474,534
474,580
474,483
474,555
474,508
474,505
475,490
475,541
475,503
475,548
475,531
475,496
475,543
475,501
475,481
475,583
475,520
475,507
475,500
475,588
475,582
475,567
475,566
475,559
475,556
475,550
475,538
475,522
475,517
475,505
475,504
475,595
475,498
475,497
475,495
475,540
475,492
475,484
475,483
475,529
475,482
475,528
475,560
475,526
475,479
475,537
475,570
475,599
476,490
476,2388
476,506
476,535
476,579
476,578
476,544
476,500
476,480
476,530
476,586
476,585
476,582
476,573
476,558
476,555
476,523
476,493
476,538
476,536
476,521
476,513
476,509
476,499
476,492
476,483
476,570
476,543
476,554
476,584
476,524
476,520
476,510
476,503
476,598
476,501
476,595
476,498
477,591
477,489
477,541
477,535
477,503
477,502
477,548
477,594
477,481
477,579
477,561
477,560
477,551
477,544
477,530
477,500
477,487
477,565
477,493
477,501
477,581
477,576
477,559
477,558
477,555
477,549
477,534
477,533
477,496
477,525
477,573
477,505
477,495
477,543
477,2388
477,517
478,541
478,535
478,548
478,531
478,565
478,545
478,520
478,593
478,488
478,585
478,582
478,577
478,575
478,570
478,568
478,563
478,562
478,555
478,538
478,521
478,513
478,482
478,576
478,479
478,510
478,509
478,590
478,492
478,546
478,522
478,558
478,519
478,597
478,544
478,495
479,541
479,502
479,518
479,496
479,514
479,579
479,565
479,560
479,544
479,500
479,487
479,596
479,592
479,589
479,490
479,587
479,582
479,571
479,568
479,558
479,550
479,549
479,546
479,537
479,536
479,534
479,533
479,529
479,526
479,562
479,515
479,513
479,509
479,553
479,531
479,566
479,519
479,569
479,591
479,494
479,483
479,552
479,505
479,538
479,491
479,516
479,497
479,493
479,590
480,591
480,490
480,541
480,506
480,548
480,531
480,557
480,561
480,560
480,593
480,493
480,590
480,534
480,575
480,528
480,525
480,499
480,586
480,492
480,488
480,585
480,484
480,555
480,508
480,497
480,513
480,482
480,577
480,518
480,485
480,556
480,517
480,520
480,495
481,591
481,527
481,541
481,599
481,518
481,493
481,543
481,580
481,578
481,560
481,524
481,487
481,592
481,489
481,586
481,585
481,576
481,566
481,564
481,563
481,549
481,542
481,539
481,538
481,533
481,528
481,525
481,519
481,515
481,513
481,512
481,598
481,492
481,485
481,581
481,484
481,557
481,556
481,554
481,534
482,503
482,584
482,523
482,493
482,583
482,578
482,551
482,520
482,588
482,490
482,587
482,586
482,539
482,575
482,528
482,517
482,553
482,485
482,484
482,566
482,559
482,511
482,543
482,577
482,483
482,522
482,572
482,525
482,573
482,557
482,509
482,546
482,599
482,596
483,527
483,518
483,496
483,493
483,543
483,541
483,561
483,487
483,484
483,581
483,577
483,571
483,563
483,553
483,542
483,596
483,499
483,491
483,490
483,587
483,485
483,526
483,521
483,560
483,589
483,492
483,520
483,570
483,512
483,519
483,523
483,508
483,556
483,554
484,502
484,584
484,548
484,514
484,560
484,544
484,586
484,566
484,559
484,556
484,596
484,549
484,588
484,521
484,515
484,510
484,498
484,508
484,504
484,582
484,490
484,587
484,529
484,528
484,553
484,569
484,594
484,497
485,527
485,488
485,535
485,493
485,557
485,574
485,545
485,544
485,530
485,520
485,507
485,592
485,587
485,582
485,575
485,573
485,568
485,556
485,548
485,540
485,534
485,526
485,569
485,522
485,552
485,505
485,559
485,512
485,549
485,599
485,550
485,506
485,510
485,560
485,511
485,595
485,498
485,501
485,566
485,519
485,594
485,497
485,597
485,500
485,529
485,553
485,589
485,492
486,591
486,599
486,531
486,578
486,574
486,551
486,520
486,592
486,575
486,558
486,542
486,562
486,515
486,492
486,582
486,566
486,536
486,524
486,588
487,2388
487,488
487,595
487,561
487,551
487,520
487,586
487,567
487,559
487,533
487,522
487,519
487,564
487,517
487,513
487,493
487,590
487,492
487,526
487,538
487,536
487,504
487,531
487,525
487,556
487,503
487,499
487,502
487,599
488,535
488,580
488,489
488,586
488,576
488,573
488,569
488,562
488,599
488,502
488,553
488,546
488,536
488,534
488,511
488,505
488,498
488,491
488,557
488,552
488,584
488,533
488,532
488,510
489,583
489,544
489,524
489,597
489,595
489,574
489,518
489,599
489,530
489,585
489,573
489,559
489,558
489,555
489,549
489,547
489,546
489,536
489,534
489,529
489,528
489,519
489,511
489,509
489,593
489,550
489,554
489,527
489,504
490,591
490,503
490,595
490,514
490,588
490,587
490,586
490,577
490,570
490,568
490,566
490,559
490,558
490,555
490,523
490,553
490,547
490,538
490,537
490,531
490,511
490,505
490,496
490,593
490,499
490,495
490,581
490,576
490,544
490,533
490,526
490,517
490,502
490,597
491,527
491,506
491,584
491,531
491,493
491,557
491,543
491,598
491,579
491,561
491,582
491,576
491,572
491,524
491,571
491,546
491,540
491,534
491,553
491,556
491,575
491,588
491,591
491,494
491,558
491,551
491,596
491,515
491,586
491,539
491,589
491,492
491,538
492,595
492,560
492,524
492,507
492,500
492,592
492,590
492,589
492,586
492,581
492,571
492,562
492,553
492,546
492,536
492,526
492,521
492,566
492,519
492,512
492,510
492,533
492,525
492,567
492,582
492,556
492,577
492,522
492,550
492,511
492,561
493,527
493,548
493,554
493,496
493,578
493,561
493,560
493,545
493,544
493,598
493,530
493,590
493,589
493,577
493,570
493,569
493,559
493,556
493,546
493,536
493,525
493,513
493,512
493,502
493,599
493,498
493,495
493,579
493,574
493,567
493,555
493,533
493,532
493,523
493,522
493,499
494,591
494,527
494,557
494,501
494,579
494,565
494,544
494,589
494,577
494,570
494,566
494,559
494,556
494,552
494,550
494,539
494,536
494,534
494,517
494,516
494,553
494,497
494,510
494,560
494,537
494,533
494,546
494,562
494,518
494,499
494,522
495,506
495,557
495,543
495,580
495,501
495,579
495,561
495,560
495,596
495,496
495,593
495,588
495,586
495,582
495,581
495,566
495,562
495,547
495,536
495,529
495,517
495,516
495,512
495,511
495,555
495,508
495,549
495,521
495,569
495,565
495,509
495,542
495,572
496,541
496,535
496,548
496,531
496,579
496,578
496,565
496,570
496,564
496,563
496,538
496,537
496,532
496,529
496,528
496,593
496,580
496,566
496,556
496,555
496,512
496,511
496,599
496,498
497,541
497,583
497,520
497,592
497,591
497,576
497,563
497,586
497,539
497,528
497,502
497,599
497,532
497,556
497,505
497,555
497,554
497,507
497,557
497,508
497,503
497,546
498,527
498,506
498,557
498,514
498,501
498,598
498,594
498,583
498,565
498,507
498,592
498,588
498,587
498,576
498,556
498,504
498,574
498,522
498,568
498,521
498,575
498,528
498,578
498,564
498,519
498,562
498,515
498,547
499,527
499,2388
499,548
499,531
499,543
499,541
499,579
499,544
499,507
499,589
499,576
499,575
499,567
499,550
499,538
499,522
499,519
499,510
499,599
499,530
499,592
499,515
499,518
499,572
499,521
499,570
499,555
499,508
499,563
500,595
500,503
500,548
500,557
500,578
500,544
500,535
500,507
500,581
500,531
500,516
500,510
500,508
500,505
500,504
500,589
500,519
500,562
500,543
500,577
500,528
500,524
500,599
500,558
500,514
501,548
501,557
501,597
501,583
501,530
501,520
501,565
501,514
501,589
501,586
501,558
501,540
501,533
501,522
501,521
501,517
501,516
501,515
501,513
501,592
501,582
501,569
501,561
501,552
501,551
501,539
501,537
501,526
501,524
501,504
502,551
502,518
502,535
502,530
502,580
502,573
502,570
502,569
502,562
502,555
502,546
502,537
502,536
502,532
502,528
502,522
502,521
502,519
502,517
502,505
502,593
502,557
502,525
502,567
502,508
502,503
503,591
503,595
503,583
503,2388
503,545
503,507
503,574
503,599
503,570
503,568
503,562
503,559
503,558
503,556
503,552
503,550
503,542
503,534
503,533
503,532
503,528
503,596
503,512
503,548
503,593
503,572
503,584
503,539
503,520
503,594
504,541
504,580
504,583
504,587
504,586
504,566
504,555
504,539
504,538
504,525
504,515
504,595
504,519
504,569
504,511
504,561
504,556
504,545
504,550
504,549
504,508
504,572
504,546
505,535
505,531
505,557
505,598
505,578
505,530
505,524
505,507
505,596
505,592
505,587
505,586
505,581
505,577
505,575
505,566
505,554
505,539
505,517
505,562
505,515
505,550
505,582
505,521
505,567
505,547
505,544
505,548
505,522
505,597
506,591
506,2388
506,535
506,574
506,560
506,524
506,520
506,598
506,580
506,589
506,587
506,567
506,559
506,558
506,553
506,549
506,536
506,596
506,593
506,588
506,556
506,540
506,527
507,548
507,554
507,523
507,557
507,514
507,580
507,583
507,560
507,520
507,564
507,562
507,555
507,533
507,525
507,517
507,508
507,597
507,532
507,522
507,572
507,570
507,550
507,596
507,540
507,539
507,589
507,512
508,535
508,584
508,523
508,583
508,561
508,530
508,590
508,588
508,586
508,575
508,567
508,562
508,558
508,550
508,539
508,533
508,525
508,517
508,581
508,580
508,557
508,596
508,545
508,540
508,526
508,546
508,543
509,584
509,574
509,551
509,596
509,593
509,590
509,588
509,581
509,577
509,575
509,566
509,559
509,585
509,538
509,542
509,529
509,564
509,517
509,558
509,550
509,569
509,521
509,586
509,536
509,556
509,597
510,527
510,535
510,548
510,599
510,543
510,574
510,560
510,530
510,520
510,593
510,571
510,569
510,563
510,552
510,526
510,519
510,546
510,596
510,572
510,524
510,515
510,539
510,589
510,528
510,537
510,557
510,529
511,583
511,561
511,551
511,585
511,581
511,573
511,520
511,567
511,564
511,558
511,537
511,589
511,542
511,552
511,576
511,529
511,528
511,597
511,596
511,549
511,530
512,527
512,541
512,523
512,557
512,597
512,545
512,544
512,530
512,586
512,585
512,576
512,573
512,572
512,568
512,556
512,549
512,537
512,533
512,516
512,550
512,566
512,553
512,555
512,560
512,581
512,548
512,542
512,589
512,594
513,591
513,541
513,548
513,597
513,545
513,544
513,590
513,558
513,552
513,526
513,576
513,572
513,524
513,539
513,529
513,532
513,565
513,547
513,561
513,593
513,599
514,591
514,2388
514,594
514,561
514,544
514,590
514,587
514,577
514,573
514,558
514,542
514,519
514,581
514,562
514,557
514,549
514,526
515,591
515,527
515,535
515,584
515,557
515,597
515,594
515,551
515,545
515,530
515,524
515,520
515,556
515,539
515,522
515,521
515,517
515,596
515,592
515,563
515,547
515,537
515,553
515,589
516,531
516,594
516,579
516,565
516,520
516,590
516,586
516,582
516,577
516,575
516,534
516,559
516,526
516,549
516,543
516,537
516,550
516,530
516,527
516,598
516,568
516,591
516,595
517,2388
517,541
517,523
517,544
517,530
517,587
517,576
517,575
517,569
517,567
517,548
517,532
517,525
517,519
517,555
517,542
517,592
517,591
517,590
517,534
517,579
517,578
517,563
517,561
517,562
517,559
517,526
518,527
518,548
518,554
518,579
518,560
518,597
518,590
518,577
518,573
518,569
518,568
518,540
518,539
518,538
518,537
518,591
518,557
518,580
518,576
518,556
518,555
518,595
519,2388
519,554
519,557
519,579
519,551
519,581
519,572
519,569
519,567
519,562
519,553
519,549
519,533
519,529
519,522
519,521
519,598
519,537
519,584
519,563
519,556
519,538
519,576
520,548
520,531
520,598
520,597
520,578
520,2388
520,545
520,593
520,589
520,581
520,555
520,552
520,542
520,558
520,599
520,553
520,547
520,544
520,569
521,591
521,523
521,531
521,543
521,583
521,565
521,581
521,569
521,568
521,563
521,558
521,547
521,589
521,580
521,586
521,544
521,529
521,527
521,566
521,546
521,596
522,554
522,597
522,530
522,593
522,592
522,590
522,576
522,573
522,567
522,566
522,564
522,563
522,550
522,547
522,539
522,538
522,595
522,525
522,549
522,537
522,533
522,572
522,598
522,545
523,548
523,588
523,586
523,582
523,572
523,568
523,562
523,552
523,542
523,540
523,539
523,536
523,533
523,593
523,557
523,561
523,597
523,596
523,595
524,548
524,551
524,581
524,572
524,555
524,546
524,560
524,586
524,564
524,568
524,565
524,530
524,584
525,548
525,531
525,580
525,598
525,593
525,590
525,582
525,577
525,552
525,584
525,527
525,543
525,576
525,539
525,589
525,555
525,545
526,541
526,579
526,596
526,588
526,587
526,586
526,569
526,567
526,564
526,559
526,553
526,550
526,534
526,533
526,582
526,561
526,557
526,543
527,2388
527,579
527,530
527,589
527,586
527,581
527,575
527,573
527,571
527,568
527,566
527,563
527,558
527,546
527,542
527,540
527,537
527,536
527,531
527,596
527,588
527,582
527,570
527,569
527,564
527,551
527,529
528,2388
528,584
528,531
528,557
528,580
528,551
528,593
528,590
528,582
528,568
528,559
528,555
528,550
528,534
528,547
528,595
528,577
528,546
528,599
528,549
528,536
528,586
528,594
528,535
528,564
529,548
529,599
529,597
529,594
529,583
529,545
529,596
529,577
529,573
529,570
529,569
529,556
529,538
529,537
529,586
529,581
529,576
529,549
529,565
529,532
529,535
529,560
530,595
530,584
530,594
530,583
530,579
530,578
530,551
530,545
530,585
530,556
530,555
530,540
530,536
530,586
530,564
530,562
530,558
531,535
531,554
531,594
531,574
531,551
531,2388
531,545
531,597
531,580
531,589
531,586
531,585
531,582
531,570
531,569
531,563
531,556
531,555
531,550
531,539
531,536
531,534
531,573
531,593
531,557
531,588
531,575
531,571
531,537
531,599
532,548
532,557
532,561
532,596
532,592
532,587
532,542
532,586
532,539
532,574
532,591
532,537
532,583
532,581
532,553
532,543
532,590
533,595
533,554
533,543
533,579
533,565
533,551
533,545
533,544
533,592
533,582
533,564
533,555
533,538
533,537
533,585
533,536
533,534
533,546
534,2388
534,554
534,580
534,597
534,561
534,560
534,596
534,589
534,581
534,569
534,547
534,539
534,553
534,590
534,587
534,552
534,599
534,535
534,538
534,588
534,571
535,541
535,595
535,594
535,565
535,590
535,589
535,588
535,577
535,576
535,572
535,563
535,558
535,550
535,547
535,546
535,573
535,570
535,569
535,568
535,543
536,548
536,554
536,565
536,561
536,545
536,590
536,588
536,581
536,572
536,570
536,569
536,562
536,550
536,578
536,576
536,556
536,553
536,584
536,598
537,548
537,554
537,598
537,560
537,592
537,582
537,581
537,553
537,547
537,538
537,562
537,590
537,2388
538,595
538,580
538,598
538,583
538,574
538,560
538,545
538,592
538,590
538,581
538,568
538,567
538,555
538,539
538,553
538,546
538,596
538,576
538,569
538,562
538,565
538,578
538,586
538,549
539,584
539,543
539,589
539,587
539,572
539,564
539,556
539,553
539,550
539,549
539,579
539,571
539,569
539,588
539,559
539,594
539,547
539,598
539,546
539,591
540,541
540,584
540,594
540,578
540,545
540,593
540,589
540,577
540,576
540,575
540,562
540,559
540,547
540,542
540,588
540,586
540,564
540,549
540,553
541,597
541,598
541,574
541,599
541,587
541,573
541,571
541,569
541,568
541,566
541,559
541,549
541,546
541,542
541,593
541,557
541,575
541,584
541,595
542,584
542,543
542,597
542,596
542,575
542,572
542,553
542,578
542,589
542,577
542,563
542,562
542,561
542,599
542,574
542,582
543,591
543,595
543,594
543,578
543,574
543,565
543,545
543,544
543,597
543,587
543,577
543,576
543,546
543,599
543,588
543,585
543,580
543,579
543,570
543,564
543,560
543,555
543,598
544,595
544,548
544,598
544,583
544,574
544,593
544,576
544,571
544,569
544,550
544,581
544,573
544,566
544,557
544,578
544,568
544,545
544,561
544,591
545,584
545,551
545,593
545,589
545,587
545,577
545,566
545,559
545,553
545,550
545,547
545,575
545,569
545,558
545,560
546,548
546,584
546,574
546,593
546,572
546,567
546,564
546,559
546,547
546,594
546,591
546,556
547,548
547,584
547,598
547,578
547,590
547,587
547,576
547,571
547,566
547,559
547,553
547,552
547,558
547,561
547,555
547,592
547,567
548,578
548,565
548,561
548,560
548,573
548,567
548,562
548,556
548,559
548,596
548,581
548,564
548,554
548,568
548,597
548,594
549,557
549,597
549,596
549,590
549,589
549,588
549,575
549,568
549,567
549,570
549,559
549,551
549,593
549,576
549,592
549,566
549,563
549,564
550,595
550,584
550,557
550,570
550,569
550,568
550,567
550,556
550,554
550,589
550,596
550,594
551,594
551,589
551,564
551,555
551,588
551,577
551,562
551,557
551,598
551,584
551,560
551,553
552,584
552,580
552,598
552,583
552,582
552,569
552,560
552,558
552,587
553,595
553,594
553,560
553,573
553,572
553,559
553,555
553,591
553,579
553,587
553,576
553,580
553,2388
553,569
553,593
554,561
554,560
554,581
554,571
554,569
554,563
554,562
554,596
554,580
554,557
555,584
555,579
555,593
555,588
555,582
555,576
555,573
555,571
555,592
555,2388
555,599
556,579
556,578
556,565
556,561
556,593
556,587
556,559
556,598
556,591
556,563
556,571
556,569
556,580
557,582
557,563
557,573
557,596
557,588
557,576
557,567
557,592
558,591
558,599
558,579
558,561
558,596
558,593
558,589
558,587
558,586
558,573
558,569
558,568
558,585
558,576
558,563
558,566
558,560
559,580
559,594
559,583
559,573
559,570
559,569
559,566
559,564
559,584
559,585
559,581
559,562
559,579
560,599
560,597
560,561
560,569
560,564
560,598
560,582
560,580
560,562
560,577
560,581
561,595
561,587
561,576
561,568
561,574
561,2388
561,597
561,566
561,590
561,594
562,584
562,579
562,593
562,572
562,571
562,595
562,589
562,576
562,565
562,564
562,596
562,586
562,590
562,594
563,591
563,584
563,599
563,589
563,573
563,571
563,570
563,580
563,596
563,564
563,590
563,597
564,2388
564,580
564,583
564,593
564,592
564,590
564,587
564,586
564,585
564,581
564,576
564,571
564,569
565,584
565,579
565,578
565,574
565,581
565,569
565,566
565,597
565,599
565,580
566,595
566,584
566,599
566,580
566,598
566,587
566,577
566,567
566,576
566,578
566,591
566,594
566,597
567,587
567,577
567,576
567,578
567,596
567,590
567,581
567,569
568,580
568,578
568,581
568,585
568,579
568,587
568,594
569,584
569,580
569,598
569,589
569,588
569,586
569,575
569,571
569,582
570,580
570,571
570,597
570,576
570,588
570,575
570,592
571,591
571,592
571,587
571,586
571,585
571,577
572,582
572,573
572,586
573,2388
573,593
573,586
573,575
573,592
573,587
573,577
573,585
573,588
574,584
574,597
574,594
574,579
574,582
574,583
574,589
574,581
575,597
575,594
575,577
575,583
575,582
575,587
576,591
576,597
576,583
576,579
576,578
576,589
576,582
576,581
576,577
576,590
576,586
576,2388
577,587
577,582
577,591
577,579
577,596
578,580
578,592
578,582
578,581
578,595
578,2388
579,584
579,583
579,581
579,598
579,597
579,594
580,591
580,595
580,584
580,599
580,598
580,2388
581,591
581,595
581,587
581,586
581,585
581,596
582,595
582,597
582,590
582,587
583,584
583,596
583,592
583,589
583,588
583,595
584,594
584,599
584,586
584,588
585,589
585,587
586,587
586,594
586,589
587,597
587,589
587,588
587,2388
587,595
588,2388
588,589
588,595
590,598
591,597
591,593
591,598
592,598
592,597
594,597
594,599
595,599
596,2388
596,599
597,598
600,794
600,637
600,685
600,758
600,769
600,759
600,693
600,785
600,754
600,696
600,726
600,779
600,755
600,710
600,691
600,676
600,670
600,666
600,763
600,652
600,644
600,736
600,639
600,631
600,702
600,799
600,787
600,777
600,730
600,675
600,722
600,708
600,601
600,698
600,795
600,654
600,798
600,701
600,624
600,721
600,641
600,615
600,709
600,663
600,753
600,706
600,727
600,771
600,747
600,650
600,791
600,797
600,700
600,603
600,704
600,743
600,602
600,621
601,744
601,637
601,738
601,685
601,758
601,693
601,754
601,679
601,696
601,606
601,636
601,726
601,792
601,788
601,786
601,778
601,764
601,760
601,725
601,714
601,686
601,664
601,752
601,653
601,741
601,644
601,642
601,699
601,602
601,796
601,639
601,780
601,680
601,777
601,674
601,771
601,763
601,659
601,756
601,704
601,607
601,651
601,748
601,630
601,727
601,723
601,722
601,708
601,604
601,698
601,684
601,678
601,609
601,676
601,773
601,632
601,621
601,619
601,618
601,732
601,713
601,616
601,740
601,643
601,717
601,620
601,751
601,799
601,658
601,692
602,744
602,637
602,613
602,759
602,737
602,622
602,774
602,696
602,688
602,765
602,760
602,691
602,690
602,761
602,664
602,650
602,644
602,611
602,762
602,780
602,636
602,733
602,732
602,627
602,721
602,657
602,707
602,795
602,698
602,689
602,684
602,678
602,775
602,634
602,681
602,632
602,659
602,784
602,643
602,798
602,676
602,773
602,625
602,672
602,790
602,618
602,617
602,614
602,716
602,619
602,654
602,699
602,796
602,608
602,720
602,623
602,763
603,718
603,782
603,685
603,647
603,695
603,729
603,649
603,778
603,667
603,764
603,716
603,666
603,713
603,710
603,702
603,785
603,788
603,691
603,676
603,661
603,645
603,639
603,705
603,611
603,699
603,793
603,754
603,610
603,707
603,761
603,620
603,612
603,659
603,672
603,677
603,771
603,741
603,794
603,624
603,643
603,767
603,617
603,656
603,703
603,728
603,634
604,633
604,738
604,685
604,759
604,742
604,693
604,785
604,741
604,626
604,636
604,668
604,765
604,761
604,760
604,716
604,669
604,652
604,605
604,772
604,756
604,748
604,684
604,781
604,734
604,732
604,703
604,791
604,697
604,787
604,739
604,789
604,692
604,783
604,689
604,779
604,670
604,767
604,625
604,672
604,775
604,634
604,729
604,632
604,624
604,763
604,784
604,740
604,643
604,620
604,713
604,616
604,683
604,708
604,614
604,720
604,623
604,612
604,621
604,751
604,610
604,796
604,608
605,794
605,718
605,655
605,728
605,693
605,729
605,682
605,788
605,760
605,725
605,716
605,761
605,617
605,714
605,702
605,787
605,690
605,680
605,668
605,765
605,768
605,671
605,715
605,662
605,665
605,656
605,686
605,639
605,793
605,771
605,629
605,767
605,646
605,743
605,657
605,707
605,684
605,709
605,706
605,641
605,766
605,672
605,773
605,778
605,681
605,745
605,651
606,794
606,738
606,655
606,695
606,737
606,649
606,699
606,778
606,765
606,740
606,622
606,719
606,714
606,713
606,788
606,691
606,675
606,669
606,652
606,611
606,607
606,787
606,783
606,780
606,773
606,770
606,762
606,753
606,743
606,739
606,733
606,627
606,724
606,712
606,707
606,703
606,701
606,793
606,790
606,678
606,769
606,672
606,667
606,659
606,634
606,730
606,725
606,628
606,718
606,621
606,717
606,620
607,637
607,734
607,695
607,693
607,774
607,688
607,687
607,766
607,761
607,719
607,713
607,700
607,768
607,671
607,670
607,650
607,646
607,652
607,793
607,686
607,783
607,770
607,666
607,763
607,780
607,733
607,724
607,627
607,721
607,698
607,782
607,684
607,740
607,643
607,750
607,703
607,609
607,773
607,632
607,789
607,672
607,712
607,715
607,618
607,722
607,628
607,663
607,714
607,617
607,754
607,657
607,634
607,681
607,776
607,612
607,661
607,711
607,614
607,705
607,608
608,744
608,673
608,666
608,719
608,718
608,671
608,622
608,669
608,676
608,629
608,799
608,699
608,793
608,738
608,644
608,784
608,660
608,707
608,627
608,721
608,698
608,789
608,739
608,646
608,703
608,704
608,657
608,681
608,634
608,773
608,632
608,661
608,614
608,685
608,732
608,711
608,617
608,662
608,759
608,618
608,795
608,748
609,674
609,718
609,685
609,613
609,655
609,696
609,649
609,687
609,726
609,747
609,713
609,727
609,630
609,677
609,758
609,661
609,799
609,702
609,745
609,651
609,645
609,798
609,787
609,763
609,779
609,776
609,753
609,767
609,768
609,624
609,721
609,617
609,703
609,790
609,743
609,791
609,697
609,672
609,795
609,654
609,789
609,623
609,719
609,635
609,732
609,778
609,731
609,662
610,637
610,738
610,673
610,742
610,728
610,699
610,726
610,768
610,761
610,755
610,725
610,705
610,669
610,753
610,656
610,638
610,799
610,789
610,780
610,775
610,771
610,757
610,752
610,749
610,672
610,722
610,707
610,632
610,682
610,779
610,797
610,697
610,627
610,721
610,798
610,704
610,706
610,612
610,719
610,712
610,642
610,689
610,643
610,773
610,667
610,718
610,621
610,787
610,647
610,711
610,614
610,651
611,758
611,673
611,769
611,728
611,693
611,688
611,649
611,726
611,786
611,768
611,764
611,761
611,755
611,747
611,720
611,799
611,702
611,691
611,670
611,765
611,743
611,646
611,639
611,705
611,789
611,678
611,775
611,771
611,797
611,750
611,732
611,657
611,707
611,698
611,680
611,777
611,683
611,627
611,729
611,632
611,669
611,784
611,643
611,620
611,618
611,641
611,713
611,716
611,619
611,625
611,727
612,660
612,769
612,754
612,729
612,741
612,630
612,726
612,786
612,764
612,761
612,746
612,645
612,700
612,671
612,669
612,665
612,749
612,652
612,750
612,796
612,641
612,724
612,770
612,723
612,661
612,711
612,614
612,708
612,798
612,704
612,651
612,698
612,735
612,615
612,709
612,663
612,781
612,640
612,775
612,634
612,675
612,625
612,722
612,619
612,650
612,720
613,633
613,685
613,758
613,768
613,761
613,755
613,747
613,740
613,693
613,717
613,705
613,702
613,700
613,675
613,639
613,734
613,728
613,631
613,793
613,776
613,775
613,770
613,756
613,750
613,748
613,635
613,723
613,721
613,660
613,707
613,688
613,692
613,779
613,682
613,681
613,667
613,662
613,751
613,654
613,729
613,632
613,725
613,628
613,621
613,619
613,617
613,615
613,614
613,699
614,637
614,635
614,769
614,759
614,742
614,728
614,785
614,754
614,682
614,649
614,741
614,788
614,768
614,655
614,752
614,747
614,622
614,719
614,717
614,702
614,797
614,700
614,762
614,665
614,664
614,646
614,639
614,780
614,669
614,666
614,763
614,738
614,641
614,724
614,723
614,721
614,707
614,684
614,764
614,667
614,784
614,643
614,713
614,616
614,760
614,663
614,640
614,659
614,633
614,730
614,782
614,720
614,623
614,778
614,681
614,796
614,749
614,670
614,767
614,698
614,694
614,745
614,648
614,790
615,674
615,744
615,718
615,758
615,734
615,760
615,752
615,745
615,640
615,677
615,671
615,646
615,645
615,735
615,638
615,629
615,798
615,777
615,666
615,763
615,749
615,727
615,721
615,708
615,707
615,786
615,689
615,731
615,684
615,790
615,667
615,776
615,779
615,753
615,659
615,654
615,729
615,632
615,618
615,641
615,619
615,778
615,681
615,710
615,616
615,697
615,628
615,698
616,674
616,744
616,738
616,758
616,666
616,769
616,759
616,688
616,741
616,792
616,788
616,768
616,736
616,717
616,700
616,761
616,664
616,793
616,784
616,676
616,773
616,631
616,772
616,629
616,673
616,770
616,762
616,735
616,798
616,795
616,698
616,694
616,689
616,697
616,624
616,721
616,703
616,657
616,654
616,619
616,618
616,707
616,705
616,799
616,658
616,789
616,706
616,683
616,623
617,744
617,685
617,758
617,693
617,785
617,622
617,774
617,626
617,687
617,778
617,764
617,747
617,767
617,670
617,763
617,736
617,642
617,676
617,629
617,720
617,669
617,751
617,691
617,641
617,733
617,771
617,724
617,706
617,703
617,735
617,710
617,663
617,781
617,640
617,701
617,632
617,712
617,620
617,702
617,696
617,793
617,789
617,648
617,722
617,625
617,769
617,672
618,637
618,633
618,718
618,666
618,728
618,785
618,711
618,679
618,696
618,682
618,741
618,626
618,768
618,765
618,752
618,747
618,725
618,720
618,717
618,716
618,715
618,710
618,700
618,676
618,664
618,661
618,642
618,762
618,647
618,754
618,657
618,707
618,743
618,646
618,735
618,635
618,732
618,681
618,724
618,627
618,667
618,757
618,663
618,672
618,699
618,740
618,643
618,706
618,659
618,772
618,678
618,632
618,684
618,798
618,701
618,749
619,674
619,794
619,637
619,718
619,695
619,785
619,729
619,741
619,788
619,766
619,760
619,747
619,719
619,716
619,714
619,700
619,675
619,671
619,665
619,656
619,646
619,638
619,631
619,627
619,694
619,791
619,687
619,784
619,676
619,773
619,749
619,739
619,634
619,731
619,625
619,722
619,712
619,708
619,786
619,689
619,699
619,667
619,776
619,706
619,659
619,698
619,795
619,748
619,798
619,701
619,654
619,737
619,640
619,662
619,754
619,657
619,789
620,633
620,635
620,782
620,734
620,711
620,696
620,682
620,741
620,626
620,636
620,778
620,764
620,680
620,743
620,646
620,698
620,795
620,780
620,772
620,629
620,673
620,770
620,762
620,749
620,773
620,798
620,657
620,704
620,664
620,738
620,641
620,674
620,771
620,791
620,694
620,745
620,648
620,689
620,643
620,640
620,722
620,719
620,672
620,797
620,669
620,747
621,744
621,633
621,635
621,673
621,734
621,666
621,769
621,737
621,711
621,729
621,785
621,688
621,682
621,636
621,695
621,792
621,725
621,719
621,716
621,715
621,797
621,700
621,788
621,691
621,690
621,671
621,670
621,741
621,644
621,796
621,795
621,739
621,642
621,686
621,783
621,684
621,781
621,765
621,762
621,627
621,721
621,650
621,694
621,791
621,697
621,735
621,641
621,731
621,706
621,777
621,683
621,663
621,708
621,662
621,657
621,704
621,658
621,745
621,648
621,774
621,677
621,771
621,740
621,643
622,728
622,792
622,760
622,713
622,680
622,668
622,670
622,699
622,652
622,650
622,645
622,780
622,776
622,770
622,753
622,750
622,779
622,732
622,752
622,799
622,694
622,684
622,667
622,660
622,754
622,654
622,643
622,766
622,719
622,625
622,765
622,671
622,624
622,664
622,708
623,674
623,794
623,782
623,742
623,728
623,687
623,786
623,768
623,752
623,745
623,720
623,716
623,714
623,713
623,772
623,770
623,761
623,664
623,656
623,753
623,630
623,727
623,677
623,724
623,624
623,721
623,779
623,775
623,634
623,778
623,681
623,795
623,701
623,751
623,654
623,735
623,641
623,781
623,640
623,754
623,657
623,773
623,632
623,672
623,693
623,790
623,743
623,711
623,708
623,777
623,683
623,787
623,694
624,744
624,637
624,738
624,718
624,660
624,635
624,695
624,679
624,726
624,682
624,779
624,778
624,766
624,765
624,747
624,725
624,714
624,772
624,675
624,646
624,645
624,693
624,790
624,780
624,661
624,656
624,753
624,751
624,723
624,703
624,701
624,795
624,698
624,684
624,794
624,697
624,644
624,688
624,708
624,662
624,748
624,625
624,672
624,767
625,637
625,633
625,635
625,782
625,693
625,754
625,668
625,696
625,636
625,786
625,682
625,779
625,764
625,760
625,725
625,719
625,714
625,783
625,686
625,774
625,677
625,676
625,656
625,655
625,752
625,653
625,652
625,798
625,650
625,791
625,789
625,777
625,729
625,632
625,735
625,712
625,743
625,627
625,654
625,631
625,772
625,775
625,678
625,716
625,634
625,651
625,739
626,738
626,718
626,769
626,774
626,687
626,725
626,717
626,699
626,646
626,642
626,696
626,790
626,726
626,773
626,763
626,668
626,762
626,757
626,685
626,732
626,708
626,707
626,706
626,798
626,704
626,719
626,672
626,654
626,634
626,750
626,667
626,665
626,664
626,636
626,651
627,637
627,758
627,655
627,673
627,666
627,754
627,774
627,668
627,696
627,630
627,768
627,761
627,720
627,717
627,714
627,702
627,784
627,670
627,669
627,750
627,653
627,651
627,650
627,631
627,788
627,691
627,741
627,644
627,723
627,721
627,638
627,732
627,751
627,704
627,778
627,681
627,789
627,792
627,647
627,694
627,722
627,667
627,718
627,665
627,795
628,674
628,794
628,685
628,655
628,734
628,695
628,693
628,754
628,774
628,649
628,741
628,636
628,779
628,778
628,720
628,716
628,714
628,705
628,787
628,690
628,670
628,661
628,631
628,702
628,796
628,696
628,793
628,788
628,691
628,750
628,650
628,791
628,724
628,727
628,704
628,692
628,689
628,795
628,654
628,683
628,730
628,634
628,731
628,684
628,759
628,662
628,722
629,744
629,738
629,718
629,782
629,734
629,672
629,769
629,728
629,754
629,682
629,768
629,765
629,663
629,760
629,720
629,700
629,630
629,677
629,670
629,792
629,651
629,739
629,642
629,686
629,639
629,789
629,692
629,750
629,704
629,763
629,741
629,788
629,694
629,770
629,678
629,632
629,735
629,761
629,742
629,766
629,652
629,793
629,784
630,738
630,758
630,660
630,693
630,797
630,774
630,688
630,792
630,788
630,747
630,719
630,717
630,714
630,713
630,710
630,761
630,664
630,653
630,652
630,642
630,728
630,631
630,796
630,789
630,784
630,776
630,675
630,772
630,770
630,767
630,753
630,748
630,727
630,702
630,799
630,721
630,704
630,794
630,697
630,689
630,781
630,684
630,681
630,764
630,667
630,756
630,659
630,657
630,654
630,648
630,744
630,647
630,634
630,720
630,706
630,703
630,795
630,698
631,637
631,679
631,792
631,766
631,761
631,760
631,755
631,745
631,720
631,715
631,788
631,691
631,686
631,768
631,671
631,652
631,646
631,642
631,656
631,700
631,685
631,782
631,683
631,780
631,673
631,770
631,763
631,688
631,712
631,684
631,771
631,724
631,678
631,764
631,667
631,659
631,706
631,730
631,640
631,798
631,754
631,657
631,681
631,732
631,716
631,713
631,791
631,794
631,697
631,675
631,725
632,744
632,633
632,718
632,695
632,666
632,769
632,693
632,797
632,711
632,679
632,766
632,713
632,686
632,747
632,650
632,702
632,799
632,791
632,787
632,781
632,780
632,753
632,653
632,750
632,642
632,739
632,727
632,708
632,697
632,779
632,772
632,678
632,767
632,654
632,751
632,657
632,634
632,652
632,749
632,705
632,709
632,712
632,795
632,698
632,715
632,771
632,724
632,648
632,743
632,793
632,699
633,674
633,778
633,768
633,766
633,765
633,747
633,728
633,725
633,713
633,700
633,788
633,691
633,680
633,656
633,742
633,645
633,736
633,639
633,734
633,693
633,790
633,787
633,784
633,673
633,781
633,775
633,796
633,666
633,763
633,749
633,646
633,743
633,735
633,730
633,727
633,724
633,721
633,709
633,707
633,785
633,692
633,682
633,758
633,649
633,662
633,659
633,745
633,648
633,737
633,640
633,729
633,722
633,677
633,774
633,733
633,636
633,798
633,701
634,674
634,685
634,666
634,693
634,785
634,711
634,668
634,687
634,747
634,746
634,761
634,714
634,677
634,686
634,783
634,777
634,770
634,757
634,659
634,756
634,739
634,733
634,703
634,684
634,753
634,772
634,775
634,678
634,773
634,768
634,727
634,798
634,704
634,681
634,658
634,745
634,651
634,699
634,719
634,795
635,744
635,758
635,655
635,788
635,746
635,745
635,728
635,720
635,719
635,687
635,686
635,668
635,675
635,671
635,665
635,747
635,650
635,639
635,789
635,773
635,770
635,699
635,796
635,666
635,763
635,797
635,656
635,753
635,749
635,651
635,748
635,731
635,723
635,729
635,709
635,707
635,791
635,694
635,688
635,785
635,684
635,678
635,695
635,754
635,657
635,654
635,741
635,640
635,782
635,722
635,721
635,715
635,711
636,794
636,738
636,758
636,660
636,655
636,782
636,769
636,797
636,729
636,649
636,695
636,792
636,779
636,768
636,766
636,764
636,761
636,719
636,715
636,714
636,691
636,686
636,680
636,675
636,670
636,665
636,650
636,646
636,710
636,693
636,790
636,789
636,688
636,687
636,784
636,773
636,763
636,753
636,653
636,750
636,652
636,749
636,748
636,799
636,723
636,709
636,708
636,791
636,694
636,781
636,684
636,663
636,658
636,648
636,740
636,643
636,722
636,796
637,679
637,778
637,768
637,765
637,764
637,747
637,745
637,736
637,719
637,713
637,766
637,669
637,665
637,761
637,664
637,652
637,645
637,642
637,728
637,794
637,793
637,791
637,690
637,787
637,686
637,783
637,673
637,781
637,775
637,772
637,771
637,685
637,757
637,653
637,750
637,743
637,638
637,735
637,733
637,732
637,727
637,702
637,799
637,724
637,709
637,708
637,688
637,785
637,689
637,682
637,746
637,649
637,672
637,760
637,663
637,759
637,662
637,741
637,721
637,707
637,699
637,698
638,660
638,655
638,673
638,759
638,742
638,754
638,729
638,741
638,788
638,702
638,677
638,675
638,670
638,715
638,651
638,739
638,642
638,652
638,696
638,793
638,787
638,784
638,776
638,725
638,775
638,678
638,707
638,704
638,681
638,705
638,755
638,658
638,756
638,709
638,710
638,663
638,737
638,640
638,789
638,745
638,648
638,792
638,672
638,746
638,721
638,713
638,700
639,718
639,655
639,673
639,734
639,742
639,693
639,682
639,687
639,786
639,766
639,667
639,764
639,736
639,725
639,719
639,690
639,656
639,651
639,796
639,781
639,780
639,675
639,758
639,661
639,641
639,735
639,677
639,771
639,724
639,723
639,707
639,681
639,755
639,658
639,700
639,740
639,794
640,685
640,782
640,759
640,679
640,668
640,696
640,792
640,682
640,779
640,760
640,747
640,719
640,716
640,710
640,691
640,686
640,753
640,656
640,796
640,787
640,784
640,762
640,731
640,701
640,743
640,717
640,667
640,641
640,680
640,727
640,770
640,723
640,728
640,712
640,756
640,709
640,713
640,706
640,711
640,761
640,664
640,692
641,674
641,782
641,734
641,728
641,693
641,785
641,682
641,788
641,786
641,766
641,655
641,752
641,747
641,649
641,746
641,725
641,716
641,713
641,690
641,765
641,665
641,642
641,796
641,696
641,793
641,687
641,784
641,773
641,772
641,757
641,751
641,749
641,743
641,723
641,712
641,703
641,748
641,798
641,701
641,698
641,781
641,684
641,780
641,683
641,767
641,672
641,648
641,662
641,667
641,718
641,740
641,643
641,737
641,714
641,659
641,791
641,694
641,794
641,681
642,794
642,673
642,769
642,696
642,649
642,755
642,716
642,652
642,650
642,799
642,644
642,784
642,683
642,780
642,776
642,680
642,727
642,706
642,732
642,778
642,681
642,790
642,743
642,694
642,792
642,648
642,654
642,653
642,676
642,665
642,663
642,798
643,744
643,679
643,682
643,761
643,655
643,752
643,691
643,671
643,646
643,796
643,777
643,773
643,670
643,767
643,656
643,653
643,750
643,739
643,732
643,723
643,722
643,707
643,797
643,697
643,772
643,678
643,663
643,709
643,759
643,662
643,681
643,762
643,708
643,798
643,735
643,712
643,731
643,711
644,655
644,769
644,728
644,693
644,711
644,679
644,682
644,687
644,786
644,778
644,668
644,765
644,664
644,761
644,746
644,710
644,686
644,675
644,670
644,716
644,669
644,758
644,661
644,747
644,653
644,795
644,791
644,787
644,773
644,691
644,732
644,724
644,718
644,709
644,707
644,734
644,699
644,720
644,727
644,751
644,704
644,659
644,692
645,674
645,660
645,782
645,737
645,754
645,679
645,668
645,729
645,696
645,786
645,766
645,761
645,736
645,713
645,691
645,773
645,676
645,665
645,661
645,702
645,646
645,690
645,687
645,784
645,767
645,763
645,735
645,721
645,753
645,706
645,759
645,662
645,654
645,748
645,727
645,677
645,750
645,678
645,775
645,681
645,705
645,658
645,772
645,789
645,695
645,792
645,650
645,791
646,794
646,685
646,673
646,759
646,737
646,693
646,768
646,761
646,747
646,746
646,740
646,720
646,719
646,710
646,691
646,686
646,680
646,777
646,775
646,762
646,755
646,658
646,648
646,706
646,753
646,661
646,716
646,657
646,713
646,702
646,696
646,793
647,673
647,695
647,711
647,729
647,785
647,688
647,649
647,741
647,788
647,786
647,725
647,714
647,702
647,690
647,772
647,675
647,661
647,752
647,652
647,790
647,789
647,664
647,656
647,750
647,739
647,733
647,773
647,724
647,721
647,748
647,651
647,795
647,698
647,791
647,694
647,667
647,709
647,663
647,734
647,704
647,776
647,767
647,723
647,654
647,715
647,777
647,769
647,672
648,660
648,673
648,734
648,769
648,728
648,688
648,786
648,768
648,752
648,745
648,716
648,715
648,702
648,670
648,650
648,696
648,793
648,693
648,790
648,687
648,784
648,680
648,777
648,749
648,727
648,722
648,712
648,751
648,704
648,703
648,707
648,731
648,684
648,732
648,748
648,701
648,678
648,686
648,783
648,717
648,698
648,661
649,734
649,737
649,696
649,764
649,655
649,752
649,740
649,705
649,686
649,765
649,758
649,661
649,796
649,791
649,679
649,776
649,675
649,772
649,771
649,770
649,753
649,751
649,749
649,798
649,727
649,723
649,712
649,709
649,708
649,704
649,698
649,697
649,685
649,782
649,683
649,778
649,681
649,657
649,741
649,711
650,685
650,782
650,737
650,679
650,668
650,688
650,682
650,726
650,792
650,786
650,755
650,720
650,715
650,705
650,788
650,691
650,690
650,686
650,768
650,671
650,670
650,656
650,653
650,651
650,799
650,793
650,791
650,684
650,781
650,777
650,659
650,756
650,727
650,724
650,723
650,706
650,731
650,654
650,751
650,704
650,657
650,795
650,722
650,745
650,729
651,794
651,685
651,782
651,728
651,682
651,741
651,699
651,788
651,766
651,765
651,746
651,745
651,725
651,720
651,717
651,705
651,686
651,677
651,676
651,670
651,653
651,652
651,798
651,787
651,784
651,684
651,781
651,771
651,757
651,712
651,795
651,698
651,739
651,789
651,692
651,689
651,748
651,654
651,709
651,662
651,704
651,727
651,723
651,726
651,678
651,775
651,776
651,753
651,772
651,721
651,793
652,718
652,685
652,734
652,754
652,711
652,745
652,717
652,713
652,702
652,686
652,677
652,676
652,768
652,671
652,661
652,656
652,653
652,694
652,791
652,784
652,780
652,777
652,712
652,704
652,703
652,790
652,743
652,793
652,690
652,787
652,764
652,667
652,756
652,662
652,771
652,794
652,786
652,689
652,732
652,772
652,728
652,678
652,726
652,727
653,718
653,782
653,666
653,737
653,785
653,696
653,788
653,764
653,752
653,720
653,715
653,669
653,702
653,798
653,780
653,678
653,775
653,750
653,684
653,755
653,708
653,756
653,662
653,654
653,724
653,791
653,741
653,735
653,736
653,690
653,784
653,771
653,727
653,679
653,776
654,660
654,782
654,734
654,728
654,711
654,788
654,752
654,710
654,665
654,784
654,776
654,670
654,767
654,749
654,733
654,723
654,721
654,664
654,678
654,775
654,778
654,681
654,750
654,694
654,794
654,744
654,753
654,659
654,727
654,772
654,773
654,725
654,686
654,783
654,716
654,742
654,669
655,758
655,788
655,778
655,765
655,761
655,747
655,728
655,720
655,717
655,715
655,714
655,713
655,686
655,675
655,790
655,690
655,787
655,673
655,781
655,777
655,771
655,699
655,796
655,797
655,751
655,749
655,743
655,735
655,696
655,702
655,799
655,723
655,721
655,729
655,704
655,697
655,688
655,694
655,682
655,683
655,769
655,658
655,657
655,740
655,738
655,703
655,711
656,718
656,685
656,734
656,695
656,742
656,785
656,679
656,788
656,682
656,779
656,765
656,761
656,719
656,714
656,705
656,669
656,665
656,692
656,789
656,690
656,787
656,753
656,735
656,727
656,721
656,703
656,701
656,775
656,681
656,658
656,797
656,747
656,709
656,759
656,662
656,772
656,694
656,751
656,670
656,777
656,672
656,790
657,738
657,685
657,660
657,734
657,785
657,797
657,679
657,741
657,788
657,761
657,760
657,745
657,719
657,710
657,661
657,793
657,784
657,783
657,781
657,775
657,739
657,735
657,732
657,727
657,673
657,770
657,723
657,791
657,694
657,786
657,689
657,670
657,767
657,747
657,729
657,659
657,730
657,790
657,762
657,717
657,675
657,772
657,709
657,759
657,662
657,713
657,724
657,748
657,798
657,701
657,796
658,744
658,660
658,782
658,666
658,711
658,679
658,687
658,786
658,700
658,746
658,796
658,716
658,669
658,701
658,798
658,702
658,777
658,790
658,743
658,732
658,779
658,748
658,769
658,672
658,663
658,756
658,662
658,780
658,733
658,692
658,740
658,727
658,677
658,765
659,794
659,718
659,759
659,693
659,785
659,688
659,682
659,726
659,768
659,765
659,761
659,725
659,720
659,680
659,669
659,796
659,793
659,784
659,776
659,773
659,770
659,753
659,741
659,739
659,780
659,733
659,711
659,786
659,689
659,732
659,782
659,772
659,678
659,757
659,663
659,667
659,798
659,701
659,716
659,709
660,726
660,786
660,714
660,713
660,766
660,669
660,665
660,791
660,787
660,673
660,772
660,796
660,756
660,750
660,743
660,739
660,724
660,706
660,703
660,692
660,684
660,678
660,663
660,662
660,695
660,755
660,754
660,782
660,721
660,709
660,733
661,674
661,685
661,782
661,728
661,785
661,679
661,699
661,726
661,788
661,766
661,747
661,746
661,714
661,710
661,705
661,677
661,761
661,664
661,781
661,770
661,790
661,743
661,732
661,777
661,730
661,721
661,786
661,689
661,760
661,663
661,704
661,754
661,698
661,696
661,793
661,749
661,789
661,745
661,667
661,756
661,709
661,662
661,686
661,780
661,736
661,768
661,671
661,715
662,674
662,794
662,666
662,729
662,786
662,779
662,765
662,760
662,752
662,736
662,714
662,713
662,787
662,686
662,783
662,677
662,676
662,773
662,724
662,709
662,706
662,798
662,701
662,790
662,732
662,681
662,708
662,751
662,750
662,746
662,683
662,762
662,738
662,698
662,799
662,722
662,725
663,673
663,759
663,693
663,754
663,687
663,792
663,745
663,740
663,787
663,775
663,680
663,772
663,756
663,751
663,688
663,735
663,722
663,721
663,692
663,732
663,749
663,752
663,694
663,783
663,734
663,684
663,755
663,711
663,674
663,771
663,715
663,718
664,718
664,782
664,759
664,728
664,785
664,797
664,779
664,671
664,768
664,766
664,760
664,747
664,772
664,675
664,765
664,799
664,787
664,665
664,762
664,758
664,753
664,749
664,745
664,698
664,735
664,711
664,764
664,667
664,691
664,786
664,689
664,709
664,704
664,694
664,693
664,790
664,699
665,668
665,765
665,794
665,747
665,710
665,791
665,781
665,780
665,773
665,767
665,763
665,753
665,749
665,741
665,694
665,797
665,771
665,724
665,711
665,666
665,713
665,736
665,704
665,681
665,729
665,688
665,674
666,695
666,747
666,737
666,693
666,719
666,717
666,716
666,687
666,788
666,691
666,680
666,676
666,675
666,768
666,671
666,670
666,795
666,754
666,783
666,796
666,756
666,743
666,735
666,722
666,707
666,694
666,782
666,681
666,764
666,667
666,755
666,715
666,711
667,782
667,785
667,779
667,778
667,747
667,725
667,719
667,799
667,796
667,795
667,690
667,784
667,783
667,773
667,767
667,710
667,757
667,750
667,723
667,722
667,697
667,692
667,780
667,724
667,677
667,674
667,771
667,738
667,716
667,706
667,730
667,708
667,709
667,798
668,794
668,673
668,728
668,797
668,711
668,768
668,752
668,740
668,725
668,713
668,710
668,705
668,687
668,699
668,742
668,734
668,690
668,787
668,777
668,772
668,763
668,753
668,739
668,730
668,708
668,704
668,692
668,682
668,737
669,674
669,718
669,685
669,758
669,734
669,695
669,759
669,728
669,693
669,786
669,779
669,766
669,761
669,747
669,746
669,745
669,719
669,715
669,676
669,793
669,678
669,775
669,733
669,675
669,722
669,789
669,735
669,700
669,703
669,750
669,701
669,714
669,702
669,799
670,685
670,758
670,759
670,728
670,797
670,679
670,729
670,682
670,779
670,714
670,713
670,784
670,671
670,783
670,777
670,771
670,720
670,767
670,763
670,735
670,727
670,676
670,773
670,704
670,748
670,721
670,675
670,722
670,705
670,731
671,744
671,782
671,737
671,774
671,699
671,788
671,768
671,766
671,765
671,736
671,728
671,781
671,773
671,770
671,751
671,732
671,680
671,727
671,724
671,703
671,745
671,698
671,692
671,789
671,792
671,739
671,702
671,791
671,719
671,672
671,779
671,683
671,718
671,713
671,709
671,731
671,758
672,693
672,754
672,711
672,679
672,766
672,747
672,740
672,716
672,691
672,785
672,688
672,771
672,756
672,722
672,689
672,772
672,678
672,702
672,799
672,701
672,798
672,751
672,795
672,676
672,673
672,770
672,791
672,697
672,777
672,730
673,766
673,761
673,747
673,737
673,720
673,715
673,686
673,677
673,759
673,795
673,687
673,784
673,777
673,775
673,674
673,771
673,797
673,748
673,798
673,732
673,723
673,778
673,681
673,769
673,760
673,754
673,745
673,718
674,779
674,761
674,714
674,691
674,793
674,711
674,772
674,796
674,767
674,762
674,757
674,748
674,724
674,722
674,721
674,709
674,708
674,707
674,701
674,794
674,697
674,694
674,785
674,758
674,684
674,678
674,695
674,782
674,738
674,725
674,720
674,712
675,782
675,737
675,693
675,785
675,711
675,729
675,696
675,726
675,792
675,778
675,768
675,765
675,740
675,714
675,700
675,791
675,687
675,784
675,783
675,781
675,679
675,776
675,771
675,762
675,757
675,795
675,748
675,770
675,723
675,712
675,709
675,706
675,704
675,754
675,764
675,708
675,780
675,707
675,678
675,713
675,763
676,685
676,734
676,695
676,728
676,785
676,711
676,682
676,778
676,764
676,755
676,747
676,717
676,680
676,687
676,784
676,773
676,751
676,780
676,733
676,721
676,706
676,750
676,703
676,701
676,684
676,714
676,709
676,757
676,783
676,716
676,705
676,697
676,700
676,710
676,743
676,692
676,789
676,694
677,685
677,737
677,728
677,693
677,754
677,785
677,688
677,779
677,768
677,760
677,716
677,710
677,747
677,700
677,691
677,798
677,795
677,730
677,759
677,712
677,689
677,715
677,718
677,765
677,739
677,732
677,684
677,681
677,723
677,717
677,719
677,743
678,738
678,695
678,759
678,785
678,774
678,711
678,696
678,741
678,779
678,768
678,747
678,719
678,713
678,710
678,799
678,789
678,690
678,787
678,783
678,767
678,762
678,751
678,750
678,749
678,733
678,730
678,709
678,708
678,697
678,771
678,748
678,769
678,743
678,701
678,795
678,712
679,738
679,734
679,759
679,711
679,726
679,786
679,778
679,761
679,714
679,713
679,717
679,752
679,750
679,696
679,793
679,783
679,780
679,777
679,775
679,725
679,772
679,769
679,762
679,739
679,756
679,709
679,682
679,746
679,799
679,754
679,781
679,737
679,773
679,792
680,758
680,711
680,688
680,778
680,719
680,737
680,690
680,744
680,791
680,780
680,775
680,773
680,756
680,751
680,704
680,683
680,743
680,765
680,757
680,699
680,703
680,747
681,744
681,718
681,785
681,729
681,741
681,779
681,778
681,764
681,761
681,747
681,725
681,713
681,710
681,798
681,790
681,784
681,783
681,757
681,756
681,727
681,704
681,694
681,730
681,780
681,683
681,724
681,753
681,740
681,689
681,733
681,731
681,771
681,720
681,746
681,685
681,782
681,735
681,709
681,759
681,712
681,711
681,705
681,715
682,744
682,759
682,779
682,760
682,745
682,714
682,705
682,700
682,796
682,780
682,775
682,772
682,751
682,712
682,698
682,770
682,741
682,738
682,715
682,711
683,738
683,685
683,760
683,740
683,700
683,798
683,795
683,790
683,731
683,776
683,706
683,789
683,723
683,769
683,786
683,692
683,708
683,774
683,703
683,705
684,685
684,729
684,766
684,752
684,740
684,716
684,705
684,691
684,686
684,797
684,700
684,790
684,753
684,751
684,780
684,733
684,732
684,731
684,689
684,771
684,721
684,698
684,701
684,725
684,793
684,746
684,767
684,712
684,747
684,735
684,745
685,738
685,726
685,788
685,768
685,761
685,742
685,740
685,713
685,759
685,793
685,686
685,783
685,770
685,767
685,751
685,743
685,727
685,702
685,799
685,724
685,722
685,729
685,780
685,778
685,695
685,737
685,782
685,774
685,706
685,701
685,700
686,794
686,744
686,738
686,734
686,693
686,711
686,764
686,761
686,760
686,720
686,717
686,716
686,710
686,705
686,701
686,798
686,753
686,743
686,739
686,732
686,722
686,712
686,776
686,758
686,773
686,725
686,746
686,723
686,788
686,691
686,741
687,794
687,744
687,734
687,769
687,728
687,696
687,786
687,778
687,768
687,765
687,761
687,746
687,719
687,717
687,710
687,705
687,700
687,788
687,691
687,742
687,796
687,767
687,762
687,748
687,743
687,732
687,799
687,723
687,703
687,692
687,771
687,745
687,738
687,720
688,782
688,759
688,785
688,696
688,792
688,778
688,764
688,716
688,705
688,797
688,700
688,788
688,691
688,774
688,728
688,790
688,690
688,787
688,777
688,767
688,762
688,743
688,732
688,799
688,724
688,709
688,708
688,707
688,798
688,701
688,697
688,771
688,721
688,718
688,796
689,744
689,782
689,728
689,785
689,741
689,726
689,786
689,736
689,693
689,790
689,780
689,749
689,735
689,732
689,798
689,701
689,697
689,791
689,694
689,692
689,781
689,769
689,704
689,756
689,722
689,765
689,713
689,770
689,743
689,796
690,758
690,737
690,774
690,755
690,736
690,705
690,784
690,775
690,767
690,751
690,709
690,698
690,792
690,786
690,692
690,727
690,749
690,700
690,738
690,778
690,731
690,761
690,743
691,758
691,759
691,729
691,786
691,764
691,755
691,752
691,736
691,720
691,798
691,789
691,777
691,775
691,756
691,749
691,748
691,718
691,712
691,751
691,704
691,703
691,698
691,780
691,731
691,781
691,714
691,771
691,700
691,741
691,762
691,725
691,794
691,707
691,710
692,744
692,758
692,728
692,729
692,794
692,747
692,716
692,796
692,790
692,762
692,708
692,736
692,718
692,707
692,752
692,761
692,703
692,774
692,745
692,698
692,722
692,757
692,740
693,758
693,734
693,759
693,788
693,768
693,716
693,713
693,705
693,796
693,793
693,787
693,780
693,771
693,763
693,751
693,750
693,749
693,799
693,724
693,712
693,706
693,792
693,694
693,727
693,729
693,725
693,722
693,733
693,701
693,795
694,782
694,737
694,785
694,741
694,764
694,714
694,796
694,789
694,787
694,781
694,777
694,772
694,771
694,767
694,763
694,733
694,731
694,722
694,756
694,709
694,698
694,743
694,770
694,723
694,757
694,748
694,717
694,761
694,712
694,716
694,707
695,738
695,782
695,726
695,792
695,786
695,779
695,764
695,747
695,699
695,791
695,790
695,789
695,784
695,783
695,781
695,776
695,711
695,773
695,772
695,770
695,757
695,727
695,709
695,707
695,706
695,701
695,698
695,785
695,769
695,703
695,774
695,718
696,744
696,768
696,761
696,755
696,797
696,700
696,790
696,789
696,784
696,781
696,773
696,763
696,758
696,750
696,739
696,733
696,732
696,724
696,721
696,709
696,708
696,703
696,785
696,775
696,771
696,741
696,730
696,706
696,699
696,698
697,758
697,782
697,742
697,754
697,745
697,795
697,789
697,780
697,775
697,791
697,732
697,730
697,706
697,790
697,783
697,784
697,734
697,773
697,763
697,757
697,798
697,709
697,715
697,762
697,718
697,703
698,728
698,726
698,792
698,786
698,766
698,736
698,725
698,700
698,790
698,775
698,770
698,730
698,788
698,787
698,781
698,779
698,748
698,729
698,767
698,759
698,707
698,796
698,706
698,794
699,794
699,769
699,759
699,728
699,726
699,755
699,747
699,746
699,734
699,784
699,771
699,767
699,757
699,756
699,743
699,724
699,704
699,715
699,796
699,795
700,754
700,747
700,740
700,725
700,714
700,799
700,798
700,791
700,784
700,767
700,709
700,703
700,796
700,788
700,787
700,777
700,726
700,771
700,721
700,763
700,752
700,743
700,732
700,781
700,734
700,711
700,722
700,712
701,718
701,758
701,711
701,726
701,788
701,736
701,725
701,705
701,793
701,769
701,757
701,790
701,743
701,732
701,786
701,776
701,756
701,759
701,798
701,751
701,763
701,719
701,723
701,724
701,716
701,737
701,712
701,703
702,758
702,782
702,759
702,785
702,774
702,741
702,792
702,788
702,764
702,714
702,710
702,777
702,770
702,723
702,712
702,766
702,719
702,765
702,705
702,794
702,762
702,703
702,729
702,721
703,744
703,718
703,758
703,769
703,728
703,711
703,729
703,726
703,786
703,778
703,761
703,760
703,796
703,781
703,773
703,751
703,731
703,721
703,743
703,738
703,777
703,750
703,727
703,775
703,723
703,705
703,767
704,742
704,768
704,766
704,765
704,736
704,720
704,716
704,715
704,714
704,793
704,790
704,789
704,783
704,781
704,780
704,777
704,730
704,786
704,726
704,762
704,795
704,745
704,734
704,778
704,723
704,725
704,747
704,753
704,741
704,727
705,738
705,788
705,786
705,768
705,764
705,787
705,783
705,799
705,784
705,708
705,758
705,722
705,798
705,751
705,727
705,762
705,742
706,758
706,785
706,711
706,788
706,786
706,725
706,719
706,790
706,789
706,780
706,750
706,735
706,731
706,776
706,727
706,771
706,724
706,708
706,742
706,777
706,728
706,793
706,783
706,799
706,713
706,781
706,762
706,718
707,738
707,734
707,728
707,768
707,764
707,785
707,783
707,781
707,772
707,750
707,748
707,731
707,771
707,724
707,795
707,741
707,791
707,779
707,762
707,765
707,715
707,756
707,727
707,780
707,757
707,745
707,796
708,744
708,758
708,734
708,769
708,728
708,754
708,741
708,747
708,717
708,714
708,791
708,775
708,798
708,751
708,750
708,748
708,731
708,776
708,772
708,721
708,762
708,718
708,765
708,756
708,709
708,759
709,718
709,728
709,785
709,779
709,755
709,745
709,720
709,716
709,799
709,780
709,763
709,757
709,754
709,787
709,790
709,778
709,777
709,750
709,727
709,752
709,758
710,718
710,769
710,759
710,728
710,785
710,754
710,794
710,760
710,745
710,736
710,720
710,719
710,715
710,790
710,753
710,721
710,775
710,793
710,755
710,756
710,779
710,729
710,714
711,794
711,782
711,726
711,725
711,767
711,744
711,735
711,771
711,724
711,723
711,722
711,792
711,729
711,790
711,795
711,748
711,798
711,784
711,762
711,717
711,753
712,794
712,718
712,759
712,785
712,792
712,786
712,760
712,746
712,725
712,720
712,713
712,791
712,783
712,739
712,732
712,723
712,749
712,780
712,733
712,731
712,778
712,762
712,721
712,738
712,728
712,777
712,745
712,714
713,758
713,741
713,792
713,714
713,784
713,780
713,731
713,753
713,786
713,778
713,768
713,756
713,735
713,737
713,779
713,771
713,751
713,754
713,789
714,718
714,782
714,734
714,728
714,729
714,741
714,792
714,778
714,765
714,761
714,760
714,747
714,740
714,798
714,783
714,773
714,739
714,796
714,722
714,725
714,767
714,789
714,777
715,742
715,785
715,754
715,726
715,779
715,764
715,740
715,736
715,799
715,790
715,777
715,730
715,773
715,729
715,765
715,731
715,734
715,724
715,772
715,728
715,732
715,746
716,758
716,754
716,729
716,785
716,761
716,752
716,793
716,790
716,775
716,757
716,718
716,751
716,782
716,776
716,798
716,728
716,771
716,722
716,762
716,792
716,745
717,785
717,797
717,766
717,765
717,764
717,752
717,736
717,720
717,776
717,775
717,762
717,753
717,748
717,791
717,743
717,773
717,722
717,723
717,798
717,754
717,789
717,745
717,755
717,731
718,764
718,742
718,755
718,768
718,761
718,734
718,795
718,790
718,754
718,784
718,780
718,776
718,772
718,771
718,770
718,743
718,735
718,732
718,731
718,727
718,799
718,724
718,722
718,778
718,769
718,792
718,756
718,741
718,738
718,729
718,721
719,794
719,782
719,769
719,741
719,778
719,752
719,799
719,791
719,789
719,783
719,786
719,739
719,790
719,787
719,737
719,780
719,798
719,751
719,754
719,762
719,725
720,769
720,742
720,737
720,786
720,779
720,766
720,764
720,761
720,760
720,746
720,745
720,791
720,789
720,784
720,781
720,780
720,771
720,763
720,750
720,735
720,751
720,732
720,788
720,770
720,734
720,743
721,734
721,759
721,754
721,785
721,741
721,726
721,792
721,768
721,766
721,761
721,746
721,745
721,740
721,725
721,791
721,787
721,772
721,771
721,763
721,735
721,797
721,781
721,773
721,765
721,756
721,799
721,793
722,744
722,738
722,734
722,728
722,785
722,754
722,755
722,799
722,798
722,777
722,776
722,772
722,771
722,770
722,750
722,743
722,769
722,732
722,756
722,795
722,740
722,783
723,758
723,782
723,728
723,729
723,741
723,778
723,761
723,752
723,745
723,725
723,773
723,772
723,757
723,738
723,732
723,727
723,799
723,796
723,771
723,774
723,798
723,735
723,733
723,747
723,791
723,792
723,795
723,777
723,780
723,753
724,758
724,742
724,786
724,765
724,761
724,760
724,799
724,796
724,789
724,787
724,784
724,777
724,770
724,749
724,762
724,790
724,782
724,729
724,778
724,764
724,754
724,747
724,743
724,793
724,772
724,748
725,794
725,758
725,782
725,742
725,785
725,774
725,768
725,760
725,752
725,745
725,796
725,784
725,757
725,773
725,738
725,788
725,759
725,780
725,736
725,798
725,751
725,732
725,792
725,799
726,738
726,737
726,729
726,760
726,740
726,747
726,741
726,796
726,773
726,770
726,757
726,735
726,727
727,738
727,782
727,769
727,788
727,779
727,760
727,799
727,798
727,796
727,789
727,781
727,780
727,777
727,756
727,743
727,735
727,733
727,732
727,793
727,754
727,750
727,749
727,747
727,731
727,755
727,778
728,769
728,792
728,788
728,746
728,740
728,765
728,761
728,734
728,796
728,791
728,775
728,773
728,767
728,731
728,730
728,774
729,758
729,785
729,774
729,779
729,761
729,760
729,745
729,747
729,796
729,787
729,783
729,775
729,772
729,756
729,751
729,749
729,735
729,732
729,731
729,792
729,781
729,754
729,733
730,758
730,737
730,760
730,795
730,790
730,787
730,780
730,776
730,770
730,798
730,751
730,761
730,766
730,741
730,754
731,797
731,774
731,761
731,799
731,795
731,746
731,793
731,780
731,767
731,732
731,778
731,765
731,789
731,796
732,782
732,742
732,766
732,747
732,736
732,799
732,791
732,789
732,787
732,785
732,777
732,776
732,771
732,753
732,750
732,748
732,739
732,798
732,768
732,786
732,756
732,745
732,797
733,754
733,766
733,764
733,755
733,747
733,736
733,798
733,791
733,789
733,787
733,737
733,784
733,762
733,750
733,739
733,735
733,758
733,778
733,772
733,790
733,767
733,776
734,788
734,778
734,742
734,737
734,740
734,765
734,789
734,787
734,784
734,775
734,749
734,748
734,739
734,735
734,757
735,782
735,769
735,737
735,792
735,788
735,768
735,789
735,777
735,776
735,791
735,743
735,796
735,754
735,751
735,740
735,761
735,760
736,754
736,778
736,761
736,752
736,793
736,787
736,777
736,773
736,749
736,779
736,748
736,743
736,780
736,776
736,755
736,745
736,741
737,786
737,764
737,768
737,752
737,783
737,777
737,773
737,749
737,748
737,792
737,791
737,746
737,738
738,786
738,778
738,745
738,793
738,784
738,773
738,771
738,796
738,763
738,756
738,748
738,799
738,785
738,780
738,775
738,764
738,792
738,741
738,774
738,795
739,782
739,769
739,797
739,740
739,791
739,763
739,756
739,759
739,754
739,784
739,798
739,751
740,744
740,758
740,785
740,788
740,765
740,755
740,746
740,749
740,757
740,775
740,759
741,769
741,759
741,760
741,745
741,765
741,790
741,784
741,751
741,782
741,779
741,775
741,757
741,795
742,768
742,766
742,761
742,760
742,746
742,795
742,793
742,790
742,784
742,775
742,772
742,763
742,762
742,743
742,799
742,794
742,751
743,744
743,782
743,759
743,792
743,788
743,768
743,765
743,760
743,745
743,796
743,780
743,776
743,772
743,762
743,756
743,753
743,748
743,790
743,787
743,773
743,755
744,745
744,768
744,784
744,783
744,770
744,762
744,748
744,799
744,789
744,778
744,769
745,759
745,785
745,752
745,795
745,780
745,771
745,770
745,753
745,748
745,782
745,751
745,754
745,766
745,758
745,750
745,781
746,794
746,769
746,788
746,786
746,764
746,747
746,789
746,758
746,751
746,784
746,768
746,782
746,755
746,775
746,752
746,799
746,763
747,759
747,785
747,792
747,765
747,798
747,796
747,795
747,793
747,791
747,787
747,767
747,756
747,777
747,769
747,758
747,752
747,763
747,778
748,758
748,768
748,761
748,757
748,783
748,769
748,789
748,777
748,782
748,749
748,785
749,774
749,768
749,765
749,796
749,793
749,791
749,780
749,763
749,750
749,760
749,751
749,798
749,783
749,781
749,761
749,758
749,772
750,754
750,774
750,792
750,788
750,786
750,765
750,799
750,789
750,783
750,775
750,757
750,766
750,759
750,784
751,794
751,774
751,778
751,766
751,761
751,793
751,772
751,771
751,762
751,753
751,777
751,756
751,768
751,788
751,757
751,769
752,794
752,769
752,785
752,764
752,790
752,775
752,772
752,770
752,789
752,771
752,760
752,759
752,763
752,781
753,782
753,785
753,797
753,774
753,786
753,766
753,799
753,795
753,784
753,767
753,763
753,770
753,780
753,781
753,794
754,759
754,793
754,790
754,789
754,787
754,784
754,776
754,772
754,767
754,771
754,769
754,774
755,768
755,765
755,761
755,781
755,790
755,783
755,799
756,794
756,764
756,761
756,789
756,780
756,777
756,771
756,798
756,791
756,779
756,757
756,760
756,781
756,762
756,792
757,758
757,782
757,778
757,799
757,776
757,771
757,762
757,772
757,790
757,775
757,770
757,773
757,777
758,792
758,786
758,779
758,778
758,765
758,790
758,787
758,776
758,772
758,767
758,799
758,785
758,769
758,782
758,795
759,765
759,761
759,794
759,791
759,780
759,773
759,772
759,770
760,794
760,765
760,764
760,787
760,784
760,767
760,761
760,777
760,793
761,785
761,790
761,780
761,777
761,773
761,762
761,784
761,797
761,793
762,769
762,766
762,790
762,776
762,773
762,771
762,784
763,769
763,789
763,787
763,780
763,773
763,767
763,794
763,782
763,796
763,772
763,771
763,770
764,766
764,796
764,782
764,784
764,767
764,799
764,791
764,773
764,772
764,780
764,775
765,794
765,788
765,778
765,780
765,771
765,799
765,786
765,774
765,796
766,794
766,788
766,771
766,778
766,786
766,782
766,796
767,794
767,769
767,790
767,787
767,775
767,781
767,772
767,797
767,773
767,799
767,777
768,785
768,788
768,791
768,789
768,780
768,771
768,772
768,779
768,799
769,779
769,794
769,789
769,787
769,781
769,799
769,785
769,770
769,774
770,785
770,797
770,793
770,784
770,792
770,786
770,781
771,785
771,792
771,793
771,784
771,788
771,779
771,799
771,791
771,794
772,797
772,788
772,799
772,795
772,781
772,790
772,784
772,798
772,791
773,778
773,798
773,791
773,780
773,779
773,796
774,797
774,786
774,795
774,793
774,791
774,787
774,784
774,781
774,777
774,776
775,785
775,786
775,791
775,783
775,781
775,780
775,788
775,787
775,793
776,786
776,782
776,780
776,779
776,797
777,785
777,781
777,788
777,794
778,788
778,786
778,791
778,790
778,789
778,784
778,783
778,787
778,793
779,792
779,786
779,791
779,790
779,795
780,792
780,799
780,791
780,796
781,785
781,787
781,784
781,792
781,786
782,788
782,784
782,783
782,796
782,799
783,786
783,799
783,790
783,789
783,792
784,785
784,788
784,793
784,790
785,790
785,793
785,791
785,798
786,794
786,797
787,788
787,796
787,789
787,799
788,794
788,797
788,795
789,797
789,799
789,795
789,794
789,792
790,791
791,799
791,795
792,794
792,798
792,796
793,799
795,797
795,799
796,798
797,798
800,872
800,2556
800,854
800,1539
800,813
800,1755
800,882
800,1652
800,1359
800,1674
800,2682
800,905
800,1721
800,2505
800,2311
800,862
800,2608
800,851
800,877
800,892
800,2153
800,837
800,881
800,864
800,814
800,861
800,844
800,2307
800,852
800,826
800,923
800,825
800,1102
800,819
800,845
800,1751
800,1328
800,987
800,832
801,854
801,849
801,816
801,2672
801,882
801,1967
801,1890
801,2563
801,1721
801,806
801,2552
801,809
801,2295
801,2682
801,2338
801,1928
801,1723
801,811
801,2141
801,851
801,1724
801,2253
801,802
801,2677
801,881
801,1732
801,2023
801,859
801,832
801,821
801,1180
801,1374
801,825
801,866
801,819
801,804
801,824
801,2103
801,842
801,869
801,822
802,1804
802,817
802,1167
802,2278
802,2345
802,1739
802,866
802,2400
802,1721
802,858
802,826
802,2601
802,2097
802,2141
802,2129
802,2338
802,885
802,1165
802,2125
802,1737
802,849
802,1916
802,2153
802,1175
802,2339
802,884
802,877
802,2674
802,831
802,2034
802,898
802,1752
802,879
802,852
802,843
802,2682
802,839
802,2560
802,821
802,895
802,2343
802,888
802,1179
802,803
802,2001
802,2344
802,889
802,871
802,825
802,2021
803,873
803,854
803,836
803,2661
803,816
803,2480
803,2343
803,2339
803,2345
803,1740
803,2563
803,2131
803,1721
803,1674
803,874
803,829
803,805
803,1387
803,1880
803,2304
803,1750
803,889
803,835
803,861
803,2025
803,1734
803,2253
803,2156
803,895
803,2338
803,883
803,1744
803,871
803,2508
803,859
803,856
803,2601
803,855
803,847
803,2632
803,886
803,2682
803,839
803,821
803,863
803,1192
803,901
803,804
803,1815
803,2106
803,2521
803,814
803,823
804,2407
804,816
804,813
804,810
804,899
804,896
804,866
804,1740
804,2679
804,2553
804,826
804,1197
804,809
804,1888
804,829
804,2147
804,2129
804,868
804,1737
804,1916
804,991
804,2446
804,1185
804,894
804,889
804,842
804,833
804,818
804,811
804,898
804,883
804,879
804,859
804,852
804,891
804,1596
804,844
804,840
804,2003
804,839
804,834
804,822
804,825
804,863
804,860
804,1526
804,841
804,895
804,897
804,2132
804,871
804,824
804,2594
804,827
805,1134
805,2562
805,2451
805,826
805,877
805,1723
805,850
805,811
805,846
805,2553
805,1359
805,897
805,895
805,883
805,2311
805,817
805,871
805,861
805,827
805,2601
805,824
805,821
805,848
805,808
805,1100
805,809
805,1563
805,2673
805,2001
805,2139
805,2009
805,1902
805,847
805,1914
805,2491
805,2198
805,815
805,2658
805,2674
805,2480
805,2043
805,960
805,2500
806,1747
806,2651
806,1119
806,1185
806,826
806,2445
806,1757
806,884
806,857
806,1917
806,850
806,1112
806,2373
806,846
806,882
806,895
806,829
806,871
806,870
806,2227
806,1742
806,869
806,867
806,845
806,844
806,827
806,2278
806,823
806,807
806,898
806,890
806,1181
806,2565
806,1891
806,2141
806,2626
806,2389
806,2705
807,1743
807,873
807,854
807,816
807,2676
807,810
807,2553
807,1721
807,2559
807,1752
807,893
807,851
807,1737
807,880
807,877
807,878
807,831
807,1100
807,818
807,811
807,2601
807,840
807,887
807,883
807,872
807,2141
807,1272
807,1916
807,835
807,834
807,899
807,2027
807,1275
807,852
807,819
807,847
807,824
807,1197
807,2560
807,1385
807,888
807,1828
807,2138
807,869
808,2130
808,1272
808,2661
808,2344
808,1967
808,2625
808,846
808,2563
808,2094
808,1900
808,1395
808,2400
808,1721
808,1815
808,2480
808,1898
808,1362
808,2159
808,2102
808,2338
808,1902
808,1890
808,855
808,2308
808,853
808,2599
808,811
808,1373
808,856
808,1755
808,859
808,2675
808,2481
808,1807
808,2487
808,838
808,2122
808,2428
808,2331
808,2027
808,852
808,1436
808,1906
808,1347
808,2179
808,1112
808,2595
808,1819
808,1321
809,2536
809,849
809,836
809,2480
809,882
809,2344
809,2138
809,2027
809,1900
809,1359
809,1721
809,848
809,2308
809,1169
809,2601
809,1146
809,858
809,1149
809,1134
809,894
809,1757
809,884
809,828
809,811
809,2677
809,2149
809,1167
809,1749
809,2153
809,895
809,868
809,883
809,870
809,861
809,1727
809,839
809,2678
809,835
809,823
809,1965
809,1529
809,866
809,2026
809,1891
809,825
809,1366
809,821
809,1888
809,998
809,815
809,2270
809,2421
810,872
810,1190
810,1722
810,1667
810,1197
810,1167
810,1153
810,1169
810,1196
810,1154
810,1124
810,1117
810,1115
810,812
810,1744
810,2446
810,894
810,888
810,877
810,857
810,811
810,2345
810,1741
810,868
810,881
810,1740
810,821
810,1884
810,1108
810,814
810,2038
810,1523
810,845
810,2300
810,2003
810,2679
811,1106
811,1742
811,2697
811,854
811,1103
811,896
811,2345
811,1900
811,826
811,1158
811,1343
811,2574
811,2682
811,893
811,2672
811,829
811,905
811,1140
811,878
811,1751
811,2126
811,1175
811,2339
811,2601
811,1728
811,1185
811,894
811,877
811,860
811,850
811,887
811,2311
811,856
811,883
811,1747
811,1152
811,861
811,1822
811,852
811,1173
811,844
811,834
811,863
811,1758
811,1153
811,2553
811,848
811,945
811,857
811,819
811,895
811,1674
812,2556
812,1674
812,1330
812,835
812,853
812,2343
812,848
813,2130
813,1910
813,1884
813,1732
813,1122
813,873
813,1733
813,2490
813,1120
813,1751
813,1744
813,826
813,2149
813,896
813,892
813,2553
813,1674
813,889
813,2344
813,890
813,883
813,2682
813,856
813,2407
813,855
813,847
813,832
813,827
813,825
813,848
813,819
813,897
813,2260
813,1880
813,872
813,2036
813,1156
813,1379
813,1540
813,958
813,912
813,911
814,1910
814,816
814,2632
814,2675
814,1918
814,2096
814,2126
814,2673
814,2650
814,2530
814,2343
814,2149
814,2141
814,905
814,829
814,1916
814,1391
814,1115
814,2153
814,1757
814,1272
814,884
814,890
814,879
814,2281
814,871
814,2682
814,827
814,899
814,1801
814,1510
814,1834
814,2028
814,2130
814,869
814,2338
814,1304
814,834
814,1363
814,2103
814,842
814,1967
815,820
815,1167
815,2198
815,2601
815,2141
815,885
815,1330
815,2311
815,1147
815,1135
815,2139
815,878
815,1751
815,1880
815,866
815,1272
815,884
815,1738
815,1350
815,897
815,887
815,2002
815,2681
815,1154
815,864
815,936
815,839
815,877
815,894
815,847
815,824
815,822
815,1903
815,1109
815,859
815,1740
815,1352
815,2034
815,860
816,1860
816,2301
816,817
816,2678
816,2387
816,2377
816,1179
816,1746
816,1150
816,1351
816,2446
816,894
816,878
816,851
816,2141
816,1270
816,896
816,1139
816,1721
816,885
816,1272
816,2339
816,899
816,886
816,868
816,2142
816,881
816,852
816,847
816,845
816,844
816,843
816,834
816,2373
816,821
816,1192
816,2121
816,840
816,2004
816,864
816,1834
816,2331
816,2428
816,879
816,2625
816,2680
816,1898
816,1307
816,1303
816,908
817,1122
817,2082
817,872
817,1745
817,1159
817,2446
817,826
817,2557
817,888
817,1272
817,884
817,880
817,865
817,860
817,2100
817,2278
817,874
817,2338
817,1916
817,892
817,2153
817,1674
817,2034
817,2344
817,891
817,886
817,2311
817,905
817,1720
817,847
817,827
817,825
817,2678
817,1298
817,897
817,2255
817,2261
817,1904
818,2595
818,1167
818,899
818,2631
818,2344
818,2123
818,1721
818,2129
818,2445
818,893
818,905
818,1196
818,2632
818,2147
818,1161
818,1117
818,894
818,888
818,850
818,831
818,851
818,881
818,827
818,874
818,1747
818,1259
818,871
818,2153
818,843
818,890
818,1158
818,867
818,845
818,840
818,2138
818,1750
818,2278
818,823
818,859
818,2311
818,1596
819,1738
819,2300
819,1362
819,2260
819,2428
819,1732
819,1344
819,874
819,2278
819,2561
819,2338
819,1674
819,1721
819,2153
819,1880
819,1758
819,833
819,831
819,867
819,2034
819,861
819,843
819,886
819,839
819,1757
819,2339
819,835
819,2155
819,894
819,2407
819,847
819,2552
819,860
819,852
819,1111
819,905
819,840
820,2454
820,2555
820,1111
820,1121
820,1112
820,2562
820,853
820,2448
820,1750
820,1362
820,1185
820,878
820,860
820,857
820,2305
820,850
820,2126
820,828
820,1815
820,1359
820,2344
820,898
820,897
820,891
820,886
820,2311
820,2682
820,871
820,841
820,840
820,2677
820,834
820,827
820,2601
820,824
820,848
820,842
820,2006
820,1752
820,2676
820,859
820,2023
820,1183
820,2444
820,1731
820,858
820,1828
820,1646
821,2302
821,2306
821,2112
821,1272
821,2480
821,882
821,2345
821,2139
821,846
821,2563
821,2553
821,1721
821,2557
821,893
821,1170
821,1112
821,853
821,1744
821,1734
821,2344
821,889
821,2138
821,877
821,1756
821,883
821,869
821,864
821,2601
821,855
821,844
821,2156
821,2142
821,2595
821,1819
821,2562
821,1897
821,2632
821,1177
821,1371
821,2153
821,897
821,894
821,899
821,827
821,824
821,2311
821,856
822,1755
822,1685
822,896
822,2563
822,2027
822,986
822,1721
822,848
822,2426
822,874
822,854
822,2406
822,867
822,1143
822,1126
822,974
822,877
822,1539
822,860
822,850
822,897
822,1729
822,2311
822,883
822,881
822,870
822,869
822,839
822,2110
822,840
822,886
822,832
822,893
822,1281
822,857
822,824
822,1891
822,851
822,847
823,1739
823,1884
823,2480
823,2344
823,2126
823,1359
823,1815
823,1362
823,2152
823,2608
823,2149
823,1185
823,893
823,1196
823,2281
823,2407
823,2310
823,846
823,1525
823,1720
823,1724
823,878
823,1320
823,2034
823,2447
823,895
823,1842
823,856
823,843
823,2198
823,1325
823,840
823,871
823,824
823,2339
823,884
823,857
823,1520
823,2083
823,1598
823,852
823,2308
823,1338
824,1272
824,2307
824,2077
824,2344
824,846
824,1803
824,1900
824,1721
824,826
824,2554
824,2295
824,2286
824,2141
824,2557
824,829
824,2311
824,851
824,2376
824,868
824,1186
824,1321
824,2451
824,1728
824,860
824,828
824,897
824,890
824,887
824,2338
824,883
824,1754
824,879
824,864
824,863
824,1540
824,861
824,1815
824,845
824,1363
824,2037
824,858
824,2278
824,2084
824,2005
824,1329
824,2026
824,2553
824,1905
824,2450
825,2252
825,836
825,2678
825,2661
825,2343
825,2004
825,866
825,2003
825,1359
825,2319
825,1815
825,2601
825,1343
825,2141
825,2311
825,2560
825,2153
825,1880
825,1170
825,826
825,1117
825,1720
825,833
825,854
825,1630
825,1180
825,889
825,890
825,1172
825,881
825,1743
825,870
825,861
825,1916
825,832
825,1733
825,2121
825,1822
825,852
825,884
825,1592
825,878
826,854
826,2676
826,896
826,1967
826,1721
826,2300
826,1728
826,1734
826,888
826,1164
826,860
826,1812
826,842
826,831
826,2451
826,857
826,2552
826,828
826,898
826,1674
826,895
826,829
826,890
826,868
826,852
826,1901
826,834
826,851
826,847
826,832
826,2536
826,2099
826,1749
826,2031
826,866
826,1106
826,1494
827,1577
827,2018
827,2343
827,1167
827,2344
827,991
827,2027
827,1359
827,1815
827,838
827,1153
827,905
827,1916
827,851
827,2658
827,839
827,892
827,2153
827,1830
827,860
827,857
827,833
827,1316
827,831
827,1754
827,2142
827,1164
827,2037
827,1111
827,1886
827,852
827,886
827,893
827,1184
827,868
827,879
827,1880
827,866
827,2563
827,864
827,1881
828,866
828,2319
828,2661
828,1815
828,1167
828,838
828,1185
828,896
828,905
828,851
828,2338
828,1190
828,2553
828,1754
828,854
828,1747
828,1739
828,846
828,938
828,1126
828,853
828,2451
828,2646
828,1330
828,2455
828,1750
828,1734
828,877
828,1884
828,2213
828,850
828,1741
828,2563
828,1736
828,843
828,855
828,867
828,1557
829,854
829,1272
829,2678
829,2491
829,2448
829,2198
829,899
829,2003
829,1740
829,1359
829,1834
829,2149
829,2445
829,905
829,846
829,865
829,860
829,892
829,1674
829,898
829,895
829,887
829,883
829,871
829,843
829,2560
829,1192
829,1720
829,847
829,1817
829,2475
829,1893
829,946
829,832
830,2351
830,1838
830,1364
830,2303
830,876
830,2039
830,1812
830,1967
830,2546
830,1965
830,1810
830,2650
830,2551
830,2397
830,1393
830,988
830,1394
830,1391
830,1380
830,1367
830,964
830,1352
830,1350
830,1332
830,1331
830,2674
830,1316
830,1306
830,1828
830,1377
830,2706
830,960
830,1348
830,1321
830,1806
830,1329
830,1340
830,1372
830,1392
830,2168
830,2195
830,1322
830,2183
830,2230
830,2466
830,1302
830,1772
830,1314
830,1356
830,903
830,1388
830,2191
830,1956
831,872
831,2556
831,2407
831,2016
831,1175
831,882
831,2038
831,1104
831,846
831,1834
831,2554
831,2261
831,2682
831,1185
831,2561
831,1721
831,848
831,2129
831,868
831,1177
831,2305
831,880
831,878
831,857
831,2677
831,833
831,853
831,845
831,2008
831,1355
831,1112
831,2099
831,2122
831,1758
831,1100
831,1167
831,2331
831,1720
831,863
831,871
832,872
832,836
832,2030
832,899
832,896
832,2126
832,1129
832,2308
832,2554
832,1106
832,2561
832,2311
832,1359
832,874
832,1747
832,1720
832,889
832,1168
832,877
832,833
832,2037
832,870
832,859
832,839
832,2343
832,888
832,841
832,1741
832,1576
832,897
832,2136
832,2446
832,840
832,857
832,1667
832,2443
832,1815
832,845
832,2338
832,883
832,1742
832,869
833,1755
833,1106
833,1884
833,1742
833,1199
833,862
833,1881
833,836
833,2307
833,1128
833,2672
833,2448
833,896
833,2345
833,866
833,2126
833,1395
833,1359
833,2682
833,2447
833,846
833,1167
833,2331
833,2311
833,1147
833,1132
833,834
833,2677
833,1125
833,2305
833,877
833,1750
833,894
833,888
833,883
833,1756
833,897
833,2147
833,886
833,861
833,867
833,844
833,881
833,870
833,2133
833,864
833,1159
833,1815
833,845
833,879
833,853
834,1739
834,872
834,873
834,862
834,2278
834,2563
834,2126
834,858
834,2455
834,2149
834,1674
834,2445
834,1894
834,2338
834,2311
834,1400
834,1112
834,884
834,847
834,1720
834,1124
834,891
834,1181
834,890
834,2131
834,1161
834,870
834,2034
834,895
834,863
834,2122
834,861
834,1916
834,885
834,2599
834,860
834,2280
834,879
834,880
834,2407
834,837
835,1106
835,854
835,1726
835,836
835,2632
835,2675
835,1311
835,2563
835,2126
835,1965
835,2149
835,1359
835,874
835,2348
835,2338
835,1908
835,1469
835,2331
835,851
835,2562
835,889
835,877
835,860
835,891
835,869
835,1158
835,1837
835,867
835,864
835,856
835,2601
835,855
835,852
835,840
835,839
835,1598
835,2001
835,881
835,845
835,2009
835,2608
835,2026
835,2566
835,1358
835,857
835,1891
835,850
835,847
836,1732
836,862
836,1168
836,1173
836,1117
836,1744
836,894
836,860
836,857
836,842
836,2126
836,1756
836,2278
836,896
836,2553
836,897
836,895
836,2311
836,2682
836,1916
836,844
836,841
836,2678
836,886
836,2632
836,2151
836,2099
836,1559
836,2014
836,1739
836,866
836,2030
836,1330
836,1891
836,855
836,952
836,1892
836,2444
836,2285
836,2339
837,872
837,2342
837,1167
837,866
837,1882
837,952
837,905
837,1469
837,2149
837,2008
837,1754
837,2344
837,1169
837,1100
837,1124
837,1330
837,860
837,2677
837,2155
837,1884
837,897
837,2179
837,863
837,898
837,852
837,847
837,856
837,890
837,855
837,888
838,2378
838,2306
838,1722
838,1539
838,2454
838,2672
838,1187
838,2555
838,1104
838,1158
838,1171
838,1160
838,1735
838,1116
838,1191
838,1176
838,1170
838,1159
838,1133
838,2449
838,1141
838,2302
838,1138
838,1135
838,1134
838,1131
838,2016
838,1725
838,1113
838,1105
838,2562
838,1751
838,2446
838,1110
838,1119
838,2089
838,1173
838,1198
838,887
838,1183
838,1147
838,2311
838,2406
838,1115
838,2490
838,2102
838,1737
838,2455
838,1194
838,2308
838,1144
838,1241
838,1125
838,2488
839,2597
839,872
839,873
839,2454
839,882
839,2633
839,1178
839,2278
839,2344
839,2004
839,866
839,2400
839,1721
839,2600
839,2091
839,1942
839,2105
839,1400
839,2300
839,1330
839,2172
839,2560
839,950
839,853
839,880
839,2024
839,1345
839,860
839,842
839,1237
839,891
839,1737
839,864
839,863
839,855
839,1119
839,2089
839,1529
839,843
839,898
839,869
839,1143
839,1919
839,897
840,2683
840,1272
840,2632
840,866
840,2426
840,1359
840,2319
840,2014
840,1362
840,2455
840,1674
840,2294
840,2682
840,905
840,893
840,2561
840,2595
840,1916
840,1166
840,2165
840,2307
840,2113
840,883
840,2351
840,896
840,897
840,856
840,2021
840,869
840,895
840,890
840,843
840,902
841,1889
841,2651
841,2345
841,1967
841,2027
841,1898
841,1628
841,1818
841,2141
841,2599
841,2560
841,1720
841,2351
841,894
841,1115
841,880
841,2034
841,2300
841,890
841,879
841,863
841,877
841,2099
841,887
841,2553
841,881
841,870
841,1307
841,1775
842,1884
842,870
842,1743
842,2678
842,2344
842,1359
842,1272
842,2682
842,1163
842,1745
842,1812
842,898
842,1674
842,854
842,2311
842,857
842,1730
842,1192
842,1173
842,2057
842,1916
842,1728
842,2446
842,894
842,1112
842,877
842,865
842,2126
842,2305
842,895
842,879
842,890
842,2559
842,867
842,912
842,861
842,859
842,1732
842,886
842,2594
842,2562
843,2646
843,2556
843,2015
843,854
843,882
843,2553
843,2608
843,2445
843,1576
843,897
843,2449
843,2141
843,872
843,1745
843,2338
843,2560
843,1124
843,874
843,2302
843,2011
843,1720
843,2677
843,849
843,1916
843,869
843,2682
843,899
843,861
843,1118
843,1326
843,1310
843,859
843,848
843,1148
843,871
843,892
843,860
844,1722
844,2678
844,1733
844,2661
844,1815
844,1674
844,872
844,2141
844,2338
844,2681
844,2153
844,1151
844,1149
844,1720
844,1880
844,878
844,1842
844,1732
844,2343
844,886
844,1744
844,898
844,899
844,852
844,849
844,1272
844,856
844,2125
844,1751
844,1103
844,1150
844,1188
844,859
844,880
844,1199
844,1904
845,1895
845,2516
845,2124
845,896
845,2004
845,2553
845,1721
845,1359
845,1815
845,1735
845,2682
845,2557
845,905
845,2445
845,893
845,1357
845,851
845,2632
845,2147
845,1358
845,2451
845,1733
845,860
845,884
845,965
845,868
845,2402
845,2305
845,895
845,892
845,890
845,2302
845,1720
845,2681
845,1905
845,871
845,2008
845,866
845,2097
845,2625
845,879
846,2158
846,876
846,862
846,1272
846,896
846,2344
846,1739
846,866
846,1118
846,1110
846,1823
846,853
846,1362
846,878
846,2530
846,1851
846,1139
846,1721
846,1195
846,2553
846,895
846,891
846,879
846,2682
846,1162
846,871
846,867
846,861
846,859
846,855
846,2561
846,2091
846,2121
846,2559
846,1880
846,1901
846,2259
846,1307
847,1757
847,1732
847,2030
847,896
847,2155
847,1136
847,1359
847,874
847,2682
847,2447
847,1199
847,2363
847,2557
847,1916
847,851
847,1129
847,2681
847,878
847,1751
847,889
847,877
847,1173
847,2677
847,887
847,2311
847,856
847,2406
847,852
847,868
847,1385
847,2561
847,862
847,2026
847,861
847,1412
847,850
847,2319
847,864
848,872
848,2130
848,2015
848,2678
848,2675
848,2278
848,2004
848,1395
848,1166
848,878
848,2141
848,2305
848,850
848,2451
848,1916
848,1179
848,1382
848,897
848,891
848,868
848,2132
848,871
848,864
848,2608
848,2276
848,1908
848,1901
848,2338
848,2144
848,1721
848,1915
848,2341
848,2535
848,992
849,1859
849,862
849,2158
849,2449
849,2651
849,1131
849,853
849,880
849,888
849,2343
849,2278
849,866
849,2338
849,2153
849,890
849,886
849,868
849,870
849,867
849,1740
849,2319
849,864
849,856
849,1882
849,2673
849,2681
849,1815
849,2300
849,1903
849,2428
849,2103
849,1807
849,2484
849,1747
849,2426
850,1757
850,1733
850,1667
850,1197
850,1732
850,2343
850,1145
850,1359
850,1185
850,893
850,892
850,2311
850,2153
850,2682
850,860
850,2112
850,890
850,2677
850,883
850,867
850,855
850,905
850,2563
850,871
850,1130
850,2305
850,1120
850,882
850,2339
850,1070
850,1916
851,2016
851,2343
851,2675
851,2470
851,896
851,2563
851,2319
851,1362
851,1749
851,874
851,1745
851,2129
851,1159
851,1916
851,889
851,2141
851,880
851,2311
851,856
851,1147
851,1145
851,2037
851,887
851,870
851,2034
851,2605
851,859
851,1815
851,2678
851,2553
851,1120
851,893
851,879
851,863
851,2558
852,1671
852,1755
852,882
852,2344
852,2004
852,1815
852,1362
852,2601
852,2682
852,2141
852,893
852,2338
852,2681
852,2147
852,1123
852,888
852,2678
852,897
852,864
852,1822
852,1720
852,2573
852,924
852,2680
852,899
852,2278
852,2311
852,1199
853,1860
853,873
853,2016
853,1733
853,2344
853,2004
853,1727
853,1504
853,1152
853,2542
853,2530
853,1731
853,1559
853,2311
853,866
853,2605
853,1908
853,1109
853,884
853,1751
853,886
853,861
853,2319
853,1191
853,2037
853,864
853,2255
853,1139
853,857
853,879
853,880
853,2003
853,2654
853,1150
853,1272
853,2259
854,2597
854,2536
854,1884
854,862
854,1153
854,1145
854,1169
854,1129
854,1362
854,894
854,2307
854,860
854,2557
854,2149
854,2448
854,896
854,882
854,899
854,890
854,2147
854,886
854,2338
854,883
854,879
854,905
854,861
854,2311
854,856
854,855
854,2601
854,2553
854,1674
854,2092
854,2146
854,1902
854,1890
854,1397
854,1836
855,1396
855,1190
855,2676
855,2004
855,1120
855,2284
855,2563
855,2000
855,862
855,2608
855,891
855,2631
855,2153
855,892
855,1721
855,1139
855,883
855,2338
855,2008
855,896
855,878
855,865
855,2142
855,898
855,2674
855,863
855,2553
855,879
855,864
855,1730
855,991
855,2484
855,867
855,2339
856,2018
856,1738
856,2343
856,1167
856,2675
856,1272
856,2339
856,899
856,2003
856,1740
856,2563
856,2625
856,2140
856,893
856,2561
856,2338
856,1362
856,1750
856,2344
856,889
856,892
856,881
856,1195
856,866
856,1836
856,886
856,2678
856,2141
856,1365
856,2038
856,1359
856,874
856,2005
856,947
856,2601
856,1169
856,863
856,1886
857,2116
857,1178
857,2307
857,2426
857,1739
857,866
857,1362
857,2331
857,1749
857,2428
857,883
857,2338
857,2141
857,1834
857,2445
857,1916
857,2304
857,2308
857,1144
857,884
857,2677
857,890
857,1732
857,2632
857,886
857,2557
857,1147
857,2295
857,1120
857,1164
857,1114
857,1192
857,863
857,2561
857,879
858,1595
858,1743
858,2130
858,1190
858,2672
858,2082
858,1746
858,2308
858,1362
858,1145
858,2555
858,2038
858,1192
858,1151
858,2554
858,1191
858,2452
858,1183
858,1154
858,1159
858,1112
858,2559
858,1102
858,1750
858,1129
858,2445
858,1166
858,1730
858,1727
858,1116
858,1153
858,1109
858,2473
858,1880
858,1105
859,2676
859,1167
859,1272
859,2339
859,896
859,2344
859,2179
859,2002
859,2553
859,1721
859,1815
859,1158
859,2149
859,2381
859,1359
859,874
859,2141
859,1745
859,2255
859,2560
859,2083
859,1307
859,871
859,863
859,1763
859,2674
859,2026
859,892
859,2153
859,895
859,2103
859,2675
859,2126
859,2611
859,865
859,886
859,2263
859,2651
859,905
860,2536
860,2343
860,2307
860,1167
860,2339
860,899
860,1168
860,1362
860,1540
860,2308
860,1674
860,2682
860,2311
860,2681
860,885
860,893
860,866
860,1667
860,891
860,879
860,2489
860,1325
860,905
860,897
860,2543
860,2595
860,1916
860,1728
860,871
860,892
861,1895
861,1106
861,1685
861,1671
861,1272
861,1667
861,1167
861,899
861,896
861,2344
861,1727
861,2673
861,1128
861,2455
861,2141
861,885
861,2311
861,1916
861,868
861,1109
861,2305
861,1362
861,877
861,2037
861,898
861,2632
861,886
861,883
861,867
861,878
861,1310
861,892
861,2153
861,1134
861,894
861,897
861,864
861,2121
862,2556
862,1743
862,1103
862,1134
862,1102
862,1734
862,1735
862,889
862,865
862,1853
862,898
862,890
862,896
862,2608
862,881
862,2128
862,2097
863,872
863,2114
863,2345
863,2415
863,2563
863,1900
863,1815
863,1721
863,2198
863,2295
863,1359
863,874
863,1663
863,1185
863,1890
863,2153
863,868
863,1135
863,884
863,2037
863,895
863,2156
863,869
863,864
863,899
863,1287
863,905
863,1584
863,882
863,2149
863,888
863,886
863,881
863,1128
863,1807
863,2654
863,1880
863,2020
863,2480
863,1509
863,1140
864,872
864,1884
864,1513
864,2346
864,2083
864,1167
864,2278
864,2344
864,1967
864,1892
864,1740
864,2553
864,2260
864,1721
864,2157
864,2682
864,2153
864,892
864,905
864,2602
864,2311
864,1173
864,897
864,883
864,2338
864,881
864,1674
864,1110
864,1331
864,895
864,2406
864,2451
864,2092
864,874
864,880
865,1114
865,1757
865,1167
865,899
865,2678
865,2631
865,2002
865,1753
865,2553
865,1749
865,1185
865,1179
865,2147
865,1192
865,1135
865,1126
865,1750
865,1734
865,893
865,1397
865,880
865,886
865,1354
865,1728
865,1141
865,2306
865,1742
865,1131
866,1595
866,872
866,2595
866,2651
866,1741
866,1723
866,2278
866,1120
866,1112
866,1362
866,894
866,889
866,888
866,878
866,2126
866,2451
866,1176
866,885
866,892
866,2153
866,890
866,1740
866,2659
866,2561
866,879
866,1752
866,2674
866,2259
866,2398
866,1368
867,2556
867,2555
867,2470
867,2139
867,2126
867,2552
867,1133
867,2678
867,892
867,2338
867,2153
867,2278
867,2560
867,868
867,1135
867,1118
867,1504
867,1721
867,1815
867,890
867,905
867,1375
867,1728
867,2124
867,2457
867,1101
867,2675
867,1359
867,1743
868,872
868,2633
868,2301
868,2114
868,2678
868,2444
868,1359
868,2000
868,2552
868,2140
868,2682
868,2141
868,893
868,2611
868,2560
868,2157
868,1112
868,894
868,888
868,877
868,2142
868,890
868,883
868,2617
868,871
868,2122
868,2120
868,2023
868,1837
868,2306
868,1336
869,1595
869,2301
869,2344
869,1967
869,1206
869,896
869,2126
869,2103
869,1815
869,2608
869,874
869,2338
869,1721
869,2109
869,2450
869,2230
869,1301
869,1107
869,891
869,2132
869,871
869,2093
869,1105
869,2595
869,1916
869,2021
869,1724
869,1125
869,1537
869,2027
869,2626
870,2134
870,872
870,1884
870,1732
870,882
870,2278
870,896
870,2625
870,2553
870,2552
870,1914
870,1167
870,2428
870,935
870,874
870,905
870,2561
870,2338
870,2560
870,1176
870,2562
870,1523
870,1135
870,1750
870,877
870,892
870,2153
870,2595
870,2151
870,1576
870,1251
870,2035
870,1350
870,1131
870,1515
870,886
870,2343
870,888
870,1147
871,2015
871,2536
871,2342
871,2307
871,2678
871,2096
871,2082
871,1740
871,2608
871,2149
871,1674
871,2682
871,2557
871,892
871,2341
871,1164
871,1162
871,2676
871,1124
871,1123
871,1190
871,899
871,2451
871,1737
871,1272
871,884
871,2338
871,1756
871,2099
871,2227
871,2130
871,2098
871,2563
871,2034
871,1732
871,890
871,2468
871,1886
871,2260
871,897
871,1733
872,2179
872,1103
872,889
872,878
872,877
872,2307
872,2141
872,2149
872,2338
872,882
872,2278
872,2339
872,899
872,1746
872,2037
872,898
872,905
872,1740
872,1737
872,2608
872,2563
872,2682
872,2601
872,2156
872,2014
872,897
872,2255
872,2004
872,2306
872,2015
872,2017
872,1891
872,2103
872,2133
872,1375
872,925
872,2224
872,1749
872,1943
873,1885
873,1723
873,1177
873,1166
873,1725
873,1112
873,2489
873,2301
873,1167
873,1724
873,1720
873,894
873,889
873,877
873,1158
873,2445
873,893
873,892
873,2153
873,2559
873,2278
873,2084
873,1469
874,1739
874,1671
874,1272
874,1733
874,2003
874,1359
874,1815
874,1362
874,1674
874,2445
874,1135
874,2141
874,1100
874,2149
874,1177
874,886
874,883
874,905
874,2034
874,1160
874,2678
874,2563
874,2561
874,2336
874,1144
874,1532
874,1558
874,1919
874,1857
874,1469
874,1388
874,1968
875,1957
875,2434
875,1925
875,2160
875,1989
875,2148
875,1760
875,2662
875,2516
875,1937
875,2467
875,1127
875,1932
875,1996
875,2186
875,2671
875,2412
875,1950
875,2435
875,1589
875,2599
875,1938
875,2414
875,2220
875,2546
875,2352
875,1406
875,1782
875,2237
875,2349
875,1767
875,1774
875,2653
875,961
875,1952
875,1621
875,1997
875,1926
875,2699
875,1947
875,1935
875,2627
875,2503
875,1921
875,2292
875,2680
875,2686
875,2492
876,2407
876,1186
876,1750
876,1596
876,1902
876,2256
876,2485
876,1892
876,2625
876,1206
876,1382
876,1807
876,2626
876,2419
876,1447
876,1527
876,945
876,2136
876,1393
876,1811
876,1898
876,1801
876,1897
876,1886
876,1304
876,2464
876,2605
876,2659
876,2650
876,2603
876,1821
876,1906
876,1324
876,2263
876,2205
876,1334
876,2627
876,1940
876,1917
876,2014
876,2208
876,1621
877,1732
877,2301
877,1128
877,2448
877,896
877,1740
877,2126
877,1359
877,2300
877,1167
877,1749
877,1674
877,2682
877,905
877,2599
877,1357
877,1730
877,2560
877,2556
877,1198
877,1535
877,2311
877,1147
877,2681
877,2451
877,890
877,887
877,2575
877,1314
877,1185
877,894
877,1734
877,1916
877,1171
877,2141
877,880
877,1897
877,895
877,2083
878,2134
878,1167
878,1757
878,2339
878,2179
878,1727
878,2370
878,1932
878,1815
878,2608
878,2554
878,2020
878,1729
878,1674
878,2153
878,1172
878,1170
878,887
878,1362
878,1750
878,1118
878,949
878,1817
878,1720
878,880
878,895
878,886
878,1751
878,1199
878,1195
878,1881
878,1299
879,2480
879,2278
879,2339
879,2625
879,2226
879,1740
879,1153
879,2153
879,1724
879,894
879,2034
879,897
879,2301
879,1737
879,891
879,1739
879,2302
879,1526
879,2126
879,2320
879,1815
879,1186
879,881
879,898
879,899
880,2307
880,2676
880,2339
880,2344
880,1727
880,1359
880,2489
880,2091
880,1815
880,2000
880,2596
880,2141
880,905
880,1916
880,899
880,1953
880,2535
880,1146
880,1728
880,883
880,1756
880,1817
880,2011
880,1112
880,888
880,2017
880,1744
881,2339
881,2278
881,2542
881,2157
881,2022
881,1185
881,2111
881,2343
881,2149
881,888
881,2153
881,2345
881,890
881,1740
881,2128
881,2608
881,2026
881,1883
881,1354
881,1348
881,1213
881,1806
881,2451
881,1147
881,1674
881,891
882,1136
882,1724
882,2149
882,1721
882,1140
882,1916
882,893
882,1164
882,2037
882,891
882,890
882,1130
882,2407
882,1728
882,2674
882,1904
882,1897
882,1883
882,991
883,1382
883,1757
883,1272
883,1738
883,2480
883,1749
883,1815
883,1894
883,2682
883,2103
883,2561
883,2560
883,1105
883,2311
883,1728
883,2594
883,1720
883,888
883,889
883,899
883,2451
883,895
883,2153
883,890
883,2094
883,1733
883,957
883,2562
883,2563
883,915
883,2553
883,2005
883,1115
883,1750
883,2014
883,2305
884,1733
884,2343
884,2198
884,2475
884,1967
884,2553
884,2126
884,2319
884,2601
884,2555
884,2608
884,2530
884,1745
884,1185
884,893
884,892
884,2338
884,2428
884,2311
884,1758
884,1176
884,1469
884,2595
884,2111
884,897
884,891
884,886
884,2023
884,2120
884,895
884,2037
884,1160
884,2588
884,1154
884,1750
884,1904
884,2278
885,2675
885,2444
885,2344
885,2004
885,1967
885,2003
885,2706
885,2563
885,2553
885,2149
885,893
885,2037
885,895
885,2311
885,2076
885,1284
885,2023
885,1822
885,1880
885,1330
885,2252
885,1379
885,1310
885,2180
886,1739
886,2015
886,2344
886,2553
886,1721
886,2673
886,1834
886,1749
886,2426
886,905
886,2560
886,2489
886,2149
886,1754
886,1674
886,898
886,2153
886,887
886,2156
886,2023
886,894
886,897
887,2633
887,2339
887,1609
887,2482
887,1740
887,2027
887,2319
887,986
887,2601
887,2149
887,2626
887,1185
887,2012
887,1149
887,2682
887,2153
887,2142
887,2092
887,2115
887,2401
887,1819
887,2596
887,1720
887,1595
887,1886
887,1170
887,2608
887,2026
887,1815
887,1136
887,2311
887,2025
888,2052
888,2595
888,1359
888,2141
888,905
888,892
888,2561
888,1721
888,1674
888,1744
888,896
888,1128
888,2679
888,2468
888,2121
888,2152
888,2153
888,1191
889,2651
889,1128
889,2179
889,1158
889,2554
889,2452
889,2311
889,1177
889,1173
889,1143
889,2672
889,1121
889,1742
889,2562
889,1153
889,1435
889,1114
889,1161
889,2278
889,1743
889,1916
890,2536
890,1884
890,1742
890,2263
890,1197
890,2278
890,896
890,1967
890,1181
890,1167
890,1749
890,2445
890,2682
890,1888
890,1185
890,2561
890,1179
890,1720
890,1723
890,2305
890,2156
890,895
890,1359
890,1747
890,1815
890,1521
890,1121
890,2031
890,1326
890,2295
890,2035
891,2563
891,1740
891,1129
891,2319
891,2260
891,2149
891,2446
891,2403
891,2553
891,1143
891,1112
891,1751
891,1167
891,1120
891,1721
891,1674
891,1916
891,1734
891,2674
891,1175
891,2115
891,898
892,1860
892,1130
892,2598
892,2632
892,2278
892,2344
892,2625
892,2553
892,1153
892,1745
892,2651
892,905
892,1111
892,1149
892,2451
892,2343
892,2681
892,1183
892,2153
892,898
892,1367
892,2311
892,2034
892,2560
892,2449
892,897
892,1178
892,1740
892,1553
892,1720
892,1817
893,2556
893,2676
893,2344
893,2139
893,1740
893,1884
893,2563
893,2155
893,1721
893,1362
893,2407
893,2601
893,1167
893,1749
893,1914
893,1753
893,2141
893,1321
893,899
893,2257
893,905
893,2452
893,2363
893,1183
893,2153
893,2034
893,2311
893,942
893,2278
893,2553
893,1359
893,1566
893,1567
893,2681
893,2118
893,2021
893,1398
893,1338
893,2004
893,1325
893,927
894,1757
894,1742
894,2678
894,2016
894,2307
894,2126
894,1815
894,2552
894,2455
894,2311
894,2147
894,2304
894,1916
894,2446
894,1185
894,2034
894,1179
894,1226
894,2449
894,897
894,895
894,1880
894,2115
894,1754
894,1106
894,1547
894,1124
894,1196
894,1546
895,1106
895,2362
895,1884
895,2632
895,1145
895,2444
895,2553
895,1916
895,2407
895,2601
895,1747
895,1115
895,1729
895,1341
895,1362
895,2026
895,2122
895,1566
895,1305
895,1185
895,1757
895,1330
895,1736
895,1886
895,2260
895,897
895,2023
895,943
896,1671
896,1167
896,2339
896,1812
896,1118
896,2446
896,2306
896,2126
896,2553
896,2149
896,2344
896,2345
896,905
896,2034
896,2561
896,1916
896,2093
896,2102
896,2278
896,1599
896,2000
896,2004
896,1311
896,1732
896,1344
897,2624
897,899
897,1753
897,1740
897,2600
897,2601
897,1196
897,1758
897,1161
897,2450
897,2401
897,1252
897,2125
897,979
897,991
897,2305
897,1310
897,1192
897,2560
897,1106
898,2646
898,2039
898,2345
898,2344
898,2027
898,1395
898,2123
898,2608
898,2000
898,2311
898,1362
898,1129
898,1176
898,1756
898,1272
898,2339
898,1828
898,2152
898,899
898,2201
898,1674
898,2567
898,2006
898,2406
898,2446
898,1128
899,2302
899,2346
899,2301
899,1167
899,2339
899,1193
899,1117
899,2446
899,1185
899,1151
899,1815
899,2153
899,2344
899,1740
899,1734
899,2563
899,2138
899,2345
899,1181
899,2599
899,1145
899,2600
900,1606
900,981
900,964
900,2127
900,2187
900,2255
900,2577
900,2286
900,1320
900,993
900,998
900,978
900,1656
900,977
900,970
900,1644
900,965
900,960
900,1347
900,959
900,949
900,941
900,1658
900,922
900,912
900,911
900,907
900,967
900,1641
900,902
900,1678
900,2165
900,2421
901,1670
901,1606
901,1315
901,984
901,1602
901,1918
901,982
901,1661
901,976
901,1949
901,1658
901,1347
901,2462
901,919
901,1387
901,1903
901,972
901,946
901,954
901,2021
901,957
901,1671
901,992
901,1380
901,1656
901,1365
901,931
901,990
901,1399
901,970
901,956
901,944
901,2286
901,973
901,924
901,958
901,911
901,1386
901,998
901,904
901,945
901,906
901,2276
901,918
902,1606
902,1396
902,984
902,938
902,953
902,2423
902,2576
902,1344
902,1158
902,1628
902,974
902,1323
902,1320
902,958
902,1644
902,992
902,990
902,989
902,980
902,956
902,1670
902,918
902,1339
902,916
902,907
902,959
902,913
902,1656
902,904
902,1322
902,955
902,2579
902,920
902,2550
902,999
902,1610
902,971
902,924
903,1319
903,1308
903,2029
903,1918
903,2631
903,928
903,2003
903,1919
903,974
903,1818
903,1391
903,1360
903,1356
903,1327
903,1325
903,1306
903,1303
903,934
903,933
903,2280
903,1834
903,961
903,996
903,967
903,966
903,963
903,944
903,935
903,950
903,927
903,913
903,2088
903,2185
903,1399
903,2551
903,1633
903,2579
903,2009
903,1621
904,1315
904,942
904,964
904,1812
904,1650
904,2643
904,938
904,985
904,2004
904,2145
904,999
904,957
904,1367
904,1304
904,993
904,983
904,1357
904,933
904,980
904,978
904,967
904,961
904,914
904,962
904,915
904,913
904,908
904,1372
904,2191
904,997
904,2227
904,958
904,948
904,977
904,1306
904,930
905,2346
905,1167
905,2339
905,2448
905,1884
905,2563
905,2103
905,2398
905,2446
905,2310
905,2123
905,2608
905,1724
905,1720
905,2343
905,2014
905,2451
905,2338
905,1158
905,1314
906,964
906,2039
906,2602
906,1949
906,977
906,2008
906,946
906,945
906,1314
906,981
906,1310
906,943
906,2453
906,996
906,2678
906,939
906,2423
906,966
906,960
906,959
906,944
906,979
906,965
906,907
906,2123
906,995
906,1371
906,948
906,925
907,2177
907,1445
907,982
907,2272
907,1650
907,1395
907,934
907,1656
907,951
907,1647
907,989
907,983
907,933
907,980
907,978
907,1339
907,963
907,1338
907,962
907,997
907,949
907,947
907,2424
907,920
907,967
907,918
907,1371
907,971
907,964
907,917
907,990
907,2541
907,953
907,2551
907,923
907,961
908,1308
908,1726
908,953
908,2632
908,1617
908,984
908,2018
908,1642
908,2000
908,1318
908,977
908,2575
908,1892
908,2550
908,946
908,1399
908,1320
908,1648
908,1806
908,958
908,969
908,965
908,949
908,923
908,978
908,917
908,1669
908,963
908,2357
908,947
908,921
908,1630
908,933
908,2502
908,2643
908,1327
908,971
908,1629
909,2577
909,1667
909,1646
909,977
909,919
909,1316
909,1310
909,2029
909,995
909,1651
909,993
909,937
909,986
909,1644
909,1656
909,998
909,992
909,990
909,980
909,968
909,947
909,935
909,950
909,929
909,926
909,925
909,2424
909,920
909,2420
909,916
909,1347
909,1394
909,924
909,2145
909,1628
909,938
909,1643
909,2175
910,1308
910,984
910,981
910,1649
910,982
910,2676
910,2516
910,2188
910,2610
910,2458
910,2462
910,1818
910,1648
910,957
910,1445
910,960
910,2347
910,1377
910,1353
910,940
910,1328
910,1301
910,946
910,958
910,934
910,2459
910,1392
910,2356
910,998
910,2628
910,979
910,914
910,1399
910,976
910,967
910,2421
910,966
910,1641
910,962
910,912
910,959
910,944
910,1361
910,1652
910,1676
910,924
910,918
910,926
910,1678
910,1304
910,2197
910,963
910,1662
910,923
910,1323
910,2643
911,1606
911,953
911,1603
911,2426
911,971
911,928
911,2284
911,950
911,1343
911,2145
911,2707
911,961
911,974
911,1949
911,1367
911,1824
911,1350
911,1303
911,1820
911,2643
911,990
911,949
911,923
911,918
911,2015
911,1336
911,2267
911,1672
911,2414
911,1638
911,964
911,1643
911,2168
911,1360
911,2355
911,997
911,1388
911,916
911,2457
911,989
911,1376
912,1656
912,1606
912,1396
912,1308
912,953
912,1949
912,928
912,2423
912,937
912,999
912,1320
912,993
912,934
912,921
912,997
912,2632
912,987
912,2287
912,1347
912,924
912,967
912,1641
912,983
912,2180
912,925
912,2026
912,2167
912,1665
912,960
912,956
912,1607
912,955
913,1670
913,1606
913,1718
913,964
913,1651
913,2272
913,2458
913,986
913,2707
913,916
913,1304
913,1343
913,1890
913,1679
913,2266
913,985
913,919
913,1392
913,918
913,1306
913,1648
913,990
913,989
913,996
913,1678
913,949
913,944
913,987
913,998
913,940
913,935
913,1804
913,2580
913,929
913,924
913,923
913,2680
913,988
913,941
913,937
913,1902
913,915
913,2017
913,983
914,1396
914,1346
914,2127
914,1334
914,986
914,1810
914,1611
914,2420
914,2226
914,945
914,1818
914,1326
914,1811
914,919
914,1653
914,1321
914,936
914,2453
914,1672
914,993
914,960
914,2287
914,1317
914,941
914,1666
914,987
914,940
914,915
914,2580
914,967
914,1675
914,921
914,968
914,951
915,2628
915,981
915,2015
915,2347
915,964
915,1810
915,1386
915,2145
915,1821
915,974
915,972
915,969
915,1647
915,1325
915,1606
915,995
915,993
915,958
915,1127
915,939
915,955
915,992
915,1341
915,918
915,965
915,978
915,920
915,967
915,2209
915,943
915,977
915,1635
915,1664
915,960
915,973
915,1656
916,2577
916,1656
916,1761
916,1718
916,1659
916,953
916,1666
916,1817
916,1915
916,936
916,1350
916,965
916,1644
916,1331
916,955
916,940
916,1358
916,931
916,930
916,2675
916,929
916,923
916,2122
916,958
916,969
916,2230
916,1322
916,996
916,1629
916,1676
916,2576
916,1638
916,1647
916,968
916,2643
916,1673
916,1397
916,983
917,1656
917,1761
917,964
917,2103
917,1344
917,2707
917,984
917,937
917,2603
917,2025
917,972
917,1768
917,969
917,957
917,2011
917,939
917,961
917,997
917,2026
917,992
917,989
917,959
917,956
917,935
917,2453
917,949
917,1307
917,978
917,931
917,927
917,970
917,923
917,967
917,920
917,918
917,2028
917,1648
917,953
917,1658
917,1376
918,2628
918,1656
918,1308
918,2284
918,2096
918,2458
918,935
918,2424
918,1357
918,2275
918,1817
918,972
918,1334
918,946
918,1370
918,1369
918,943
918,939
918,1372
918,936
918,983
918,1310
918,1609
918,930
918,1606
918,927
918,996
918,949
918,1633
918,1396
918,1672
919,2420
919,1346
919,984
919,953
919,2127
919,977
919,1606
919,2285
919,1628
919,2464
919,974
919,972
919,957
919,951
919,945
919,2009
919,1385
919,1375
919,1305
919,1821
919,973
919,933
919,992
919,1377
919,989
919,980
919,2628
919,1658
919,979
919,970
919,959
919,982
919,1661
919,2589
919,940
919,1325
919,931
919,929
919,1301
919,998
919,1614
920,1657
920,1656
920,1606
920,2486
920,953
920,1608
920,986
920,2300
920,937
920,2088
920,972
920,1399
920,1380
920,1646
920,988
920,1317
920,933
920,992
920,1308
920,979
920,2575
920,968
920,966
920,959
920,955
920,947
920,987
920,940
920,2145
920,923
920,965
920,922
920,964
920,1669
920,996
921,2703
921,994
921,1609
921,1341
921,2583
921,1643
921,1653
921,976
921,1399
921,939
921,934
921,992
921,1642
921,966
921,972
921,925
921,968
921,922
921,958
921,1372
921,2182
921,1672
921,999
922,1657
922,982
922,964
922,1651
922,2480
922,928
922,2600
922,2462
922,977
922,2429
922,974
922,933
922,998
922,990
922,1809
922,936
922,983
922,981
922,2145
922,1658
922,979
922,963
922,1342
922,954
922,1372
922,993
922,2168
922,1322
922,1347
922,959
922,1935
922,965
922,1389
922,1383
922,947
922,967
922,1678
923,1396
923,982
923,1666
923,976
923,2286
923,938
923,985
923,1394
923,1839
923,2681
923,989
923,987
923,968
923,962
923,1661
923,956
923,1355
923,925
923,1625
923,963
923,1950
923,960
923,930
923,2586
924,1656
924,2019
924,938
924,971
924,2195
924,931
924,2270
924,2145
924,1816
924,1398
924,990
924,1378
924,2017
924,1641
924,936
924,939
924,992
924,2423
924,968
924,989
924,1903
924,963
924,1363
924,940
924,929
924,995
924,948
924,957
924,959
924,1672
924,1391
924,944
925,2459
925,1315
925,942
925,964
925,1646
925,976
925,1608
925,950
925,2599
925,935
925,1641
925,1829
925,2028
925,1602
925,1367
925,958
925,996
925,970
925,1606
925,948
925,1213
925,978
925,940
925,953
925,1658
925,2457
925,930
925,968
925,1676
926,1656
926,984
926,1351
926,975
926,2547
926,953
926,981
926,1827
926,2131
926,1334
926,1347
926,950
926,1665
926,2252
926,1641
926,1671
926,2705
926,2286
926,974
926,969
926,1386
926,1809
926,1378
926,1370
926,1651
926,1369
926,1356
926,1367
926,1320
926,1831
926,940
926,987
926,965
926,961
926,931
926,1664
926,1672
926,967
926,1338
926,992
927,1656
927,2544
927,1361
927,1324
927,1892
927,2458
927,2169
927,2643
927,2254
927,2267
927,935
927,1334
927,1822
927,1364
927,1752
927,1810
927,937
927,2275
927,1817
927,2008
927,1536
927,969
927,1839
927,931
927,1303
927,1800
927,986
927,1374
927,996
927,2221
927,960
927,1343
927,955
927,938
927,1811
927,1353
927,2579
927,930
927,1398
927,2527
927,2189
927,967
927,2707
927,961
927,1349
927,1322
927,2024
927,995
927,1320
927,2470
927,951
927,1339
928,1833
928,2292
928,2582
928,1330
928,1646
928,988
928,2028
928,2011
928,1726
928,974
928,1397
928,1388
928,1365
928,2177
928,2036
928,1331
928,991
928,1356
928,933
928,2280
928,1644
928,978
928,2424
928,2659
928,967
928,966
928,960
928,2486
928,935
928,2039
928,951
928,1374
928,998
928,1637
928,1355
928,1606
928,948
928,1628
928,2453
928,1372
928,957
928,1344
928,1626
929,984
929,1761
929,2019
929,1823
929,2178
929,1658
929,2516
929,937
929,999
929,961
929,1591
929,972
929,936
929,1370
929,946
929,993
929,958
929,998
929,968
929,1646
929,967
929,966
929,2032
929,965
929,988
929,941
929,989
929,970
929,960
929,2430
929,2127
929,978
929,931
930,1606
930,938
930,1646
930,976
930,2458
930,961
930,973
930,2400
930,943
930,933
930,989
930,2018
930,2582
930,979
930,947
930,2017
930,1641
930,966
930,1676
930,1672
930,997
930,2643
930,951
930,1809
930,1338
931,1656
931,1351
931,975
931,2271
931,1646
931,1670
931,2187
931,1830
931,2266
931,950
931,969
931,1306
931,993
931,1898
931,958
931,1375
931,996
931,989
931,1738
931,939
931,933
931,980
931,967
931,985
931,2421
931,1678
931,976
931,947
931,1662
931,962
931,959
931,1366
931,943
932,2052
932,2321
932,1045
932,1589
932,2701
932,2693
932,1471
932,2243
932,1446
932,2293
932,2640
932,1434
932,2322
932,1241
932,1429
932,1409
932,1979
932,2564
932,2329
932,2645
932,2318
932,1999
932,2391
932,1788
932,1516
933,2577
933,2272
933,976
933,937
933,945
933,1358
933,2254
933,1831
933,943
933,934
933,947
933,944
933,983
933,2605
933,960
933,2458
933,954
933,2224
933,1633
934,1346
934,1649
934,2019
934,964
934,2576
934,1658
934,2136
934,2580
934,1656
934,951
934,968
934,999
934,1328
934,947
934,976
934,1634
934,1352
934,1381
934,2458
935,1319
935,1308
935,984
935,2362
935,975
935,938
935,976
935,2226
935,1656
935,977
935,1394
935,1658
935,2643
935,957
935,2356
935,946
935,945
935,1718
935,2017
935,2585
935,936
935,1399
935,1385
935,1378
935,968
935,1356
935,1652
935,973
935,1834
935,961
935,996
935,987
935,2421
935,966
935,963
935,944
935,941
935,974
935,1606
935,2145
935,999
935,1665
935,2266
935,1646
936,984
936,2602
936,1661
936,1334
936,1395
936,2579
936,1338
936,2017
936,2021
936,2603
936,2276
936,2169
936,1393
936,940
936,962
936,1818
936,971
936,2523
936,972
936,1891
936,1339
936,951
936,1375
936,1356
936,1314
936,1837
936,1321
936,992
936,2580
936,993
936,1322
936,1669
936,938
936,1811
937,2177
937,1895
937,1656
937,981
937,2188
937,1658
937,2226
937,957
937,971
937,1300
937,995
937,993
937,1334
937,958
937,961
937,2280
937,996
937,989
937,987
937,2255
937,939
937,983
937,977
937,2011
937,2707
937,1391
937,968
937,2178
937,956
937,1352
937,999
937,959
938,981
938,1649
938,1667
938,2424
938,969
938,945
938,1343
938,1809
938,1379
938,1302
938,1812
938,973
938,995
938,992
938,987
938,980
938,978
938,959
938,954
938,1820
938,947
938,950
938,1365
938,2173
938,2213
938,2209
938,1650
938,2265
938,2009
938,1621
938,2576
938,1616
939,1657
939,2272
939,2000
939,1334
939,2133
939,1644
939,1606
939,995
939,979
939,955
939,973
939,961
939,970
939,953
939,2457
940,1656
940,1659
940,975
940,964
940,953
940,977
940,1647
940,2004
940,1628
940,1718
940,1648
940,2435
940,1636
940,988
940,945
940,1338
940,987
940,980
940,976
940,1352
940,1305
940,944
940,959
940,1396
940,1678
940,983
940,961
940,1679
940,963
940,1887
940,1370
941,984
941,942
941,1651
941,2285
941,1965
941,2195
941,1641
941,2286
941,2550
941,972
941,2580
941,1358
941,963
941,956
941,955
941,1605
941,947
941,1355
941,967
941,1672
941,2518
941,960
941,1336
941,2463
941,962
941,2175
941,2457
942,1891
942,995
942,964
942,989
942,960
942,944
942,2185
942,1718
942,1666
942,1390
942,2457
942,1650
942,1642
942,2583
942,2462
942,1617
942,1761
942,2271
942,2174
942,2579
942,1630
942,2413
942,1618
942,1127
942,1612
942,1655
942,1602
942,2187
942,1608
942,1810
942,1616
942,1944
943,1656
943,984
943,981
943,2252
943,2453
943,2030
943,2423
943,950
943,2145
943,961
943,1903
943,974
943,2355
943,945
943,995
943,973
943,1334
943,958
943,1648
943,990
943,947
943,959
943,1672
943,1662
943,980
943,1638
943,979
943,2460
943,956
943,2280
943,1669
943,1341
943,965
943,977
943,989
943,2466
944,2351
944,1624
944,2582
944,1343
944,961
944,1378
944,974
944,1303
944,1348
944,1656
944,2643
944,998
944,2355
944,992
944,2286
944,2145
944,970
944,1670
944,965
944,1606
944,948
944,1355
944,1604
944,1366
944,2541
944,987
944,1655
944,2266
944,997
944,2273
944,2696
944,1380
944,2343
945,1726
945,964
945,2659
945,2704
945,2226
945,2126
945,1642
945,2673
945,982
945,2031
945,988
945,969
945,1378
945,973
945,968
945,959
945,1306
945,954
945,1658
945,2169
945,1605
945,2583
945,985
945,958
945,1654
945,1372
945,1638
945,2276
945,960
945,970
945,966
945,999
946,2442
946,2030
946,2632
946,2256
946,982
946,2643
946,951
946,2011
946,1381
946,1365
946,2658
946,1348
946,1359
946,1312
946,993
946,2285
946,965
946,1396
946,1349
946,970
946,956
946,957
946,978
946,1644
946,2271
947,1606
947,1726
947,952
947,2453
947,976
947,2019
947,985
947,972
947,957
947,993
947,971
947,1347
947,989
947,983
947,979
947,970
947,962
947,981
947,988
947,2424
947,956
947,980
947,2426
948,1631
948,2609
948,2426
948,2583
948,1665
948,1648
948,988
948,974
948,1398
948,1352
948,1354
948,1307
948,995
948,993
948,989
948,2397
948,2256
948,987
948,959
948,955
948,954
948,962
948,957
948,1344
948,968
948,979
948,1656
948,998
948,1348
948,1658
948,1329
948,983
948,2287
948,971
948,2359
948,996
949,1308
949,982
949,2544
949,1655
949,994
949,1654
949,2265
949,2014
949,1647
949,1641
949,2583
949,1643
949,1653
949,961
949,2025
949,2597
949,999
949,957
949,1392
949,1305
949,998
949,990
949,1344
949,968
949,1385
949,962
949,973
949,1678
949,1642
949,2036
949,955
949,1383
949,958
949,2429
949,970
950,1606
950,1445
950,984
950,982
950,976
950,1344
950,1737
950,1388
950,1321
950,961
950,953
950,1658
950,998
950,996
950,989
950,987
950,970
950,2718
950,1334
950,959
950,1336
950,1322
950,2005
950,1375
950,2184
951,2303
951,964
951,2018
951,1918
951,1823
951,976
951,1949
951,1658
951,2580
951,1626
951,1801
951,1378
951,1656
951,1365
951,2174
951,1301
951,958
951,968
951,1327
951,2170
951,1372
951,2188
951,2466
951,980
951,993
951,1604
951,1660
951,2676
951,2486
951,2195
951,1342
951,963
952,1803
952,2683
952,2556
952,1513
952,2347
952,1881
952,1667
952,2486
952,2123
952,2320
952,1547
952,2030
952,2575
952,2599
952,1167
952,2428
952,2261
952,1903
952,2679
952,1892
952,2259
952,1893
952,1311
952,2661
952,1206
952,1576
952,2364
952,1389
952,2631
952,1370
952,2628
952,1367
952,1309
952,1304
952,2659
952,2400
952,2303
952,1915
952,2103
952,2200
952,2464
952,2093
952,1899
952,1824
952,2674
952,2480
952,1137
952,2589
952,2201
952,1917
952,2014
952,999
952,2239
952,2627
952,2217
952,2063
952,2154
952,1669
953,984
953,964
953,2039
953,1818
953,1325
953,1317
953,1302
953,1834
953,961
953,992
953,989
953,987
953,2255
953,2643
953,983
953,965
953,963
953,956
953,1646
953,1726
953,2628
953,1367
953,1658
953,1300
953,2453
953,962
953,1641
953,2036
953,978
953,2576
953,2429
953,2413
954,1808
954,1726
954,1646
954,964
954,1810
954,2024
954,1901
954,1821
954,1377
954,958
954,996
954,1647
954,989
954,965
954,963
954,955
954,995
954,973
954,2643
954,998
954,970
954,968
954,2253
955,1351
955,981
955,2127
955,976
955,1334
955,1665
955,2643
955,2543
955,993
955,2280
955,1645
955,987
955,1675
955,1832
955,1644
955,2424
955,1625
955,2029
956,2273
956,1738
956,2006
956,2423
956,2274
956,1334
956,977
956,2579
956,1332
956,1824
956,2233
956,989
956,983
956,1949
956,2184
956,962
956,968
956,1672
956,1358
956,1820
956,996
956,1646
956,988
956,1648
956,2145
956,970
956,1888
957,2678
957,1646
957,976
957,1650
957,1344
957,2286
957,2001
957,974
957,1302
957,963
957,962
957,1382
957,1335
957,959
957,999
957,2174
957,995
957,2643
957,1374
957,1327
957,998
957,979
957,1333
957,969
957,2191
957,1361
957,1398
957,977
958,1659
958,982
958,2193
958,971
958,994
958,2643
958,1641
958,1679
958,1388
958,1304
958,970
958,959
958,2463
958,2268
958,2551
958,992
958,964
958,2031
958,1330
958,968
958,963
958,1377
958,2461
958,995
959,1656
959,2707
959,1628
959,1641
959,2445
959,979
959,962
959,960
959,1363
959,1644
959,985
959,1321
959,969
959,1647
959,2023
959,989
959,2189
959,1658
959,1347
959,1638
960,1308
960,2486
960,2039
960,2344
960,1334
960,1663
960,999
960,1378
960,1300
960,996
960,989
960,987
960,983
960,968
960,1373
960,2215
960,2191
960,2705
960,967
960,2189
960,1672
960,979
960,1317
960,974
960,1606
960,962
960,970
960,1628
960,1919
961,2029
961,1666
961,1608
961,1665
961,982
961,2145
961,1394
961,978
961,967
961,2285
961,1654
961,2453
961,987
961,1352
961,1350
961,1656
961,998
961,979
961,1355
961,999
962,984
962,981
962,982
962,1658
962,2024
962,972
962,969
962,2262
962,1321
962,2026
962,1363
962,1338
962,979
962,1729
962,1662
962,1654
962,980
962,1638
962,988
962,1641
962,978
962,970
962,966
962,2458
962,1656
963,981
963,2431
963,985
963,2707
963,2190
963,1622
963,2421
963,2280
963,1655
963,997
963,1641
963,983
963,978
963,966
963,1631
963,2195
963,1678
963,1659
963,2458
963,2273
963,2145
963,970
963,987
964,1656
964,984
964,994
964,2033
964,1817
964,1819
964,2018
964,1370
964,1363
964,1333
964,1606
964,2285
964,1358
964,1387
964,1305
964,990
964,980
964,1342
964,2273
964,2453
964,2183
964,967
964,1355
964,2707
964,1622
964,1346
964,1652
964,2429
964,2195
964,2127
965,1832
965,1396
965,984
965,2303
965,2453
965,977
965,1658
965,2022
965,1628
965,2421
965,1908
965,1363
965,1342
965,1335
965,1314
965,1383
965,995
965,978
965,968
965,2180
965,1334
965,2184
965,989
965,2286
965,1376
965,1606
965,1800
965,2266
965,973
965,1644
966,2420
966,1606
966,982
966,1787
966,2491
966,2453
966,976
966,1646
966,2131
966,1652
966,2172
966,2024
966,977
966,2270
966,2145
966,974
966,1328
966,1394
966,2025
966,979
966,1367
966,1323
966,987
966,2718
966,1816
966,970
966,996
966,1372
966,1371
966,2268
966,1609
966,1308
966,1391
967,1655
967,1651
967,1646
967,2581
967,1663
967,1388
967,970
967,2021
967,1363
967,998
967,978
967,1659
967,980
967,1638
967,1818
967,1630
967,988
967,1620
967,1621
967,2165
967,974
967,1606
967,973
967,1380
967,2462
967,990
968,2019
968,1646
968,2423
968,1386
968,2551
968,999
968,1640
968,2028
968,972
968,1809
968,1320
968,1301
968,1644
968,983
968,980
968,978
968,2606
968,1679
968,2036
968,969
968,1610
968,1605
968,2266
968,2460
968,1629
968,1676
968,1833
968,1639
968,2195
968,1309
968,1886
969,1832
969,984
969,1646
969,977
969,2088
969,1887
969,1818
969,972
969,1309
969,1345
969,993
969,1656
969,998
969,987
969,983
969,978
969,1372
969,2165
969,1647
969,2273
969,1662
969,973
970,2683
970,2015
970,2299
970,1617
970,1344
970,2643
970,2254
970,2551
970,2266
970,2139
970,981
970,2145
970,1646
970,2036
970,974
970,1353
970,1335
970,978
970,1389
970,2019
970,2601
970,2496
970,2631
970,2253
970,1334
970,972
971,2587
971,1957
971,1308
971,1395
971,1818
971,1309
971,2027
971,993
971,1360
971,1656
971,998
971,992
971,977
971,982
971,1358
971,2287
971,976
971,1383
971,2189
971,2453
971,1372
971,1824
971,978
971,1955
971,997
971,2266
971,1370
971,2545
972,2577
972,2202
972,2347
972,977
972,1658
972,2643
972,2547
972,996
972,987
972,1918
972,978
972,1774
972,1664
972,1646
972,1344
972,2000
972,1399
972,2280
972,993
972,2168
972,1606
973,2273
973,2696
973,1967
973,1965
973,2190
973,1394
973,988
973,1656
973,998
973,983
973,979
973,1372
973,987
973,982
973,1315
973,1306
973,2463
973,992
974,1308
974,975
974,2006
974,1656
974,977
974,1898
974,2634
974,2145
974,2654
974,1339
974,1370
974,1358
974,1352
974,993
974,1115
974,1309
974,980
974,979
974,2183
974,1349
974,2213
974,1325
974,999
974,1376
974,1646
975,2628
975,2056
975,2424
975,1907
975,1341
975,2547
975,2186
975,2233
975,1349
975,1761
975,2466
975,1609
975,1666
975,1642
975,2270
975,2271
975,2174
975,1838
975,2167
975,2707
975,1673
975,2579
975,1608
975,2188
975,1624
975,2275
975,2578
975,1364
975,2163
975,994
975,1652
975,1605
975,1933
976,1606
976,982
976,2032
976,1718
976,1818
976,1377
976,1356
976,993
976,992
976,1656
976,1365
976,1665
976,1673
976,2275
977,2252
977,1608
977,2188
977,1334
977,1388
977,1357
977,1360
977,1327
977,1326
977,1965
977,995
977,993
977,980
977,979
977,2420
977,1353
977,2189
977,2266
977,981
977,2145
977,2429
977,1638
978,1832
978,1726
978,1655
978,2577
978,2586
978,2022
978,1663
978,993
978,1672
978,1381
978,1306
978,1312
978,1340
978,2280
978,1313
978,980
978,1949
978,1658
978,2457
978,989
978,1649
978,2423
978,2285
978,1652
978,1839
978,1334
979,1344
979,1628
979,2643
979,2267
979,988
979,982
979,2674
979,1358
979,1352
979,1824
979,980
979,2168
979,1629
979,2197
979,2275
979,995
979,1647
979,1389
979,1367
979,999
980,1364
980,1646
980,1917
980,2413
980,1658
980,1810
980,1341
980,2005
980,2145
980,2029
980,995
980,992
980,1349
980,993
980,1604
980,1344
980,1891
980,2576
981,2646
981,1308
981,2000
981,1341
981,991
981,2497
981,997
981,1646
981,1396
981,1375
981,999
981,1376
981,1656
981,998
981,1606
981,1371
981,2587
981,1318
981,1835
981,2463
981,2273
981,1333
981,1662
981,2696
981,1644
981,2584
981,1372
981,1607
982,2252
982,2024
982,2401
982,1385
982,1380
982,1339
982,1327
982,2219
982,1378
982,990
982,2029
982,1726
982,2145
982,998
982,2453
982,1310
982,2280
982,2183
982,985
982,1383
982,2188
982,1666
982,999
982,1678
982,2254
982,1672
982,1651
982,2195
982,2164
983,1445
983,1650
983,1642
983,1393
983,2145
983,1648
983,1385
983,1338
983,1307
983,2183
983,2718
983,1661
983,1617
983,1678
984,1606
984,1319
984,2014
984,1752
984,988
984,1365
984,986
984,1334
984,997
984,996
984,992
984,990
984,989
984,987
984,2226
984,1367
984,1658
984,2453
984,1372
984,2298
984,2421
985,1660
985,1657
985,2127
985,1826
985,2272
985,1379
985,1363
985,1358
985,1340
985,1302
985,2420
985,1903
985,1609
985,2180
985,1665
985,2182
985,1639
985,1655
985,2266
985,1829
985,1611
985,2457
986,1384
986,2362
986,2252
986,2186
986,1726
986,994
986,1382
986,1324
986,2008
986,1919
986,2259
986,1818
986,1397
986,1357
986,1380
986,1375
986,1374
986,1369
986,1360
986,1810
986,2033
986,1354
986,2226
986,1353
986,1350
986,1318
986,2485
986,1321
986,2110
986,1332
986,1331
986,1320
986,1896
986,1314
986,1306
986,1303
986,1836
986,1828
986,1826
986,1729
986,1339
986,1824
986,2705
986,1312
986,1402
986,990
986,2285
986,2267
986,2217
986,1825
986,2603
986,1633
987,1308
987,2030
987,2155
987,2014
987,1655
987,2266
987,992
987,990
987,989
987,1391
987,2705
987,1666
987,1393
987,2145
987,1605
987,1646
988,2501
988,1659
988,1646
988,2200
988,1658
988,995
988,1349
988,1625
988,2037
988,1738
989,1656
989,1606
989,1308
989,2103
989,2643
989,1386
989,1641
989,2266
989,1393
989,1608
989,1317
989,1903
989,1837
989,993
989,1355
989,2457
989,2296
989,1629
989,995
990,1657
990,1308
990,2610
990,1650
990,1661
990,1658
990,1835
990,2022
990,1346
990,2145
990,2032
990,2643
990,998
990,997
990,1664
990,1678
990,1629
990,1604
990,2673
990,2021
990,2453
990,996
990,1324
990,1638
991,2288
991,1832
991,1396
991,2362
991,2252
991,1907
991,2547
991,2696
991,1823
991,1364
991,2625
991,2003
991,1540
991,1908
991,2284
991,1887
991,1352
991,1398
991,1729
991,1341
991,1924
991,2215
991,2603
991,2021
991,1363
991,2491
991,1909
991,2285
991,1938
991,1356
991,1353
991,2202
991,1329
991,2254
991,1805
991,1320
991,1319
991,2483
991,1310
991,2718
991,1312
991,2088
991,1903
991,1806
991,2611
991,2262
991,1371
991,1794
991,1313
991,1642
991,1913
991,1331
992,2577
992,1603
992,1213
992,2185
992,1665
992,2605
992,1398
992,1332
992,1801
992,998
992,1658
992,2457
992,2014
992,1349
992,2096
992,2423
992,1808
992,999
992,1347
992,1654
993,2453
993,2145
993,2586
993,1394
993,2280
993,1658
993,1893
993,999
993,1318
993,1356
993,1632
993,1822
993,1617
993,1614
994,2351
994,1374
994,2611
994,1352
994,2480
994,1918
994,1606
994,1653
994,2168
994,2466
994,2190
994,2199
994,1811
994,2516
994,2204
994,2628
994,1782
994,1638
994,1629
994,2461
994,1655
994,2172
994,2275
994,1351
994,2197
994,1677
994,2359
994,1607
994,2441
994,2176
995,1656
995,1660
995,1654
995,1651
995,1810
995,1806
995,2230
995,2001
995,1672
995,2682
995,2287
995,1605
995,1644
996,2351
996,1308
996,2033
996,1667
996,2032
996,2344
996,1640
996,2421
996,1341
996,1307
996,1343
996,2028
997,1625
997,2127
997,999
997,1658
997,2699
997,1370
997,1301
997,1656
997,1659
997,2270
997,1917
997,1366
997,2275
998,2039
998,1646
998,2200
998,1661
998,1369
998,1326
998,1306
998,1820
998,1679
998,1638
998,1606
998,2029
998,2024
998,1390
998,2025
998,1321
998,1392
998,1621
998,2458
999,1656
999,1308
999,2696
999,2029
999,2670
999,1334
999,1397
999,1611
999,1320
999,1672
999,2280
999,1310
999,2019
999,1340
999,1321
999,2605
999,1663
999,1358
999,1605
1000,2471
1000,1062
1000,1052
1000,1002
1000,1099
1000,2086
1000,1051
1000,1018
1000,1235
1000,1229
1000,1055
1000,1694
1000,2258
1000,1700
1000,2630
1000,1869
1000,1096
1000,1059
1000,1058
1000,1044
1000,1020
1000,1045
1000,1844
1000,1867
1000,1270
1000,1244
1000,1033
1000,1550
1000,1706
1000,1221
1000,1001
1000,1574
1000,1283
1000,1048
1000,1097
1000,1037
1000,1416
1000,1087
1000,1006
1000,1029
1000,1299
1000,1017
1000,1043
1000,1090
1000,2404
1000,1046
1000,1024
1000,1031
1001,1694
1001,1035
1001,1698
1001,1689
1001,1078
1001,1680
1001,1079
1001,1020
1001,1054
1001,1759
1001,1717
1001,1290
1001,1715
1001,1701
1001,1081
1001,1096
1001,1707
1001,1687
1001,1045
1001,1703
1001,1092
1001,1084
1001,1681
1001,2386
1001,1074
1001,1027
1001,1014
1001,1871
1001,1714
1001,1019
1001,2476
1001,1697
1001,1086
1001,1060
1001,1953
1001,1050
1001,2640
1002,1052
1002,1042
1002,2365
1002,1931
1002,1235
1002,1077
1002,2258
1002,1043
1002,1039
1002,1034
1002,1025
1002,1699
1002,1020
1002,1004
1002,1877
1002,1865
1002,1280
1002,1274
1002,1013
1002,2371
1002,1688
1002,1203
1002,1700
1002,1092
1002,1071
1002,2329
1002,1068
1002,1057
1002,1056
1002,1050
1002,1049
1002,2630
1002,1032
1002,1225
1002,1031
1002,1028
1002,1023
1002,1022
1002,1014
1002,1006
1002,1098
1002,1570
1002,1554
1002,1268
1003,1052
1003,1542
1003,1072
1003,1931
1003,1051
1003,1042
1003,1236
1003,1050
1003,1708
1003,1229
1003,1714
1003,1700
1003,1701
1003,1047
1003,1689
1003,1010
1003,1686
1003,1683
1003,1083
1003,1054
1003,1044
1003,1043
1003,1039
1003,1254
1003,1060
1003,1013
1003,1690
1003,1011
1003,1005
1003,1879
1003,1064
1003,1596
1003,1024
1003,1703
1003,1092
1003,1076
1003,1687
1003,1682
1003,1696
1003,2708
1003,1406
1004,2074
1004,1719
1004,1094
1004,1098
1004,1082
1004,1708
1004,1070
1004,1079
1004,1682
1004,1067
1004,1058
1004,1701
1004,1043
1004,1039
1004,1016
1004,1013
1004,1277
1004,1026
1004,1711
1004,1706
1004,1048
1004,1696
1004,1688
1004,1710
1004,1005
1004,1028
1004,2701
1004,1056
1004,1037
1004,1084
1004,1245
1004,1062
1004,1203
1004,2476
1004,1066
1004,1019
1004,1464
1004,1440
1004,1064
1005,1694
1005,2377
1005,2315
1005,1699
1005,1062
1005,2472
1005,2323
1005,1561
1005,1702
1005,1095
1005,2479
1005,1703
1005,1684
1005,1683
1005,1084
1005,1037
1005,1711
1005,1879
1005,1696
1005,1038
1005,1254
1005,1019
1005,1027
1005,1051
1005,1075
1005,1708
1005,1020
1005,1687
1005,1707
1006,1099
1006,1699
1006,1713
1006,1036
1006,1695
1006,1853
1006,1871
1006,1086
1006,1076
1006,2476
1006,1865
1006,1294
1006,1277
1006,1259
1006,1849
1006,1097
1006,1702
1006,1044
1006,1931
1006,1696
1006,1236
1006,1706
1006,1048
1006,1698
1006,1087
1006,1034
1006,1068
1006,1021
1006,1714
1006,1056
1006,1266
1006,1560
1006,1011
1006,1293
1006,1014
1006,1096
1006,1045
1006,1233
1006,1092
1006,1869
1006,1023
1007,1042
1007,1699
1007,1263
1007,1098
1007,1713
1007,1041
1007,1235
1007,1082
1007,1077
1007,1066
1007,1695
1007,2314
1007,1708
1007,2321
1007,1545
1007,1096
1007,1067
1007,1040
1007,1690
1007,1011
1007,1277
1007,1026
1007,1613
1007,1031
1007,1707
1007,2386
1007,1264
1007,1687
1007,1086
1007,1280
1007,1092
1007,1074
1007,1013
1007,1207
1007,1049
1007,1046
1007,1071
1007,1265
1007,1024
1007,1877
1007,1694
1007,1209
1007,1068
1007,1021
1007,1014
1007,1270
1007,1599
1007,1201
1007,1009
1007,1037
1007,2395
1007,1022
1008,2652
1008,1200
1008,1052
1008,1863
1008,1559
1008,1974
1008,1081
1008,1283
1008,2479
1008,1055
1008,1682
1008,1848
1008,1096
1008,1073
1008,1506
1008,1882
1008,1274
1008,1931
1008,1273
1008,1015
1008,1014
1008,1704
1008,1046
1008,1093
1008,1066
1008,1019
1008,1057
1008,1030
1008,1246
1008,1011
1008,1293
1008,2630
1008,1548
1008,1266
1008,1268
1008,2384
1008,1021
1008,1714
1008,1009
1008,1953
1008,1201
1008,1295
1008,1074
1009,2384
1009,1440
1009,1062
1009,2389
1009,1870
1009,2315
1009,1759
1009,1077
1009,2510
1009,1249
1009,1708
1009,1866
1009,2630
1009,1082
1009,2537
1009,1691
1009,1684
1009,1096
1009,1059
1009,1043
1009,1086
1009,1039
1009,1704
1009,1025
1009,1013
1009,2471
1009,1695
1009,1016
1009,1063
1009,1696
1009,1037
1009,1700
1009,1089
1009,1293
1009,1851
1009,1855
1009,1056
1009,2479
1009,1069
1009,1422
1009,1046
1009,1869
1009,2386
1009,1023
1009,1019
1010,2384
1010,1052
1010,1931
1010,1051
1010,2510
1010,2315
1010,1078
1010,1035
1010,1714
1010,1700
1010,1069
1010,2479
1010,1072
1010,1683
1010,1034
1010,1864
1010,1217
1010,1814
1010,1203
1010,1716
1010,1044
1010,1088
1010,1087
1010,1690
1010,2386
1010,1057
1010,1030
1010,1024
1010,1019
1010,1064
1010,1017
1010,1713
1010,2465
1010,1243
1010,1415
1010,1477
1011,2317
1011,1719
1011,1699
1011,2326
1011,1262
1011,1066
1011,1045
1011,1692
1011,1694
1011,1036
1011,1086
1011,2479
1011,1684
1011,1098
1011,1709
1011,1848
1011,1096
1011,1085
1011,1043
1011,1037
1011,1020
1011,1050
1011,1077
1011,2376
1011,1060
1011,1201
1011,1032
1011,1538
1011,1023
1011,1059
1011,1040
1011,1463
1011,1053
1011,1076
1011,1029
1012,1223
1012,2507
1012,1668
1012,1238
1012,1218
1012,2016
1012,1852
1012,1425
1012,1524
1012,2564
1012,1501
1012,1229
1012,1568
1012,2364
1012,2469
1012,2162
1012,1871
1012,1864
1012,1291
1012,1865
1012,1847
1012,1265
1012,1259
1012,1250
1012,1209
1012,1854
1012,2630
1012,2510
1012,1928
1012,1264
1012,1846
1012,1050
1012,2117
1012,1853
1012,1562
1012,1547
1012,1214
1012,1505
1012,1292
1012,1281
1012,1251
1012,1855
1012,1273
1012,2340
1012,1702
1012,1508
1012,1212
1012,1503
1012,2473
1012,2376
1012,2245
1012,2315
1012,1295
1012,1523
1012,2396
1012,1278
1012,1287
1012,1869
1012,1266
1012,1255
1012,1252
1012,1245
1012,2116
1012,1243
1012,1241
1012,1234
1012,2472
1012,1599
1012,1211
1012,1268
1012,1242
1012,2600
1012,2369
1012,1496
1013,1689
1013,1052
1013,1072
1013,1062
1013,2240
1013,1931
1013,1082
1013,1077
1013,2258
1013,1710
1013,1706
1013,1047
1013,1698
1013,1099
1013,1719
1013,1040
1013,1086
1013,1280
1013,1039
1013,1220
1013,1026
1013,1059
1013,1064
1013,1840
1013,1023
1013,1717
1013,1038
1013,1696
1013,1033
1013,1759
1013,1080
1013,1024
1013,1071
1013,1714
1013,1999
1013,1708
1013,1029
1013,1707
1013,1028
1013,2386
1013,1090
1013,1861
1013,1694
1013,1015
1013,1297
1013,1032
1013,1096
1013,1049
1013,1285
1013,1037
1013,1507
1014,1223
1014,1042
1014,1041
1014,1062
1014,1069
1014,1699
1014,1098
1014,2214
1014,2258
1014,2477
1014,1700
1014,1440
1014,1052
1014,2701
1014,1017
1014,1083
1014,1060
1014,1931
1014,1058
1014,1034
1014,1026
1014,1016
1014,2537
1014,1685
1014,1879
1014,1270
1014,1059
1014,1247
1014,1023
1014,1217
1014,1064
1014,1840
1014,1088
1014,1084
1014,1087
1014,1682
1014,1024
1014,1878
1014,1690
1014,1877
1014,1516
1014,1031
1014,1027
1014,1243
1014,2391
1014,2570
1014,2473
1015,1694
1015,2240
1015,1870
1015,1858
1015,1263
1015,2472
1015,1713
1015,1045
1015,1036
1015,1275
1015,1253
1015,2340
1015,1047
1015,2630
1015,2533
1015,1707
1015,1085
1015,1067
1015,2086
1015,1698
1015,1040
1015,1682
1015,1274
1015,1259
1015,1139
1015,1207
1015,1088
1015,1068
1015,2570
1015,1873
1015,1097
1015,1931
1015,1058
1015,1027
1015,1092
1015,1023
1015,2615
1015,1063
1015,1569
1015,1293
1015,1200
1015,1297
1015,1484
1015,1056
1016,1041
1016,1228
1016,1062
1016,2385
1016,1702
1016,1708
1016,2521
1016,1086
1016,1703
1016,1052
1016,2321
1016,1096
1016,1085
1016,1038
1016,1154
1016,1060
1016,1063
1016,1084
1016,1071
1016,1093
1016,1517
1016,1030
1016,1028
1016,1433
1016,1247
1016,1482
1016,1056
1016,1098
1016,1878
1016,1068
1017,1577
1017,1859
1017,1220
1017,1062
1017,2365
1017,1974
1017,1065
1017,2314
1017,2117
1017,1702
1017,1066
1017,2382
1017,2513
1017,1855
1017,1714
1017,1700
1017,1043
1017,1038
1017,1025
1017,1020
1017,2572
1017,1256
1017,1099
1017,1851
1017,1274
1017,1084
1017,1074
1017,1501
1017,1048
1017,1064
1017,1234
1017,1715
1017,2386
1017,1023
1018,2652
1018,2384
1018,1694
1018,1703
1018,1086
1018,1037
1018,1871
1018,1065
1018,1877
1018,1688
1018,1265
1018,1851
1018,1205
1018,1262
1018,1074
1018,2386
1018,1095
1018,1048
1018,1079
1018,1032
1018,1714
1018,2476
1018,2570
1018,1536
1018,1038
1018,1508
1018,1022
1018,1586
1018,2708
1018,1041
1018,1088
1018,1276
1018,1691
1018,1080
1018,1268
1018,1232
1018,2471
1018,1202
1018,2566
1018,1208
1018,2477
1019,1440
1019,1062
1019,1682
1019,1876
1019,1155
1019,1931
1019,1045
1019,1695
1019,1692
1019,2258
1019,1076
1019,1067
1019,1254
1019,1060
1019,1044
1019,1040
1019,2106
1019,1039
1019,1865
1019,1277
1019,1236
1019,1048
1019,1079
1019,1690
1019,1090
1019,1033
1019,1080
1019,1285
1019,1684
1019,1026
1019,1689
1019,1715
1019,1072
1019,1064
1019,1713
1019,1035
1019,1693
1019,1707
1019,1049
1019,1709
1019,1027
1019,1099
1020,2717
1020,2613
1020,1262
1020,1689
1020,1078
1020,1708
1020,1086
1020,1075
1020,1054
1020,1037
1020,2258
1020,1083
1020,1034
1020,1068
1020,1867
1020,1261
1020,1026
1020,1711
1020,1931
1020,1696
1020,1682
1020,1024
1020,1071
1020,1030
1020,1440
1020,1092
1020,1047
1020,2564
1020,1701
1020,1560
1020,1049
1020,1714
1020,1056
1020,1035
1020,1693
1021,2317
1021,1689
1021,1041
1021,1238
1021,1848
1021,1713
1021,1262
1021,2246
1021,1082
1021,1692
1021,1051
1021,2312
1021,1079
1021,1273
1021,1209
1021,2224
1021,1060
1021,1201
1021,1097
1021,1687
1021,1032
1021,1074
1021,1061
1021,1080
1021,1542
1021,1057
1021,1290
1021,1096
1021,1049
1021,1046
1021,1297
1021,1022
1021,1087
1021,1219
1021,1091
1021,1232
1021,1223
1021,1514
1021,2241
1021,1271
1021,2386
1021,1098
1022,1041
1022,2378
1022,1069
1022,1098
1022,1066
1022,1036
1022,1501
1022,1695
1022,1873
1022,1086
1022,1868
1022,2630
1022,2479
1022,1079
1022,1085
1022,1075
1022,1067
1022,1039
1022,1033
1022,1294
1022,2386
1022,1222
1022,1684
1022,1091
1022,1074
1022,1032
1022,1690
1022,1023
1022,1048
1022,1064
1022,1452
1022,1683
1022,1401
1022,1869
1022,2157
1022,1090
1022,1714
1023,1052
1023,2644
1023,1528
1023,1931
1023,1446
1023,1254
1023,2321
1023,2314
1023,1708
1023,2590
1023,1702
1023,1035
1023,1714
1023,2476
1023,1506
1023,1700
1023,1683
1023,1067
1023,1862
1023,1879
1023,1264
1023,1696
1023,2630
1023,1854
1023,1091
1023,1028
1023,1098
1023,1048
1023,1061
1023,1255
1023,1046
1023,1276
1023,1089
1023,1230
1023,2315
1023,1861
1023,2373
1023,1079
1023,2049
1023,2395
1023,1056
1023,1703
1023,1064
1024,1062
1024,2315
1024,1035
1024,2396
1024,1700
1024,2321
1024,1710
1024,1040
1024,1044
1024,1280
1024,1274
1024,2387
1024,1071
1024,1047
1024,1689
1024,1266
1024,1031
1024,1028
1024,1573
1024,1687
1024,1204
1024,1706
1024,1759
1024,1859
1024,1032
1024,1719
1024,1252
1025,1042
1025,1041
1025,1220
1025,1931
1025,1051
1025,1098
1025,1218
1025,1077
1025,1045
1025,1047
1025,1069
1025,2479
1025,1076
1025,1059
1025,1054
1025,1037
1025,1684
1025,1026
1025,1877
1025,1851
1025,1222
1025,1097
1025,2386
1025,1236
1025,1048
1025,1093
1025,1040
1025,1087
1025,1682
1025,1071
1025,1873
1025,1027
1025,1044
1025,1072
1025,1683
1026,1859
1026,1099
1026,1931
1026,1055
1026,1695
1026,1710
1026,1086
1026,1871
1026,1079
1026,1705
1026,1279
1026,1085
1026,1073
1026,1039
1026,1029
1026,1247
1026,1093
1026,1092
1026,1040
1026,1087
1026,1080
1026,1592
1026,1877
1026,1266
1026,1076
1026,1686
1026,1075
1026,1098
1026,1874
1026,1066
1026,1551
1026,2380
1026,1698
1026,1699
1026,1071
1026,1847
1026,1048
1026,1060
1026,1711
1026,1241
1026,1050
1026,2408
1026,1027
1027,1689
1027,1709
1027,1262
1027,1694
1027,1036
1027,1200
1027,1717
1027,2469
1027,1853
1027,1714
1027,1700
1027,1045
1027,1703
1027,1688
1027,1096
1027,1076
1027,1044
1027,1039
1027,1227
1027,2116
1027,1270
1027,1690
1027,1068
1027,1064
1027,1080
1027,2326
1027,1057
1027,1716
1027,1471
1027,1684
1027,1073
1027,1865
1027,1081
1027,1034
1027,1410
1027,2471
1027,1061
1027,1695
1027,1084
1027,1258
1028,2378
1028,1261
1028,1713
1028,1875
1028,1262
1028,1077
1028,2469
1028,1695
1028,1236
1028,1866
1028,2316
1028,1705
1028,1974
1028,1692
1028,1034
1028,1710
1028,1851
1028,1711
1028,1051
1028,1850
1028,1044
1028,1693
1028,1840
1028,1088
1028,1558
1028,1690
1028,1032
1028,1031
1028,1931
1028,1696
1028,1715
1028,1292
1028,1089
1028,1296
1028,1252
1028,1092
1028,1681
1028,2528
1028,1707
1029,1099
1029,1098
1029,1713
1029,1035
1029,1694
1029,2258
1029,2590
1029,1081
1029,1686
1029,1072
1029,1683
1029,1869
1029,1054
1029,1931
1029,1038
1029,2479
1029,1680
1029,1701
1029,1278
1029,1090
1029,1084
1029,2695
1029,1097
1029,1074
1029,2122
1029,1870
1029,1071
1029,2374
1029,1293
1029,1089
1029,1296
1029,1095
1029,1048
1029,2384
1029,1068
1029,1046
1029,1047
1030,1440
1030,1041
1030,1859
1030,2652
1030,1524
1030,1759
1030,1710
1030,1042
1030,1700
1030,2572
1030,1220
1030,2630
1030,1062
1030,1814
1030,1705
1030,1058
1030,1043
1030,1038
1030,2365
1030,1237
1030,1044
1030,1274
1030,1265
1030,2386
1030,1703
1030,1092
1030,1877
1030,2095
1030,1578
1030,1553
1030,1473
1030,1713
1030,1055
1030,2711
1030,2476
1030,1087
1031,1689
1031,1223
1031,1052
1031,1099
1031,2315
1031,2202
1031,1262
1031,1695
1031,1236
1031,1095
1031,2477
1031,2647
1031,1707
1031,1086
1031,1214
1031,1073
1031,1038
1031,1059
1031,1247
1031,1203
1031,1702
1031,1044
1031,1091
1031,1068
1031,1043
1031,1560
1031,1258
1031,1870
1031,1056
1031,1440
1031,1064
1031,1713
1031,2465
1032,1440
1032,1062
1032,1069
1032,1051
1032,1699
1032,1697
1032,1262
1032,1055
1032,2385
1032,1077
1032,1066
1032,1695
1032,1095
1032,1870
1032,2258
1032,1681
1032,1047
1032,1683
1032,1096
1032,1280
1032,1085
1032,1073
1032,1043
1032,1037
1032,1713
1032,1034
1032,1048
1032,2386
1032,1265
1032,1071
1032,1097
1032,1074
1032,1686
1032,1033
1032,1759
1032,1080
1032,1060
1032,2371
1032,1040
1032,1087
1032,1093
1032,1046
1032,1711
1032,1700
1033,1440
1033,1062
1033,2240
1033,1931
1033,1236
1033,1858
1033,1717
1033,1078
1033,1700
1033,1870
1033,1682
1033,1086
1033,1036
1033,1083
1033,1075
1033,1067
1033,1069
1033,2385
1033,1066
1033,1091
1033,1044
1033,1843
1033,1759
1033,2323
1033,1054
1033,1096
1033,1711
1033,1047
1033,1705
1033,1093
1033,2314
1033,1092
1033,1295
1033,2630
1033,1074
1034,1689
1034,1931
1034,1041
1034,1699
1034,1713
1034,1695
1034,1701
1034,2534
1034,2376
1034,1094
1034,1705
1034,1081
1034,1073
1034,1709
1034,1703
1034,1879
1034,2499
1034,1089
1034,1277
1034,1716
1034,1053
1034,1711
1034,1087
1034,2476
1034,1207
1034,1847
1034,1048
1034,1262
1034,2471
1034,1067
1034,1571
1034,2630
1034,1079
1035,1041
1035,1062
1035,1051
1035,2476
1035,1759
1035,1568
1035,1050
1035,1695
1035,2258
1035,1688
1035,1683
1035,1682
1035,1085
1035,1076
1035,1059
1035,1040
1035,1039
1035,1038
1035,1053
1035,2314
1035,1873
1035,1088
1035,1716
1035,1036
1035,1715
1035,1707
1035,1092
1035,1087
1035,1706
1035,1068
1035,1064
1035,1057
1035,1440
1035,1246
1036,2392
1036,1699
1036,1549
1036,1066
1036,1052
1036,2321
1036,1710
1036,2365
1036,1096
1036,1704
1036,1054
1036,1221
1036,1063
1036,1861
1036,1250
1036,1092
1036,1702
1036,1044
1036,1091
1036,1701
1036,1090
1036,1084
1036,1097
1036,1215
1036,1051
1036,2085
1036,2320
1036,2590
1036,1212
1036,2528
1036,1588
1036,2105
1036,1683
1036,1260
1036,1271
1036,1266
1036,1059
1036,1435
1037,1041
1037,1069
1037,1713
1037,1501
1037,1077
1037,1702
1037,1748
1037,1707
1037,1691
1037,1858
1037,1059
1037,1087
1037,1706
1037,1424
1037,1074
1037,2061
1037,1714
1037,1209
1037,1715
1037,1682
1037,1071
1037,1683
1037,2323
1037,1047
1038,2378
1038,2476
1038,1050
1038,1095
1038,1698
1038,1085
1038,2469
1038,1059
1038,1054
1038,1053
1038,1682
1038,1055
1038,1280
1038,1843
1038,1091
1038,1056
1038,1047
1038,2316
1038,1287
1038,1270
1038,1074
1038,1271
1038,1255
1039,1440
1039,1699
1039,1759
1039,1055
1039,1082
1039,1086
1039,1698
1039,1931
1039,1085
1039,1075
1039,1717
1039,1059
1039,1045
1039,1703
1039,1096
1039,1049
1039,1715
1039,1093
1039,1046
1039,1047
1039,1063
1039,1569
1039,1079
1039,1098
1039,1680
1039,1060
1040,1041
1040,1931
1040,1713
1040,2321
1040,1692
1040,1078
1040,1067
1040,1053
1040,1043
1040,1090
1040,2630
1040,1079
1040,1293
1040,1879
1040,2476
1040,1704
1040,1046
1040,1422
1040,1084
1040,1062
1040,1859
1040,2329
1040,1057
1040,2479
1040,1054
1041,1440
1041,2538
1041,1702
1041,1684
1041,1680
1041,1096
1041,1085
1041,1076
1041,1059
1041,2258
1041,1079
1041,1862
1041,1877
1041,2479
1041,2086
1041,1236
1041,1097
1041,1695
1041,1095
1041,1696
1041,1092
1041,1087
1041,1084
1041,1068
1041,1064
1041,2630
1041,1072
1041,1709
1041,2365
1041,1510
1041,1251
1041,1282
1042,2384
1042,1108
1042,1067
1042,1077
1042,1044
1042,1682
1042,1291
1042,2471
1042,1879
1042,1867
1042,1864
1042,1088
1042,1845
1042,1069
1042,2385
1042,1221
1042,1706
1042,1051
1042,1056
1042,1708
1042,2469
1042,1693
1042,1062
1042,2371
1042,2565
1042,1275
1042,1581
1042,1550
1042,1534
1042,1299
1042,2105
1042,2507
1042,2340
1042,1070
1042,2395
1042,2095
1042,1266
1042,1219
1042,2689
1042,1859
1042,1762
1042,1448
1043,1694
1043,1082
1043,1700
1043,1681
1043,1703
1043,1683
1043,1682
1043,1076
1043,1858
1043,1717
1043,1059
1043,1053
1043,1096
1043,1684
1043,1073
1043,1278
1043,1090
1043,1704
1043,1046
1043,1689
1043,1064
1043,1698
1043,1705
1043,1080
1043,1098
1044,1062
1044,1069
1044,1051
1044,2087
1044,1699
1044,2214
1044,1077
1044,1045
1044,1702
1044,1095
1044,2258
1044,1700
1044,1086
1044,2007
1044,1078
1044,2630
1044,1688
1044,1096
1044,1083
1044,1076
1044,2469
1044,1693
1044,1843
1044,1073
1044,1057
1044,1093
1044,1089
1044,1690
1044,1090
1044,1258
1044,1064
1044,1714
1044,1080
1044,1071
1044,1682
1044,2386
1044,1075
1044,1063
1044,2708
1045,1719
1045,1238
1045,1099
1045,1759
1045,1709
1045,1077
1045,1688
1045,1069
1045,1680
1045,1073
1045,1694
1045,2258
1045,1058
1045,1814
1045,1700
1045,1701
1045,1681
1045,1696
1045,1687
1045,1706
1045,1064
1045,2630
1045,1683
1045,1714
1045,1705
1045,1080
1045,1268
1045,1081
1045,1410
1046,1254
1046,1072
1046,2701
1046,2246
1046,2360
1046,1288
1046,1051
1046,1501
1046,1864
1046,1511
1046,2630
1046,1079
1046,2538
1046,1688
1046,1499
1046,1693
1046,1706
1046,1221
1046,1080
1046,1087
1046,1299
1046,1241
1046,2391
1046,1715
1046,1713
1046,1217
1046,1056
1046,1491
1046,1871
1046,1289
1046,1096
1047,1694
1047,2326
1047,1051
1047,2478
1047,1713
1047,1254
1047,1066
1047,1714
1047,1077
1047,2534
1047,1703
1047,1872
1047,1073
1047,1054
1047,1086
1047,1931
1047,1085
1047,1072
1047,1067
1047,1069
1047,2479
1047,1681
1047,2386
1047,1702
1047,1843
1047,1064
1047,2340
1047,1204
1047,1296
1048,2528
1048,1859
1048,1542
1048,1069
1048,1931
1048,1229
1048,1262
1048,2385
1048,1077
1048,2314
1048,1710
1048,1086
1048,1699
1048,1214
1048,1707
1048,2386
1048,2095
1048,1067
1048,1254
1048,1060
1048,1227
1048,1056
1048,1286
1048,1092
1048,1217
1048,1091
1048,1089
1048,1459
1048,2623
1048,1071
1048,2258
1048,1693
1048,1079
1048,1504
1049,2384
1049,1052
1049,2471
1049,1218
1049,1072
1049,1699
1049,2101
1049,1713
1049,1709
1049,2318
1049,1293
1049,1062
1049,1255
1049,2613
1049,1693
1049,2469
1049,1075
1049,1269
1049,1974
1049,1708
1049,1706
1049,1215
1049,1700
1049,1085
1049,1076
1049,2340
1049,1071
1049,1549
1049,2630
1049,2395
1049,2404
1049,1531
1049,1866
1049,1998
1049,2321
1049,1287
1049,1526
1049,1479
1049,1759
1049,1054
1049,1053
1049,1262
1049,1497
1049,2376
1050,1694
1050,1542
1050,1072
1050,1501
1050,1077
1050,1099
1050,2321
1050,1710
1050,1054
1050,1058
1050,1849
1050,1237
1050,1855
1050,1069
1050,2479
1050,1814
1050,1682
1050,1259
1050,1155
1050,1711
1050,1081
1050,1095
1050,1091
1050,1700
1050,1089
1050,1084
1050,1681
1050,2386
1050,1440
1050,1064
1050,1223
1050,1693
1050,1599
1050,1478
1050,1057
1051,1440
1051,1698
1051,1866
1051,1077
1051,1702
1051,1099
1051,1280
1051,1684
1051,1261
1051,1695
1051,1700
1051,1701
1051,1681
1051,1687
1051,1262
1051,2471
1051,1066
1051,1694
1051,1708
1051,1079
1051,1068
1051,1072
1051,1683
1051,1711
1051,1241
1052,1440
1052,1078
1052,1688
1052,1866
1052,1843
1052,1067
1052,1931
1052,1226
1052,1065
1052,1703
1052,2479
1052,1059
1052,2469
1052,1088
1052,1082
1052,1700
1052,1716
1052,1092
1052,1706
1052,1071
1052,1083
1052,1715
1052,1759
1052,1080
1052,1856
1052,1668
1052,1057
1052,2086
1052,1099
1052,1096
1052,1056
1052,1714
1052,1713
1052,1593
1052,1503
1052,2323
1052,1220
1053,1713
1053,1700
1053,1684
1053,1680
1053,1060
1053,1759
1053,1054
1053,1280
1053,1221
1053,1690
1053,1093
1053,1856
1053,1715
1053,1071
1053,1931
1053,1085
1053,1696
1053,1701
1053,1082
1053,1270
1053,1096
1053,1719
1053,1061
1053,1709
1053,1568
1053,1580
1053,1063
1053,1064
1054,1069
1054,1568
1054,1694
1054,1506
1054,1695
1054,1704
1054,2630
1054,1682
1054,1688
1054,1865
1054,1088
1054,1080
1054,1057
1054,1208
1054,2564
1054,1295
1054,1061
1054,1085
1054,1698
1054,1087
1054,1705
1054,1096
1054,1097
1054,1270
1054,1693
1055,1440
1055,1078
1055,1072
1055,1683
1055,1859
1055,1060
1055,1098
1055,1709
1055,1694
1055,2258
1055,1684
1055,1227
1055,1226
1055,1097
1055,1063
1055,1715
1055,1690
1055,1688
1055,1056
1055,1714
1055,1713
1055,1705
1055,1583
1055,1554
1055,1698
1056,1859
1056,1072
1056,1098
1056,1719
1056,2689
1056,2472
1056,1082
1056,1708
1056,1260
1056,1086
1056,1079
1056,1841
1056,1235
1056,1217
1056,1702
1056,1843
1056,1090
1056,2380
1056,1064
1056,1084
1056,1061
1056,1077
1056,1688
1056,1697
1056,1406
1056,1710
1056,1099
1056,1681
1056,1240
1056,1711
1056,1713
1056,1687
1056,1682
1056,1071
1056,1706
1056,1707
1056,1237
1057,1694
1057,1069
1057,1931
1057,1098
1057,1713
1057,1099
1057,1717
1057,1082
1057,1695
1057,1699
1057,1214
1057,1864
1057,1710
1057,1095
1057,1706
1057,1086
1057,2376
1057,1073
1057,1067
1057,1705
1057,1218
1057,1703
1057,1068
1057,1844
1057,1861
1057,1435
1057,1294
1057,2386
1057,1700
1057,1859
1057,1277
1057,1093
1057,1091
1057,2521
1057,1205
1057,1690
1057,1299
1058,1697
1058,1713
1058,1714
1058,1060
1058,1063
1058,1931
1058,1696
1058,1090
1058,1087
1058,1064
1058,1068
1058,1095
1058,1706
1058,1847
1058,1514
1058,1077
1058,1715
1058,2385
1058,1868
1059,2240
1059,1699
1059,1066
1059,1694
1059,1095
1059,2469
1059,1077
1059,1688
1059,1870
1059,1682
1059,2086
1059,1096
1059,1073
1059,1280
1059,1716
1059,1074
1059,1068
1059,1208
1059,2514
1059,1086
1059,1084
1059,1268
1059,1299
1059,1264
1059,1689
1060,1470
1060,1062
1060,1762
1060,2371
1060,2381
1060,2499
1060,2537
1060,1242
1060,1289
1060,1696
1060,1092
1060,1079
1060,1688
1060,1684
1060,1682
1060,1071
1060,1706
1060,1068
1060,1066
1060,1719
1061,1062
1061,1069
1061,1699
1061,1261
1061,1709
1061,1066
1061,1580
1061,1864
1061,1706
1061,1866
1061,1700
1061,1707
1061,1682
1061,1681
1061,1717
1061,1247
1061,1716
1061,1715
1061,1696
1061,1714
1061,1093
1061,1688
1061,1701
1061,1090
1061,1698
1061,1087
1061,1759
1061,1262
1061,1851
1062,1086
1062,1702
1062,1682
1062,1680
1062,1096
1062,1077
1062,1079
1062,1683
1062,2590
1062,1207
1062,1262
1062,1715
1062,1700
1062,1092
1062,2386
1062,2630
1062,1698
1062,1696
1062,1688
1062,2312
1063,2392
1063,2326
1063,2240
1063,2509
1063,1872
1063,1236
1063,1759
1063,1424
1063,1693
1063,2469
1063,2537
1063,1873
1063,1506
1063,2382
1063,2321
1063,1701
1063,2312
1063,1688
1063,1861
1063,1085
1063,1226
1063,1708
1063,1285
1063,2532
1063,2391
1063,1592
1063,1878
1063,1266
1063,1931
1063,1098
1063,2472
1063,1250
1063,1095
1063,2322
1063,1868
1064,1694
1064,1099
1064,2568
1064,1864
1064,1086
1064,1688
1064,1683
1064,1690
1064,1710
1064,1714
1064,1412
1064,1410
1064,1701
1064,1706
1064,2386
1064,1092
1064,1716
1065,2717
1065,2471
1065,2378
1065,2392
1065,1876
1065,1858
1065,1413
1065,1267
1065,2377
1065,2214
1065,2371
1065,2320
1065,2509
1065,2218
1065,2098
1065,2539
1065,1269
1065,1851
1065,1096
1065,1290
1065,1867
1065,1285
1065,1859
1065,1277
1065,1273
1065,1847
1065,1265
1065,1264
1065,1209
1065,1203
1065,2074
1065,2365
1065,1201
1065,1868
1065,1092
1065,1222
1065,2386
1065,1571
1065,2110
1065,1590
1065,1205
1065,1550
1065,1208
1065,1263
1065,1748
1065,2473
1065,2245
1065,2380
1065,1878
1065,1296
1065,1293
1065,2396
1065,1260
1065,1446
1065,1252
1065,2316
1065,2402
1065,1268
1065,1850
1065,1240
1065,2645
1066,1440
1066,1079
1066,2243
1066,1262
1066,1077
1066,1086
1066,1702
1066,2086
1066,1877
1066,1270
1066,1247
1066,1699
1066,1088
1066,1700
1066,2538
1066,1081
1066,1696
1066,1690
1066,1716
1066,1713
1066,1228
1066,1863
1066,1087
1066,1709
1066,1212
1066,1071
1066,2386
1066,2471
1066,2380
1066,2371
1066,1759
1066,1292
1066,1689
1066,1204
1067,2507
1067,1542
1067,1717
1067,1695
1067,1845
1067,2630
1067,1713
1067,1290
1067,1259
1067,1073
1067,1931
1067,1085
1067,1226
1067,1696
1067,1688
1067,1074
1067,1068
1067,1208
1067,1874
1067,1216
1067,2476
1067,2570
1067,1222
1067,1551
1068,2384
1068,1440
1068,1668
1068,2086
1068,1876
1068,1870
1068,1069
1068,1077
1068,2469
1068,2498
1068,2240
1068,2531
1068,1863
1068,2529
1068,1850
1068,1081
1068,2340
1068,1700
1068,2630
1068,1073
1068,1091
1068,2115
1068,1205
1068,1687
1068,1493
1068,1299
1068,1216
1068,1588
1068,1089
1068,1877
1068,1438
1069,1931
1069,1703
1069,1684
1069,1096
1069,1866
1069,1075
1069,1073
1069,2258
1069,1079
1069,2323
1069,1097
1069,1082
1069,1690
1069,1087
1069,1692
1069,1071
1069,1262
1069,1708
1069,2469
1069,1714
1069,2390
1069,1517
1069,1242
1069,2533
1069,1266
1070,1668
1070,2392
1070,2318
1070,2086
1070,2377
1070,1872
1070,1242
1070,2411
1070,2620
1070,1535
1070,2214
1070,1275
1070,1233
1070,1896
1070,1702
1070,2465
1070,2532
1070,1859
1070,1568
1070,2373
1070,1861
1070,1840
1070,1285
1070,1854
1070,1203
1070,2372
1070,1693
1070,2331
1070,1554
1070,1845
1070,1748
1070,2364
1070,1953
1070,1856
1070,1565
1070,2340
1070,1855
1070,1273
1070,1564
1070,1267
1070,1558
1070,1847
1070,1546
1070,1240
1070,1531
1070,2365
1070,1201
1070,1298
1070,1292
1070,1286
1070,1281
1070,2570
1070,2007
1070,2395
1070,1878
1070,1296
1070,1579
1070,1282
1070,1260
1070,1551
1070,1245
1070,2590
1070,1814
1070,1232
1070,1598
1070,1202
1070,1295
1070,1270
1070,1464
1070,1424
1070,2293
1070,2371
1070,2119
1070,2479
1070,1412
1070,2405
1070,1241
1070,1629
1071,1719
1071,1689
1071,1440
1071,1848
1071,1759
1071,1099
1071,1454
1071,1714
1071,2476
1071,1700
1071,1701
1071,1691
1071,1686
1071,1085
1071,1247
1071,1093
1071,1688
1071,1703
1071,1276
1071,1092
1071,1843
1071,1596
1071,1711
1071,1076
1071,2484
1071,1429
1072,1440
1072,1254
1072,2321
1072,1086
1072,1702
1072,1684
1072,1085
1072,1075
1072,1709
1072,1870
1072,2479
1072,1270
1072,1247
1072,1700
1072,1701
1072,1095
1072,2386
1072,2405
1072,1238
1072,2402
1072,1283
1072,2150
1073,1700
1073,1691
1073,1688
1073,1207
1073,1088
1073,1092
1073,1680
1073,1247
1073,1696
1073,1843
1073,1689
1073,1096
1073,2691
1073,1093
1074,1719
1074,2372
1074,1098
1074,1668
1074,1856
1074,1262
1074,2322
1074,2214
1074,1086
1074,1701
1074,1260
1074,1703
1074,1851
1074,1082
1074,1693
1074,1700
1074,1089
1074,1708
1074,1093
1074,2396
1074,1866
1074,1440
1074,1581
1074,2708
1074,1264
1075,2074
1075,2621
1075,1263
1075,2476
1075,1236
1075,1098
1075,1713
1075,1700
1075,2630
1075,1931
1075,1085
1075,1280
1075,2329
1075,1201
1075,1080
1075,1529
1075,1266
1075,1702
1075,1091
1075,2514
1075,2479
1075,1270
1076,2384
1076,1719
1076,2378
1076,1694
1076,1099
1076,1697
1076,2323
1076,2320
1076,2473
1076,1706
1076,1868
1076,1681
1076,1705
1076,1703
1076,1688
1076,1085
1076,1093
1076,1087
1076,1219
1076,1687
1076,2507
1076,1684
1076,1711
1076,1080
1076,1682
1077,1719
1077,1694
1077,1236
1077,2472
1077,1759
1077,1078
1077,1535
1077,1866
1077,2258
1077,2570
1077,1847
1077,1700
1077,1690
1077,1708
1077,1717
1077,1523
1077,1590
1077,2390
1077,1566
1077,2245
1077,1701
1077,1216
1077,1086
1077,2638
1077,1451
1078,2384
1078,2507
1078,1542
1078,1254
1078,1697
1078,1931
1078,1086
1078,1683
1078,1680
1078,1871
1078,1261
1078,1843
1078,1274
1078,1270
1078,1259
1078,1207
1078,1089
1078,2630
1078,1079
1078,2146
1078,2101
1078,2573
1078,1298
1078,1297
1078,1204
1079,1689
1079,1440
1079,1099
1079,2315
1079,1759
1079,1717
1079,2314
1079,1866
1079,1532
1079,1707
1079,1703
1079,1682
1079,2321
1079,2392
1079,1098
1079,1680
1079,1874
1079,1847
1079,1843
1079,1270
1079,1088
1079,1715
1079,1690
1079,1084
1079,2476
1079,1700
1079,1698
1079,1298
1080,1689
1080,1228
1080,2334
1080,1866
1080,1714
1080,1700
1080,1691
1080,1705
1080,1682
1080,2258
1080,1083
1080,1273
1080,1711
1080,1709
1080,1686
1080,2476
1080,2507
1080,1238
1080,1708
1080,1699
1080,1088
1080,2630
1081,1254
1081,1099
1081,2378
1081,1699
1081,1098
1081,2613
1081,1857
1081,1974
1081,1931
1081,2513
1081,1212
1081,2570
1081,1436
1081,1705
1081,1096
1081,1870
1081,1851
1081,1682
1081,1294
1081,1087
1081,1707
1081,2386
1081,1244
1081,2387
1081,1508
1081,2514
1081,1271
1081,1258
1081,1089
1081,1283
1081,1542
1081,1251
1081,2512
1082,1504
1082,2476
1082,1699
1082,2371
1082,1680
1082,2258
1082,1237
1082,1687
1082,1084
1082,1706
1082,2386
1082,1715
1082,1708
1082,1509
1082,2377
1082,1296
1082,1711
1082,1241
1082,1434
1082,1703
1082,2079
1083,2505
1083,1717
1083,2469
1083,1695
1083,2258
1083,1698
1083,1688
1083,1259
1083,2386
1083,1931
1083,1696
1083,1534
1083,1683
1083,2113
1083,1878
1083,1290
1083,1251
1083,1867
1083,1438
1083,1262
1084,2087
1084,2476
1084,1699
1084,1223
1084,1527
1084,1701
1084,1682
1084,1690
1084,1093
1084,1702
1084,1091
1084,1706
1084,1847
1084,1250
1084,1297
1084,1868
1084,1680
1084,1208
1084,1264
1084,1698
1084,1440
1084,2050
1085,1200
1085,1953
1085,1931
1085,2620
1085,2472
1085,1472
1085,2371
1085,1974
1085,1708
1085,1866
1085,1862
1085,1291
1085,1218
1085,2479
1085,1703
1085,1694
1085,1209
1085,1088
1085,1868
1085,1092
1085,1091
1085,1087
1085,1684
1085,1201
1085,1530
1085,1261
1085,1095
1085,1289
1085,1539
1085,1713
1085,1519
1085,1241
1085,2105
1085,1716
1086,1440
1086,1709
1086,2570
1086,1095
1086,1689
1086,2465
1086,2381
1086,1706
1086,2382
1086,1700
1086,1688
1086,1686
1086,2384
1086,1695
1086,1862
1086,1290
1086,1687
1086,1843
1086,1091
1086,1090
1086,2630
1086,1520
1086,1613
1086,1680
1086,2364
1086,1097
1087,2318
1087,1870
1087,1568
1087,1695
1087,1714
1087,1707
1087,1814
1087,1697
1087,2473
1087,1715
1087,1090
1087,1089
1087,1698
1087,1557
1087,2469
1087,1716
1087,1572
1087,1088
1087,1276
1087,1873
1088,1099
1088,1953
1088,1699
1088,1444
1088,1709
1088,1556
1088,2590
1088,1704
1088,1539
1088,2479
1088,1842
1088,2382
1088,1877
1088,1707
1088,2689
1088,1702
1088,1232
1088,1091
1088,1293
1088,1931
1088,1872
1088,1576
1088,1814
1088,1593
1088,1866
1088,1537
1089,1440
1089,1695
1089,2258
1089,1708
1089,1700
1089,1872
1089,1684
1089,1682
1089,1680
1089,1096
1089,2498
1089,1840
1089,1698
1089,2476
1089,1207
1089,1208
1089,1216
1089,1702
1089,1215
1089,2708
1090,1440
1090,1099
1090,1931
1090,1269
1090,2334
1090,1095
1090,1866
1090,1697
1090,2630
1090,1717
1090,1294
1090,1693
1090,1688
1090,1093
1090,2479
1090,1243
1090,2316
1090,1875
1090,2138
1090,2514
1091,2158
1091,1254
1091,1858
1091,1699
1091,1713
1091,1709
1091,1974
1091,1931
1091,2513
1091,2539
1091,1218
1091,2382
1091,1246
1091,1708
1091,1682
1091,2411
1091,1247
1091,1879
1091,1097
1091,1092
1091,1546
1091,2104
1091,1231
1091,1234
1091,1296
1091,1271
1091,1681
1091,1095
1091,1230
1091,1220
1091,2102
1091,1262
1091,2712
1091,1257
1092,2317
1092,1931
1092,1848
1092,1099
1092,1702
1092,1095
1092,1844
1092,1096
1092,2401
1092,1237
1092,1682
1092,1294
1092,2246
1092,1276
1092,1704
1092,1219
1092,1684
1092,1220
1092,1696
1092,2470
1092,1254
1092,1443
1093,2372
1093,1931
1093,2476
1093,2620
1093,2323
1093,2314
1093,1840
1093,1877
1093,1548
1093,1297
1093,2071
1093,1295
1093,1879
1093,1588
1093,1682
1093,1683
1093,1688
1093,2386
1093,1236
1093,1095
1094,1223
1094,2637
1094,2471
1094,1613
1094,1254
1094,1876
1094,1874
1094,1235
1094,1845
1094,1855
1094,2314
1094,1698
1094,2377
1094,1218
1094,2382
1094,1851
1094,1867
1094,1285
1094,1270
1094,2510
1094,1221
1094,1155
1094,2565
1094,1528
1094,1563
1094,2630
1094,1596
1094,1591
1094,1547
1094,1546
1094,2472
1094,2378
1094,1214
1094,2473
1094,1242
1094,1568
1094,1953
1094,1276
1094,1260
1094,1465
1094,1271
1094,2620
1094,2645
1094,1869
1094,1258
1094,2465
1094,1243
1094,1232
1094,1228
1094,1713
1094,1704
1094,1219
1094,2312
1094,1542
1094,2124
1094,1847
1094,1472
1094,1410
1094,2405
1094,1230
1094,1282
1094,2598
1094,1205
1094,1875
1094,1487
1095,2384
1095,1200
1095,1099
1095,2086
1095,2622
1095,2476
1095,2239
1095,1695
1095,1275
1095,2314
1095,1682
1095,1861
1095,1523
1095,1096
1095,1706
1095,2693
1095,1843
1095,1097
1095,1690
1095,1711
1095,1844
1095,1298
1095,1697
1095,2376
1095,1416
1095,2386
1095,1258
1095,1245
1096,1099
1096,1275
1096,1698
1096,1225
1096,1257
1096,1265
1096,1700
1096,1200
1096,2384
1096,1227
1096,1690
1096,2322
1096,1953
1096,2364
1097,1269
1097,1713
1097,1506
1097,2570
1097,1246
1097,1866
1097,1229
1097,1840
1097,2122
1097,1296
1097,2385
1097,1680
1097,1205
1097,1252
1097,2094
1097,2392
1097,1683
1097,2384
1097,1268
1098,1859
1098,1688
1098,1684
1098,1879
1098,1851
1098,2143
1098,1861
1098,1250
1098,1711
1098,1696
1098,1716
1098,1706
1098,1707
1098,1715
1098,1687
1098,1681
1099,1694
1099,1683
1099,1710
1099,1759
1099,1717
1099,1688
1099,1876
1099,1814
1099,1681
1099,1707
1099,1693
1099,1709
1099,1715
1099,1708
1099,2382
1099,1714
1099,1711
1099,1705
1099,1846
1099,1878
1099,2568
1100,2651
1100,2454
1100,1175
1100,1197
1100,1104
1100,2455
1100,1733
1100,2406
1100,1164
1100,2315
1100,1140
1100,1173
1100,1116
1100,1163
1100,1754
1100,1143
1100,1753
1100,1189
1100,1142
1100,1736
1100,1125
1100,1123
1100,1159
1100,1112
1100,1101
1100,2403
1100,1134
1100,1743
1100,1179
1100,2311
1100,1109
1100,1180
1100,2449
1100,1160
1100,1121
1101,1757
1101,1106
1101,1178
1101,2555
1101,2490
1101,2278
1101,1129
1101,1175
1101,2679
1101,2308
1101,1743
1101,1179
1101,2452
1101,1747
1101,1177
1101,1119
1101,1746
1101,1182
1101,1148
1101,1745
1101,1134
1101,2406
1101,1110
1101,1107
1101,2455
1101,1186
1101,1173
1101,2346
1101,1265
1101,1149
1101,1758
1101,1143
1102,1739
1102,1130
1102,1190
1102,1122
1102,2301
1102,1722
1102,2454
1102,1168
1102,2672
1102,1145
1102,2179
1102,1180
1102,2403
1102,1735
1102,1152
1102,1184
1102,2490
1102,1174
1102,1162
1102,1161
1102,1727
1102,1116
1102,1104
1102,1198
1102,1186
1102,1149
1102,2557
1102,1194
1102,1125
1102,1113
1102,1154
1102,1165
1102,1742
1102,1183
1102,1110
1102,1197
1102,1150
1102,1191
1102,1146
1102,1156
1102,2552
1103,1114
1103,1753
1103,2082
1103,2179
1103,1758
1103,1153
1103,2308
1103,1723
1103,2319
1103,1164
1103,1162
1103,1161
1103,1160
1103,1172
1103,2530
1103,2304
1103,1140
1103,2559
1103,2406
1103,1191
1103,2651
1103,1196
1103,1166
1103,1156
1103,1154
1103,1147
1103,1134
1103,2490
1103,1118
1103,1113
1103,1169
1103,1751
1103,2451
1103,2448
1103,2446
1103,2147
1103,1146
1103,1728
1103,2445
1104,2454
1104,1197
1104,1168
1104,1128
1104,2406
1104,1145
1104,1136
1104,2016
1104,2307
1104,1190
1104,2451
1104,2490
1104,1174
1104,1162
1104,2341
1104,1144
1104,2295
1104,2099
1104,1129
1104,1173
1104,1147
1104,2082
1104,1189
1104,1142
1104,1172
1104,1125
1104,1123
1104,1117
1104,1110
1104,2562
1104,1107
1104,2559
1104,1196
1104,2310
1104,2304
1104,1176
1104,2445
1104,1723
1104,2573
1104,1748
1105,2116
1105,1130
1105,1114
1105,1727
1105,2673
1105,1362
1105,1187
1105,1157
1105,2082
1105,1189
1105,1172
1105,1191
1105,2559
1105,1196
1105,1149
1105,1148
1105,1132
1105,1131
1105,1124
1105,1115
1105,1112
1105,1180
1105,1744
1105,1154
1105,1107
1105,1728
1105,2016
1105,1217
1105,1165
1105,1118
1105,1190
1105,1143
1105,1151
1105,1182
1105,1121
1106,2326
1106,2132
1106,1744
1106,2218
1106,2121
1106,1733
1106,1311
1106,2100
1106,2113
1106,2307
1106,2158
1106,1183
1106,2311
1106,1895
1106,2632
1106,2339
1106,2151
1106,1756
1106,1199
1106,2468
1106,2112
1106,2012
1106,2106
1106,2101
1106,1109
1106,1594
1106,1297
1106,1685
1106,2108
1106,2331
1106,1276
1106,2595
1106,1890
1106,2366
1106,2088
1106,2486
1106,2063
1107,1743
1107,2490
1107,2082
1107,1139
1107,1180
1107,2346
1107,1171
1107,1158
1107,2141
1107,2403
1107,1114
1107,1725
1107,1157
1107,1928
1107,1183
1107,1156
1107,1120
1107,1128
1107,1118
1107,1749
1107,1138
1107,1115
1107,1152
1107,1130
1107,1741
1107,1164
1107,1728
1107,1126
1107,1724
1107,1191
1107,1151
1108,2407
1108,2016
1108,1168
1108,1175
1108,1197
1108,2490
1108,1236
1108,1753
1108,1727
1108,1180
1108,2530
1108,2403
1108,2341
1108,1928
1108,1400
1108,1196
1108,1746
1108,2310
1108,1179
1108,1195
1108,1193
1108,2111
1108,1125
1108,1115
1108,1750
1108,1164
1108,1191
1109,1757
1109,2016
1109,2295
1109,2449
1109,1133
1109,2406
1109,1723
1109,1151
1109,1119
1109,1745
1109,2450
1109,1186
1109,1884
1109,2448
1109,1179
1109,1148
1109,1143
1109,1131
1109,2446
1109,2301
1109,1126
1109,1735
1109,1124
1109,1172
1109,2179
1109,1756
1109,2445
1109,1746
1109,1578
1109,1191
1109,1727
1109,1116
1109,1114
1110,1145
1110,2390
1110,2554
1110,2403
1110,2557
1110,1179
1110,1177
1110,1156
1110,1142
1110,1184
1110,1112
1110,1159
1110,1178
1110,1131
1110,1739
1110,1175
1110,1135
1110,1117
1110,1728
1110,1195
1110,1148
1110,1116
1110,1163
1110,2086
1110,2559
1110,1157
1110,2567
1110,1162
1110,1115
1111,1175
1111,1180
1111,1743
1111,2542
1111,2530
1111,2455
1111,2672
1111,2403
1111,1754
1111,2346
1111,1124
1111,1735
1111,2451
1111,2310
1111,1151
1111,1195
1111,1194
1111,1166
1111,1152
1111,1145
1112,1743
1112,1128
1112,1158
1112,2403
1112,1114
1112,2278
1112,2557
1112,2561
1112,2153
1112,1192
1112,1144
1112,1140
1112,2109
1112,1121
1112,1292
1112,2036
1112,2552
1112,1194
1112,2672
1112,1120
1112,1170
1112,2674
1112,1162
1112,1171
1112,1728
1112,1124
1112,1150
1112,2179
1113,1130
1113,2306
1113,1190
1113,2651
1113,1122
1113,2344
1113,2542
1113,1139
1113,2455
1113,1735
1113,2403
1113,1745
1113,2179
1113,1568
1113,1746
1113,2310
1113,1736
1113,1172
1113,1160
1113,1151
1113,1146
1113,1138
1113,1173
1113,1166
1113,1120
1113,1140
1113,1753
1113,1142
1113,1847
1113,2339
1113,1117
1113,1579
1113,1154
1113,1175
1114,1130
1114,1884
1114,2672
1114,1136
1114,2403
1114,2651
1114,1741
1114,1145
1114,1179
1114,1192
1114,1162
1114,1151
1114,1150
1114,1144
1114,1197
1114,2450
1114,1168
1114,1195
1114,1193
1114,1166
1114,1745
1114,1163
1114,1149
1114,1134
1114,2346
1114,1154
1114,1736
1114,1126
1114,1125
1114,1115
1114,2016
1114,1725
1114,2301
1114,1737
1114,2141
1114,1158
1114,1756
1114,1175
1114,1272
1114,1298
1115,1130
1115,2536
1115,2346
1115,1128
1115,2675
1115,2472
1115,2082
1115,1736
1115,1171
1115,2449
1115,1727
1115,2406
1115,1169
1115,1816
1115,2450
1115,1195
1115,1183
1115,1166
1115,2557
1115,1194
1115,1147
1115,1179
1115,2490
1115,1132
1115,1121
1115,2308
1115,1144
1115,1143
1115,1725
1115,1131
1115,2028
1115,1728
1115,1756
1115,1177
1116,1130
1116,1884
1116,1743
1116,1178
1116,2454
1116,1128
1116,2343
1116,1757
1116,2339
1116,1753
1116,1129
1116,2445
1116,1745
1116,1133
1116,1725
1116,2304
1116,1196
1116,1172
1116,1146
1116,1195
1116,1176
1116,2490
1116,1132
1116,1124
1116,1164
1116,1893
1116,1117
1116,1174
1116,1156
1116,1173
1116,1737
1116,2446
1116,1120
1116,1186
1116,1750
1116,1844
1116,1536
1116,1731
1116,1149
1116,1537
1116,2122
1116,2341
1116,1177
1116,1144
1117,1197
1117,2331
1117,2452
1117,2307
1117,1192
1117,1140
1117,1193
1117,1166
1117,1142
1117,1138
1117,1126
1117,2304
1117,1176
1117,1750
1117,1147
1117,1551
1117,2099
1117,1721
1117,1160
1117,1536
1117,1727
1117,1174
1117,1597
1117,1124
1118,1441
1118,1122
1118,2346
1118,2123
1118,1743
1118,2542
1118,1749
1118,1185
1118,1725
1118,2179
1118,2406
1118,1184
1118,2450
1118,1186
1118,2301
1118,1126
1118,2082
1118,1142
1118,1168
1118,1121
1118,1178
1118,2118
1118,1129
1118,1176
1118,2098
1118,2310
1118,1182
1118,1135
1118,2341
1118,1166
1118,1401
1118,1815
1118,1157
1118,1204
1119,1190
1119,1122
1119,2100
1119,2555
1119,1736
1119,1540
1119,1749
1119,2308
1119,2449
1119,1727
1119,2338
1119,1884
1119,1179
1119,1815
1119,1157
1119,2452
1119,1747
1119,1189
1119,1162
1119,1151
1119,1186
1119,2445
1119,1176
1119,1156
1119,1141
1119,1182
1119,1178
1119,1134
1119,2450
1119,2305
1119,1148
1119,1144
1119,1332
1119,2557
1119,2322
1119,1147
1119,1354
1120,1130
1120,1743
1120,2651
1120,1145
1120,2278
1120,2132
1120,1129
1120,1749
1120,2449
1120,2447
1120,1745
1120,2452
1120,1171
1120,1754
1120,1177
1120,1146
1120,1150
1120,1197
1120,2555
1120,1149
1120,1148
1120,2451
1120,1725
1120,1143
1120,2450
1120,1134
1120,1123
1120,1182
1120,1135
1120,1166
1120,1587
1120,2562
1120,1160
1120,1724
1120,1192
1120,1756
1120,1173
1120,1126
1120,1147
1120,1184
1121,2672
1121,1145
1121,2490
1121,1727
1121,1153
1121,1136
1121,2452
1121,1196
1121,1157
1121,1151
1121,1187
1121,1140
1121,1170
1121,1743
1121,2542
1121,1132
1121,1126
1121,1164
1121,1728
1121,1194
1121,1842
1121,1725
1121,1573
1121,2454
1121,1185
1121,1232
1121,1180
1121,1133
1121,1744
1121,1166
1121,2530
1122,2556
1122,2672
1122,1745
1122,1159
1122,1741
1122,1145
1122,1192
1122,1174
1122,1735
1122,1150
1122,2341
1122,1195
1122,1183
1122,1746
1122,2310
1122,1141
1122,1125
1122,1743
1122,1161
1122,2016
1122,2307
1122,1725
1122,1152
1122,1149
1122,2557
1122,2308
1122,1180
1122,1744
1122,1733
1122,1185
1122,2651
1122,1179
1122,1132
1122,2448
1122,1158
1122,1884
1122,2082
1122,1142
1122,2552
1122,2304
1122,1129
1122,2445
1122,2680
1123,2302
1123,2306
1123,1178
1123,1128
1123,1175
1123,1197
1123,2589
1123,2082
1123,1171
1123,2406
1123,2310
1123,2450
1123,2445
1123,2304
1123,1176
1123,1159
1123,1154
1123,1149
1123,1166
1123,1190
1123,1143
1123,1147
1123,1744
1123,2554
1123,1144
1123,1757
1123,1193
1123,1170
1124,2595
1124,2363
1124,1168
1124,2339
1124,2345
1124,1746
1124,1139
1124,1129
1124,1152
1124,2455
1124,2308
1124,2446
1124,1133
1124,1321
1124,2682
1124,2481
1124,1157
1124,1184
1124,1186
1124,1136
1124,1183
1124,1147
1124,1749
1124,1138
1124,1135
1124,1125
1124,2007
1124,2089
1124,2128
1124,2101
1124,1886
1124,1751
1124,1730
1125,2116
1125,1130
1125,1190
1125,1152
1125,2447
1125,1725
1125,2340
1125,1165
1125,1160
1125,2310
1125,1182
1125,2345
1125,1170
1125,1159
1125,1185
1125,1138
1125,2141
1125,1530
1125,2538
1125,1157
1125,1147
1125,1179
1125,1132
1125,2384
1126,1722
1126,1178
1126,1187
1126,2179
1126,1180
1126,1171
1126,2554
1126,2557
1126,1731
1126,2147
1126,2115
1126,2406
1126,1144
1126,2601
1126,2310
1126,2346
1126,1182
1126,1166
1126,1159
1126,1136
1126,2450
1126,1134
1126,1725
1126,2113
1126,1756
1126,1173
1126,1170
1126,1405
1126,2134
1126,1164
1126,2370
1126,1154
1126,1198
1127,1803
1127,1989
1127,1929
1127,1802
1127,2466
1127,2372
1127,2204
1127,1796
1127,2437
1127,2284
1127,2088
1127,1822
1127,1340
1127,2180
1127,1373
1127,1932
1127,2700
1127,1473
1127,2443
1127,2627
1127,2425
1127,2500
1127,2279
1127,2709
1127,2224
1127,2348
1127,2217
1127,2208
1127,1920
1127,2046
1127,2439
1127,2073
1127,1951
1127,1770
1127,2054
1127,2068
1127,1971
1127,2545
1127,2233
1127,2053
1127,1956
1128,2306
1128,1742
1128,2016
1128,2372
1128,1733
1128,1753
1128,1362
1128,1161
1128,1146
1128,1184
1128,2406
1128,1144
1128,2452
1128,1191
1128,1359
1128,1747
1128,1139
1128,1186
1128,1129
1128,1176
1128,2341
1128,1166
1128,1196
1128,1149
1128,1147
1128,1298
1128,1138
1128,1132
1128,1736
1128,1154
1128,1158
1128,2552
1128,1735
1128,1133
1128,1577
1128,1134
1128,2454
1129,2087
1129,1733
1129,1535
1129,1722
1129,2304
1129,1172
1129,1169
1129,1164
1129,1162
1129,1735
1129,2559
1129,1152
1129,1171
1129,1195
1129,1193
1129,1173
1129,2310
1129,1166
1129,1148
1129,1142
1129,1131
1129,2147
1129,1737
1129,2445
1129,2450
1129,1182
1129,2302
1130,2449
1130,2403
1130,1754
1130,1192
1130,1164
1130,1160
1130,1151
1130,1150
1130,1144
1130,2559
1130,1157
1130,1193
1130,2554
1130,1196
1130,1166
1130,1163
1130,1159
1130,2542
1130,1156
1130,1149
1130,1148
1130,1180
1130,1134
1130,1132
1130,2451
1130,1737
1130,1183
1130,1173
1130,2561
1131,2346
1131,2114
1131,1539
1131,1168
1131,1745
1131,2132
1131,2452
1131,2311
1131,1189
1131,1172
1131,1143
1131,1744
1131,1508
1131,2446
1131,1156
1131,1185
1131,1138
1131,1152
1131,2092
1131,1184
1131,2455
1131,1182
1131,1198
1132,2387
1132,2179
1132,2673
1132,2455
1132,1141
1132,1140
1132,1198
1132,1166
1132,1159
1132,1154
1132,1149
1132,2452
1132,1164
1132,2651
1132,1758
1132,1194
1132,1736
1132,2111
1132,2672
1132,1138
1132,2554
1132,1152
1133,2505
1133,1267
1133,1197
1133,2448
1133,1187
1133,2490
1133,2530
1133,2295
1133,2555
1133,1192
1133,1146
1133,1195
1133,2452
1133,1182
1133,2016
1133,1170
1133,1159
1133,1156
1133,2403
1133,1134
1133,1725
1133,2554
1133,1144
1133,2036
1133,1186
1133,1374
1133,1824
1134,1742
1134,1544
1134,2490
1134,2138
1134,1736
1134,1152
1134,1171
1134,1169
1134,1164
1134,2450
1134,1191
1134,1186
1134,1195
1134,1289
1134,1148
1134,2454
1134,1138
1134,1182
1134,1135
1134,1756
1134,1731
1134,2536
1134,2341
1134,2012
1134,1180
1134,1744
1135,1742
1135,2313
1135,2472
1135,1725
1135,1539
1135,2150
1135,2406
1135,2308
1135,1150
1135,1159
1135,2141
1135,1154
1135,1750
1135,2089
1135,1149
1135,1724
1135,2104
1135,1741
1135,2346
1135,1743
1135,2448
1135,2542
1135,1140
1135,1141
1135,2651
1135,1758
1135,1194
1135,1191
1136,1743
1136,2651
1136,2490
1136,1145
1136,2179
1136,1753
1136,1178
1136,2530
1136,2449
1136,1754
1136,1164
1136,1150
1136,1182
1136,1166
1136,1154
1136,1148
1136,1153
1136,1720
1136,1146
1136,1569
1137,2641
1137,1889
1137,2360
1137,2426
1137,2198
1137,2589
1137,2519
1137,2482
1137,2200
1137,2076
1137,2033
1137,1892
1137,2227
1137,1898
1137,1233
1137,2202
1137,1544
1137,1591
1137,2108
1137,1517
1137,1903
1137,1833
1137,1504
1137,2256
1137,2259
1137,2654
1137,2488
1137,1304
1137,2605
1137,1831
1137,1348
1137,2152
1137,1494
1137,2436
1137,1355
1137,2208
1137,2158
1137,2205
1138,1190
1138,1168
1138,1739
1138,2555
1138,2455
1138,1153
1138,2342
1138,2530
1138,2295
1138,1196
1138,2304
1138,1758
1138,1195
1138,1191
1138,1747
1138,1183
1138,2082
1138,1330
1138,1142
1138,1737
1138,1146
1138,1724
1138,1735
1138,1152
1138,2092
1138,1180
1138,2308
1138,2449
1138,1745
1138,1743
1138,1178
1138,2302
1138,1174
1138,1728
1139,2301
1139,2454
1139,1168
1139,2295
1139,1145
1139,2555
1139,1192
1139,1164
1139,1150
1139,2559
1139,1191
1139,1183
1139,1170
1139,1148
1139,2082
1139,1142
1139,1141
1139,1154
1139,1750
1139,2305
1139,1176
1139,2445
1139,1163
1139,1736
1139,1877
1139,2406
1139,2020
1139,1157
1139,1742
1139,2447
1139,2259
1140,1742
1140,1197
1140,2455
1140,2449
1140,1196
1140,2319
1140,1191
1140,2554
1140,1193
1140,2555
1140,2672
1140,1166
1140,1143
1140,1743
1140,2542
1140,2125
1140,1187
1141,2114
1141,1175
1141,1736
1141,2403
1141,1198
1141,1173
1141,2445
1141,1157
1141,2573
1141,1746
1141,2310
1141,1146
1141,1744
1141,2089
1141,2452
1142,1145
1142,2082
1142,1180
1142,1171
1142,1158
1142,2542
1142,2319
1142,2554
1142,1821
1142,1161
1142,1150
1142,1194
1142,2016
1142,1734
1142,1170
1142,1166
1142,2305
1142,1190
1142,2036
1142,1176
1142,1820
1142,1183
1142,1151
1142,1198
1142,1159
1142,1674
1143,2130
1143,1187
1143,1175
1143,1735
1143,2141
1143,2406
1143,2452
1143,1747
1143,1161
1143,1172
1143,1552
1143,1164
1143,2278
1143,1725
1143,1146
1143,1182
1143,1186
1143,1168
1143,1750
1143,1244
1143,2403
1143,1741
1143,1198
1143,2559
1143,1194
1143,1197
1143,1173
1143,1180
1143,1162
1144,1524
1144,1732
1144,1168
1144,1153
1144,2554
1144,1152
1144,2555
1144,2179
1144,1171
1144,1735
1144,2490
1144,1747
1144,1743
1144,2542
1144,1179
1144,1164
1144,1150
1144,1159
1144,1746
1144,2451
1144,1154
1144,1562
1144,2301
1144,2016
1145,1178
1145,1735
1145,1153
1145,2319
1145,1756
1145,1174
1145,1160
1145,2341
1145,1176
1145,1156
1145,1148
1145,2403
1145,2559
1145,2530
1145,2018
1145,1727
1145,2449
1145,2308
1145,1158
1145,2082
1145,2179
1145,1745
1145,1741
1145,2097
1145,2682
1145,2560
1145,2080
1146,2651
1146,1746
1146,1743
1146,2542
1146,2319
1146,1165
1146,2129
1146,1189
1146,1184
1146,2446
1146,1741
1146,1177
1146,2672
1146,1164
1146,1151
1146,1198
1146,1756
1146,2341
1146,1166
1146,2454
1146,2313
1146,1148
1146,2559
1146,1159
1146,1160
1146,1157
1146,1862
1147,1910
1147,1722
1147,2179
1147,1153
1147,1157
1147,2304
1147,1151
1147,1150
1147,2403
1147,2450
1147,2651
1147,1194
1147,1156
1147,1154
1147,1149
1147,1737
1147,2452
1147,1175
1147,2346
1147,2295
1147,1169
1147,1874
1147,1179
1147,2319
1148,2528
1148,1746
1148,1168
1148,1197
1148,1150
1148,1198
1148,1159
1148,2125
1148,2452
1148,1156
1148,1736
1148,2153
1148,1166
1148,1745
1148,2205
1148,1195
1148,1152
1148,2082
1148,2552
1148,1189
1149,1197
1149,1180
1149,1178
1149,1158
1149,2319
1149,2554
1149,2403
1149,1157
1149,1190
1149,1754
1149,1162
1149,2452
1149,1747
1149,1183
1149,1159
1149,2455
1149,1750
1149,1743
1149,1179
1149,2310
1149,1173
1149,1690
1149,1547
1149,1727
1149,1758
1149,2559
1149,1176
1150,1757
1150,2302
1150,1671
1150,1152
1150,2140
1150,1153
1150,2445
1150,1816
1150,1172
1150,1169
1150,2672
1150,1162
1150,1166
1150,1182
1150,2451
1150,2559
1150,2089
1150,1896
1150,1285
1150,2301
1150,1756
1150,2126
1151,1757
1151,2301
1151,1872
1151,1197
1151,1863
1151,2308
1151,2140
1151,1753
1151,1171
1151,1749
1151,2295
1151,1735
1151,1153
1151,1727
1151,2406
1151,2451
1151,1172
1151,1674
1151,2450
1151,1179
1151,1168
1151,1750
1151,2557
1151,1819
1151,1728
1151,1330
1151,1173
1152,1743
1152,2346
1152,2454
1152,1168
1152,2278
1152,1746
1152,2563
1152,1736
1152,1160
1152,2295
1152,2530
1152,1157
1152,2406
1152,1198
1152,2455
1152,1194
1152,1191
1152,2452
1152,2304
1152,1176
1152,1159
1152,1179
1152,1196
1152,2341
1152,1871
1152,1180
1152,2310
1152,1511
1152,1189
1152,1894
1153,2306
1153,1190
1153,2301
1153,2454
1153,2343
1153,1187
1153,2555
1153,1359
1153,2319
1153,1815
1153,1189
1153,1162
1153,1161
1153,1160
1153,1159
1153,1156
1153,2559
1153,2534
1153,1177
1153,1185
1153,2310
1153,1728
1153,1180
1153,2104
1153,2338
1153,1750
1153,2626
1154,2158
1154,1743
1154,2555
1154,1168
1154,1362
1154,1180
1154,2530
1154,2295
1154,1815
1154,2542
1154,2445
1154,2007
1154,2455
1154,1723
1154,1177
1154,1163
1154,1286
1154,2450
1154,1183
1154,2558
1154,1173
1154,2020
1154,2651
1154,1196
1154,2490
1154,1160
1154,1737
1154,2678
1154,2559
1154,2011
1154,1730
1154,1166
1154,1175
1155,1440
1155,2119
1155,1896
1155,1542
1155,1254
1155,1220
1155,2365
1155,1267
1155,1288
1155,2510
1155,2564
1155,2529
1155,1850
1155,2411
1155,2314
1155,1871
1155,1218
1155,2382
1155,2691
1155,1874
1155,1256
1155,1226
1155,1259
1155,1222
1155,1209
1155,1250
1155,1203
1155,1200
1155,1588
1155,1879
1155,2377
1155,1536
1155,1521
1155,1872
1155,1290
1155,1434
1155,1337
1155,1875
1155,1270
1155,1211
1155,1599
1155,2371
1155,2622
1155,1264
1155,1593
1155,1549
1155,1258
1155,1565
1155,1479
1155,1285
1155,1520
1155,1519
1155,1507
1155,1299
1155,1842
1155,2138
1155,1847
1155,2623
1155,1255
1155,1704
1155,1241
1155,1476
1156,2302
1156,1742
1156,1539
1156,2448
1156,2490
1156,2179
1156,1171
1156,1912
1156,2310
1156,2307
1156,1725
1156,1165
1156,1179
1156,1192
1156,1189
1156,2406
1156,1184
1156,1172
1156,1169
1156,1162
1156,2454
1156,1193
1156,1166
1156,1186
1156,1745
1156,1163
1156,1196
1156,1758
1156,1194
1156,1173
1157,1190
1157,2301
1157,2016
1157,2454
1157,1187
1157,2490
1157,1180
1157,1178
1157,1158
1157,2406
1157,1179
1157,1754
1157,1197
1157,2555
1157,1500
1157,2179
1157,1192
1157,1162
1157,1912
1157,2341
1157,2147
1157,1160
1157,2452
1157,1183
1157,1168
1157,1166
1157,2554
1157,1745
1157,1282
1157,1194
1157,1241
1158,1733
1158,1168
1158,2676
1158,1175
1158,2552
1158,1171
1158,2308
1158,1747
1158,1741
1158,1723
1158,2559
1158,1739
1158,1731
1158,2306
1158,1751
1158,2451
1158,1185
1158,1730
1158,1749
1158,1164
1158,1916
1158,2034
1158,2554
1158,1732
1158,2445
1158,2009
1159,1755
1159,1190
1159,1168
1159,1187
1159,1178
1159,1746
1159,1736
1159,1540
1159,2179
1159,2295
1159,1237
1159,2304
1159,1916
1159,2308
1159,1582
1159,1723
1159,1751
1159,1169
1159,1176
1159,2341
1159,1166
1159,1756
1159,1191
1159,2406
1159,2310
1159,1741
1159,2561
1159,1197
1159,1186
1159,1179
1160,2016
1160,2448
1160,1746
1160,2555
1160,2132
1160,1745
1160,1752
1160,2308
1160,2449
1160,1198
1160,2099
1160,2295
1160,1163
1160,2147
1160,1747
1160,1172
1160,1197
1160,2560
1160,1169
1161,1736
1161,2447
1161,1731
1161,2341
1161,1916
1161,1725
1161,2147
1161,1746
1161,2310
1161,2403
1161,1745
1161,2308
1161,2449
1161,2305
1161,1560
1161,2555
1161,1756
1161,1743
1161,1720
1161,1754
1161,1753
1161,2082
1161,2490
1161,1174
1162,1757
1162,1742
1162,2454
1162,2360
1162,1187
1162,1735
1162,2295
1162,1387
1162,1194
1162,2319
1162,1191
1162,1727
1162,1163
1162,2451
1162,1734
1162,1743
1162,2448
1162,1179
1162,1196
1162,1184
1162,2594
1162,1190
1162,1754
1162,1747
1162,1174
1162,1177
1162,1753
1162,1723
1163,2306
1163,1178
1163,1197
1163,2555
1163,1753
1163,1743
1163,2448
1163,2542
1163,1731
1163,1725
1163,1196
1163,2310
1163,1741
1163,1174
1163,2341
1163,1166
1163,2406
1163,1184
1163,1747
1163,2658
1163,1180
1163,1744
1163,2346
1164,1917
1164,1739
1164,1199
1164,1178
1164,1168
1164,2672
1164,2343
1164,2448
1164,1187
1164,2675
1164,2475
1164,1736
1164,2552
1164,1749
1164,2554
1164,1196
1164,2446
1164,2490
1164,2452
1164,1183
1164,1175
1164,1880
1164,2530
1164,2016
1164,1745
1164,2542
1164,1758
1164,2489
1164,2084
1164,2126
1164,1192
1165,1190
1165,1187
1165,2341
1165,1736
1165,1172
1165,1198
1165,1186
1165,1183
1165,1194
1165,1178
1165,1191
1165,1184
1166,2555
1166,2454
1166,1185
1166,2452
1166,2651
1166,1758
1166,1754
1166,1176
1166,1191
1166,1720
1166,2542
1166,2530
1166,1919
1166,1540
1166,1581
1166,1220
1167,2536
1167,2301
1167,2363
1167,2343
1167,2403
1167,1177
1167,2452
1167,2126
1167,2676
1167,1187
1167,2338
1167,1721
1167,2304
1167,1916
1167,1359
1167,2451
1167,2037
1167,2406
1167,2608
1167,2555
1167,2331
1167,1586
1167,2014
1167,1888
1168,1595
1168,2301
1168,2082
1168,2179
1168,1528
1168,2304
1168,1197
1168,2555
1168,1746
1168,1172
1168,2530
1168,1189
1168,2450
1168,1741
1168,1736
1168,1733
1168,1720
1168,2295
1168,1175
1168,1171
1168,2308
1168,2651
1168,2554
1168,1179
1168,2448
1168,1737
1168,1194
1168,2539
1168,1579
1168,2346
1168,1182
1168,2310
1168,1699
1169,1757
1169,1739
1169,1953
1169,1733
1169,2672
1169,2319
1169,2552
1169,1171
1169,2308
1169,2559
1169,2452
1169,1916
1169,1704
1169,1190
1169,1754
1169,1174
1169,2016
1169,1170
1169,2445
1169,2555
1169,2179
1169,1192
1169,2128
1169,1197
1169,2560
1169,2565
1169,2403
1169,2450
1169,1730
1170,1199
1170,2307
1170,2455
1170,2081
1170,2449
1170,1194
1170,1193
1170,2022
1170,2304
1170,1552
1170,1533
1170,1252
1170,2447
1170,2588
1170,2406
1170,1725
1170,1724
1170,1191
1171,1907
1171,1178
1171,2307
1171,2490
1171,2406
1171,1727
1171,2003
1171,2308
1171,2341
1171,1177
1171,2555
1171,1195
1171,1191
1171,2452
1171,2126
1171,1753
1171,2104
1171,2346
1171,1182
1171,2407
1171,2310
1171,1578
1171,2451
1171,1186
1171,1750
1171,1176
1171,2445
1171,2557
1171,1723
1172,2454
1172,1733
1172,2555
1172,2082
1172,2295
1172,1745
1172,2651
1172,2557
1172,1730
1172,2542
1172,1177
1172,1186
1172,2451
1172,2123
1172,1747
1172,1202
1172,1519
1172,2682
1173,1190
1173,2490
1173,1753
1173,2082
1173,2530
1173,2455
1173,2446
1173,2597
1173,1724
1173,2403
1173,1199
1173,2452
1173,2016
1173,1725
1173,2554
1173,1196
1173,2406
1173,2542
1173,1184
1173,2346
1173,1182
1173,1736
1173,1179
1173,1187
1173,2401
1173,2295
1173,2672
1174,2016
1174,2490
1174,2030
1174,1753
1174,2530
1174,2446
1174,2445
1174,1197
1174,2278
1174,2408
1174,1754
1174,1737
1174,1733
1174,1727
1174,1194
1174,2111
1174,2672
1175,2448
1175,2295
1175,1741
1175,1735
1175,2559
1175,1183
1175,2651
1175,1196
1175,2310
1175,1180
1175,1736
1175,1884
1175,2562
1175,2446
1175,1912
1175,2314
1175,2336
1175,2081
1176,1889
1176,2403
1176,1754
1176,2336
1176,2255
1176,1191
1176,2452
1176,2147
1176,1185
1176,1179
1176,1194
1176,1196
1176,2554
1176,2310
1176,1182
1176,1193
1176,2113
1176,2555
1176,1286
1176,1253
1176,2111
1176,1186
1176,1578
1176,1744
1177,1753
1177,2082
1177,2403
1177,2445
1177,2341
1177,2542
1177,1179
1177,2555
1177,1198
1177,2455
1177,1186
1177,1182
1177,2400
1177,1178
1177,1736
1177,2672
1177,1737
1177,2109
1177,2530
1177,2295
1177,2319
1177,2554
1177,1520
1177,1195
1178,2449
1178,1742
1178,2295
1178,1747
1178,2179
1178,1184
1178,1735
1178,1198
1178,1182
1178,2559
1178,2454
1178,2301
1178,1737
1178,2677
1178,2560
1178,2304
1178,1566
1178,2403
1178,1510
1178,2673
1179,2490
1179,2082
1179,2179
1179,2307
1179,2542
1179,1745
1179,1731
1179,1754
1179,2449
1179,2319
1179,2554
1179,2341
1179,2608
1179,1198
1179,1182
1179,2301
1179,2559
1180,2346
1180,2470
1180,1856
1180,2308
1180,2406
1180,1197
1180,2555
1180,1191
1180,2310
1180,1745
1180,1736
1180,2403
1180,1190
1180,2451
1180,1737
1180,1730
1180,2118
1180,2149
1180,1189
1180,2450
1180,2121
1181,2404
1181,2389
1181,2114
1181,1930
1181,1382
1181,2284
1181,2679
1181,2132
1181,2673
1181,2447
1181,2304
1181,2401
1181,1237
1181,2128
1181,2612
1181,2012
1181,2120
1181,2263
1181,1584
1181,1569
1181,1842
1181,1560
1181,2661
1181,1303
1181,1400
1181,1503
1181,2365
1181,1298
1181,2137
1181,1512
1181,2302
1181,2593
1181,2150
1181,1513
1181,1552
1181,2257
1181,1578
1181,1585
1181,1301
1181,2535
1181,2233
1181,2493
1181,2561
1182,2490
1182,1753
1182,2312
1182,1725
1182,1196
1182,2310
1182,1758
1182,1747
1182,1192
1182,1193
1182,1191
1182,1724
1182,1731
1183,1190
1183,2100
1183,1197
1183,2672
1183,2555
1183,1736
1183,2114
1183,1725
1183,2406
1183,1747
1183,2319
1183,1191
1183,2451
1183,1737
1183,1390
1183,2651
1183,1194
1183,2342
1183,2082
1183,2559
1183,1735
1184,1542
1184,1187
1184,2319
1184,1882
1184,2446
1184,2147
1184,2304
1184,2490
1184,2651
1184,1758
1184,1198
1184,1750
1184,1728
1184,2620
1184,1193
1184,2346
1185,1739
1185,2556
1185,1884
1185,1742
1185,2319
1185,2601
1185,1516
1185,2552
1185,2141
1185,1744
1185,1734
1185,1720
1185,2305
1185,2311
1185,2560
1185,1337
1186,1197
1186,2490
1186,2138
1186,2082
1186,1746
1186,2110
1186,1194
1186,1193
1186,2489
1186,1737
1186,1756
1186,1741
1186,1190
1186,1725
1186,1736
1186,1735
1186,2534
1187,2302
1187,2454
1187,1747
1187,2310
1187,1736
1187,2295
1187,1731
1187,2475
1188,2646
1188,2641
1188,2252
1188,2130
1188,2342
1188,2263
1188,1858
1188,2661
1188,2100
1188,2199
1188,1910
1188,2589
1188,2419
1188,1826
1188,2142
1188,2146
1188,1251
1188,2111
1188,1529
1188,2098
1188,2680
1188,1901
1188,1893
1188,2617
1188,2257
1188,1374
1188,1386
1188,2093
1188,1317
1188,1360
1188,2718
1188,2535
1188,2600
1188,1534
1188,2497
1188,1597
1188,2567
1188,1493
1188,2260
1188,1484
1188,2066
1188,2679
1188,1822
1188,2210
1188,1829
1189,1197
1189,1753
1189,2672
1189,2625
1189,2308
1189,1559
1189,1731
1189,2572
1189,1190
1189,1754
1189,1191
1189,1194
1189,2455
1189,1260
1189,2450
1189,2116
1189,1552
1190,2302
1190,2304
1190,1731
1190,1195
1190,2452
1190,2310
1190,2082
1190,2454
1190,1728
1190,2532
1190,2012
1190,1192
1190,1756
1190,2320
1191,1197
1191,2555
1191,1746
1191,2530
1191,1753
1191,2532
1191,2468
1191,2449
1191,1725
1191,1198
1191,1194
1191,1195
1191,2615
1191,2150
1191,1286
1191,2452
1191,1540
1191,1734
1191,1723
1191,2304
1191,2302
1191,2121
1191,1199
1192,2302
1192,2301
1192,2016
1192,1749
1192,2304
1192,1747
1192,2450
1192,2341
1192,2153
1192,2310
1192,2449
1192,2295
1192,1723
1192,1195
1192,1916
1192,1735
1192,1758
1193,1755
1193,1595
1193,2363
1193,2448
1193,2038
1193,2179
1193,2132
1193,2346
1193,1735
1193,1366
1193,2341
1193,1283
1193,2450
1193,1852
1193,1194
1193,1532
1194,2346
1194,2179
1194,1727
1194,1668
1194,2373
1195,1743
1195,2553
1195,1736
1195,2346
1195,2295
1195,1582
1195,2406
1195,2310
1195,1198
1195,2450
1195,1210
1195,2595
1195,2454
1195,2319
1195,2452
1196,1742
1196,2016
1196,1858
1196,1197
1196,2179
1196,2308
1196,1735
1196,2295
1196,2341
1196,2304
1196,2450
1196,1745
1196,2452
1196,2137
1196,1737
1196,1219
1197,1743
1197,2301
1197,2454
1197,1753
1197,1746
1197,2452
1197,2542
1197,2016
1197,2672
1197,1742
1197,1731
1197,1916
1197,1758
1197,2146
1197,2554
1197,1584
1197,1574
1198,2346
1198,2018
1198,1965
1198,1747
1198,1593
1198,2554
1198,2542
1198,2117
1198,1245
1198,2428
1199,1739
1199,2098
1199,2118
1199,2387
1199,2560
1199,2468
1199,2128
1199,2012
1199,2099
1199,2146
1199,2007
1199,2121
1199,2020
1199,2093
1199,1559
1199,1567
1199,1469
1199,2633
1199,2310
1199,2122
1199,1887
1199,2626
1199,1727
1199,2338
1199,1210
1199,2009
1199,2150
1199,2326
1200,2384
1200,2119
1200,1876
1200,1853
1200,1291
1200,1256
1200,1254
1200,1704
1200,1870
1200,1868
1200,1851
1200,1847
1200,1858
1200,2537
1200,1247
1200,2371
1200,1231
1200,2086
1200,1700
1200,2531
1200,2097
1200,1521
1200,1546
1200,1217
1200,2478
1200,2378
1200,1242
1200,2533
1200,1295
1200,1814
1200,1232
1200,2472
1200,1211
1200,1204
1200,1668
1200,1280
1200,2638
1200,1419
1201,1668
1201,2387
1201,2510
1201,1288
1201,1236
1201,2371
1201,2367
1201,1501
1201,2435
1201,1516
1201,1239
1201,2537
1201,2102
1201,1714
1201,1868
1201,1845
1201,2533
1201,1697
1201,2376
1201,2469
1201,1844
1201,2110
1201,1237
1201,1227
1201,1215
1201,1865
1201,2386
1201,2572
1201,1847
1201,1290
1201,1581
1201,1507
1201,1279
1201,1555
1201,2322
1201,1255
1201,1878
1201,1558
1201,1859
1201,1277
1201,2385
1201,1512
1201,1282
1201,1407
1201,1209
1201,1877
1201,1266
1201,1251
1201,1228
1201,2392
1201,1492
1201,1686
1202,2652
1202,2074
1202,1719
1202,1228
1202,2086
1202,1870
1202,1858
1202,1224
1202,1506
1202,2620
1202,1953
1202,1856
1202,1568
1202,1214
1202,2465
1202,1253
1202,2477
1202,2340
1202,1218
1202,2382
1202,2565
1202,1501
1202,1414
1202,2533
1202,2095
1202,2564
1202,1691
1202,1874
1202,1541
1202,1291
1202,1256
1202,1710
1202,1225
1202,1244
1202,1240
1202,1221
1202,2376
1202,1203
1202,1500
1202,1257
1202,1542
1202,1251
1202,1578
1202,1556
1202,1750
1202,1847
1202,2391
1202,1518
1202,1283
1202,1865
1202,1211
1202,1549
1202,1258
1202,2396
1202,1232
1202,2336
1202,1867
1202,1596
1202,1878
1202,1464
1202,1862
1202,1474
1202,1284
1202,1491
1203,1544
1203,2652
1203,1876
1203,1858
1203,1288
1203,2564
1203,1229
1203,2371
1203,2081
1203,1527
1203,2314
1203,1511
1203,1855
1203,1532
1203,1869
1203,2520
1203,1453
1203,1814
1203,1854
1203,1871
1203,1289
1203,1568
1203,1277
1203,1846
1203,1264
1203,1522
1203,1231
1203,1707
1203,1222
1203,1217
1203,1209
1203,1205
1203,1244
1203,1235
1203,1526
1203,1953
1203,1274
1203,1565
1203,2140
1203,1849
1203,1558
1203,1557
1203,1547
1203,1514
1203,1204
1203,2074
1203,1298
1203,2521
1203,1842
1203,1549
1203,1258
1203,2613
1203,2322
1203,1255
1203,1293
1203,2512
1203,1216
1203,2615
1203,1548
1203,1257
1203,1286
1203,1974
1203,1553
1203,1271
1203,1531
1203,2366
1203,2378
1203,2475
1203,2572
1203,1867
1203,1576
1203,1284
1204,1613
1204,1544
1204,1542
1204,2086
1204,1242
1204,2510
1204,2315
1204,1261
1204,1236
1204,2214
1204,1229
1204,2378
1204,1408
1204,1233
1204,1511
1204,2465
1204,2340
1204,2537
1204,1263
1204,1845
1204,1869
1204,1874
1204,1227
1204,2390
1204,1226
1204,1865
1204,1294
1204,2520
1204,1259
1204,1337
1204,1240
1204,2095
1204,1222
1204,1508
1204,1591
1204,1239
1204,1530
1204,1451
1204,1548
1204,1212
1204,2473
1204,2376
1204,1509
1204,1216
1204,1507
1204,1298
1204,1256
1204,2614
1204,1271
1204,2312
1204,1536
1204,1245
1204,1278
1204,1255
1204,2105
1204,2396
1204,1232
1204,1241
1204,1878
1204,1849
1204,2043
1204,1862
1204,1474
1204,1282
1204,1440
1204,2119
1204,2410
1205,1561
1205,2392
1205,1242
1205,2471
1205,1210
1205,2315
1205,1235
1205,1236
1205,1527
1205,2314
1205,2539
1205,2091
1205,2382
1205,1946
1205,1849
1205,1246
1205,2110
1205,2316
1205,1842
1205,1226
1205,1879
1205,2532
1205,1261
1205,1552
1205,2473
1205,1814
1205,1426
1205,2478
1205,1508
1205,1514
1205,2395
1205,1231
1205,1222
1205,1276
1205,1463
1205,1584
1205,2322
1205,1255
1205,1867
1205,1479
1205,1285
1205,2391
1205,1216
1205,2106
1205,1953
1205,1856
1205,1274
1205,1415
1205,2245
1205,1844
1205,1854
1205,1877
1205,1295
1205,1840
1205,1258
1206,1895
1206,2633
1206,1382
1206,1324
1206,1825
1206,2553
1206,2130
1206,1885
1206,1594
1206,1526
1206,1523
1206,2256
1206,2428
1206,1909
1206,2596
1206,1897
1206,2150
1206,2654
1206,2021
1206,2681
1206,1380
1206,2146
1206,1370
1206,1365
1206,2131
1206,1888
1206,2675
1206,1899
1206,2018
1206,1824
1206,1821
1206,2024
1206,1345
1206,1592
1206,1883
1206,1495
1206,2180
1206,1807
1206,1322
1206,1835
1206,2658
1206,1397
1206,2173
1206,1635
1207,1499
1207,1254
1207,2701
1207,1870
1207,1224
1207,2509
1207,2387
1207,2086
1207,2377
1207,1953
1207,1848
1207,1588
1207,2482
1207,2513
1207,1858
1207,2340
1207,2245
1207,2007
1207,1554
1207,1845
1207,2281
1207,1236
1207,2109
1207,2074
1207,1290
1207,1668
1207,1862
1207,1280
1207,1270
1207,1291
1207,1244
1207,1217
1207,1506
1207,1215
1207,1209
1207,1285
1207,1278
1207,1569
1207,1292
1207,1261
1207,1843
1207,1295
1207,1271
1207,1439
1207,2376
1207,1865
1207,2386
1207,1211
1207,1219
1207,1260
1207,2521
1207,1842
1207,1447
1207,2162
1207,2647
1207,1289
1207,1556
1207,1265
1208,2507
1208,1499
1208,1228
1208,2392
1208,2365
1208,2318
1208,2086
1208,1224
1208,1524
1208,1549
1208,1279
1208,1235
1208,1229
1208,2323
1208,1580
1208,1408
1208,1863
1208,1275
1208,2570
1208,1864
1208,1260
1208,1516
1208,2340
1208,2370
1208,2405
1208,1851
1208,1568
1208,1471
1208,1277
1208,2505
1208,2214
1208,1244
1208,2373
1208,1209
1208,1860
1208,2151
1208,1245
1208,1536
1208,1294
1208,1565
1208,1557
1208,1868
1208,1286
1208,1255
1208,1284
1208,2510
1208,2316
1208,2105
1208,1232
1208,2532
1208,1271
1208,1562
1208,2615
1208,2324
1208,1257
1208,1501
1208,2080
1208,1401
1208,1291
1208,1846
1208,2040
1208,1268
1208,1292
1208,1216
1208,1854
1208,1243
1208,1253
1209,2404
1209,1542
1209,1238
1209,1218
1209,1261
1209,1236
1209,2620
1209,1269
1209,1875
1209,2385
1209,1722
1209,2498
1209,1863
1209,1275
1209,1233
1209,2465
1209,2381
1209,1871
1209,1260
1209,1855
1209,1849
1209,2108
1209,1471
1209,2564
1209,2533
1209,1869
1209,2570
1209,2376
1209,2510
1209,2316
1209,2396
1209,1814
1209,1874
1209,1214
1209,1285
1209,1265
1209,2020
1209,1244
1209,1246
1209,2364
1209,1599
1209,1210
1209,1598
1209,1295
1209,1586
1209,1520
1209,1500
1209,1299
1209,2365
1209,1298
1209,2514
1209,1276
1209,1465
1209,1271
1209,1228
1209,2392
1209,1422
1209,1668
1209,1571
1209,1255
1209,1482
1209,1216
1209,1845
1209,2372
1209,1402
1210,2407
1210,1561
1210,1499
1210,1228
1210,2109
1210,1856
1210,1549
1210,2539
1210,2532
1210,1291
1210,1237
1210,1867
1210,2382
1210,2590
1210,1814
1210,1290
1210,1280
1210,1250
1210,1879
1210,2565
1210,2093
1210,1229
1210,1506
1210,1570
1210,1748
1210,1599
1210,1547
1210,1337
1210,1533
1210,1530
1210,1517
1210,1514
1210,1507
1210,2402
1210,2269
1210,1590
1210,1299
1210,1298
1210,1292
1210,1286
1210,1863
1210,1281
1210,2370
1210,1400
1210,2564
1210,1503
1210,2376
1210,1246
1210,1878
1210,1567
1210,1276
1210,2613
1210,1268
1210,2620
1210,1846
1210,2521
1210,2512
1210,1277
1210,2635
1210,2391
1210,1411
1210,1404
1210,1403
1210,1261
1211,2471
1211,2378
1211,1238
1211,2365
1211,2086
1211,1224
1211,1288
1211,1242
1211,2510
1211,1549
1211,2620
1211,2613
1211,2323
1211,2498
1211,2117
1211,1871
1211,2465
1211,2245
1211,2312
1211,1868
1211,1865
1211,1867
1211,1285
1211,2340
1211,1855
1211,1273
1211,1506
1211,1215
1211,1508
1211,2508
1211,1538
1211,1530
1211,1227
1211,1518
1211,1517
1211,1251
1211,2708
1211,2366
1211,1875
1211,1293
1211,1221
1211,2470
1211,1597
1211,1268
1211,1878
1211,1284
1211,2084
1211,2102
1211,1520
1211,1234
1211,1527
1211,1915
1211,2396
1211,1232
1211,1287
1211,2240
1211,2297
1211,2380
1211,2537
1211,1276
1211,2371
1211,1427
1211,2106
1212,1613
1212,1865
1212,2288
1212,2385
1212,2510
1212,1844
1212,1262
1212,1882
1212,2101
1212,2565
1212,1508
1212,1599
1212,1589
1212,2475
1212,1288
1212,2710
1212,1864
1212,1573
1212,1547
1212,1337
1212,1518
1212,1517
1212,1514
1212,1297
1212,2456
1212,1292
1212,2513
1212,1539
1212,2509
1212,1400
1212,1875
1212,1584
1212,1293
1212,1284
1212,2396
1212,1858
1212,1276
1212,1241
1212,2312
1212,2465
1212,1908
1212,2532
1212,2144
1212,2566
1212,1499
1212,1244
1212,2214
1212,1246
1212,2410
1212,1451
1212,1253
1212,1447
1212,1247
1212,1538
1212,2411
1212,1521
1212,1424
1212,1410
1212,1409
1212,1406
1212,2637
1212,1388
1212,1849
1212,2616
1212,2539
1212,2248
1213,2177
1213,1838
1213,1755
1213,2633
1213,2202
1213,1600
1213,1324
1213,2659
1213,2358
1213,2277
1213,2000
1213,1901
1213,1333
1213,2594
1213,1818
1213,2480
1213,1801
1213,1378
1213,1377
1213,1328
1213,2285
1213,2603
1213,1837
1213,1349
1213,2544
1213,2136
1213,2230
1213,1805
1213,2224
1213,2502
1213,1338
1213,2270
1213,2167
1213,1605
1213,1921
1214,2392
1214,2471
1214,2083
1214,1858
1214,1953
1214,1549
1214,1535
1214,2371
1214,1972
1214,1875
1214,2321
1214,1585
1214,1854
1214,1237
1214,1868
1214,2479
1214,1265
1214,1843
1214,1896
1214,1217
1214,1571
1214,1506
1214,2573
1214,2472
1214,1599
1214,2469
1214,1596
1214,1863
1214,1572
1214,1551
1214,1547
1214,1538
1214,2108
1214,1503
1214,2074
1214,2365
1214,1298
1214,1297
1214,1292
1214,2340
1214,1246
1214,1222
1214,2095
1214,1878
1214,2465
1214,1282
1214,1275
1214,2245
1214,1271
1214,1268
1214,2316
1214,1241
1214,2312
1214,1220
1214,1511
1214,1216
1214,1299
1214,1814
1214,1911
1214,1456
1214,1436
1214,2079
1215,1556
1215,2471
1215,1613
1215,1238
1215,1699
1215,2323
1215,1249
1215,2691
1215,1974
1215,2473
1215,2314
1215,1855
1215,2108
1215,2245
1215,1337
1215,1851
1215,1285
1215,2246
1215,2537
1215,1276
1215,2652
1215,1682
1215,1294
1215,1252
1215,1243
1215,1230
1215,2640
1215,1296
1215,1484
1215,2386
1215,2327
1215,2371
1215,1234
1215,1231
1216,1223
1216,1218
1216,2074
1216,2365
1216,1858
1216,1504
1216,1872
1216,1848
1216,2371
1216,1568
1216,2564
1216,2370
1216,1570
1216,1974
1216,1554
1216,1863
1216,1233
1216,2402
1216,2396
1216,1873
1216,1849
1216,1704
1216,2533
1216,2378
1216,1505
1216,1511
1216,1549
1216,1840
1216,1265
1216,1535
1216,2117
1216,1244
1216,2340
1216,2146
1216,1668
1216,1571
1216,1293
1216,1591
1216,1574
1216,1565
1216,1868
1216,1286
1216,1240
1216,1287
1216,1221
1216,2335
1216,1268
1216,1878
1216,2392
1216,1422
1216,1234
1216,2507
1216,1537
1216,1501
1216,2469
1216,1790
1216,1252
1216,1411
1216,1247
1216,1297
1216,1269
1216,1851
1216,1463
1216,1410
1217,1896
1217,2701
1217,1931
1217,2564
1217,1235
1217,2323
1217,1863
1217,1233
1217,1218
1217,2382
1217,1283
1217,1869
1217,1814
1217,1568
1217,2538
1217,1874
1217,1420
1217,1226
1217,2336
1217,1851
1217,1265
1217,2385
1217,1221
1217,1715
1217,1567
1217,1585
1217,1294
1217,1529
1217,1586
1217,1285
1217,1844
1217,2365
1217,1298
1217,1275
1217,2245
1217,2419
1217,2322
1217,1299
1217,1242
1217,1228
1217,1519
1217,1278
1217,1219
1217,1222
1217,1598
1217,1286
1217,1259
1217,2372
1218,2143
1218,1223
1218,1668
1218,2130
1218,2615
1218,1269
1218,2479
1218,1294
1218,1240
1218,2365
1218,1974
1218,1867
1218,1542
1218,2565
1218,1863
1218,1593
1218,2513
1218,2119
1218,1246
1218,2395
1218,1878
1218,1296
1218,1853
1218,1271
1218,1869
1218,1255
1218,2510
1218,2316
1218,1534
1218,1243
1218,1234
1218,1850
1218,1230
1218,1219
1218,1283
1218,1535
1218,2340
1218,2243
1218,2374
1218,2377
1218,1407
1218,1450
1218,2399
1218,1567
1218,1276
1218,1955
1219,2404
1219,2378
1219,2074
1219,2365
1219,1858
1219,2377
1219,1953
1219,1848
1219,1242
1219,2510
1219,2315
1219,2472
1219,1501
1219,2367
1219,1568
1219,1554
1219,2574
1219,2532
1219,2396
1219,1246
1219,1704
1219,1869
1219,1227
1219,1877
1219,1851
1219,1258
1219,1840
1219,1290
1219,1273
1219,1222
1219,1514
1219,2476
1219,2573
1219,1553
1219,1517
1219,1843
1219,1286
1219,1252
1219,1293
1219,1284
1219,1268
1219,2499
1219,1281
1219,1451
1219,1878
1219,1264
1219,1668
1219,1280
1219,2376
1219,1230
1219,2614
1219,2312
1219,1439
1219,2533
1219,1466
1219,1435
1220,1223
1220,1613
1220,2531
1220,1858
1220,2479
1220,1814
1220,1843
1220,2652
1220,1876
1220,1294
1220,2622
1220,1264
1220,1247
1220,1867
1220,2472
1220,2336
1220,1597
1220,1872
1220,1290
1220,1581
1220,2390
1220,2402
1220,1292
1220,2340
1220,1848
1220,1854
1220,2533
1220,1253
1220,2514
1220,1953
1220,1224
1220,1707
1220,2095
1220,1282
1220,1853
1220,1271
1220,2513
1220,1252
1220,2316
1220,1230
1220,1574
1220,1283
1220,1425
1220,2214
1220,1569
1220,1472
1220,1408
1220,1450
1220,1267
1220,1461
1221,2378
1221,1544
1221,1876
1221,1953
1221,1261
1221,2470
1221,2367
1221,2415
1221,2044
1221,1850
1221,1275
1221,2465
1221,1868
1221,2473
1221,2376
1221,2095
1221,2396
1221,1814
1221,1256
1221,1258
1221,1840
1221,1244
1221,1240
1221,1858
1221,2537
1221,2314
1221,1247
1221,1529
1221,1871
1221,2532
1221,1562
1221,1525
1221,2322
1221,1255
1221,2380
1221,1284
1221,1278
1221,2391
1221,1501
1221,2061
1221,1264
1221,2478
1222,1577
1222,2536
1222,2528
1222,2507
1222,1238
1222,2387
1222,2377
1222,1872
1222,2315
1222,1549
1222,2564
1222,2714
1222,1699
1222,1855
1222,2622
1222,1846
1222,1714
1222,1859
1222,1471
1222,2316
1222,2115
1222,1226
1222,1274
1222,1552
1222,1287
1222,1578
1222,1573
1222,1553
1222,1507
1222,1874
1222,1292
1222,1530
1222,1295
1222,1269
1222,1851
1222,1283
1222,1865
1222,2590
1222,2396
1222,1232
1222,1268
1222,1230
1222,1418
1222,2106
1222,1548
1222,2381
1222,1501
1222,1228
1222,2392
1222,1297
1222,1298
1222,1250
1222,1278
1223,2087
1223,1875
1223,1849
1223,1854
1223,1291
1223,1227
1223,1855
1223,2315
1223,1577
1223,1868
1223,2377
1223,1814
1223,1290
1223,1289
1223,1277
1223,2385
1223,1238
1223,1566
1223,1275
1223,1506
1223,2381
1223,1570
1223,1557
1223,2507
1223,2143
1223,2240
1223,1542
1223,2473
1223,1953
1223,2095
1223,1295
1223,1284
1223,1255
1223,2125
1223,2513
1223,1252
1223,1241
1223,1234
1223,1230
1223,1703
1223,2711
1223,2374
1223,2364
1223,1846
1223,1555
1223,2525
1223,1865
1223,2350
1224,2143
1224,2074
1224,1859
1224,1254
1224,1228
1224,1549
1224,1704
1224,2315
1224,2382
1224,1843
1224,1290
1224,1285
1224,1264
1224,1240
1224,1974
1224,2701
1224,2313
1224,1229
1224,1591
1224,1288
1224,1551
1224,1550
1224,1286
1224,1542
1224,1251
1224,1693
1224,2340
1224,1242
1224,2323
1224,2614
1224,2376
1224,1275
1224,2245
1224,2380
1224,1274
1224,1953
1224,1878
1224,2465
1224,1271
1224,2613
1224,1266
1224,2620
1224,1559
1224,1268
1224,1850
1224,1283
1224,1696
1224,1890
1224,2588
1224,1529
1224,2499
1224,2498
1225,2317
1225,1685
1225,2510
1225,1263
1225,2472
1225,2470
1225,2198
1225,1229
1225,2323
1225,1275
1225,2570
1225,2532
1225,1239
1225,2382
1225,1873
1225,1849
1225,1545
1225,1527
1225,1874
1225,1862
1225,1227
1225,1851
1225,1244
1225,2110
1225,1294
1225,1529
1225,2368
1225,1593
1225,1590
1225,1557
1225,1273
1225,1555
1225,1550
1225,1840
1225,1258
1225,2390
1225,1517
1225,1859
1225,1277
1225,1512
1225,1854
1225,1563
1225,1507
1225,1899
1225,1281
1225,1578
1225,1531
1225,1231
1225,1278
1225,2531
1225,1270
1225,1858
1225,1567
1225,2590
1225,1426
1225,1533
1225,1257
1225,1872
1225,1252
1226,2384
1226,2378
1226,1668
1226,1852
1226,2622
1226,2509
1226,1549
1226,1501
1226,1269
1226,1235
1226,2371
1226,2389
1226,1516
1226,2573
1226,2402
1226,2470
1226,2373
1226,2538
1226,1751
1226,1842
1226,1291
1226,1227
1226,1847
1226,1289
1226,1273
1226,1854
1226,1510
1226,1293
1226,1285
1226,1576
1226,2130
1226,1548
1226,1512
1226,1284
1226,1575
1226,1240
1226,1287
1226,1241
1226,1915
1226,1245
1226,1536
1226,1489
1226,1274
1226,1509
1226,1268
1226,1874
1226,1292
1226,2095
1226,1864
1226,1841
1226,1259
1226,1534
1226,1493
1226,2074
1226,1298
1227,2621
1227,1668
1227,1238
1227,2086
1227,1876
1227,2372
1227,2620
1227,2529
1227,2531
1227,1857
1227,1275
1227,1253
1227,2382
1227,2613
1227,2322
1227,2510
1227,1841
1227,1705
1227,1471
1227,1854
1227,1444
1227,1541
1227,1291
1227,1867
1227,1853
1227,1465
1227,1562
1227,2622
1227,1264
1227,1293
1227,1584
1227,1526
1227,1573
1227,1840
1227,1558
1227,1517
1227,2336
1227,1851
1227,1560
1227,1514
1227,1298
1227,1523
1227,1579
1227,1257
1227,1872
1227,1587
1227,1599
1227,1240
1227,1434
1227,1904
1227,1556
1227,1847
1227,1565
1228,2652
1228,2507
1228,1542
1228,2109
1228,2615
1228,1868
1228,1879
1228,1851
1228,1556
1228,1847
1228,1290
1228,1285
1228,1280
1228,1261
1228,1259
1228,2086
1228,1856
1228,1714
1228,1229
1228,2367
1228,1845
1228,1748
1228,1554
1228,1557
1228,1708
1228,1514
1228,1598
1228,2370
1228,1400
1228,2105
1228,2240
1228,1855
1228,2340
1228,2533
1228,2614
1228,1878
1228,1295
1228,1689
1228,2465
1228,1287
1228,1276
1228,1853
1228,1271
1228,2322
1228,2613
1228,2620
1228,2316
1228,1850
1228,1590
1228,1299
1228,2592
1228,1244
1228,2214
1228,1439
1228,1424
1228,1401
1228,1477
1228,1558
1228,2334
1229,1542
1229,1254
1229,2595
1229,1852
1229,2471
1229,1261
1229,1269
1229,2404
1229,2113
1229,1256
1229,1588
1229,1879
1229,1867
1229,1285
1229,1265
1229,1259
1229,2371
1229,1231
1229,2475
1229,1875
1229,1857
1229,1591
1229,1578
1229,1846
1229,1555
1229,2108
1229,1514
1229,1253
1229,2402
1229,2074
1229,1298
1229,2469
1229,2081
1229,1855
1229,1273
1229,1564
1229,2340
1229,1503
1229,2473
1229,2095
1229,1295
1229,1282
1229,1278
1229,2529
1229,1559
1229,1268
1229,1266
1229,1840
1229,1258
1229,1536
1229,2312
1229,2368
1229,1842
1229,1551
1229,1260
1229,2133
1229,1814
1229,1232
1229,1911
1229,2654
1229,1485
1229,1345
1229,1284
1229,2060
1229,1562
1229,1271
1229,2047
1230,2074
1230,1556
1230,1441
1230,1848
1230,1442
1230,1261
1230,2214
1230,2371
1230,2367
1230,2638
1230,1857
1230,2240
1230,2473
1230,1864
1230,2647
1230,1874
1230,2533
1230,1555
1230,1264
1230,2115
1230,1533
1230,1521
1230,1510
1230,1565
1230,1312
1230,2415
1230,1251
1230,2614
1230,1295
1230,1434
1230,1240
1230,2465
1230,2368
1230,1869
1230,1287
1230,1271
1230,1278
1230,1490
1230,2613
1230,1255
1230,1232
1230,1293
1230,1252
1230,1276
1231,2288
1231,1556
1231,2392
1231,2365
1231,1524
1231,1242
1231,2564
1231,1235
1231,2152
1231,1856
1231,1568
1231,1542
1231,2318
1231,2415
1231,2513
1231,2393
1231,2381
1231,2499
1231,2477
1231,2340
1231,2414
1231,1846
1231,2510
1231,1928
1231,1585
1231,1453
1231,1874
1231,2533
1231,1854
1231,1842
1231,1291
1231,2713
1231,1840
1231,2468
1231,1401
1231,1872
1231,1290
1231,1285
1231,2143
1231,1270
1231,1845
1231,1868
1231,1530
1231,1518
1231,1503
1231,1268
1231,1241
1231,2315
1231,1814
1231,1911
1231,1278
1231,1419
1231,1882
1231,2083
1231,1501
1231,1695
1231,2374
1231,1598
1231,1875
1231,2314
1231,1247
1231,1514
1232,2074
1232,2615
1232,1524
1232,2510
1232,2478
1232,1263
1232,1568
1232,2150
1232,2473
1232,2340
1232,1855
1232,2682
1232,2110
1232,1876
1232,1585
1232,2630
1232,2373
1232,1814
1232,2104
1232,1454
1232,1842
1232,1291
1232,1256
1232,1290
1232,1289
1232,1265
1232,1436
1232,1572
1232,2095
1232,2411
1232,1247
1232,1284
1232,1283
1232,1865
1232,1266
1232,1501
1232,1474
1232,1312
1232,1537
1232,2372
1232,1772
1232,2482
1232,1512
1232,1275
1232,2245
1232,2532
1232,1271
1232,1542
1232,1251
1232,1544
1232,1253
1232,2708
1233,2646
1233,2378
1233,1561
1233,1499
1233,2326
1233,2052
1233,2246
1233,2404
1233,2598
1233,2317
1233,2642
1233,2625
1233,1930
1233,2415
1233,2067
1233,2638
1233,1974
1233,1704
1233,2214
1233,1244
1233,2373
1233,2573
1233,1574
1233,1509
1233,2364
1233,1297
1233,2514
1233,2095
1233,1266
1233,2312
1233,1979
1233,1486
1233,1462
1233,2482
1233,1415
1233,1407
1233,2612
1233,1928
1233,1497
1233,1490
1233,1468
1233,2648
1233,2439
1233,1981
1233,1687
1233,1978
1234,2717
1234,2378
1234,1896
1234,1613
1234,2701
1234,2392
1234,1870
1234,1535
1234,2214
1234,2371
1234,1427
1234,1248
1234,2564
1234,1850
1234,2473
1234,2465
1234,2105
1234,2396
1234,2340
1234,2613
1234,2322
1234,2240
1234,1585
1234,1285
1234,1953
1234,1274
1234,1259
1234,1293
1234,1584
1234,1291
1234,1560
1234,1525
1234,1517
1234,1286
1234,1251
1234,2316
1234,2395
1234,2427
1234,1263
1234,2640
1234,1266
1234,1589
1234,2623
1234,1493
1234,1489
1234,1295
1234,2210
1234,1260
1234,2327
1234,2380
1234,1591
1235,2087
1235,2621
1235,2471
1235,1668
1235,1544
1235,1542
1235,1254
1235,2652
1235,1876
1235,1852
1235,1504
1235,1267
1235,2510
1235,1506
1235,2620
1235,1953
1235,1856
1235,1853
1235,1854
1235,2373
1235,1842
1235,2570
1235,1256
1235,1704
1235,1868
1235,1879
1235,1877
1235,2479
1235,1861
1235,1847
1235,1277
1235,1259
1235,2371
1235,2317
1235,1929
1235,1250
1235,2387
1235,1708
1235,2392
1235,2101
1235,1529
1235,1590
1235,1589
1235,1581
1235,1573
1235,1534
1235,1517
1235,1511
1235,1814
1235,2105
1235,1869
1235,1241
1235,2118
1235,2312
1235,1261
1235,2416
1236,2507
1236,1254
1236,2622
1236,2510
1236,1736
1236,1702
1236,1871
1236,1874
1236,2570
1236,1704
1236,2323
1236,1868
1236,1877
1236,2479
1236,1865
1236,1851
1236,2534
1236,1273
1236,2385
1236,1270
1236,1247
1236,2472
1236,2074
1236,2615
1236,1693
1236,2386
1236,1516
1236,2574
1236,2708
1236,2086
1236,1287
1236,1814
1236,1523
1236,2396
1236,2222
1236,2513
1236,1252
1236,1861
1236,1473
1236,1457
1236,2691
1236,2236
1237,1556
1237,1876
1237,1549
1237,2124
1237,2367
1237,1857
1237,1554
1237,2573
1237,1689
1237,2465
1237,2590
1237,2574
1237,2322
1237,1582
1237,1851
1237,1571
1237,1238
1237,1529
1237,1508
1237,1281
1237,1572
1237,1553
1237,2385
1237,1512
1237,1598
1237,1286
1237,1284
1237,1538
1237,1581
1237,1511
1237,1476
1237,1573
1237,1257
1237,1578
1237,1856
1237,1565
1237,1855
1237,1467
1237,1587
1238,2119
1238,2555
1238,2534
1238,1698
1238,2115
1238,2372
1238,2531
1238,2322
1238,2615
1238,1868
1238,1873
1238,1269
1238,2479
1238,1865
1238,1814
1238,1871
1238,1289
1238,1285
1238,1277
1238,2385
1238,1858
1238,2537
1238,2365
1238,2630
1238,2122
1238,2565
1238,2097
1238,2622
1238,1846
1238,1528
1238,1542
1238,1251
1238,1848
1238,2392
1238,2614
1238,2514
1238,2315
1238,2509
1238,1295
1238,2465
1238,1869
1238,1245
1238,1243
1238,2505
1238,2408
1238,1260
1238,2521
1238,2379
1239,1556
1239,2517
1239,1875
1239,1857
1239,2529
1239,2385
1239,2091
1239,2513
1239,1863
1239,2117
1239,2573
1239,1580
1239,1871
1239,1544
1239,2320
1239,1253
1239,2574
1239,2381
1239,1876
1239,1585
1239,1844
1239,1250
1239,2386
1239,2336
1239,1594
1239,1583
1239,1571
1239,1552
1239,1521
1239,1263
1239,1748
1239,2378
1239,2475
1239,1311
1239,2572
1239,1532
1239,2405
1239,1502
1239,1599
1239,1593
1239,2367
1239,1591
1239,1578
1239,2615
1239,1548
1239,1910
1239,1522
1239,1534
1239,1436
1239,1533
1239,1530
1239,1520
1239,2101
1239,1519
1239,1515
1239,1523
1239,2533
1239,2119
1239,1246
1239,1282
1239,2366
1239,2316
1239,2219
1239,2055
1240,2507
1240,2119
1240,2701
1240,2112
1240,1870
1240,2387
1240,2377
1240,1261
1240,2472
1240,1709
1240,2214
1240,1269
1240,2367
1240,2138
1240,1853
1240,1446
1240,2322
1240,2473
1240,2376
1240,1402
1240,1867
1240,1865
1240,1840
1240,2340
1240,1273
1240,1270
1240,1711
1240,1462
1240,2396
1240,1814
1240,1294
1240,2316
1240,1844
1240,1553
1240,1292
1240,1586
1240,1425
1240,2395
1240,1284
1240,1264
1240,1278
1240,1858
1240,1276
1240,1410
1240,2465
1240,1578
1240,1550
1241,1561
1241,1499
1241,2377
1241,2478
1241,1549
1241,2471
1241,1501
1241,1568
1241,1857
1241,1275
1241,2408
1241,1260
1241,2521
1241,2574
1241,1701
1241,2095
1241,1274
1241,2622
1241,1264
1241,1259
1241,1571
1241,1700
1241,1682
1241,1294
1241,1268
1241,1262
1241,1553
1241,1546
1241,1520
1241,1287
1241,2473
1241,1503
1241,1415
1241,1516
1241,1419
1241,2572
1241,2119
1241,1537
1241,1490
1241,1295
1241,2593
1241,1526
1241,1573
1241,1867
1241,1479
1241,1289
1241,2320
1241,2708
1241,1704
1241,1276
1242,2378
1242,2365
1242,1876
1242,1858
1242,1504
1242,1254
1242,1267
1242,1849
1242,1855
1242,2314
1242,1865
1242,1285
1242,1706
1242,2110
1242,2531
1242,1875
1242,1593
1242,1960
1242,1863
1242,1572
1242,1565
1242,1520
1242,1511
1242,1286
1242,1257
1242,1263
1242,1563
1242,2533
1242,1588
1242,2148
1242,1857
1242,2245
1242,2395
1242,1878
1242,1295
1242,1284
1242,2539
1242,1569
1242,1278
1242,1268
1242,1266
1242,2620
1242,1258
1242,1252
1242,1535
1242,2465
1242,1525
1242,2592
1242,2532
1242,1271
1242,2241
1242,2647
1242,1429
1242,1814
1242,2396
1242,1911
1242,1426
1242,1277
1242,1762
1242,2469
1242,2663
1243,2143
1243,2074
1243,2701
1243,2636
1243,1858
1243,2076
1243,2383
1243,2691
1243,2091
1243,2324
1243,1475
1243,1873
1243,1701
1243,2312
1243,2612
1243,2326
1243,1841
1243,1294
1243,1290
1243,1264
1243,1953
1243,1565
1243,1292
1243,1474
1243,1862
1243,2708
1243,1252
1243,1878
1243,1716
1243,1293
1243,1268
1243,1421
1243,2391
1243,1295
1243,1483
1243,2196
1243,2613
1243,2322
1243,1449
1243,2392
1243,1422
1243,2384
1243,1414
1243,1705
1243,1820
1243,1501
1243,2371
1243,1266
1243,2086
1243,1407
1243,1286
1244,2317
1244,2074
1244,2693
1244,2507
1244,1859
1244,2510
1244,2478
1244,1506
1244,2620
1244,1269
1244,2529
1244,1850
1244,1260
1244,2532
1244,2382
1244,2110
1244,1849
1244,1854
1244,1256
1244,1867
1244,1847
1244,1280
1244,1270
1244,1264
1244,1696
1244,1526
1244,1523
1244,1512
1244,2570
1244,2473
1244,2376
1244,2395
1244,2373
1244,2574
1244,1507
1244,2380
1244,1501
1244,1283
1244,1865
1244,1259
1244,1592
1244,1258
1244,1282
1244,1873
1244,2371
1244,1584
1245,2404
1245,2074
1245,1513
1245,2246
1245,2160
1245,1504
1245,2509
1245,2478
1245,1261
1245,2214
1245,2613
1245,2394
1245,2364
1245,2498
1245,2371
1245,2080
1245,1275
1245,2309
1245,1863
1245,1475
1245,2097
1245,2532
1245,1846
1245,2564
1245,2373
1245,2533
1245,1854
1245,1278
1245,1530
1245,1299
1245,1269
1245,1463
1245,1410
1245,1507
1245,2510
1245,2219
1245,1490
1245,1473
1245,1713
1245,1422
1245,1495
1245,2614
1245,2531
1245,1464
1245,1286
1245,1842
1246,1544
1246,1254
1246,1872
1246,1524
1246,2315
1246,2620
1246,2602
1246,1501
1246,1269
1246,2613
1246,2385
1246,2390
1246,1475
1246,1495
1246,2465
1246,2529
1246,1559
1246,2081
1246,1460
1246,1866
1246,2564
1246,2079
1246,1861
1246,2590
1246,2396
1246,1814
1246,1294
1246,1854
1246,1265
1246,2472
1246,1599
1246,1558
1246,2074
1246,1298
1246,1577
1246,1286
1246,2376
1246,1275
1246,2245
1246,2395
1246,2095
1246,1878
1246,1296
1246,1586
1246,1295
1246,1287
1246,1283
1246,2391
1246,1871
1246,1289
1246,1483
1246,1435
1246,1531
1246,1434
1246,1252
1246,2416
1246,1568
1246,1277
1246,2247
1247,2317
1247,2087
1247,2711
1247,2407
1247,1272
1247,1535
1247,2510
1247,1540
1247,2314
1247,2573
1247,2097
1247,1873
1247,2376
1247,2095
1247,1867
1247,1851
1247,1289
1247,1859
1247,1277
1247,1564
1247,1530
1247,1520
1247,1861
1247,1879
1247,1297
1247,1266
1247,2391
1247,1846
1247,1458
1247,1278
1247,1499
1247,2074
1247,2365
1247,1298
1247,1252
1247,1276
1248,2698
1248,2207
1248,1793
1248,2050
1248,1924
1248,2239
1248,2332
1248,2519
1248,2068
1248,2003
1248,1997
1248,1766
1248,2225
1248,2499
1248,1457
1248,1435
1248,1424
1248,1418
1248,2393
1248,2078
1248,2075
1248,2043
1248,2493
1248,2060
1248,1487
1248,1476
1248,1448
1248,2500
1248,1958
1248,2067
1248,1776
1248,2439
1248,2619
1248,1403
1248,1591
1248,1785
1248,1782
1248,1484
1248,2066
1248,1775
1248,2071
1248,2063
1248,1966
1248,1998
1248,2671
1248,2669
1248,1975
1248,1984
1248,2437
1248,1952
1249,1420
1249,2231
1249,2318
1249,2688
1249,2686
1249,2243
1249,1924
1249,1827
1249,1495
1249,2635
1249,1969
1249,2376
1249,2057
1249,1475
1249,1457
1249,1443
1249,1435
1249,2404
1249,1434
1249,1418
1249,1407
1249,1401
1249,2645
1249,2393
1249,2493
1249,2060
1249,1995
1249,1480
1249,2411
1249,1430
1249,1422
1249,2640
1249,1476
1249,1767
1249,2416
1249,2065
1249,1408
1249,2669
1249,1412
1249,1994
1250,2074
1250,2507
1250,2378
1250,2389
1250,1872
1250,1870
1250,1288
1250,2510
1250,1568
1250,2529
1250,2469
1250,1570
1250,2531
1250,2314
1250,2465
1250,1260
1250,2574
1250,2532
1250,1704
1250,1869
1250,2479
1250,2396
1250,1814
1250,1844
1250,1706
1250,1285
1250,2401
1250,1550
1250,1556
1250,1265
1250,1547
1250,1286
1250,1284
1250,1278
1250,1858
1250,1276
1250,1266
1250,2322
1250,1255
1250,2076
1250,1494
1250,1583
1250,2513
1250,1543
1250,2533
1250,2336
1250,2134
1250,1552
1250,2093
1250,1855
1250,1564
1250,1864
1250,1282
1251,2143
1251,1755
1251,2507
1251,2378
1251,1953
1251,1288
1251,2315
1251,2620
1251,2710
1251,2613
1251,2564
1251,2638
1251,2565
1251,1863
1251,2465
1251,2402
1251,2537
1251,2418
1251,1867
1251,1273
1251,1854
1251,1265
1251,1716
1251,1552
1251,1278
1251,1569
1251,1260
1251,2521
1251,1842
1251,1551
1251,2477
1251,2380
1251,1507
1251,2074
1251,1298
1251,1297
1251,2514
1251,1299
1251,1275
1251,2245
1251,1566
1251,1550
1251,1268
1251,1266
1251,1293
1251,2396
1251,1473
1251,1577
1251,1286
1251,2106
1251,1511
1251,1549
1251,1547
1251,1869
1251,1578
1251,1859
1251,1568
1251,2482
1251,1512
1251,1748
1251,1536
1251,2647
1251,1289
1252,2369
1252,1542
1252,2365
1252,1872
1252,1288
1252,1826
1252,2469
1252,1863
1252,2309
1252,2647
1252,2701
1252,1577
1252,1868
1252,2533
1252,1814
1252,1844
1252,2087
1252,2475
1252,2572
1252,2350
1252,1283
1252,1865
1252,1294
1252,2376
1252,1562
1252,1267
1252,1558
1252,1847
1252,1459
1252,1299
1252,2514
1252,1287
1252,1278
1252,1550
1252,1268
1252,1878
1252,1258
1252,1512
1252,2691
1252,1867
1252,2095
1252,1264
1252,2613
1252,1506
1252,1277
1252,1257
1253,1860
1253,1668
1253,2365
1253,2360
1253,2710
1253,2510
1253,2343
1253,2620
1253,1501
1253,2490
1253,2313
1253,2062
1253,2475
1253,1275
1253,1511
1253,2097
1253,1914
1253,2532
1253,1854
1253,2092
1253,2106
1253,2101
1253,1536
1253,1554
1253,1748
1253,1599
1253,1578
1253,1867
1253,1576
1253,1564
1253,1267
1253,1558
1253,1551
1253,1550
1253,1548
1253,1547
1253,1525
1253,1514
1253,2382
1253,1509
1253,1258
1253,2105
1253,2117
1253,1581
1253,1484
1253,1544
1253,1447
1254,1859
1254,1542
1254,1875
1254,2539
1254,2322
1254,1256
1254,2323
1254,2590
1254,1851
1254,1274
1254,1855
1254,1273
1254,2385
1254,1259
1254,1879
1254,1696
1254,1285
1254,2377
1254,1882
1254,1857
1254,1598
1254,1590
1254,1597
1254,1500
1254,2246
1254,2513
1254,2564
1254,2533
1254,2570
1254,2376
1254,1268
1254,1874
1254,1486
1254,1549
1254,1452
1254,1975
1255,1504
1255,1267
1255,2509
1255,2100
1255,1524
1255,1288
1255,1279
1255,1511
1255,1850
1255,1559
1255,2532
1255,1457
1255,1767
1255,2095
1255,1256
1255,1894
1255,1867
1255,2340
1255,1273
1255,1580
1255,1289
1255,1715
1255,2472
1255,1599
1255,1551
1255,2395
1255,1878
1255,1569
1255,1869
1255,1287
1255,1449
1255,1597
1255,1459
1255,2380
1255,1434
1255,2708
1255,2465
1255,1862
1255,1295
1255,2074
1255,1555
1255,1814
1256,2471
1256,2086
1256,1858
1256,1524
1256,1870
1256,1288
1256,2564
1256,2470
1256,1856
1256,1580
1256,1275
1256,2570
1256,1853
1256,1516
1256,2402
1256,1849
1256,2622
1256,2428
1256,1846
1256,1527
1256,2531
1256,2510
1256,2316
1256,2095
1256,1874
1256,1277
1256,1855
1256,1273
1256,2472
1256,1696
1256,1508
1256,1843
1256,1590
1256,1285
1256,1520
1256,1260
1256,1551
1256,1533
1256,1298
1256,2320
1256,2514
1256,1287
1256,1684
1256,1587
1256,1549
1256,1452
1256,1258
1256,2710
1256,2322
1256,1286
1256,1864
1256,1282
1256,2117
1256,1593
1256,2590
1256,1550
1256,2385
1256,2539
1256,1531
1257,2384
1257,2116
1257,2074
1257,2378
1257,1544
1257,2392
1257,2615
1257,2710
1257,1506
1257,1261
1257,2465
1257,1582
1257,1857
1257,2245
1257,2312
1257,1283
1257,1814
1257,2599
1257,1337
1257,2113
1257,2242
1257,1854
1257,1847
1257,1593
1257,1576
1257,1268
1257,2140
1257,1558
1257,1286
1257,1522
1257,2395
1257,1293
1257,2135
1257,1553
1257,2532
1257,1271
1257,2374
1257,1598
1257,2377
1257,1564
1257,1578
1257,1299
1257,2102
1257,1520
1257,1877
1257,1266
1257,1516
1257,2513
1258,2507
1258,2119
1258,1542
1258,2365
1258,2086
1258,1267
1258,1953
1258,1549
1258,1506
1258,2317
1258,1444
1258,2374
1258,1850
1258,2320
1258,1857
1258,1859
1258,1471
1258,2095
1258,1865
1258,1861
1258,1265
1258,2329
1258,1553
1258,1489
1258,1295
1258,1281
1258,2117
1258,1414
1258,1590
1258,2246
1258,1858
1258,1276
1258,2661
1258,1400
1258,1875
1258,2340
1258,1467
1258,2402
1258,1266
1258,1704
1258,1591
1259,2520
1259,2392
1259,1524
1259,2510
1259,2329
1259,1262
1259,2385
1259,1570
1259,2314
1259,1873
1259,2521
1259,2322
1259,2321
1259,1545
1259,1868
1259,2533
1259,1847
1259,1289
1259,1274
1259,1529
1259,1599
1259,1501
1259,1598
1259,2371
1259,1587
1259,1569
1259,1503
1259,1268
1259,2061
1259,2590
1259,2396
1259,1523
1259,1426
1259,2638
1259,1571
1259,1533
1259,1276
1259,1464
1259,2293
1259,1879
1259,2711
1259,1547
1259,2479
1259,1596
1259,2360
1259,1584
1259,2507
1259,1537
1259,1277
1260,1556
1260,2392
1260,2246
1260,1288
1260,1261
1260,2564
1260,2367
1260,1698
1260,1849
1260,1291
1260,1274
1260,2094
1260,1599
1260,1557
1260,1553
1260,2615
1260,1548
1260,1714
1260,1520
1260,1517
1260,1514
1260,1292
1260,1868
1260,1286
1260,2372
1260,2469
1260,2081
1260,1503
1260,2376
1260,1296
1260,1584
1260,1293
1260,1282
1260,1275
1260,1853
1260,2532
1260,1271
1260,2316
1260,2312
1260,1483
1260,1424
1260,1865
1260,1283
1261,2384
1261,2246
1261,2622
1261,2509
1261,1288
1261,2510
1261,2534
1261,1680
1261,1871
1261,1291
1261,1845
1261,1867
1261,2382
1261,1851
1261,1847
1261,1840
1261,1270
1261,2598
1261,2371
1261,2472
1261,1696
1261,2322
1261,2151
1261,2367
1261,2083
1261,1598
1261,1274
1261,1565
1261,1550
1261,1518
1261,2378
1261,1505
1261,1694
1261,2470
1261,1500
1261,1299
1261,1297
1261,1286
1261,2615
1261,1814
1261,2105
1261,1542
1261,1930
1261,2095
1261,1295
1261,1293
1261,1287
1261,1842
1261,1536
1261,2312
1261,1865
1261,1283
1261,2566
1261,1668
1261,1862
1261,2638
1261,1466
1262,1872
1262,1686
1262,1684
1262,1682
1262,1680
1262,1866
1262,2701
1262,1699
1262,1873
1262,2240
1262,1852
1262,2531
1262,1270
1262,1695
1262,1875
1262,1681
1262,1692
1262,1711
1262,1707
1262,1594
1262,1869
1262,2394
1262,1412
1263,2378
1263,1544
1263,1542
1263,2392
1263,1539
1263,2377
1263,1848
1263,1680
1263,2258
1263,1856
1263,1580
1263,1865
1263,1847
1263,1585
1263,1294
1263,1285
1263,2385
1263,1264
1263,1506
1263,1700
1263,2365
1263,2099
1263,2097
1263,1510
1263,1863
1263,1275
1263,2102
1263,1599
1263,1598
1263,1593
1263,1267
1263,1558
1263,1553
1263,1538
1263,2695
1263,1531
1263,1530
1263,1507
1263,1299
1263,1868
1263,1286
1263,2564
1263,2473
1263,1838
1263,2614
1263,2395
1263,2095
1263,1878
1263,1295
1263,1875
1263,1293
1263,1278
1263,1852
1263,2531
1263,1495
1264,2378
1264,1542
1264,1561
1264,2240
1264,1267
1264,1872
1264,2710
1264,2315
1264,2465
1264,2574
1264,1873
1264,1885
1264,2312
1264,1868
1264,2630
1264,1842
1264,1541
1264,1859
1264,1277
1264,1265
1264,1550
1264,2473
1264,1503
1264,1281
1264,2708
1264,1443
1264,1293
1264,1278
1264,2245
1264,1488
1264,1280
1264,1474
1264,1404
1264,1468
1264,2513
1264,1543
1264,1869
1264,1287
1264,2404
1264,2598
1264,1417
1264,1562
1264,1271
1264,1412
1264,1878
1264,2086
1264,1407
1264,1591
1264,1268
1264,1512
1264,2381
1265,2086
1265,1269
1265,2385
1265,1900
1265,2057
1265,1863
1265,2378
1265,2315
1265,2412
1265,1511
1265,2322
1265,1849
1265,1704
1265,2533
1265,2316
1265,2098
1265,1879
1265,1867
1265,1280
1265,1568
1265,1277
1265,1273
1265,1696
1265,1557
1265,1590
1265,1299
1265,1874
1265,1292
1265,1282
1265,1858
1265,1276
1265,1268
1265,1853
1265,2144
1265,1877
1265,1468
1265,1846
1265,1840
1265,1577
1265,1286
1265,2376
1265,2396
1265,1585
1265,1294
1265,1693
1265,1596
1265,2066
1265,1522
1266,2288
1266,2507
1266,2119
1266,2568
1266,1953
1266,1506
1266,1875
1266,2498
1266,2390
1266,2513
1266,1863
1266,2309
1266,2322
1266,2405
1266,2564
1266,1400
1266,1337
1266,2572
1266,1854
1266,1290
1266,1273
1266,2240
1266,1270
1266,1548
1266,1421
1266,2391
1266,1518
1266,1271
1266,2380
1266,1284
1266,1456
1266,2570
1266,1406
1266,1868
1266,1493
1266,1549
1266,1840
1266,1542
1266,1814
1266,1529
1266,1879
1266,1269
1266,1285
1267,1853
1267,1842
1267,2377
1267,1277
1267,2121
1267,2020
1267,2381
1267,1528
1267,1599
1267,1590
1267,1593
1267,1578
1267,1573
1267,1856
1267,1565
1267,1531
1267,2386
1267,1400
1267,1281
1267,1555
1267,2533
1267,2570
1267,2376
1267,2395
1267,2363
1267,1878
1267,1293
1267,1284
1267,1549
1267,1546
1267,1850
1267,2390
1267,2681
1267,2380
1267,2477
1267,1414
1267,1828
1268,2507
1268,2701
1268,2392
1268,2246
1268,1848
1268,2505
1268,1535
1268,2620
1268,2385
1268,1918
1268,1527
1268,1275
1268,1849
1268,1505
1268,2533
1268,1869
1268,1867
1268,1851
1268,2652
1268,1294
1268,1872
1268,1290
1268,1690
1268,1599
1268,2376
1268,1503
1268,1874
1268,1292
1268,1569
1268,1586
1268,1295
1268,1271
1268,1879
1268,1491
1268,1293
1268,2327
1268,2041
1268,1855
1268,1564
1268,1282
1268,1291
1268,2689
1268,1525
1268,1728
1269,2528
1269,1896
1269,2246
1269,2086
1269,1870
1269,1953
1269,2510
1269,1506
1269,2564
1269,1549
1269,1840
1269,2371
1269,1845
1269,2405
1269,1589
1269,1578
1269,1574
1269,1547
1269,2473
1269,1277
1269,1568
1269,2245
1269,1295
1269,2465
1269,1284
1269,1278
1269,1850
1269,1408
1269,2638
1269,1486
1269,1814
1269,1426
1269,1465
1269,1402
1270,2384
1270,1870
1270,1528
1270,2465
1270,1871
1270,2322
1270,1866
1270,1545
1270,2405
1270,2622
1270,2331
1270,1701
1270,1869
1270,2316
1270,1294
1270,1879
1270,1693
1270,2246
1270,2537
1270,1276
1270,1841
1270,1859
1270,1568
1270,1471
1270,1277
1270,1274
1270,1510
1270,1851
1270,1853
1270,1271
1270,1571
1270,2315
1270,1556
1270,1847
1270,1874
1270,2314
1271,2074
1271,2384
1271,1872
1271,2510
1271,2315
1271,2313
1271,2679
1271,1554
1271,1275
1271,1849
1271,2312
1271,1545
1271,2612
1271,2107
1271,2630
1271,2533
1271,1598
1271,1953
1271,2632
1271,1274
1271,1565
1271,1296
1271,1284
1271,1542
1271,2512
1271,1293
1271,2572
1271,1843
1271,2396
1271,1555
1271,2614
1271,1547
1271,1489
1271,1689
1271,2340
1271,1273
1271,2469
1272,2536
1272,2407
1272,2147
1272,2118
1272,2107
1272,2552
1272,2339
1272,1674
1272,1740
1272,2678
1272,2561
1272,2673
1272,2489
1272,2004
1272,1906
1272,1901
1272,1904
1272,1887
1273,2143
1273,1544
1273,1870
1273,2387
1273,2377
1273,2100
1273,1524
1273,2510
1273,2620
1273,2392
1273,1713
1273,1527
1273,2314
1273,2214
1273,2117
1273,2478
1273,2381
1273,2340
1273,2539
1273,1871
1273,2622
1273,1869
1273,1850
1273,1843
1273,1549
1273,1840
1273,2196
1273,1546
1273,2385
1273,1512
1273,1953
1273,1274
1273,1509
1273,1491
1273,1297
1273,1868
1273,1286
1273,1281
1273,1275
1273,1339
1273,1704
1273,1598
1273,2113
1273,1710
1273,2533
1273,1854
1273,1547
1273,1500
1273,1571
1273,2074
1273,1298
1274,2471
1274,2378
1274,2392
1274,2365
1274,2246
1274,1858
1274,2315
1274,2476
1274,1506
1274,2564
1274,1850
1274,2465
1274,2385
1274,1706
1274,1585
1274,1842
1274,2512
1274,1704
1274,1510
1274,1517
1274,1503
1274,2340
1274,1845
1274,1719
1274,1849
1274,2520
1274,1500
1275,2116
1275,1561
1275,2472
1275,1890
1275,2565
1275,1692
1275,2104
1275,1568
1275,2673
1275,2382
1275,2482
1275,1524
1275,2106
1275,1510
1275,1516
1275,2573
1275,2102
1275,1748
1275,1591
1275,1569
1275,1545
1275,1543
1275,1518
1275,2320
1275,1292
1275,1868
1275,1286
1275,2717
1275,2329
1275,1844
1275,1555
1275,2614
1275,2313
1275,1293
1275,1282
1275,1869
1275,2118
1275,1491
1275,1849
1275,1538
1276,1539
1276,1953
1276,2613
1276,1710
1276,2236
1276,1873
1276,2110
1276,2312
1276,1290
1276,2708
1276,1282
1276,1814
1276,1426
1276,1506
1276,1409
1276,2391
1276,1501
1276,1404
1276,2564
1276,1594
1276,1587
1276,2237
1276,2411
1276,2404
1276,1512
1277,2476
1277,2329
1277,1699
1277,1549
1277,1535
1277,2564
1277,1695
1277,1570
1277,1554
1277,2241
1277,1849
1277,2312
1277,2507
1277,2105
1277,2396
1277,1814
1277,2565
1277,2468
1277,1290
1277,1567
1277,1703
1277,1509
1277,1284
1277,2525
1277,2380
1277,2513
1277,2101
1277,2389
1277,1502
1277,1531
1277,2086
1277,2377
1277,1529
1277,1847
1277,1551
1277,1286
1278,2337
1278,2507
1278,1504
1278,1506
1278,2214
1278,2529
1278,2564
1278,2321
1278,1511
1278,2402
1278,2590
1278,2052
1278,2537
1278,1866
1278,2245
1278,1928
1278,1868
1278,1704
1278,2350
1278,1283
1278,1859
1278,1568
1278,1471
1278,1854
1278,1538
1278,1530
1278,2475
1278,2572
1278,1863
1278,1281
1278,1584
1278,1576
1278,2061
1278,2368
1278,2110
1278,1550
1278,1451
1278,1569
1278,1287
1278,2340
1278,2146
1278,2622
1278,1547
1278,2532
1278,2514
1278,1598
1279,2646
1279,1988
1279,2621
1279,2318
1279,1413
1279,1972
1279,2504
1279,2243
1279,2214
1279,1857
1279,1593
1279,1555
1279,2663
1279,1979
1279,2498
1279,1486
1279,1484
1279,1473
1279,1464
1279,2710
1279,1449
1279,1447
1279,2326
1279,1453
1279,1435
1279,2695
1279,1434
1279,1433
1279,1418
1279,1416
1279,1410
1279,1409
1279,2569
1279,1405
1279,1495
1279,1286
1279,1480
1279,2325
1279,2616
1279,2111
1279,2499
1279,2539
1279,2065
1279,1475
1279,2715
1280,2384
1280,1719
1280,2246
1280,1858
1280,1848
1280,1524
1280,2620
1280,2472
1280,2613
1280,1856
1280,2372
1280,2469
1280,2047
1280,1873
1280,2110
1280,1845
1280,2312
1280,2118
1280,1572
1280,1878
1280,1296
1280,1293
1280,2095
1280,1531
1280,1847
1280,2043
1280,1877
1280,1295
1280,1876
1280,1294
1280,1851
1280,2385
1280,1415
1280,2105
1280,2396
1281,1595
1281,1556
1281,2085
1281,2620
1281,2470
1281,2313
1281,1570
1281,2370
1281,1580
1281,1863
1281,2445
1281,2336
1281,2108
1281,2652
1281,1585
1281,1288
1281,1579
1281,1687
1281,1575
1281,2590
1281,1523
1281,2368
1281,1298
1281,1589
1281,1586
1281,1291
1281,1565
1281,1562
1281,1551
1281,1512
1281,1509
1281,2122
1281,2390
1281,1517
1281,1860
1281,1569
1281,1578
1281,1287
1281,1599
1281,2512
1281,1484
1281,1449
1281,2089
1281,1507
1281,1471
1281,2538
1281,1587
1281,1549
1282,2130
1282,1613
1282,2372
1282,1953
1282,1288
1282,2710
1282,2510
1282,2620
1282,2367
1282,1542
1282,2415
1282,2638
1282,2240
1282,2531
1282,1863
1282,1692
1282,2596
1282,2396
1282,2340
1282,2513
1282,2378
1282,1582
1282,2312
1282,1704
1282,1871
1282,2095
1282,1843
1282,1290
1282,1690
1282,1598
1282,1294
1282,2564
1282,1400
1282,1867
1282,1299
1282,1879
1282,2473
1282,2376
1282,1503
1282,1577
1282,1480
1282,2121
1282,1293
1282,1283
1282,1865
1283,2317
1283,1556
1283,2378
1283,1561
1283,2240
1283,1524
1283,2315
1283,2564
1283,2385
1283,2080
1283,1853
1283,1475
1283,1506
1283,2573
1283,1855
1283,1542
1283,2318
1283,1846
1283,1457
1283,1559
1283,1680
1283,1876
1283,1294
1283,2117
1283,2364
1283,1879
1283,1575
1283,1854
1283,1563
1283,1849
1283,1558
1283,1507
1283,2380
1283,2095
1283,1878
1283,1295
1283,2513
1283,2105
1283,1814
1283,2410
1283,1435
1283,1518
1283,1421
1283,2570
1283,1406
1283,1869
1283,1481
1283,1293
1284,1838
1284,1577
1284,1440
1284,2507
1284,1613
1284,1561
1284,1542
1284,1455
1284,2392
1284,2112
1284,1858
1284,1870
1284,1288
1284,2448
1284,2086
1284,1504
1284,2377
1284,2620
1284,2613
1284,2364
1284,1580
1284,1506
1284,2573
1284,2465
1284,2382
1284,2153
1284,1585
1284,1842
1284,1872
1284,1290
1284,1285
1284,1563
1284,2340
1284,1564
1284,1517
1284,1992
1284,1507
1284,1292
1284,2470
1284,1403
1284,2241
1284,1562
1284,2404
1284,2367
1284,1520
1284,2401
1284,2396
1284,1555
1284,1499
1284,2372
1284,1596
1284,2363
1284,1878
1284,1511
1284,1512
1284,1859
1284,1568
1285,2384
1285,2074
1285,2365
1285,1524
1285,1857
1285,1501
1285,1695
1285,1570
1285,1527
1285,2402
1285,2097
1285,2382
1285,1846
1285,1554
1285,1845
1285,2008
1285,1814
1285,2118
1285,1471
1285,1847
1285,1596
1285,1562
1285,1557
1285,1553
1285,1537
1285,1287
1285,1711
1285,1517
1285,2478
1285,1411
1285,1558
1285,2470
1285,1425
1285,1506
1285,2377
1285,2376
1285,2371
1285,2080
1285,1593
1285,2392
1285,1713
1285,1422
1285,1890
1285,1599
1285,1295
1286,2404
1286,2086
1286,2509
1286,2510
1286,1764
1286,1619
1286,1545
1286,2626
1286,1577
1286,1868
1286,2533
1286,2479
1286,1873
1286,1291
1286,1290
1286,1561
1286,2120
1286,1594
1286,1521
1286,1858
1286,1567
1286,1562
1286,2521
1286,1551
1286,1546
1286,1299
1286,2682
1286,1421
1286,2518
1286,1471
1286,1556
1286,1847
1286,2711
1286,1547
1286,2614
1286,2473
1286,1542
1286,2367
1286,1541
1286,1534
1286,1423
1286,2108
1286,2478
1286,1579
1286,1588
1286,1869
1286,1287
1286,1768
1286,1865
1286,1574
1287,2717
1287,2378
1287,2365
1287,2112
1287,1858
1287,2086
1287,1504
1287,2377
1287,2250
1287,1668
1287,2320
1287,2080
1287,2314
1287,2241
1287,1997
1287,2564
1287,1619
1287,2701
1287,1908
1287,1704
1287,1337
1287,2612
1287,2373
1287,2533
1287,1854
1287,1849
1287,1579
1287,2122
1287,1526
1287,2323
1287,2614
1287,1547
1287,1518
1287,1292
1287,1555
1287,1488
1287,1296
1287,1872
1287,1484
1287,1575
1287,1868
1287,2380
1287,2623
1287,1745
1287,2613
1287,1487
1287,2513
1287,2211
1287,1590
1287,1535
1287,2020
1287,2402
1288,2392
1288,1504
1288,1875
1288,1856
1288,2337
1288,2143
1288,1561
1288,2531
1288,1549
1288,1840
1288,1715
1288,2099
1288,1536
1288,1526
1288,1516
1288,1559
1288,2367
1288,1593
1288,1578
1288,1562
1288,1550
1288,1518
1288,1511
1288,2105
1288,1400
1288,2564
1288,1568
1288,2380
1288,2128
1288,1299
1288,2366
1288,2521
1288,2214
1288,2374
1288,1488
1288,1486
1288,1482
1288,2402
1288,1432
1288,2364
1288,2242
1288,1476
1288,2507
1288,2410
1289,2407
1289,2365
1289,1858
1289,2622
1289,1953
1289,1872
1289,1568
1289,1974
1289,2531
1289,1850
1289,2570
1289,1853
1289,2340
1289,1849
1289,2507
1289,2479
1289,2095
1289,1851
1289,2572
1289,1715
1289,1292
1289,2371
1289,1296
1289,1864
1289,1476
1289,1579
1289,1453
1289,1291
1289,2533
1290,2086
1290,1802
1290,2372
1290,1528
1290,2564
1290,1856
1290,2320
1290,2570
1290,2381
1290,1873
1290,2108
1290,1849
1290,1532
1290,2533
1290,2095
1290,2373
1290,1862
1290,1842
1290,1408
1290,1505
1290,1867
1290,1529
1290,2368
1290,1515
1290,1297
1290,1581
1290,1578
1290,1293
1290,1695
1290,1298
1290,2323
1290,2614
1290,1423
1290,2560
1290,1590
1290,1843
1290,1848
1290,1859
1290,1522
1290,1955
1290,2534
1290,1974
1290,1586
1290,2314
1290,1538
1290,2476
1291,1613
1291,1544
1291,2246
1291,2509
1291,2315
1291,2367
1291,1972
1291,1875
1291,1549
1291,2616
1291,1864
1291,1853
1291,2472
1291,2245
1291,2095
1291,2313
1291,1844
1291,2196
1291,1496
1291,1593
1291,1512
1291,1501
1291,1598
1291,1500
1291,2376
1291,2380
1291,1557
1291,1814
1291,1523
1291,1579
1291,1863
1291,1878
1291,2371
1291,2372
1291,1854
1292,1613
1292,2710
1292,2620
1292,2367
1292,2370
1292,1446
1292,2408
1292,2314
1292,2309
1292,2465
1292,2340
1292,2102
1292,1714
1292,1545
1292,1522
1292,2635
1292,1879
1292,1549
1292,1840
1292,1682
1292,1294
1292,2186
1292,2089
1292,1552
1292,2402
1292,2499
1292,1529
1292,1526
1292,1572
1292,1953
1292,1565
1292,1530
1292,1298
1292,1562
1292,2570
1292,1503
1292,1891
1292,1893
1292,1493
1292,2507
1292,1537
1292,2404
1292,2598
1292,1514
1292,1878
1292,2054
1292,1569
1292,1511
1292,1556
1292,1293
1292,1506
1292,1700
1292,1599
1293,1876
1293,2377
1293,1501
1293,2659
1293,2465
1293,2102
1293,1873
1293,1471
1293,2312
1293,1869
1293,2095
1293,1814
1293,1686
1293,1527
1293,2109
1293,1541
1293,1867
1293,2371
1293,1868
1293,1519
1293,1512
1293,1877
1293,1295
1293,1486
1293,1870
1293,1482
1293,1687
1293,1864
1293,1542
1293,2221
1293,1505
1293,2072
1293,2373
1293,1591
1293,2532
1294,1544
1294,2086
1294,1856
1294,2091
1294,1999
1294,2396
1294,1855
1294,2313
1294,2312
1294,1849
1294,1704
1294,2316
1294,1682
1294,1859
1294,1471
1294,1549
1294,1840
1294,1518
1294,2395
1294,1296
1294,1449
1294,1841
1294,1979
1294,1591
1294,2240
1294,2336
1294,1560
1294,1792
1294,1477
1294,2509
1294,2315
1294,1972
1294,1875
1294,2598
1294,1702
1294,2381
1294,2372
1294,2469
1294,1879
1294,2405
1294,1874
1294,2111
1294,2074
1294,1298
1295,1870
1295,1858
1295,1852
1295,1504
1295,2377
1295,1872
1295,1848
1295,1506
1295,2620
1295,1568
1295,1495
1295,2465
1295,2507
1295,2396
1295,1868
1295,1704
1295,2533
1295,2098
1295,2447
1295,1865
1295,1693
1295,1856
1295,1565
1295,1564
1295,2623
1295,1509
1295,2074
1295,1298
1295,2614
1295,2613
1295,1501
1295,2327
1295,1875
1295,1571
1295,1549
1295,1840
1295,2405
1295,1532
1295,1869
1295,1534
1295,1299
1295,2395
1295,1587
1295,1878
1295,2384
1295,1511
1295,2509
1295,2525
1295,1850
1296,1859
1296,1542
1296,2240
1296,2620
1296,2442
1296,2214
1296,2710
1296,2613
1296,2569
1296,1570
1296,1850
1296,2314
1296,1855
1296,2701
1296,2533
1296,1501
1296,1588
1296,1879
1296,1877
1296,2316
1296,2122
1296,2312
1296,1536
1296,2478
1296,1508
1296,1406
1296,2386
1296,1587
1296,1531
1296,2074
1296,2365
1296,1298
1296,2395
1296,1415
1296,1458
1296,1500
1296,2479
1296,2045
1296,1451
1296,1567
1296,1585
1297,1577
1297,2622
1297,2564
1297,1501
1297,2613
1297,2367
1297,2679
1297,2592
1297,2390
1297,1554
1297,1845
1297,2376
1297,1814
1297,1750
1297,2469
1297,1874
1297,2533
1297,1854
1297,2106
1297,1592
1297,1502
1297,1875
1297,1584
1297,1512
1297,1506
1297,1500
1297,1481
1297,1550
1297,2620
1297,1456
1297,1518
1297,1809
1297,1421
1297,1574
1297,2371
1297,2565
1297,2595
1297,2110
1297,2365
1297,1298
1297,1567
1297,2477
1297,1565
1298,1556
1298,2392
1298,2112
1298,2086
1298,1504
1298,2710
1298,2315
1298,1506
1298,2565
1298,1554
1298,2513
1298,2105
1298,2384
1298,1511
1298,2402
1298,2102
1298,2418
1298,1440
1298,2350
1298,2108
1298,2312
1298,2475
1298,1505
1298,1854
1298,2140
1298,1844
1298,1851
1298,1840
1298,1444
1298,1541
1298,1599
1298,1502
1298,2081
1298,1596
1298,2615
1298,1548
1298,2104
1298,1565
1298,1518
1298,1557
1298,1542
1298,2120
1298,1590
1298,2373
1298,1583
1298,1481
1298,2711
1298,2381
1298,1508
1298,2367
1299,1876
1299,1549
1299,1857
1299,1540
1299,1559
1299,2396
1299,2340
1299,2322
1299,1722
1299,2110
1299,1910
1299,1522
1299,1579
1299,2101
1299,1502
1299,2074
1299,2365
1299,1589
1299,1584
1299,1562
1299,1556
1299,1555
1299,1514
1299,1507
1299,1548
1299,1550
1299,1503
1299,1591
1299,1483
1299,1873
1299,1896
1299,1865
1299,2373
1299,1500
1299,1544
1299,2320
1299,1460
1299,2513
1299,1558
1300,1832
1300,1656
1300,1396
1300,2161
1300,2227
1300,2033
1300,1726
1300,1602
1300,1333
1300,2149
1300,2397
1300,1386
1300,1357
1300,1816
1300,1883
1300,1332
1300,2011
1300,1326
1300,1811
1300,2173
1300,1397
1300,1392
1300,1391
1300,1390
1300,1378
1300,2145
1300,1369
1300,1363
1300,1325
1300,1302
1300,1360
1300,2170
1300,2015
1300,1336
1300,1387
1300,2163
1301,2252
1301,1544
1301,2632
1301,2211
1301,1650
1301,2285
1301,1965
1301,1803
1301,2579
1301,1313
1301,2286
1301,2253
1301,1985
1301,1888
1301,2603
1301,1822
1301,1387
1301,1368
1301,1909
1301,2464
1301,1397
1301,1394
1301,1392
1301,1363
1301,2208
1301,1335
1301,1331
1301,1329
1301,2580
1301,1314
1301,1302
1301,1828
1301,1312
1301,1369
1301,1395
1301,2602
1301,1341
1301,2174
1301,1398
1301,1304
1301,1328
1301,1832
1301,1347
1301,2015
1301,1336
1301,2718
1301,1360
1301,1374
1301,2025
1302,1656
1302,2466
1302,1361
1302,2609
1302,1351
1302,2030
1302,1311
1302,1902
1302,1810
1302,1386
1302,1318
1302,1333
1302,1818
1302,1826
1302,1341
1302,2169
1302,1393
1302,2285
1302,1801
1302,1389
1302,1388
1302,1377
1302,1356
1302,1350
1302,1343
1302,1828
1302,1335
1302,1329
1302,1811
1302,1326
1302,1752
1302,1317
1302,1306
1302,1328
1302,2031
1302,1837
1302,1381
1302,1633
1302,2183
1302,1338
1302,2488
1302,1375
1302,2174
1302,1838
1302,2226
1302,1644
1302,1339
1302,2397
1302,1621
1302,2177
1302,1304
1302,2136
1302,1360
1303,2597
1303,1804
1303,1513
1303,2272
1303,2328
1303,2200
1303,1386
1303,1803
1303,1609
1303,1318
1303,1343
1303,2547
1303,2256
1303,2136
1303,1366
1303,2088
1303,1321
1303,1357
1303,1368
1303,1839
1303,1809
1303,1398
1303,1391
1303,1389
1303,1379
1303,1376
1303,1370
1303,1369
1303,1340
1303,1666
1303,1375
1303,1813
1303,1328
1303,1811
1303,1326
1303,1810
1303,1325
1303,1317
1303,1309
1303,1304
1303,1305
1303,2484
1303,1805
1303,1653
1303,2235
1303,1355
1303,1314
1303,1837
1303,1623
1304,2459
1304,1315
1304,2303
1304,2347
1304,2426
1304,2328
1304,2284
1304,1838
1304,2226
1304,1892
1304,2600
1304,2266
1304,2254
1304,1965
1304,2096
1304,2397
1304,1657
1304,1366
1304,1469
1304,2611
1304,1913
1304,1622
1304,1909
1304,2603
1304,2021
1304,1342
1304,1379
1304,1332
1304,2683
1304,1325
1304,1809
1304,1317
1304,1352
1304,1305
1304,1823
1304,1629
1304,2589
1304,2007
1304,1828
1304,1336
1304,1345
1304,2271
1304,1806
1304,1340
1304,1387
1304,1678
1304,2288
1304,1900
1304,2705
1304,1801
1304,1396
1305,1445
1305,1315
1305,1428
1305,1881
1305,2547
1305,1361
1305,2187
1305,2284
1305,1812
1305,2200
1305,2139
1305,2483
1305,1318
1305,1386
1305,1665
1305,2136
1305,1366
1305,1321
1305,1514
1305,1811
1305,2459
1305,2362
1305,2168
1305,1392
1305,1381
1305,1838
1305,2226
1305,1353
1305,1352
1305,1394
1305,2026
1305,1340
1305,1823
1305,1338
1305,1818
1305,2206
1305,1329
1305,1309
1305,2223
1305,1350
1305,1917
1305,1820
1305,1335
1305,1476
1305,1371
1305,1824
1305,1341
1305,2167
1305,2165
1305,1328
1305,1365
1305,2198
1306,2033
1306,1324
1306,2254
1306,1347
1306,2149
1306,2140
1306,1628
1306,1343
1306,2464
1306,2361
1306,2276
1306,2611
1306,1816
1306,2680
1306,1904
1306,1392
1306,1380
1306,2036
1306,1378
1306,1376
1306,1375
1306,2139
1306,1363
1306,1342
1306,1335
1306,1332
1306,2035
1306,1836
1306,1325
1306,1310
1306,1824
1306,2483
1306,1657
1306,1366
1306,1307
1306,1320
1306,2599
1306,1352
1306,1336
1306,2547
1306,1383
1306,2535
1306,1371
1306,2674
1306,1327
1306,1818
1307,1396
1307,2633
1307,2629
1307,2466
1307,1667
1307,1825
1307,2628
1307,1949
1307,2631
1307,2589
1307,1830
1307,1318
1307,2017
1307,1343
1307,1341
1307,1321
1307,2284
1307,2575
1307,1428
1307,1816
1307,1854
1307,1905
1307,2273
1307,1885
1307,1594
1307,1354
1307,1839
1307,1809
1307,1398
1307,1375
1307,1342
1307,2021
1307,1363
1307,1738
1307,2611
1307,1350
1307,2254
1307,1381
1307,1819
1307,2009
1307,2675
1307,1317
1307,2015
1307,1336
1307,1335
1307,2220
1307,2276
1307,2253
1307,1380
1307,1801
1307,1378
1307,1907
1307,1344
1307,1310
1308,1364
1308,2022
1308,1361
1308,1726
1308,1390
1308,1381
1308,1370
1308,1356
1308,2328
1308,2280
1308,1334
1308,1445
1308,2145
1308,1349
1308,1666
1308,1675
1308,2420
1308,2032
1308,1648
1308,2576
1308,1628
1308,2421
1308,1608
1308,1615
1309,1384
1309,2629
1309,2171
1309,1600
1309,2090
1309,2303
1309,1333
1309,1808
1309,2487
1309,2484
1309,1830
1309,1344
1309,1965
1309,1343
1309,2100
1309,1324
1309,1906
1309,2535
1309,2259
1309,1387
1309,2602
1309,1341
1309,1632
1309,1816
1309,2146
1309,2486
1309,2001
1309,1332
1309,2011
1309,1388
1309,2253
1309,1380
1309,1378
1309,1376
1309,1375
1309,1374
1309,2039
1309,1360
1309,1649
1309,1358
1309,1339
1309,2017
1309,1629
1309,1338
1309,1326
1309,2285
1309,1897
1309,2596
1309,1820
1309,1335
1309,2228
1309,2255
1309,1367
1309,1933
1309,2700
1309,1342
1309,1350
1309,1317
1309,1390
1309,2661
1309,2705
1310,2015
1310,1913
1310,1881
1310,2006
1310,2027
1310,1395
1310,1902
1310,1344
1310,2356
1310,2198
1310,1810
1310,2464
1310,1366
1310,2008
1310,2305
1310,2611
1310,2021
1310,2227
1310,1354
1310,1839
1310,1389
1310,1379
1310,2026
1310,1326
1310,1811
1310,1317
1310,1824
1310,1398
1310,1642
1310,1729
1310,1888
1310,2011
1310,1365
1310,2037
1310,1358
1310,1828
1310,1782
1310,1837
1310,1801
1311,1895
1311,2683
1311,2222
1311,1910
1311,1561
1311,1671
1311,2299
1311,2226
1311,2673
1311,2679
1311,2599
1311,2428
1311,2597
1311,1336
1311,1883
1311,1365
1311,2626
1311,2603
1311,2144
1311,1397
1311,1388
1311,2090
1311,1314
1311,1385
1311,1386
1311,1593
1311,2342
1311,1835
1311,1888
1311,2480
1311,1316
1311,2397
1311,2233
1311,2718
1311,1804
1311,2483
1311,1828
1311,2491
1311,1812
1311,2103
1311,2061
1311,1369
1311,1885
1311,2176
1311,2543
1311,1805
1311,1807
1311,2230
1312,2227
1312,1804
1312,1319
1312,2486
1312,1985
1312,1881
1312,2426
1312,2618
1312,2000
1312,2053
1312,2579
1312,1835
1312,1906
1312,1894
1312,2253
1312,2136
1312,2259
1312,1832
1312,2705
1312,1940
1312,1387
1312,1821
1312,1919
1312,1398
1312,1381
1312,1910
1312,1328
1312,1327
1312,2603
1312,1429
1312,1801
1312,1331
1312,1824
1312,1907
1312,1325
1312,1372
1312,1811
1312,2535
1312,1808
1312,2487
1312,2002
1312,1614
1312,2362
1312,1392
1312,1345
1312,1800
1312,2602
1312,1826
1312,1341
1313,1396
1313,2683
1313,2362
1313,1361
1313,1943
1313,2226
1313,2127
1313,1642
1313,2328
1313,1347
1313,1752
1313,2035
1313,1905
1313,1393
1313,1388
1313,1385
1313,1826
1313,1341
1313,1381
1313,1377
1313,1370
1313,1369
1313,1363
1313,2136
1313,1360
1313,1839
1313,1354
1313,2031
1313,1352
1313,1816
1313,2093
1313,2481
1313,1317
1313,1316
1313,2284
1313,1314
1313,2659
1313,2611
1313,1888
1313,2397
1313,1822
1313,1327
1313,1830
1313,1345
1313,2219
1313,1366
1313,2180
1313,2547
1313,1383
1313,1566
1313,1372
1313,1355
1313,1322
1313,1339
1313,2483
1313,1318
1314,2351
1314,1445
1314,1351
1314,1319
1314,2547
1314,1361
1314,1637
1314,1830
1314,1395
1314,1396
1314,2172
1314,2586
1314,1386
1314,1347
1314,1343
1314,2286
1314,2088
1314,2694
1314,2275
1314,2303
1314,1333
1314,1818
1314,1341
1314,1397
1314,2173
1314,2028
1314,1370
1314,1648
1314,2230
1314,2605
1314,1332
1314,1320
1314,1608
1314,2190
1314,1317
1314,1352
1314,2280
1314,1886
1314,1322
1314,1374
1314,2300
1314,1621
1314,1685
1314,1394
1315,2697
1315,1325
1315,2659
1315,2483
1315,1822
1315,1918
1315,2497
1315,1898
1315,2189
1315,2188
1315,2430
1315,1622
1315,1611
1315,1805
1315,1445
1315,1639
1315,1623
1315,2434
1315,1949
1315,1678
1315,1659
1315,2235
1315,2429
1315,2184
1315,1618
1315,1604
1315,2545
1315,2461
1315,2548
1315,1645
1315,2197
1315,1386
1315,2453
1315,1677
1315,2606
1315,1636
1315,2546
1315,1635
1315,1343
1315,1634
1315,2456
1315,2262
1315,2359
1315,1601
1316,2459
1316,2177
1316,1804
1316,2466
1316,1361
1316,1333
1316,1637
1316,2328
1316,2187
1316,2625
1316,2226
1316,2027
1316,1794
1316,1344
1316,1832
1316,1347
1316,1318
1316,2480
1316,2286
1316,2626
1316,1677
1316,1906
1316,2145
1316,2694
1316,1387
1316,2718
1316,1835
1316,1919
1316,1807
1316,1390
1316,1379
1316,1363
1316,2603
1316,1342
1316,1903
1316,1339
1316,1338
1316,2002
1316,1323
1316,2481
1316,1317
1316,1729
1316,1909
1316,1327
1316,1664
1316,2228
1316,1880
1316,1965
1316,2165
1316,1507
1316,1381
1316,1398
1316,1828
1316,1830
1316,1345
1317,2491
1317,2426
1317,1918
1317,2345
1317,1726
1317,2211
1317,2300
1317,1344
1317,1810
1317,2071
1317,1343
1317,1830
1317,1321
1317,2007
1317,1393
1317,2311
1317,2270
1317,1357
1317,1387
1317,1911
1317,1839
1317,2005
1317,2296
1317,1811
1317,2544
1317,1380
1317,1379
1317,1360
1317,1353
1317,1808
1317,1323
1317,2678
1317,1902
1317,1320
1317,1363
1317,2453
1317,1757
1317,2339
1317,1369
1317,1827
1317,2215
1317,1350
1317,1820
1317,1358
1317,2439
1317,2284
1317,1356
1317,2183
1318,1396
1318,2696
1318,2015
1318,2171
1318,2033
1318,2547
1318,2003
1318,2285
1318,1550
1318,1919
1318,1883
1318,1397
1318,1368
1318,1392
1318,1391
1318,1390
1318,1385
1318,1380
1318,1377
1318,2233
1318,1360
1318,1325
1318,1323
1318,2275
1318,2276
1318,1888
1318,2252
1318,2640
1318,1320
1318,2589
1318,1328
1318,1837
1318,1828
1318,2611
1318,1327
1318,1639
1318,1348
1318,1340
1318,1387
1318,2145
1318,1622
1318,1331
1318,2654
1318,2228
1318,1355
1318,1831
1318,1381
1318,2191
1318,2237
1318,1389
1318,2262
1318,1322
1318,2550
1318,1399
1318,2578
1319,2526
1319,1351
1319,1347
1319,1839
1319,2017
1319,1726
1319,1801
1319,1368
1319,1389
1319,1376
1319,1375
1319,1369
1319,1353
1319,1350
1319,1340
1319,1387
1319,2303
1319,1881
1319,1830
1319,1740
1319,1352
1319,1837
1319,2694
1319,1348
1319,1819
1319,1334
1319,1386
1319,2453
1319,1371
1319,2430
1319,1623
1319,2702
1319,2261
1319,2358
1319,1428
1319,2204
1319,1672
1319,2140
1319,1655
1320,2628
1320,1396
1320,2696
1320,2015
1320,2544
1320,1738
1320,1333
1320,2200
1320,1386
1320,1347
1320,1900
1320,1366
1320,1822
1320,2009
1320,1903
1320,2286
1320,1801
1320,1389
1320,1377
1320,1370
1320,1356
1320,1381
1320,1326
1320,1332
1320,1345
1320,1393
1320,2170
1320,2021
1320,2215
1320,1604
1320,1606
1320,2285
1320,1892
1320,2280
1320,2187
1320,1355
1320,1387
1320,1397
1320,1335
1320,1820
1320,1354
1320,1325
1321,2177
1321,1602
1321,2328
1321,2152
1321,1344
1321,2150
1321,2254
1321,2024
1321,2253
1321,2039
1321,2136
1321,2580
1321,1822
1321,1443
1321,1394
1321,1369
1321,2285
1321,1353
1321,2489
1321,1810
1321,1325
1321,1352
1321,1837
1321,1828
1321,1821
1321,1820
1321,1909
1321,2280
1321,1386
1321,1350
1321,2611
1321,1399
1321,1355
1321,1947
1322,1889
1322,1825
1322,1637
1322,1918
1322,2096
1322,2458
1322,2707
1322,1347
1322,2186
1322,1965
1322,2286
1322,2605
1322,2275
1322,1726
1322,2599
1322,1816
1322,2005
1322,1387
1322,2544
1322,2253
1322,1380
1322,1356
1322,2254
1322,1381
1322,1328
1322,1350
1322,1324
1322,1392
1322,2168
1322,2463
1322,2228
1322,1329
1322,1386
1322,1774
1322,2036
1322,1345
1322,2136
1322,1360
1322,2161
1322,1385
1322,2367
1322,1397
1323,1832
1323,2018
1323,1361
1323,1603
1323,2419
1323,1344
1323,1617
1323,1513
1323,2483
1323,2254
1323,1835
1323,1343
1323,2468
1323,1366
1323,1918
1323,2694
1323,2036
1323,2488
1323,2163
1323,1394
1323,1810
1323,1325
1323,1385
1323,1670
1323,1379
1323,1389
1323,2262
1323,1369
1323,1820
1323,1335
1323,1376
1323,1329
1323,1327
1323,1813
1323,2000
1323,1806
1323,1393
1323,2603
1323,1342
1323,1897
1323,2288
1323,1639
1323,1380
1324,1808
1324,1910
1324,2547
1324,1428
1324,1622
1324,2138
1324,1832
1324,2123
1324,2014
1324,1902
1324,1898
1324,1894
1324,2488
1324,2005
1324,1393
1324,1398
1324,1360
1324,2683
1324,1907
1324,2351
1324,2254
1324,1812
1324,2605
1324,2131
1324,2650
1324,2483
1324,1470
1324,2440
1324,2634
1324,1826
1324,1892
1324,1345
1324,2603
1324,1827
1324,1349
1324,1770
1324,2546
1325,2289
1325,1761
1325,1659
1325,2347
1325,1833
1325,2169
1325,2351
1325,2254
1325,1938
1325,1366
1325,2605
1325,1341
1325,1903
1325,1891
1325,1817
1325,1390
1325,1389
1325,1380
1325,1376
1325,2039
1325,1360
1325,1352
1325,1339
1325,2589
1325,1328
1325,1374
1325,1909
1325,2588
1325,1327
1325,1342
1325,2611
1325,1350
1325,1383
1325,2033
1325,1354
1325,1830
1325,2024
1325,2463
1325,1604
1325,1370
1325,1838
1325,1353
1325,1340
1325,1811
1325,2096
1326,2597
1326,1396
1326,2171
1326,2033
1326,1361
1326,1637
1326,2553
1326,2169
1326,2000
1326,2683
1326,1810
1326,1832
1326,1347
1326,1955
1326,1343
1326,2480
1326,2286
1326,1357
1326,1368
1326,2009
1326,1518
1326,2488
1326,2261
1326,1388
1326,1378
1326,2237
1326,1353
1326,1338
1326,1329
1326,2298
1326,1328
1326,2205
1326,1340
1326,1442
1326,1837
1326,1383
1326,2217
1326,2096
1326,1349
1326,2005
1326,1394
1327,1917
1327,2252
1327,2303
1327,1333
1327,2200
1327,2096
1327,2285
1327,2254
1327,1965
1327,2544
1327,2253
1327,1738
1327,2611
1327,1357
1327,2718
1327,1392
1327,1389
1327,1809
1327,1377
1327,1375
1327,1365
1327,1390
1327,1813
1327,1834
1327,2707
1327,1349
1327,1729
1327,1341
1327,2183
1327,2180
1327,1806
1327,2220
1327,2681
1327,1726
1327,1338
1327,1833
1327,1348
1327,1907
1327,1810
1327,2213
1327,1331
1328,1384
1328,2006
1328,2610
1328,2285
1328,1658
1328,2266
1328,1343
1328,2397
1328,1938
1328,1888
1328,1341
1328,1357
1328,2010
1328,1816
1328,2137
1328,2262
1328,2487
1328,1801
1328,1397
1328,1391
1328,1381
1328,1350
1328,1342
1328,1335
1328,1399
1328,1837
1328,1638
1328,1332
1328,2675
1328,2481
1328,1345
1328,2483
1328,1669
1328,1818
1328,1329
1328,2033
1328,2226
1328,1353
1328,2659
1329,2343
1329,2496
1329,2187
1329,2303
1329,1624
1329,2497
1329,2014
1329,2683
1329,1810
1329,1906
1329,1636
1329,1393
1329,2605
1329,1829
1329,1801
1329,2270
1329,1397
1329,1392
1329,1813
1329,1374
1329,1630
1329,1824
1329,2136
1329,1389
1329,2235
1329,1378
1329,2420
1329,1644
1329,2355
1329,2199
1329,1811
1329,1371
1329,1370
1329,1787
1329,2485
1329,1837
1330,1384
1330,2536
1330,1884
1330,2676
1330,1918
1330,2154
1330,1359
1330,1834
1330,1344
1330,2608
1330,2022
1330,1366
1330,2338
1330,2575
1330,2681
1330,2034
1330,1671
1330,2560
1330,2464
1330,1509
1330,1880
1330,1667
1330,1376
1330,1365
1330,1352
1330,2262
1331,2351
1331,2269
1331,2633
1331,2347
1331,1787
1331,1333
1331,1364
1331,2625
1331,2284
1331,2096
1331,1344
1331,2483
1331,1898
1331,2159
1331,2705
1331,1366
1331,2276
1331,1341
1331,1817
1331,1387
1331,2136
1331,2718
1331,1368
1331,2285
1331,1810
1331,1811
1331,1397
1331,1391
1331,1389
1331,1385
1331,1376
1331,1367
1331,1358
1331,1838
1331,1353
1331,1352
1331,1641
1331,2611
1331,1350
1331,1380
1331,1340
1331,2183
1331,2280
1331,2412
1331,1335
1331,1349
1331,2238
1331,1379
1331,1614
1331,1378
1331,1363
1331,2603
1331,1633
1331,1813
1331,2177
1332,1804
1332,1773
1332,2486
1332,2342
1332,2200
1332,2586
1332,1898
1332,1386
1332,1729
1332,1818
1332,2109
1332,1897
1332,2566
1332,1390
1332,2347
1332,1377
1332,1370
1332,1369
1332,2707
1332,1349
1332,1903
1332,1339
1332,1338
1332,2036
1332,2133
1332,1345
1332,2675
1332,2578
1332,1899
1332,2015
1332,1336
1332,1398
1332,2253
1332,1831
1332,2278
1332,1670
1332,1379
1333,2177
1333,1351
1333,1361
1333,2681
1333,2039
1333,1807
1333,2654
1333,2521
1333,1343
1333,1391
1333,1389
1333,1366
1333,2161
1333,1385
1333,1376
1333,1957
1333,1375
1333,1369
1333,1810
1333,2285
1333,1356
1333,1339
1333,1387
1333,1913
1333,2096
1333,2674
1333,1818
1333,1909
1333,2200
1333,2611
1333,2009
1333,2397
1333,1822
1333,1826
1333,2219
1333,1353
1333,1644
1333,2580
1333,1965
1333,1383
1333,1373
1333,1355
1333,2358
1333,2053
1334,1895
1334,1346
1334,2423
1334,1397
1334,1913
1334,2643
1334,1656
1334,2032
1334,2096
1334,2284
1334,2145
1334,1383
1334,1665
1334,2429
1334,2453
1334,2356
1334,2421
1335,1803
1335,2252
1335,1602
1335,1965
1335,1386
1335,2397
1335,2088
1335,1341
1335,1368
1335,2008
1335,1818
1335,1801
1335,1394
1335,1388
1335,1378
1335,1377
1335,1376
1335,1656
1335,1365
1335,1339
1335,1385
1335,2535
1335,1371
1335,1350
1335,2487
1335,2002
1335,2021
1335,1633
1335,2545
1335,1837
1335,1390
1335,2599
1335,1635
1335,2328
1335,1358
1335,1361
1335,2234
1335,1353
1335,2024
1335,2548
1335,1772
1335,1340
1336,1351
1336,2362
1336,2186
1336,2171
1336,2426
1336,2328
1336,2178
1336,2298
1336,1830
1336,1810
1336,1726
1336,2535
1336,2286
1336,2602
1336,1341
1336,1653
1336,2262
1336,1394
1336,1360
1336,1352
1336,2349
1336,2023
1336,1886
1336,1373
1336,1355
1336,2180
1336,2025
1336,2191
1336,1667
1336,1958
1336,2547
1336,2159
1336,1383
1336,1374
1336,2603
1336,2021
1336,1396
1336,1817
1336,2659
1336,1809
1336,1821
1336,2222
1336,1349
1336,1678
1337,1577
1337,2052
1337,2114
1337,2377
1337,1872
1337,1535
1337,2313
1337,2390
1337,1580
1337,2105
1337,1527
1337,1475
1337,2574
1337,1748
1337,1619
1337,2336
1337,1579
1337,2593
1337,2108
1337,2573
1337,2125
1337,1501
1337,1827
1337,1536
1337,1890
1337,1502
1337,2087
1337,1505
1337,2572
1337,2565
1337,2367
1337,1591
1337,1584
1337,1565
1337,1849
1337,1558
1337,1362
1337,1846
1337,1555
1337,1553
1337,1551
1337,1550
1337,2320
1337,1538
1337,1534
1337,2598
1337,2113
1337,1531
1337,1525
1337,1520
1337,1515
1337,1503
1337,1548
1337,2614
1337,1513
1337,2095
1337,2465
1337,1592
1337,2368
1337,1529
1337,2588
1337,1419
1337,2567
1337,2539
1337,1573
1337,2058
1338,2227
1338,1384
1338,1351
1338,1838
1338,2287
1338,1802
1338,2285
1338,2014
1338,1344
1338,2483
1338,1818
1338,2467
1338,2543
1338,2015
1338,1821
1338,1816
1338,1750
1338,1908
1338,1811
1338,2183
1338,1937
1338,1355
1338,1370
1338,2025
1338,1366
1338,2165
1338,2440
1338,1373
1338,2480
1338,1651
1338,1360
1338,1358
1338,1817
1338,1356
1338,2031
1338,1352
1338,2275
1338,1887
1338,2100
1338,2153
1338,1377
1338,1738
1338,2588
1339,1808
1339,1351
1339,2033
1339,2641
1339,1671
1339,1361
1339,2602
1339,2006
1339,2704
1339,2284
1339,1834
1339,2257
1339,1902
1339,1343
1339,2088
1339,1393
1339,1888
1339,2276
1339,1344
1339,1829
1339,2005
1339,1394
1339,1385
1339,1375
1339,1366
1339,2336
1339,1360
1339,1352
1339,1390
1339,1353
1339,1378
1339,1371
1339,1387
1339,1399
1339,2444
1339,1377
1339,1397
1339,1392
1339,1919
1339,1356
1339,1342
1339,1367
1339,2243
1340,1620
1340,1445
1340,1346
1340,2670
1340,1361
1340,2127
1340,2675
1340,2096
1340,2643
1340,1384
1340,2548
1340,2254
1340,1965
1340,2159
1340,2397
1340,2464
1340,2286
1340,1393
1340,2611
1340,2145
1340,1821
1340,2098
1340,2001
1340,2262
1340,1387
1340,1809
1340,1366
1340,1363
1340,2011
1340,1353
1340,2705
1340,2220
1340,2201
1340,1396
1340,2075
1340,1349
1340,1826
1340,1341
1340,2183
1340,1398
1340,1345
1340,2191
1340,1818
1340,2005
1340,2164
1340,1917
1340,1371
1340,2177
1340,2421
1340,1354
1341,1396
1341,1881
1341,1835
1341,1895
1341,2009
1341,2599
1341,2464
1341,2658
1341,1839
1341,1379
1341,1378
1341,1377
1341,1375
1341,1374
1341,1367
1341,1365
1341,1356
1341,2026
1341,1909
1341,1606
1341,2285
1341,2201
1341,1816
1341,1368
1341,2189
1341,2149
1341,1373
1341,1355
1341,2028
1341,1349
1341,2136
1341,1922
1341,2254
1341,1387
1341,1678
1341,1921
1342,2186
1342,2700
1342,2707
1342,1674
1342,2024
1342,1938
1342,1366
1342,1469
1342,1393
1342,2190
1342,1817
1342,1368
1342,2165
1342,1389
1342,1385
1342,1352
1342,1391
1342,1806
1342,1373
1342,1907
1342,1810
1342,1370
1342,2487
1342,1365
1342,1824
1342,1355
1342,1890
1342,2177
1342,2145
1342,1901
1342,2254
1343,1895
1343,2683
1343,2019
1343,1913
1343,2096
1343,2131
1343,1386
1343,1393
1343,2286
1343,1801
1343,1394
1343,1368
1343,1391
1343,1385
1343,1380
1343,2347
1343,1377
1343,1375
1343,1360
1343,2229
1343,2035
1343,1356
1343,2600
1343,1905
1343,1891
1343,1899
1343,1352
1343,1837
1343,2015
1343,1821
1343,1348
1343,2285
1343,1881
1343,1880
1343,2220
1343,2633
1343,1663
1343,2429
1343,1952
1344,1885
1344,1832
1344,1804
1344,1941
1344,2625
1344,2013
1344,2422
1344,2285
1344,2001
1344,2276
1344,1729
1344,2256
1344,1615
1344,1906
1344,1809
1344,1398
1344,1396
1344,1881
1344,2362
1344,1586
1344,1392
1344,1388
1344,1379
1344,1374
1344,2033
1344,1354
1344,1352
1344,1816
1344,2136
1344,1360
1344,2718
1344,2009
1344,2397
1344,2634
1344,1831
1344,1824
1344,1726
1344,1367
1344,2328
1344,1821
1344,2145
1344,2226
1344,2183
1344,1349
1344,2185
1344,2462
1345,1832
1345,1804
1345,1351
1345,2362
1345,1659
1345,2347
1345,2033
1345,1881
1345,2466
1345,2659
1345,2426
1345,2328
1345,2625
1345,1834
1345,1965
1345,2683
1345,1810
1345,2397
1345,1888
1345,1908
1345,2627
1345,1835
1345,2611
1345,1913
1345,1816
1345,2303
1345,1818
1345,1388
1345,1378
1345,1353
1345,1820
1345,1897
1345,1800
1345,2180
1345,2191
1345,1824
1345,1777
1345,1887
1345,1375
1345,2585
1345,1369
1345,2195
1345,1926
1345,2217
1345,2487
1345,1905
1345,1385
1345,2185
1346,2420
1346,2273
1346,2661
1346,1363
1346,2705
1346,1658
1346,2145
1346,1383
1346,1371
1346,1664
1346,1350
1346,2029
1346,1676
1346,1675
1346,1669
1346,1642
1346,2576
1346,1628
1346,2266
1346,2165
1346,2584
1346,1608
1347,1351
1347,1396
1347,1881
1347,1726
1347,2466
1347,1361
1347,2606
1347,2589
1347,2625
1347,2576
1347,1623
1347,2254
1347,1919
1347,2136
1347,1389
1347,1388
1347,1366
1347,1377
1347,1375
1347,1370
1347,1350
1347,1898
1347,2286
1347,1791
1347,2605
1347,1352
1347,1837
1347,1812
1347,2103
1347,2704
1347,1831
1347,1820
1347,1397
1347,1373
1347,1371
1347,2159
1347,2430
1347,2178
1347,2275
1348,2420
1348,2177
1348,2148
1348,1832
1348,1804
1348,1660
1348,2181
1348,1889
1348,1382
1348,2018
1348,1631
1348,1825
1348,2187
1348,1826
1348,1830
1348,1738
1348,1835
1348,1609
1348,1428
1348,1913
1348,2303
1348,1818
1348,1894
1348,2088
1348,2625
1348,1752
1348,2550
1348,2654
1348,2605
1348,2296
1348,1917
1348,2208
1348,2011
1348,1399
1348,1394
1348,1909
1348,1392
1348,1381
1348,2189
1348,1801
1348,1378
1348,1370
1348,1833
1348,2221
1348,1813
1348,2597
1348,1821
1348,1371
1348,1389
1348,1809
1348,1950
1348,2184
1348,1373
1348,2136
1348,1360
1348,1604
1348,1367
1349,2703
1349,1808
1349,1620
1349,2670
1349,1889
1349,2515
1349,2466
1349,1949
1349,1834
1349,1892
1349,1386
1349,2579
1349,1818
1349,1810
1349,2275
1349,2456
1349,2262
1349,1389
1349,2145
1349,1369
1349,1363
1349,1360
1349,2611
1349,1350
1349,1622
1349,1816
1349,1805
1349,1639
1349,2235
1349,2544
1349,1839
1349,2267
1349,1394
1349,1644
1349,2522
1349,1358
1349,1376
1350,2703
1350,2641
1350,2362
1350,1930
1350,2100
1350,1361
1350,1825
1350,2200
1350,2096
1350,1826
1350,2344
1350,2643
1350,2650
1350,1835
1350,2286
1350,2088
1350,2000
1350,1393
1350,2035
1350,1391
1350,1390
1350,1381
1350,1375
1350,1952
1350,1370
1350,1360
1350,1353
1350,1837
1350,2205
1350,1355
1350,2173
1350,1832
1350,2220
1350,1633
1350,1629
1350,1836
1350,2347
1350,2444
1350,1377
1350,2541
1350,2594
1350,2680
1350,2285
1350,1368
1350,1824
1351,1838
1351,1887
1351,2661
1351,2635
1351,1839
1351,1809
1351,1385
1351,1375
1351,1897
1351,2285
1351,1387
1351,2136
1351,2303
1351,2397
1351,1806
1351,1889
1351,1901
1351,2453
1351,1637
1351,2189
1351,1372
1351,1371
1351,2088
1351,2185
1351,1393
1351,2169
1351,2139
1351,1363
1351,2430
1351,2629
1351,1356
1351,2229
1351,1910
1351,2298
1351,2516
1351,1772
1351,2599
1351,1726
1351,2696
1351,2010
1351,2515
1351,2487
1351,2584
1351,2172
1351,2255
1351,2546
1351,1779
1352,1838
1352,1804
1352,2328
1352,2030
1352,2096
1352,1932
1352,1729
1352,1628
1352,2256
1352,2255
1352,1393
1352,2359
1352,1387
1352,2285
1352,2088
1352,2026
1352,1360
1352,2230
1352,2015
1352,1918
1352,1726
1352,2017
1352,2599
1352,1377
1352,1898
1352,2674
1352,2177
1352,2659
1352,1883
1352,1397
1352,1820
1352,1399
1352,1376
1352,2457
1352,2154
1352,1378
1352,1913
1352,1816
1353,2033
1353,1361
1353,2659
1353,2602
1353,2487
1353,2152
1353,2200
1353,2705
1353,2253
1353,2088
1353,2466
1353,2175
1353,2270
1353,1818
1353,2229
1353,2035
1353,1887
1353,1811
1353,2458
1353,1391
1353,1389
1353,2627
1353,2021
1353,1369
1353,2168
1353,2547
1353,1383
1353,1355
1353,1913
1353,1816
1353,1606
1353,1390
1353,1634
1353,1801
1353,1881
1353,2430
1353,1371
1354,2646
1354,2342
1354,2038
1354,1823
1354,2284
1354,2448
1354,2254
1354,2252
1354,1961
1354,2286
1354,1387
1354,1721
1354,2617
1354,2035
1354,2006
1354,2200
1354,1909
1354,2285
1354,1897
1354,2603
1354,2021
1354,1614
1354,1881
1354,1377
1354,2151
1354,1375
1354,1661
1354,1370
1354,1369
1354,2141
1354,1365
1354,2030
1354,1836
1354,2718
1354,1360
1354,1806
1354,2191
1354,1394
1354,1367
1354,2362
1354,1392
1354,1824
1354,1892
1354,1378
1354,1388
1354,1366
1355,1659
1355,2486
1355,1881
1355,2547
1355,1361
1355,1666
1355,1646
1355,1890
1355,1810
1355,1900
1355,2022
1355,2397
1355,2267
1355,2030
1355,2224
1355,1888
1355,1816
1355,2707
1355,1891
1355,1819
1355,2262
1355,1811
1355,2175
1355,1399
1355,1392
1355,2205
1355,1388
1355,1678
1355,1669
1355,1638
1355,2200
1355,1806
1355,1821
1355,1365
1356,2033
1356,1361
1356,2710
1356,2491
1356,2131
1356,2300
1356,2046
1356,1658
1356,1640
1356,2707
1356,2261
1356,1905
1356,1397
1356,1378
1356,2423
1356,2035
1356,1377
1356,1370
1356,2527
1356,1363
1356,1809
1356,1385
1356,2696
1356,2262
1356,2254
1357,2177
1357,1838
1357,1396
1357,2362
1357,2252
1357,2018
1357,2659
1357,2127
1357,2188
1357,2673
1357,2285
1357,2195
1357,2634
1357,1726
1357,2017
1357,2705
1357,1366
1357,2421
1357,1393
1357,2311
1357,1523
1357,2487
1357,2002
1357,2681
1357,2480
1357,2674
1357,2036
1357,1387
1357,1378
1357,1375
1357,1365
1357,2200
1357,2694
1357,1389
1357,2262
1357,2191
1357,1667
1357,1958
1357,2453
1357,1968
1357,1377
1357,1397
1357,2275
1358,2033
1358,1833
1358,2328
1358,2600
1358,2152
1358,1386
1358,1818
1358,2705
1358,2253
1358,1366
1358,2603
1358,2158
1358,2255
1358,1907
1358,1810
1358,1817
1358,2034
1358,1811
1358,1392
1358,1389
1358,1370
1358,2280
1358,1373
1358,1372
1358,2632
1358,1371
1358,2191
1358,1612
1358,1834
1358,1726
1358,1378
1358,1658
1358,1365
1358,1718
1358,2397
1359,1884
1359,2346
1359,1738
1359,2344
1359,2400
1359,1721
1359,1744
1359,1737
1359,1724
1359,1362
1359,1756
1359,2677
1359,2153
1359,1732
1359,2004
1359,2678
1359,2560
1359,2601
1359,2129
1359,2156
1359,2002
1359,2099
1359,2092
1359,1532
1359,1916
1359,1390
1360,2407
1360,1646
1360,2490
1360,2487
1360,2631
1360,1382
1360,1386
1360,2650
1360,1729
1360,2037
1360,2596
1360,1367
1360,1366
1360,2030
1360,1836
1360,1805
1360,2075
1360,1633
1360,1636
1360,1822
1360,1835
1360,1834
1360,1813
1360,2464
1360,2276
1360,1806
1360,1385
1360,1726
1361,2683
1361,2362
1361,2015
1361,1761
1361,2276
1361,2028
1361,1839
1361,1391
1361,1374
1361,1370
1361,1365
1361,1387
1361,2254
1361,1386
1361,2284
1361,1831
1361,1801
1361,2480
1361,2201
1361,1880
1361,2088
1361,2228
1361,2700
1361,1965
1361,1771
1361,2174
1361,2292
1362,2400
1362,1504
1362,2632
1362,2555
1362,1730
1362,2034
1362,1727
1362,2004
1362,2561
1362,1837
1362,1813
1363,2696
1363,2274
1363,2039
1363,2582
1363,1812
1363,1822
1363,2602
1363,1729
1363,1677
1363,2443
1363,2262
1363,1809
1363,1391
1363,1379
1363,1738
1363,1810
1363,2280
1363,2516
1363,1643
1363,1603
1363,2464
1363,2269
1363,1622
1363,1816
1363,2009
1363,2587
1363,1908
1363,1811
1363,1385
1363,2705
1363,2702
1363,1635
1364,2420
1364,1838
1364,1811
1364,1660
1364,2171
1364,2466
1364,2215
1364,2670
1364,2191
1364,1622
1364,1620
1364,2202
1364,1824
1364,1940
1364,2279
1364,1600
1364,1641
1364,1761
1364,2184
1364,1829
1364,1638
1364,1629
1364,1631
1364,2193
1364,2127
1364,1655
1364,1610
1364,1615
1364,1624
1364,2172
1364,1636
1364,2546
1364,2189
1364,1607
1364,2194
1364,1612
1364,2291
1364,1959
1365,1804
1365,1803
1365,2171
1365,1671
1365,1667
1365,2487
1365,1918
1365,2702
1365,2177
1365,2565
1365,2195
1365,2022
1365,1914
1365,1818
1365,1393
1365,1387
1365,1816
1365,1597
1365,1641
1365,2514
1365,1893
1365,2262
1365,2073
1365,1394
1365,1390
1365,1385
1365,1831
1365,2182
1365,1386
1365,1370
1365,2220
1365,1399
1365,2718
1365,2233
1365,1449
1365,2480
1365,1607
1365,2227
1365,1881
1365,2172
1365,1373
1365,2484
1365,1805
1366,2015
1366,2595
1366,2486
1366,1721
1366,2254
1366,2547
1366,2159
1366,2253
1366,2575
1366,1809
1366,2658
1366,1397
1366,1376
1366,1374
1366,1651
1366,1839
1366,1387
1366,2262
1366,1816
1366,2002
1366,2096
1366,1392
1366,1385
1366,2331
1367,1620
1367,2362
1367,2486
1367,1892
1367,1830
1367,2004
1367,1810
1367,1835
1367,2535
1367,2088
1367,2347
1367,2481
1367,1393
1367,2572
1367,2157
1367,2285
1367,2575
1367,1816
1367,1368
1367,2705
1367,2026
1367,2681
1367,1376
1367,1375
1367,1370
1367,1909
1367,1612
1367,1806
1367,1965
1367,1383
1367,1824
1367,1380
1367,1836
1367,2236
1368,2227
1368,1838
1368,1832
1368,1396
1368,2633
1368,2362
1368,2294
1368,2589
1368,2285
1368,1609
1368,1721
1368,1818
1368,1888
1368,2259
1368,1822
1368,2190
1368,1817
1368,2036
1368,2139
1368,1807
1368,2650
1368,2262
1368,1810
1368,1378
1368,1375
1368,2596
1368,1811
1368,1837
1368,1824
1368,1385
1368,2634
1368,1373
1368,1833
1368,1639
1368,2235
1368,1950
1368,1387
1368,1678
1368,2254
1368,2545
1368,2631
1368,1370
1369,2177
1369,1657
1369,2029
1369,1396
1369,1881
1369,2318
1369,2221
1369,2589
1369,2014
1369,2586
1369,2351
1369,2254
1369,1729
1369,2286
1369,1663
1369,1776
1369,2718
1369,2696
1369,1726
1369,2599
1369,1653
1369,1428
1369,1622
1369,1816
1369,1390
1369,1389
1369,1378
1369,2634
1369,1373
1369,1637
1369,1831
1369,1371
1369,1965
1369,1383
1369,2230
1369,2460
1369,2420
1369,1838
1369,2226
1369,1803
1369,2191
1369,2024
1369,2000
1369,1903
1369,1397
1369,2681
1369,2303
1369,2497
1369,1818
1369,2594
1369,2368
1369,2028
1369,1374
1370,2587
1370,2351
1370,2056
1370,1396
1370,2274
1370,2487
1370,2597
1370,1918
1370,2601
1370,1832
1370,2596
1370,2088
1370,1822
1370,1752
1370,1387
1370,1584
1370,1394
1370,1392
1370,1389
1370,1388
1370,1380
1370,1836
1370,1371
1370,1397
1370,2173
1370,1378
1370,1647
1370,1839
1370,1623
1370,2011
1370,2025
1370,1376
1370,1823
1370,2599
1370,2188
1370,2285
1370,1379
1370,1837
1370,2096
1370,2548
1370,1772
1371,1803
1371,2303
1371,2486
1371,2347
1371,2662
1371,1603
1371,2602
1371,1657
1371,2239
1371,1898
1371,1726
1371,2017
1371,2551
1371,2500
1371,1393
1371,1817
1371,1816
1371,1394
1371,1388
1371,1379
1371,1384
1371,2354
1371,1772
1371,1385
1371,2718
1371,1644
1371,1383
1371,2219
1371,1373
1371,2190
1371,2707
1371,1811
1372,2273
1372,2544
1372,1671
1372,1622
1372,2292
1372,2127
1372,2516
1372,2453
1372,2423
1372,2707
1372,2581
1372,2267
1372,1908
1372,1810
1372,1653
1372,1831
1372,1830
1372,2217
1372,1606
1372,2285
1372,1773
1372,1676
1372,1391
1372,1649
1372,1648
1372,2670
1372,1398
1373,2628
1373,1808
1373,1910
1373,1718
1373,1513
1373,2193
1373,2466
1373,1655
1373,2426
1373,1796
1373,2000
1373,2546
1373,1965
1373,2159
1373,2705
1373,2088
1373,1386
1373,2550
1373,2605
1373,2718
1373,1428
1373,1816
1373,2286
1373,2189
1373,1801
1373,1375
1373,1800
1373,1601
1373,2280
1373,1389
1373,2603
1373,2164
1373,1653
1373,1726
1373,1821
1374,2407
1374,2015
1374,2033
1374,1802
1374,2200
1374,2631
1374,2260
1374,2195
1374,2022
1374,2256
1374,2682
1374,2705
1374,2658
1374,2009
1374,1888
1374,1767
1374,1809
1374,1385
1374,2226
1374,1380
1374,2180
1374,2027
1374,2008
1374,1395
1375,2177
1375,1808
1375,2426
1375,2139
1375,2397
1375,2145
1375,2136
1375,2718
1375,2204
1375,1622
1375,1816
1375,1839
1375,1811
1375,1399
1375,2443
1375,1376
1375,1390
1375,1903
1375,1639
1375,2491
1375,1792
1375,2580
1375,2705
1375,1389
1375,1597
1375,2024
1375,1836
1376,1832
1376,2440
1376,2466
1376,1738
1376,2294
1376,2039
1376,1830
1376,2285
1376,1965
1376,1894
1376,1818
1376,2603
1376,2575
1376,2145
1376,1387
1376,2008
1376,1839
1376,2271
1376,1398
1376,2165
1376,1389
1376,1385
1376,1377
1376,2362
1376,1392
1376,2191
1376,1378
1376,1669
1376,2300
1376,1621
1376,2516
1376,1837
1376,1750
1376,2398
1376,1816
1376,1396
1376,2176
1376,2226
1376,2430
1377,2287
1377,2222
1377,2347
1377,2127
1377,1666
1377,2328
1377,2517
1377,1386
1377,2705
1377,1791
1377,1888
1377,2544
1377,2253
1377,2618
1377,1821
1377,1653
1377,2008
1377,1816
1377,2005
1377,1398
1377,1835
1377,2285
1377,1383
1377,1378
1377,1824
1377,1901
1377,1379
1377,1819
1377,2033
1377,2421
1378,2597
1378,2420
1378,1657
1378,1396
1378,1726
1378,1671
1378,2466
1378,2139
1378,2188
1378,2285
1378,2260
1378,2453
1378,1386
1378,2580
1378,1810
1378,2718
1378,2413
1378,2025
1378,2009
1378,1903
1378,2170
1378,2444
1378,2541
1378,2328
1378,2703
1378,1809
1378,1818
1378,2011
1378,1888
1378,1379
1378,2220
1378,1676
1378,2088
1378,2575
1379,2303
1379,2670
1379,1726
1379,2547
1379,2600
1379,2483
1379,2254
1379,2015
1379,2169
1379,1393
1379,2034
1379,1387
1379,1392
1379,1390
1379,1385
1379,2262
1379,1389
1379,1763
1379,2541
1379,2487
1379,1388
1379,2348
1379,2397
1379,2286
1379,2270
1379,1397
1379,2152
1379,2443
1379,1391
1380,1726
1380,1671
1380,2633
1380,1857
1380,2172
1380,1729
1380,2015
1380,1393
1380,1839
1380,1809
1380,1391
1380,1385
1380,2030
1380,1836
1380,2362
1380,1392
1380,2233
1380,2188
1380,2285
1380,1888
1380,2680
1380,1604
1380,2026
1380,1600
1380,2481
1380,2021
1380,1913
1381,2351
1381,2177
1381,1660
1381,1881
1381,2343
1381,2516
1381,1826
1381,2000
1381,1834
1381,2428
1381,2535
1381,1393
1381,2261
1381,2136
1381,2718
1381,2200
1381,1909
1381,1911
1381,1809
1381,1392
1381,1390
1381,2182
1381,1883
1381,1398
1381,2705
1381,2220
1381,2464
1381,2270
1381,1397
1381,2262
1381,2401
1381,2697
1381,1824
1381,1828
1381,1810
1381,2025
1382,2158
1382,2683
1382,2227
1382,2130
1382,1504
1382,2020
1382,1562
1382,1914
1382,1906
1382,2428
1382,1586
1382,1908
1382,2103
1382,2491
1382,1919
1382,2486
1382,2680
1382,1469
1382,1905
1382,1883
1382,1965
1382,1888
1382,1833
1382,1393
1382,2169
1382,1672
1382,1827
1382,1633
1382,2359
1383,1620
1383,2269
1383,1396
1383,2287
1383,1833
1383,2002
1383,2592
1383,1650
1383,2413
1383,2285
1383,1386
1383,2650
1383,1835
1383,2286
1383,1653
1383,1399
1383,2263
1383,1390
1383,2460
1383,1676
1383,2459
1383,1392
1383,2347
1383,1660
1383,1632
1383,1825
1383,2213
1383,2483
1383,2694
1383,1892
1384,2351
1384,1804
1384,1914
1384,2261
1384,2136
1384,2303
1384,1881
1384,2200
1384,2658
1384,2464
1384,2611
1384,2659
1384,2650
1384,1837
1384,1828
1384,1813
1384,1918
1384,2641
1384,1827
1384,2393
1384,2070
1384,2131
1384,2228
1384,1899
1384,2190
1384,2430
1384,2202
1384,2699
1384,2279
1384,2053
1384,2230
1384,2618
1384,2434
1384,2284
1384,1799
1384,1997
1384,1659
1384,2184
1384,1829
1384,2551
1385,1620
1385,1396
1385,2362
1385,1907
1385,2670
1385,2127
1385,2328
1385,1936
1385,2131
1385,2103
1385,1965
1385,1386
1385,2303
1385,1818
1385,2705
1385,2015
1385,2580
1385,1393
1385,2187
1385,2575
1385,1387
1385,2028
1385,1837
1385,1390
1385,1813
1385,2165
1385,2230
1385,1394
1385,2136
1385,2139
1386,1670
1386,1396
1386,2263
1386,2033
1386,2303
1386,1624
1386,2480
1386,2487
1386,1918
1386,2139
1386,1827
1386,2266
1386,2254
1386,1810
1386,2024
1386,2696
1386,1726
1386,2017
1386,1893
1386,2022
1386,1903
1386,1819
1386,1899
1386,1637
1386,2219
1386,2284
1386,2634
1386,1394
1386,2267
1386,2425
1386,1904
1386,2193
1386,2678
1386,1811
1386,1921
1387,1808
1387,1615
1387,2347
1387,2328
1387,1812
1387,2696
1387,2502
1387,2013
1387,1965
1387,2634
1387,2024
1387,2705
1387,1779
1387,2156
1387,2025
1387,2011
1387,1811
1387,2252
1387,1657
1387,2142
1387,2033
1387,1397
1387,2226
1387,2088
1387,2575
1387,1958
1387,1399
1387,2600
1387,1630
1388,2661
1388,2659
1388,2487
1388,1838
1388,2032
1388,2226
1388,2096
1388,2551
1388,2705
1388,2605
1388,2033
1388,1839
1388,2009
1388,1897
1388,2011
1388,1898
1388,2286
1388,1801
1388,1397
1388,2461
1388,1394
1388,1643
1388,1837
1388,1391
1388,2030
1388,1933
1388,2024
1388,2519
1389,2177
1389,1396
1389,1655
1389,1646
1389,1652
1389,2014
1389,2705
1389,2136
1389,1888
1389,2421
1389,2088
1389,1822
1389,1393
1389,1648
1389,1819
1389,1398
1389,1397
1389,1827
1389,1806
1389,2680
1389,2165
1389,2634
1389,1933
1389,2328
1389,2487
1389,2096
1389,1392
1390,2438
1390,1832
1390,1825
1390,2625
1390,2132
1390,1395
1390,2634
1390,2551
1390,2024
1390,1818
1390,2136
1390,2253
1390,1731
1390,1908
1390,2575
1390,1803
1390,1823
1390,2017
1390,2599
1390,1398
1390,1883
1390,1392
1390,1813
1390,2464
1390,2173
1390,2683
1390,1907
1390,1891
1390,2252
1390,1909
1390,2209
1391,2351
1391,1656
1391,1620
1391,2696
1391,1726
1391,2478
1391,2487
1391,2096
1391,2027
1391,2014
1391,1834
1391,2643
1391,1647
1391,2680
1391,2022
1391,2683
1391,1393
1391,1916
1391,2275
1391,2037
1391,1903
1391,1678
1391,1837
1391,1399
1391,2182
1391,1398
1391,2190
1391,2611
1391,1394
1391,2705
1391,1396
1392,1832
1392,2362
1392,2440
1392,2342
1392,1685
1392,2090
1392,2516
1392,1826
1392,2551
1392,2593
1392,2683
1392,2198
1392,2017
1392,2599
1392,1816
1392,2025
1392,1881
1392,2611
1392,2280
1392,2430
1392,2351
1392,2488
1392,2227
1392,2605
1392,1677
1392,1824
1392,2594
1392,2506
1392,2215
1392,2185
1392,2131
1392,1833
1392,1883
1392,1398
1392,1919
1393,1885
1393,1803
1393,2362
1393,2303
1393,1881
1393,1726
1393,1602
1393,1637
1393,2589
1393,2625
1393,2226
1393,2131
1393,1810
1393,2261
1393,2286
1393,2088
1393,2194
1393,1903
1393,1891
1393,2200
1393,1909
1393,1398
1393,1397
1393,2650
1393,1967
1393,2285
1393,2705
1393,1816
1393,2096
1393,1835
1393,2611
1393,2718
1393,2280
1393,2606
1393,2024
1393,2351
1393,1808
1393,2252
1393,2543
1393,1630
1393,1901
1393,1610
1393,2275
1394,2501
1394,1726
1394,2039
1394,2586
1394,2540
1394,1818
1394,2145
1394,2605
1394,2422
1394,2156
1394,2025
1394,2009
1394,1809
1394,1837
1394,2567
1394,1832
1394,2220
1394,1638
1394,2659
1394,1824
1394,2694
1394,2014
1394,2139
1394,2430
1394,2707
1394,1811
1394,2487
1394,2284
1395,1656
1395,1428
1395,2139
1395,2103
1395,2027
1395,1916
1395,1721
1395,2099
1395,2347
1395,2444
1395,2031
1395,2036
1395,2000
1395,2009
1395,1729
1395,1898
1395,2136
1395,1809
1395,2344
1395,2575
1395,2634
1395,1822
1395,1917
1395,1820
1395,2005
1395,2023
1395,1829
1396,2142
1396,2014
1396,1903
1396,2028
1396,2117
1396,2227
1396,1839
1396,2033
1396,2262
1396,1811
1396,1721
1396,1818
1396,2397
1396,1828
1396,2276
1396,2453
1396,2015
1396,1787
1396,2435
1396,1955
1396,2254
1396,1672
1396,1810
1396,2586
1396,1663
1396,1881
1396,1603
1396,1779
1397,1606
1397,2629
1397,2342
1397,2033
1397,2426
1397,1892
1397,2002
1397,2017
1397,2088
1397,2266
1397,1821
1397,2659
1397,1398
1397,1917
1397,1820
1397,1810
1397,2027
1397,1639
1397,1635
1397,2707
1397,2177
1397,2286
1397,2092
1397,1801
1397,1816
1397,2031
1397,2464
1397,2658
1397,1738
1398,1803
1398,2033
1398,2018
1398,1608
1398,2339
1398,2002
1398,1967
1398,2625
1398,2200
1398,2252
1398,2132
1398,2257
1398,2680
1398,1888
1398,2611
1398,1569
1398,1887
1398,1819
1398,1809
1398,2215
1398,2025
1398,2189
1398,2633
1398,2285
1398,2209
1398,2659
1399,2526
1399,2683
1399,1825
1399,2497
1399,2628
1399,1658
1399,2552
1399,2024
1399,1888
1399,2270
1399,2575
1399,1909
1399,2028
1399,1811
1399,2180
1399,1901
1399,2457
1399,1806
1399,1657
1399,2142
1399,1809
1399,2300
1399,1621
1399,2285
1400,1910
1400,1755
1400,1561
1400,2389
1400,1697
1400,2710
1400,2536
1400,2342
1400,2051
1400,2320
1400,1580
1400,1554
1400,2626
1400,2366
1400,1541
1400,2336
1400,1851
1400,2137
1400,1534
1400,2367
1400,1591
1400,2038
1400,1571
1400,1583
1400,1536
1400,2100
1400,1517
1400,1584
1400,1574
1400,2083
1400,1598
1400,1551
1400,1532
1400,1435
1400,1550
1400,1912
1400,2106
1400,1572
1400,1525
1400,2102
1400,1520
1400,1512
1400,1509
1400,2155
1400,2565
1400,2468
1400,2281
1400,2402
1400,1529
1400,1576
1401,2711
1401,1986
1401,1441
1401,1762
1401,1444
1401,2069
1401,2569
1401,2044
1401,1446
1401,1408
1401,2540
1401,1475
1401,1436
1401,2381
1401,2245
1401,2655
1401,2408
1401,1438
1401,2692
1401,1571
1401,2640
1401,1478
1401,1464
1401,1463
1401,1429
1401,1426
1401,1424
1401,1420
1401,2293
1401,1407
1401,1403
1401,2329
1401,1456
1401,2671
1401,1422
1401,1458
1401,1412
1401,2332
1401,2623
1401,2612
1401,1448
1401,1409
1401,1485
1401,2594
1401,1466
1402,2143
1402,2231
1402,2070
1402,2688
1402,2399
1402,2642
1402,2214
1402,2437
1402,1446
1402,2422
1402,2616
1402,2684
1402,1475
1402,1436
1402,2079
1402,1966
1402,2404
1402,2598
1402,1465
1402,1482
1402,1479
1402,1473
1402,1443
1402,1414
1402,1421
1402,1507
1402,1410
1402,2232
1402,2329
1402,1441
1402,2605
1402,2369
1402,2078
1402,2614
1402,1490
1402,1468
1402,2719
1402,1458
1402,1431
1402,2692
1402,1422
1402,1954
1402,1776
1402,1991
1402,1790
1402,2076
1402,1494
1402,1785
1402,1484
1402,1775
1402,1477
1402,2350
1402,1990
1402,1987
1403,2052
1403,1470
1403,1455
1403,2404
1403,2695
1403,2568
1403,1444
1403,2293
1403,1857
1403,2225
1403,1427
1403,1442
1403,2638
1403,2393
1403,2571
1403,1979
1403,2499
1403,2648
1403,2593
1403,2418
1403,2241
1403,1465
1403,2411
1403,2655
1403,1704
1403,2240
1403,2095
1403,1507
1403,2380
1403,1452
1403,1488
1403,1486
1403,1479
1403,1451
1403,2706
1403,2512
1403,2692
1403,2644
1403,1480
1403,2316
1403,1443
1403,1490
1403,2243
1403,1467
1403,2410
1403,1987
1403,2478
1403,1411
1403,1458
1403,1435
1403,2059
1403,2369
1403,1496
1404,2177
1404,2070
1404,1907
1404,2318
1404,2301
1404,1953
1404,1848
1404,2335
1404,2504
1404,2077
1404,2211
1404,2241
1404,2647
1404,1577
1404,2062
1404,2692
1404,2669
1404,1591
1404,2377
1404,2571
1404,2393
1404,1423
1404,1911
1404,1461
1404,2237
1404,2043
1404,1463
1404,1459
1404,2315
1404,1439
1404,1424
1404,1767
1404,2640
1404,1418
1404,1415
1404,2499
1404,1432
1404,2325
1404,2616
1404,1452
1404,1449
1404,2060
1404,1451
1404,1430
1404,2439
1404,1987
1404,1405
1404,1858
1404,2410
1405,2337
1405,2231
1405,2615
1405,1972
1405,1441
1405,2411
1405,2242
1405,1472
1405,1450
1405,2569
1405,2691
1405,1408
1405,2571
1405,1780
1405,1436
1405,2418
1405,2366
1405,2645
1405,1453
1405,1715
1405,2692
1405,2623
1405,1478
1405,1473
1405,1439
1405,1435
1405,2327
1405,1433
1405,1786
1405,1447
1405,1979
1405,1785
1405,1494
1405,1442
1405,2412
1405,2719
1405,1458
1405,1412
1405,2241
1405,1465
1405,1462
1405,1483
1405,1774
1405,1543
1405,1432
1405,1484
1405,2066
1406,2711
1406,2598
1406,1927
1406,1442
1406,2293
1406,1427
1406,2054
1406,2647
1406,2520
1406,1453
1406,1491
1406,2068
1406,1486
1406,1479
1406,1474
1406,1473
1406,1452
1406,2506
1406,1439
1406,1424
1406,1418
1406,1409
1406,1979
1406,1494
1406,1487
1406,1460
1406,2059
1406,1477
1406,2474
1406,1407
1406,1414
1406,1431
1406,2692
1406,2644
1406,1480
1406,2374
1406,1435
1406,1493
1406,2234
1406,1478
1406,2060
1406,2410
1406,1432
1406,2717
1406,2135
1406,1429
1406,2510
1406,2122
1406,1443
1406,2219
1406,2369
1406,2078
1406,1467
1406,1417
1406,1973
1407,2644
1407,2471
1407,2052
1407,2695
1407,2051
1407,1450
1407,2517
1407,2244
1407,1495
1407,1446
1407,2616
1407,2241
1407,1979
1407,2477
1407,2612
1407,2151
1407,2640
1407,1484
1407,1482
1407,1481
1407,1451
1407,1447
1407,2508
1407,1433
1407,2499
1407,1432
1407,1411
1407,1449
1407,1418
1407,1426
1407,2072
1407,2701
1407,1459
1407,1412
1407,2389
1407,1419
1407,1983
1407,2685
1407,1485
1407,1971
1407,1990
1407,1478
1408,2250
1408,1556
1408,2621
1408,2222
1408,1972
1408,1431
1408,2689
1408,2613
1408,2394
1408,2374
1408,2708
1408,2630
1408,2533
1408,1471
1408,1475
1408,2477
1408,2410
1408,1486
1408,1464
1408,2335
1408,1462
1408,1452
1408,1411
1408,2637
1408,1473
1408,1438
1408,2323
1408,1480
1408,1448
1408,1422
1408,1417
1408,1484
1408,2066
1408,2648
1408,2361
1408,1458
1408,2234
1408,2040
1408,2669
1408,1994
1409,2116
1409,2342
1409,2050
1409,2411
1409,1472
1409,2076
1409,2067
1409,1427
1409,2408
1409,2241
1409,1475
1409,2647
1409,2499
1409,1966
1409,1460
1409,2055
1409,2150
1409,1471
1409,2715
1409,2640
1409,2519
1409,1452
1409,1479
1409,1456
1409,2315
1409,1482
1409,1435
1409,2493
1409,1426
1409,1421
1409,2380
1409,1410
1409,1429
1409,2060
1409,1496
1409,1443
1409,1490
1409,1491
1409,1470
1409,1417
1409,2075
1409,1419
1409,1439
1409,1451
1409,2473
1409,2376
1409,2279
1409,1951
1410,2711
1410,2135
1410,2440
1410,1852
1410,1972
1410,1848
1410,2620
1410,2482
1410,2394
1410,1427
1410,1446
1410,2214
1410,2408
1410,1840
1410,2364
1410,2499
1410,2640
1410,1466
1410,2246
1410,1447
1410,1411
1410,1463
1410,1416
1410,1496
1410,2509
1410,1451
1410,2325
1410,1479
1411,2148
1411,2326
1411,1442
1411,2689
1411,2248
1411,2394
1411,2103
1411,2638
1411,2649
1411,1485
1411,2324
1411,1979
1411,2214
1411,2699
1411,2396
1411,2411
1411,1802
1411,1414
1411,1557
1411,1479
1411,1466
1411,2613
1411,1449
1411,1489
1411,1481
1411,2598
1411,1434
1411,1418
1411,1462
1411,1415
1411,2647
1411,1483
1411,2234
1411,1493
1411,1473
1412,2637
1412,2411
1412,2478
1412,1762
1412,2504
1412,2329
1412,1485
1412,2047
1412,1475
1412,1436
1412,2647
1412,1492
1412,2645
1412,2614
1412,1972
1412,2069
1412,2395
1412,1489
1412,2612
1412,1484
1412,1479
1412,1432
1412,1421
1412,1418
1412,1416
1412,1490
1412,2078
1412,1480
1412,2313
1412,1984
1412,2569
1412,1430
1412,1454
1412,2327
1412,1447
1412,1494
1412,2690
1413,2409
1413,2288
1413,1499
1413,2050
1413,1579
1413,2382
1413,1552
1413,2594
1413,1475
1413,1459
1413,1441
1413,2411
1413,1419
1413,2061
1413,2148
1413,2051
1413,2437
1413,2418
1413,2571
1413,2060
1413,2076
1413,1494
1413,1480
1413,2517
1413,2079
1413,2648
1413,1941
1413,1932
1413,2234
1413,1451
1413,2618
1413,1920
1413,2427
1413,2419
1413,1449
1413,2225
1413,1485
1413,2067
1413,2649
1413,2478
1413,1799
1413,2519
1413,1774
1413,2604
1413,2695
1413,1985
1413,2664
1413,1446
1413,2416
1413,2667
1413,1987
1413,1781
1413,1973
1413,2177
1413,2662
1413,1789
1414,2337
1414,1470
1414,2695
1414,2050
1414,1442
1414,2335
1414,2135
1414,2329
1414,1444
1414,2332
1414,1461
1414,2653
1414,2569
1414,1996
1414,2241
1414,1499
1414,1457
1414,1475
1414,2348
1414,1436
1414,2212
1414,2281
1414,1574
1414,1474
1414,2616
1414,1488
1414,1443
1414,1439
1414,2689
1414,1424
1414,2078
1414,1451
1414,1495
1414,2368
1414,1487
1414,1417
1414,1432
1414,1979
1414,2464
1414,1494
1414,2058
1414,1991
1414,1481
1414,2045
1414,2399
1414,1429
1414,1515
1415,2637
1415,1499
1415,2052
1415,1470
1415,1441
1415,2335
1415,2506
1415,2719
1415,2647
1415,1748
1415,1492
1415,1460
1415,2293
1415,2196
1415,2523
1415,1497
1415,1466
1415,1464
1415,1426
1415,1423
1415,1416
1415,2638
1415,1474
1415,1471
1415,1453
1415,2078
1415,2340
1415,1467
1415,1430
1415,1476
1415,1418
1415,2067
1415,1485
1415,1484
1415,2568
1415,1421
1416,2409
1416,2369
1416,2135
1416,2052
1416,1986
1416,1441
1416,1504
1416,2509
1416,2394
1416,1461
1416,1799
1416,1427
1416,2422
1416,2616
1416,1475
1416,1436
1416,2647
1416,2402
1416,2499
1416,1846
1416,2493
1416,1493
1416,2144
1416,1486
1416,1482
1416,2242
1416,1466
1416,2324
1416,1451
1416,1484
1416,1448
1416,1479
1416,2061
1416,1478
1416,1463
1416,1447
1416,1494
1416,1421
1416,1489
1416,1449
1416,1997
1416,1420
1416,2293
1416,2196
1416,1517
1416,2393
1416,1423
1416,1485
1417,2711
1417,2231
1417,1442
1417,1444
1417,2504
1417,2277
1417,1972
1417,2069
1417,2067
1417,1796
1417,2309
1417,1979
1417,2293
1417,2196
1417,2616
1417,2214
1417,2117
1417,1438
1417,1996
1417,1788
1417,1489
1417,1486
1417,1463
1417,1464
1417,1433
1417,2417
1417,2685
1417,1424
1417,2508
1417,2393
1417,1423
1417,1468
1417,2078
1417,1963
1417,1467
1417,1458
1417,2498
1417,2110
1417,2692
1417,1429
1417,1476
1417,1805
1417,1991
1417,1479
1417,2061
1417,2070
1417,1488
1417,1456
1418,2369
1418,1784
1418,2695
1418,2076
1418,1972
1418,2069
1418,1461
1418,1932
1418,2293
1418,2390
1418,2393
1418,2715
1418,2533
1418,1453
1418,2410
1418,2064
1418,2364
1418,1491
1418,2144
1418,2068
1418,1486
1418,1456
1418,1435
1418,2693
1418,2499
1418,1432
1418,1421
1418,1419
1418,2474
1418,1490
1418,2508
1418,1427
1418,2573
1418,1991
1418,1448
1418,1774
1418,1780
1418,1683
1418,1489
1418,2664
1418,2192
1418,1480
1418,2044
1418,1462
1418,1986
1418,1792
1418,1430
1419,1719
1419,1420
1419,2214
1419,1858
1419,2469
1419,2669
1419,2533
1419,1444
1419,2196
1419,1491
1419,2367
1419,1568
1419,1474
1419,1451
1419,1481
1419,2233
1419,1506
1419,1459
1419,1457
1419,2616
1419,1478
1419,1995
1419,2695
1419,1990
1419,1487
1419,2390
1419,2061
1420,2520
1420,2148
1420,1599
1420,2504
1420,1475
1420,1460
1420,1489
1420,2640
1420,1452
1420,1451
1420,1435
1420,1432
1420,1423
1420,1421
1420,2711
1420,2061
1420,2068
1420,1495
1420,2571
1420,2417
1420,2293
1420,2196
1420,2309
1420,2060
1420,1497
1420,1494
1420,1487
1420,1468
1420,1461
1420,2410
1420,2329
1420,2135
1420,1928
1420,1443
1420,2090
1420,1480
1420,1771
1420,1499
1420,1790
1420,1580
1420,2065
1420,2059
1420,2715
1420,1481
1420,2160
1421,2409
1421,2052
1421,1986
1421,1907
1421,1455
1421,2510
1421,2330
1421,1444
1421,1472
1421,2519
1421,2318
1421,2415
1421,2394
1421,2048
1421,2498
1421,2371
1421,1692
1421,2117
1421,2245
1421,1744
1421,1508
1421,1574
1421,2623
1421,2068
1421,1486
1421,1483
1421,2449
1421,2061
1421,1479
1421,1488
1421,2064
1421,1482
1421,1435
1421,1584
1421,2060
1421,1527
1421,1430
1421,2196
1421,1517
1421,2049
1421,1467
1421,1491
1421,2144
1421,1950
1421,1458
1421,2410
1421,1995
1421,2717
1421,1456
1421,1460
1422,2652
1422,2070
1422,2568
1422,2057
1422,1442
1422,2370
1422,2364
1422,2069
1422,1461
1422,2225
1422,2155
1422,2044
1422,2711
1422,2517
1422,1993
1422,1457
1422,2148
1422,1469
1422,2063
1422,2242
1422,2533
1422,2337
1422,2143
1422,2279
1422,2708
1422,1480
1422,1484
1422,1465
1422,1456
1422,1937
1422,1452
1422,1438
1422,1424
1422,2366
1422,1474
1422,2054
1422,2525
1422,1458
1422,1489
1422,1478
1422,2504
1422,1460
1422,1557
1422,1979
1423,2369
1423,2231
1423,1848
1423,1441
1423,2411
1423,1444
1423,2642
1423,2293
1423,1472
1423,2517
1423,2318
1423,2415
1423,2635
1423,2326
1423,2617
1423,2498
1423,2616
1423,2393
1423,2408
1423,1475
1423,2499
1423,2322
1423,2135
1423,2523
1423,1946
1423,1558
1423,2410
1423,1984
1423,1867
1423,1479
1423,2532
1423,1447
1423,2648
1423,2066
1423,1484
1423,1491
1423,1433
1423,1486
1423,1995
1423,1467
1423,1435
1423,1474
1423,1776
1423,2062
1423,1463
1423,1436
1423,1899
1423,1986
1423,2662
1423,2565
1423,1983
1423,1476
1424,2135
1424,1970
1424,1431
1424,2442
1424,2714
1424,2517
1424,1890
1424,1568
1424,2415
1424,2068
1424,2335
1424,1559
1424,1465
1424,1454
1424,2719
1424,1555
1424,2026
1424,1491
1424,1483
1424,1466
1424,1463
1424,2332
1424,2623
1424,1459
1424,1435
1424,2695
1424,1434
1424,2640
1424,1478
1424,2060
1424,1516
1424,1807
1424,1995
1424,1487
1424,1436
1424,2560
1424,1493
1424,1451
1424,1986
1424,2374
1424,1988
1424,2079
1424,1497
1424,1567
1425,1844
1425,2479
1425,2363
1425,2122
1425,1532
1425,1592
1425,1575
1425,1571
1425,1846
1425,2110
1425,1986
1425,1598
1425,1574
1425,1543
1425,2533
1425,1906
1425,2081
1425,2566
1425,1590
1425,2366
1425,2482
1425,2408
1425,2512
1425,1516
1425,1560
1425,1463
1425,1451
1425,1999
1425,1995
1425,1565
1425,1468
1425,2404
1425,1550
1425,2653
1425,1863
1425,2057
1425,1960
1426,2597
1426,2644
1426,2621
1426,1499
1426,1455
1426,2404
1426,2695
1426,2688
1426,2057
1426,1442
1426,2293
1426,2334
1426,2068
1426,2653
1426,2192
1426,2102
1426,1846
1426,1701
1426,2279
1426,1533
1426,2614
1426,2313
1426,2410
1426,1484
1426,2060
1426,1478
1426,1473
1426,1851
1426,2045
1426,1463
1426,2712
1426,1451
1426,2402
1426,1432
1426,1449
1426,2369
1426,1981
1426,1496
1426,1490
1426,2439
1426,1482
1426,1464
1426,2371
1426,1459
1426,1462
1426,1456
1426,1429
1426,2640
1426,2058
1426,1476
1426,2213
1427,2646
1427,2148
1427,2693
1427,2318
1427,2057
1427,1953
1427,1444
1427,2372
1427,2663
1427,2504
1427,1461
1427,1799
1427,1562
1427,2135
1427,1553
1427,2533
1427,2614
1427,1442
1427,2312
1427,2398
1427,1485
1427,1979
1427,1460
1427,1489
1427,1479
1427,2524
1427,1457
1427,2044
1427,1462
1427,2520
1427,1453
1427,1435
1427,1434
1427,1433
1427,2085
1427,1438
1427,1999
1427,1480
1427,1477
1427,1458
1427,1431
1427,2692
1427,1430
1427,1452
1427,2713
1427,2612
1427,1836
1427,2224
1427,2055
1427,2569
1427,2066
1427,2648
1428,1838
1428,1808
1428,2696
1428,2633
1428,2252
1428,2156
1428,1552
1428,1752
1428,2594
1428,2481
1428,2261
1428,2588
1428,1811
1428,1801
1428,2605
1428,2131
1428,2535
1428,2603
1428,2426
1428,1837
1428,1828
1428,1816
1428,1913
1428,1824
1428,1826
1428,1833
1428,1809
1428,2219
1428,2205
1428,1658
1428,2707
1428,1611
1428,2159
1428,2139
1428,2430
1428,2213
1428,2282
1428,2596
1428,1820
1428,2208
1428,2254
1428,1769
1428,1975
1428,1903
1428,1612
1428,2275
1428,1605
1429,2644
1429,2207
1429,2695
1429,1985
1429,1848
1429,2689
1429,2506
1429,1454
1429,2618
1429,2044
1429,1446
1429,2616
1429,1450
1429,1475
1429,1465
1429,1457
1429,1453
1429,1683
1429,1598
1429,1491
1429,1484
1429,1483
1429,1481
1429,1478
1429,1474
1429,1443
1429,1488
1429,2120
1429,2249
1429,2064
1429,1567
1429,1558
1429,1464
1429,2623
1429,1496
1429,1435
1429,1994
1429,1463
1430,2148
1430,2714
1430,1454
1430,2618
1430,2394
1430,2076
1430,2649
1430,2592
1430,2048
1430,1969
1430,1524
1430,1472
1430,2054
1430,2337
1430,1561
1430,2046
1430,1988
1430,1794
1430,1446
1430,1999
1430,1457
1430,1778
1430,2298
1430,2104
1430,1564
1430,2044
1430,1493
1430,1491
1430,1486
1430,2616
1430,1452
1430,2402
1430,1432
1430,2417
1430,1973
1430,1488
1430,1948
1430,2640
1430,2391
1430,1814
1430,1459
1430,1987
1431,2250
1431,2434
1431,2325
1431,1455
1431,2636
1431,2568
1431,1989
1431,2411
1431,2329
1431,2051
1431,2245
1431,2214
1431,2380
1431,2477
1431,2569
1431,1463
1431,2691
1431,2075
1431,2493
1431,1436
1431,2692
1431,2394
1431,2685
1431,2332
1431,2085
1431,1460
1431,2688
1431,2591
1432,2404
1432,2717
1432,2135
1432,2052
1432,2621
1432,2524
1432,2162
1432,2476
1432,1444
1432,1472
1432,1450
1432,2148
1432,2051
1432,1857
1432,2638
1432,2540
1432,1979
1432,1475
1432,2381
1432,1966
1432,1778
1432,2504
1432,2044
1432,1462
1432,1482
1432,1484
1432,2067
1432,1485
1432,1439
1432,1468
1432,2169
1432,1490
1432,2410
1432,1461
1432,2296
1432,1459
1432,1438
1432,1496
1432,2592
1432,1451
1433,2070
1433,2052
1433,1441
1433,2119
1433,2701
1433,1454
1433,2686
1433,2330
1433,2504
1433,2636
1433,1472
1433,2517
1433,2371
1433,2332
1433,2415
1433,2364
1433,1495
1433,2637
1433,2540
1433,2680
1433,1438
1433,2373
1433,1489
1433,1478
1433,1466
1433,1463
1433,1456
1433,1451
1433,1479
1433,1946
1433,2043
1433,2493
1433,1814
1433,2648
1433,1484
1433,2066
1433,2316
1433,1490
1433,2064
1433,1494
1433,1572
1433,1497
1433,2616
1433,1452
1433,1792
1433,2393
1434,2369
1434,1600
1434,2333
1434,1499
1434,2663
1434,2504
1434,2293
1434,1472
1434,2385
1434,2211
1434,1461
1434,2067
1434,2638
1434,1554
1434,2241
1434,1999
1434,2503
1434,1436
1434,2499
1434,1446
1434,2418
1434,2612
1434,1869
1434,1462
1434,1493
1434,1479
1434,1466
1434,1464
1434,2135
1434,2329
1434,1456
1434,2719
1434,1555
1434,2525
1434,1487
1434,1715
1434,1587
1434,2072
1434,1488
1434,1468
1434,2060
1434,1443
1434,1991
1434,1438
1434,1992
1435,2520
1435,2148
1435,1577
1435,2644
1435,2052
1435,2695
1435,1454
1435,1444
1435,2613
1435,2067
1435,1539
1435,1442
1435,2691
1435,2498
1435,2474
1435,1911
1435,1590
1435,1493
1435,1489
1435,1481
1435,2638
1435,1474
1435,1456
1435,1479
1435,2201
1435,1496
1435,1972
1435,1487
1435,2040
1435,1704
1435,1971
1435,1468
1435,1961
1435,2640
1435,1475
1435,1572
1435,1452
1435,2293
1436,2644
1436,1455
1436,1442
1436,2411
1436,2504
1436,1495
1436,1461
1436,2691
1436,1475
1436,1507
1436,2614
1436,2521
1436,2647
1436,1460
1436,1491
1436,1488
1436,1486
1436,1484
1436,1466
1436,1464
1436,2640
1436,1453
1436,2394
1436,2717
1436,2135
1436,2201
1436,1457
1436,1438
1436,2293
1436,2196
1436,2072
1436,1492
1436,1995
1436,1494
1436,1468
1436,1467
1436,2410
1436,2106
1436,2569
1436,1496
1436,2660
1436,2416
1437,2511
1437,1946
1437,2503
1437,1773
1437,1498
1437,1989
1437,2294
1437,2181
1437,2517
1437,2519
1437,2436
1437,2415
1437,2591
1437,2248
1437,2054
1437,2041
1437,1794
1437,1572
1437,1969
1437,2066
1437,1786
1437,2173
1437,2238
1437,1938
1437,1991
1437,1955
1437,1977
1437,1961
1437,1790
1437,1777
1437,1780
1437,1976
1437,1966
1437,2065
1437,2059
1437,1765
1437,1781
1437,2072
1437,1975
1437,2055
1437,2540
1437,1927
1437,2412
1437,2243
1437,2437
1437,1952
1438,2369
1438,1924
1438,1444
1438,2293
1438,2517
1438,2394
1438,1936
1438,1461
1438,2688
1438,2617
1438,1485
1438,1796
1438,2241
1438,2477
1438,1492
1438,2524
1438,1457
1438,1460
1438,1716
1438,1765
1438,1571
1438,1489
1438,1488
1438,1484
1438,1463
1438,2404
1438,2695
1438,1456
1438,1490
1438,1487
1438,1983
1438,2155
1438,2640
1438,1476
1439,2717
1439,2369
1439,1972
1439,1442
1439,2399
1439,2663
1439,2504
1439,2242
1439,2505
1439,2214
1439,1472
1439,2076
1439,2309
1439,1475
1439,1848
1439,1460
1439,2196
1439,2055
1439,1545
1439,1465
1439,2299
1439,2396
1439,2493
1439,1464
1439,2336
1439,2045
1439,1463
1439,2411
1439,1488
1439,2567
1439,1768
1439,1477
1439,1476
1439,1497
1439,1468
1439,1467
1439,2410
1439,1987
1439,2383
1439,1571
1439,2417
1439,2648
1439,1484
1439,2714
1439,1453
1440,1694
1440,1683
1440,2570
1440,2479
1440,1699
1440,1701
1440,1865
1440,1692
1440,2630
1440,1711
1440,1698
1440,1688
1440,1557
1440,1848
1440,1707
1440,2095
1440,2316
1440,1850
1440,2117
1440,1535
1441,2231
1441,2510
1441,1563
1441,1562
1441,1535
1441,1619
1441,2504
1441,2623
1441,2070
1441,1488
1441,1484
1441,1482
1441,1485
1441,1451
1441,1449
1441,2621
1441,1845
1441,2216
1441,2525
1441,2051
1441,1999
1441,2060
1441,2474
1441,1499
1441,1591
1441,1494
1441,1490
1441,1480
1441,1476
1441,2243
1441,1467
1441,2337
1441,2434
1441,2616
1441,2210
1441,1972
1441,1487
1441,1778
1441,1783
1441,1475
1441,2057
1441,2218
1441,1927
1441,1788
1441,1489
1441,2653
1441,1968
1441,2662
1441,1980
1441,2055
1441,2669
1441,2684
1441,1993
1442,2693
1442,2070
1442,1986
1442,2465
1442,1444
1442,2243
1442,2719
1442,1475
1442,2498
1442,1460
1442,1489
1442,1446
1442,2717
1442,1456
1442,1447
1442,1443
1442,2520
1442,2714
1442,1453
1442,1869
1442,2645
1442,2497
1442,2075
1442,2399
1442,2330
1442,2148
1442,2051
1442,2196
1442,1487
1442,1476
1442,1468
1442,2517
1442,2612
1442,1448
1442,2648
1442,1991
1442,2664
1442,1463
1442,2045
1443,2507
1443,1454
1443,2057
1443,1699
1443,2498
1443,1485
1443,1780
1443,2477
1443,1492
1443,1465
1443,2645
1443,1575
1443,1486
1443,2509
1443,2512
1443,2337
1443,1464
1443,1530
1443,2717
1443,2135
1443,1456
1443,1461
1443,2043
1443,1497
1443,2417
1443,1477
1443,2612
1443,1995
1443,1975
1443,1480
1443,2113
1443,1531
1443,2390
1443,1449
1443,2719
1443,2648
1443,1484
1444,2526
1444,2637
1444,2695
1444,1762
1444,2314
1444,2320
1444,2514
1444,1979
1444,1493
1444,1483
1444,1474
1444,2640
1444,2606
1444,2402
1444,1465
1444,1454
1444,2327
1444,2035
1444,1497
1444,2214
1444,2238
1444,1977
1444,1796
1444,1984
1444,2040
1444,2716
1444,2383
1445,2628
1445,2587
1445,2585
1445,1832
1445,1657
1445,1620
1445,2273
1445,2661
1445,2136
1445,2226
1445,2253
1445,2168
1445,2267
1445,2188
1445,2171
1445,1639
1445,2436
1445,2040
1445,1625
1445,2610
1445,2029
1445,2266
1445,2429
1445,2270
1445,2356
1445,2184
1445,1829
1445,2174
1445,1673
1445,1920
1445,2696
1445,1630
1445,1611
1445,2193
1445,2421
1445,2580
1445,1610
1445,2172
1445,1614
1445,2551
1445,2163
1445,2357
1446,2717
1446,2222
1446,1986
1446,1470
1446,2636
1446,2240
1446,1454
1446,1848
1446,1762
1446,1796
1446,2226
1446,2700
1446,2498
1446,1554
1446,2326
1446,1581
1446,2340
1446,2499
1446,1489
1446,1478
1446,1483
1446,2647
1446,1474
1446,1473
1446,2690
1446,2241
1446,1465
1446,1995
1446,2612
1446,1448
1446,1592
1446,2671
1447,2637
1447,2644
1447,2315
1447,2719
1447,1461
1447,1485
1447,1989
1447,2647
1447,2322
1447,1578
1447,2395
1447,1486
1447,2695
1447,1473
1447,1456
1447,1452
1447,2525
1447,1482
1447,1496
1447,2568
1447,2427
1447,1487
1447,1569
1447,2064
1447,1459
1447,1457
1447,1783
1448,1499
1448,1524
1448,2334
1448,2044
1448,2616
1448,2309
1448,1999
1448,1979
1448,2162
1448,2647
1448,2418
1448,1848
1448,2042
1448,1976
1448,2326
1448,2196
1448,1517
1448,1482
1448,1473
1448,2567
1448,1479
1448,1449
1448,1480
1448,1594
1448,1982
1448,1497
1448,2070
1448,1585
1448,1488
1448,1466
1448,2078
1448,2417
1448,1477
1448,2648
1448,2066
1448,1463
1448,2483
1448,2135
1448,2695
1448,1531
1449,2427
1449,1972
1449,1848
1449,2292
1449,2148
1449,2051
1449,2293
1449,2242
1449,2239
1449,2394
1449,2076
1449,1495
1449,1461
1449,1932
1449,2063
1449,2055
1449,2565
1449,2370
1449,1788
1449,1520
1449,2614
1449,2415
1449,2512
1449,1483
1449,1464
1449,2717
1449,1456
1449,1878
1449,1490
1449,2061
1449,1562
1449,1911
1449,1963
1449,2060
1449,2350
1449,1477
1449,2626
1449,2238
1449,1782
1449,2325
1449,1452
1449,1513
1449,1459
1449,1476
1449,2121
1450,2148
1450,2369
1450,2337
1450,1561
1450,2695
1450,2326
1450,2509
1450,2411
1450,2335
1450,2689
1450,2504
1450,1710
1450,1478
1450,1485
1450,2569
1450,2493
1450,2417
1450,1458
1450,2692
1450,1461
1450,2334
1450,2623
1450,2332
1450,1770
1450,1984
1451,2507
1451,2070
1451,2695
1451,2090
1451,2051
1451,2068
1451,1485
1451,2517
1451,2309
1451,2117
1451,1545
1451,1780
1451,1586
1451,2340
1451,1564
1451,2640
1451,2399
1451,2205
1451,1487
1451,2719
1451,1846
1451,1458
1451,1871
1451,2065
1451,1951
1451,1763
1451,2389
1451,2402
1451,2573
1451,1878
1451,1505
1451,2564
1451,1497
1451,1463
1451,1484
1452,2375
1452,2052
1452,2326
1452,2318
1452,1927
1452,2051
1452,2564
1452,2243
1452,2242
1452,2482
1452,2478
1452,1799
1452,2616
1452,1863
1452,2324
1452,2366
1452,2662
1452,1998
1452,2309
1452,2212
1452,1814
1452,2390
1452,1517
1452,1514
1452,1986
1452,2640
1452,2088
1452,2567
1452,1479
1452,1946
1452,1461
1452,2043
1452,2066
1452,1487
1452,1480
1452,2364
1452,1491
1453,2337
1453,2369
1453,2052
1453,2695
1453,2544
1453,2637
1453,1823
1453,1461
1453,1923
1453,1475
1453,2648
1453,1460
1453,1457
1453,2640
1453,2623
1453,1483
1453,1479
1453,1466
1453,1463
1453,2717
1453,2135
1453,2620
1453,1456
1453,1776
1453,2060
1453,2309
1453,2212
1453,1987
1454,2711
1454,1499
1454,2052
1454,1470
1454,2231
1454,1455
1454,2568
1454,2181
1454,1537
1454,2498
1454,1484
1454,1479
1454,1456
1454,2324
1454,2714
1454,1999
1454,1786
1454,1577
1454,1480
1454,1476
1454,1619
1454,2686
1454,1467
1454,1946
1454,1461
1454,2042
1454,2055
1454,1976
1454,2416
1454,2667
1454,2059
1454,1971
1454,2393
1454,2684
1454,1993
1455,2711
1455,2637
1455,2135
1455,1555
1455,2719
1455,2623
1455,2394
1455,1489
1455,2411
1455,2645
1455,1811
1455,1563
1455,1466
1455,2242
1455,2418
1455,2044
1455,1575
1455,2060
1455,2522
1455,2667
1455,1993
1455,2283
1456,2231
1456,1499
1456,2050
1456,2411
1456,2504
1456,2496
1456,2243
1456,2415
1456,1495
1456,2569
1456,2192
1456,2241
1456,2521
1456,2621
1456,1457
1456,2713
1456,2498
1456,2692
1456,1878
1456,2410
1456,2647
1456,1483
1456,2242
1456,1563
1456,1466
1456,1459
1456,1488
1456,1481
1456,1995
1456,1894
1456,1568
1456,2247
1456,1963
1456,2695
1456,1496
1456,2493
1456,2719
1456,2525
1456,1474
1456,1482
1456,1494
1457,2652
1457,2288
1457,2695
1457,1985
1457,1504
1457,2411
1457,2330
1457,2293
1457,2277
1457,2242
1457,1794
1457,1485
1457,1475
1457,2309
1457,2527
1457,1548
1457,2069
1457,1778
1457,2410
1457,1683
1457,1489
1457,1482
1457,1481
1457,1463
1457,2640
1457,2135
1457,1544
1457,2520
1457,2399
1457,2525
1457,1493
1457,2075
1457,1786
1457,2078
1457,1496
1457,1979
1457,1494
1457,1480
1457,1468
1457,2134
1457,2716
1457,2619
1457,2238
1457,1461
1457,2237
1457,2616
1457,2340
1457,1991
1457,1933
1458,2695
1458,2636
1458,2524
1458,2318
1458,1989
1458,1924
1458,1528
1458,2135
1458,2329
1458,2711
1458,2616
1458,2251
1458,1475
1458,1460
1458,2245
1458,2612
1458,2715
1458,1529
1458,2588
1458,2313
1458,2410
1458,2070
1458,1488
1458,1478
1458,1474
1458,1487
1458,1484
1458,2066
1458,1977
1458,1496
1458,2058
1458,1987
1458,1497
1458,1791
1458,1493
1458,1986
1458,1792
1458,2665
1458,1879
1458,1491
1458,2525
1458,1482
1459,2404
1459,1499
1459,2688
1459,2411
1459,2399
1459,1495
1459,2324
1459,1979
1459,1708
1459,1872
1459,2648
1459,2370
1459,2537
1459,2521
1459,1461
1459,1572
1459,1537
1459,2380
1459,1464
1459,1463
1459,1489
1459,1480
1459,1476
1459,1468
1459,1958
1459,1472
1459,1763
1459,2717
1459,1940
1459,2044
1459,1850
1459,2412
1459,2309
1459,2322
1459,2485
1459,2691
1459,1527
1460,2717
1460,1577
1460,2114
1460,2052
1460,1858
1460,1989
1460,2377
1460,2330
1460,2504
1460,1495
1460,1568
1460,2635
1460,2054
1460,2309
1460,2338
1460,1507
1460,1489
1460,1479
1460,1766
1460,2640
1460,2488
1460,2612
1460,1813
1460,1461
1460,2043
1460,2196
1460,1497
1460,2078
1460,1496
1460,1487
1460,2508
1460,1468
1460,2498
1460,1987
1461,2378
1461,2135
1461,2070
1461,2052
1461,2686
1461,2411
1461,2399
1461,2504
1461,1860
1461,2442
1461,1495
1461,2506
1461,2312
1461,1475
1461,1979
1461,1484
1461,1483
1461,2695
1461,2293
1461,1517
1461,1986
1461,2568
1461,2688
1461,2067
1461,1497
1461,1490
1461,2069
1461,1778
1461,1487
1461,1480
1461,2498
1461,2392
1461,1519
1461,2325
1461,1777
1461,1489
1461,1780
1461,1966
1461,2660
1461,2350
1461,1479
1461,1964
1461,2715
1462,2652
1462,2644
1462,1986
1462,2056
1462,2714
1462,2293
1462,2569
1462,1997
1462,2715
1462,1463
1462,1850
1462,1496
1462,2416
1462,1467
1462,2196
1462,1867
1462,1491
1462,1489
1462,2059
1462,2069
1462,2325
1462,2391
1462,1465
1462,1475
1462,1522
1463,2704
1463,2613
1463,2334
1463,2062
1463,2364
1463,2069
1463,2068
1463,1485
1463,2309
1463,2639
1463,1475
1463,2573
1463,2537
1463,2330
1463,1980
1463,2020
1463,2564
1463,1788
1463,1543
1463,1515
1463,2708
1463,2474
1463,1563
1463,1466
1463,2335
1463,1468
1463,1525
1463,1772
1463,2623
1463,2391
1463,1895
1463,2574
1463,2078
1463,2434
1463,1464
1463,2409
1463,2108
1463,2410
1464,2250
1464,2621
1464,2231
1464,1513
1464,2636
1464,2085
1464,2637
1464,2502
1464,2367
1464,1850
1464,2393
1464,2684
1464,2647
1464,2477
1464,2645
1464,1915
1464,1488
1464,1466
1464,1489
1464,1587
1464,2078
1464,1477
1464,1491
1464,1487
1465,2693
1465,2637
1465,2695
1465,2620
1465,2504
1465,2221
1465,2076
1465,2591
1465,1692
1465,2474
1465,1908
1465,2070
1465,1488
1465,1486
1465,2529
1465,1850
1465,2316
1465,2293
1465,2472
1465,2410
1465,2525
1465,1849
1465,2043
1465,1497
1465,2243
1465,1467
1465,2309
1465,2212
1465,1790
1465,2664
1465,1994
1465,1507
1465,2283
1466,2456
1466,2629
1466,1499
1466,2052
1466,2246
1466,2399
1466,1588
1466,2243
1466,1472
1466,1495
1466,1485
1466,2393
1466,2473
1466,2324
1466,2097
1466,1471
1466,1586
1466,2327
1466,2410
1466,1496
1466,1476
1466,1497
1466,1468
1466,2711
1466,2517
1466,1514
1466,2293
1466,1550
1467,2693
1467,2695
1467,2524
1467,2051
1467,2293
1467,2437
1467,2062
1467,2076
1467,1974
1467,1863
1467,2418
1467,1793
1467,1759
1467,1495
1467,2364
1467,2655
1467,2443
1467,2588
1467,1775
1467,2066
1467,1484
1467,1474
1467,2135
1467,2237
1467,2043
1467,2061
1467,1997
1467,2410
1467,2105
1467,2493
1468,2520
1468,2318
1468,2394
1468,1799
1468,2616
1468,2335
1468,1850
1468,1475
1468,2647
1468,2593
1468,2521
1468,2715
1468,2418
1468,2612
1468,1943
1468,2525
1468,1478
1468,1473
1468,1477
1468,2623
1468,1479
1468,1482
1468,1591
1469,2646
1469,1895
1469,1885
1469,2252
1469,1913
1469,2154
1469,1830
1469,1721
1469,2650
1469,1914
1469,2253
1469,2157
1469,2137
1469,2101
1469,1571
1469,1509
1469,2147
1469,2200
1469,1903
1469,1919
1469,2084
1469,2094
1469,2144
1469,1520
1469,1491
1469,2484
1469,2152
1469,2443
1470,2329
1470,2284
1470,2525
1470,2417
1470,2044
1470,1878
1470,2072
1470,1514
1470,1999
1470,2051
1470,1786
1470,2062
1470,2395
1470,2686
1470,2655
1470,2690
1470,2663
1470,2085
1470,2442
1470,2636
1470,2334
1470,2637
1470,1958
1470,1920
1470,2493
1470,2299
1470,2125
1470,2416
1470,2059
1470,2049
1470,1992
1470,2669
1470,1475
1470,1960
1470,1942
1471,2243
1471,2371
1471,2415
1471,1522
1471,2568
1471,2374
1471,1847
1471,2143
1471,2095
1471,1500
1471,1876
1471,2246
1471,1567
1471,2717
1471,2523
1471,1499
1471,1854
1471,2640
1471,1489
1471,1978
1472,2143
1472,2644
1472,2070
1472,1848
1472,1687
1472,2331
1472,2708
1472,2395
1472,2396
1472,2658
1472,1979
1472,1586
1472,1489
1472,1484
1472,1483
1472,2623
1472,1485
1472,1536
1472,2695
1472,2307
1472,2499
1472,2391
1472,2516
1472,2418
1472,2196
1472,2072
1472,2701
1472,2213
1472,1997
1472,1927
1472,2412
1472,1964
1472,1963
1472,2380
1472,2283
1473,2568
1473,2688
1473,2719
1473,2334
1473,2644
1473,1986
1473,2691
1473,1485
1473,2513
1473,2258
1473,1558
1473,1482
1473,1528
1473,2374
1473,1481
1473,1478
1473,1476
1473,2414
1473,1991
1473,2667
1473,2246
1473,1494
1473,2329
1473,1483
1473,2326
1473,1499
1474,1793
1474,2695
1474,2050
1474,2520
1474,2714
1474,2372
1474,2711
1474,2517
1474,2313
1474,2638
1474,2241
1474,1979
1474,2571
1474,2474
1474,1619
1474,2645
1474,1551
1474,1491
1474,2243
1474,2437
1474,1477
1474,1479
1474,1946
1474,2043
1474,2052
1474,1955
1474,2065
1474,1482
1474,2683
1474,2293
1474,1489
1474,2416
1474,2649
1474,1478
1474,2498
1474,2567
1475,2231
1475,2293
1475,2214
1475,1568
1475,1936
1475,2334
1475,2638
1475,1585
1475,1867
1475,1587
1475,1572
1475,2701
1475,2504
1475,2477
1475,1484
1475,2524
1475,2239
1475,2336
1475,2335
1475,1894
1475,1482
1475,1494
1476,2337
1476,2052
1476,1986
1476,1542
1476,1762
1476,1568
1476,1799
1476,2638
1476,2054
1476,2517
1476,2309
1476,2474
1476,2245
1476,1998
1476,2117
1476,2279
1476,1487
1476,1492
1476,1497
1476,1490
1476,1999
1476,2391
1476,1968
1476,1477
1476,2059
1476,2045
1476,1495
1476,1786
1476,2049
1476,1499
1476,2196
1477,2711
1477,2503
1477,1986
1477,2100
1477,1960
1477,2330
1477,1535
1477,1783
1477,2062
1477,2494
1477,2497
1477,2042
1477,1495
1477,1990
1477,2695
1477,1531
1477,2056
1477,1488
1477,2350
1477,2072
1477,1987
1477,2666
1477,2416
1477,1515
1477,2050
1477,2060
1477,2647
1477,2065
1477,2607
1477,1500
1477,2567
1477,2279
1477,2418
1478,2711
1478,2070
1478,2318
1478,1972
1478,2415
1478,2068
1478,2569
1478,2637
1478,1979
1478,1765
1478,1559
1478,2499
1478,2612
1478,2418
1478,2054
1478,1490
1478,1772
1478,2507
1478,2326
1478,2514
1478,2367
1478,1499
1478,2717
1478,1495
1479,2135
1479,2389
1479,2409
1479,1924
1479,2411
1479,2719
1479,2517
1479,2712
1479,2225
1479,1781
1479,2595
1479,2498
1479,1996
1479,2408
1479,1979
1479,2499
1479,1572
1479,1973
1479,2361
1479,1488
1479,1483
1479,1574
1479,2417
1479,1922
1479,1493
1479,2701
1479,2410
1479,2393
1479,1726
1479,1600
1479,1481
1479,2695
1479,1508
1480,2135
1480,2050
1480,1993
1480,2231
1480,2716
1480,2691
1480,2408
1480,2309
1480,1979
1480,1795
1480,2499
1480,1619
1480,2517
1480,2614
1480,1905
1480,2070
1480,1488
1480,1872
1480,2066
1480,2235
1480,2646
1480,1482
1480,2234
1480,2514
1480,2043
1480,1567
1480,1977
1480,2069
1480,1487
1480,1990
1480,2045
1480,2418
1480,2078
1480,1995
1480,1819
1480,1525
1480,2616
1480,1497
1481,2711
1481,2369
1481,2052
1481,1499
1481,2695
1481,2050
1481,2714
1481,1972
1481,2686
1481,2504
1481,2394
1481,1969
1481,2691
1481,1979
1481,2521
1481,1486
1481,1968
1481,1489
1481,2380
1481,2498
1481,2417
1481,1982
1481,2332
1481,2235
1481,2391
1481,2717
1481,1995
1481,1495
1481,1592
1481,1783
1482,2520
1482,2231
1482,2052
1482,2695
1482,2504
1482,2505
1482,2214
1482,2393
1482,2324
1482,1559
1482,2621
1482,1701
1482,2645
1482,1532
1482,1851
1482,1840
1482,1983
1482,2120
1482,2472
1482,1599
1482,2540
1482,1491
1482,2402
1482,2144
1482,1486
1482,1504
1482,1780
1482,1489
1482,1767
1482,2640
1483,2409
1483,2337
1483,2148
1483,2644
1483,2621
1483,2378
1483,2052
1483,1499
1483,2568
1483,2387
1483,2385
1483,2691
1483,2402
1483,2079
1483,2396
1483,2465
1483,2713
1483,2110
1483,2692
1483,1768
1483,1865
1483,1491
1483,1488
1483,1493
1483,2508
1483,2225
1483,2512
1483,1599
1483,2380
1483,2166
1483,1487
1483,2249
1484,2717
1484,2369
1484,2231
1484,1613
1484,2050
1484,1929
1484,2686
1484,1600
1484,2062
1484,1485
1484,2246
1484,2241
1484,2647
1484,2079
1484,1938
1484,2662
1484,2364
1484,2655
1484,2612
1484,2640
1484,2410
1484,2060
1484,1975
1484,2324
1484,2202
1484,2299
1484,1793
1484,2472
1484,1987
1484,2517
1484,2293
1485,2695
1485,2504
1485,2502
1485,2498
1485,2538
1485,1491
1485,1486
1485,2393
1485,1493
1485,2043
1485,1989
1485,2571
1485,2196
1485,1550
1485,1490
1485,2693
1485,2499
1486,2409
1486,2135
1486,2410
1486,2119
1486,2051
1486,1976
1486,2364
1486,1972
1486,2517
1486,1921
1486,1869
1486,2635
1486,2588
1486,2623
1486,1489
1486,2044
1486,1544
1486,1497
1486,1494
1486,1575
1486,2327
1486,2693
1486,2499
1486,2592
1486,1492
1486,1774
1487,2511
1487,2074
1487,2231
1487,2070
1487,1986
1487,1773
1487,2714
1487,2330
1487,2051
1487,2607
1487,2517
1487,2364
1487,2393
1487,2396
1487,2418
1487,2293
1487,2196
1487,2312
1487,2499
1487,2181
1487,2569
1487,2241
1487,1562
1487,1515
1487,2309
1487,2508
1487,2695
1487,2079
1487,1497
1487,2416
1487,2240
1487,1770
1487,1786
1487,2616
1487,2366
1487,2128
1487,2491
1488,2652
1488,2148
1488,2637
1488,2231
1488,2522
1488,2411
1488,2504
1488,2243
1488,2242
1488,2394
1488,1778
1488,1495
1488,2569
1488,2519
1488,2422
1488,2499
1488,2669
1488,2196
1488,2493
1488,2692
1488,2380
1488,1961
1488,2640
1488,1845
1488,2060
1488,2647
1488,2335
1488,1559
1488,2062
1488,2117
1488,2661
1488,1497
1488,2059
1488,2691
1489,2717
1489,2135
1489,2695
1489,2162
1489,1985
1489,1792
1489,2251
1489,2719
1489,1495
1489,2334
1489,2569
1489,1524
1489,2498
1489,1979
1489,2477
1489,2474
1489,1619
1489,2055
1489,2408
1489,2241
1489,2066
1489,2616
1489,2078
1489,2041
1489,1509
1489,2640
1489,2072
1489,2293
1490,2070
1490,2524
1490,1762
1490,2242
1490,2615
1490,2324
1490,2411
1490,2314
1490,2647
1490,1497
1490,1982
1490,2079
1490,2477
1490,1865
1490,2335
1490,2044
1490,1846
1490,2692
1490,1775
1490,2640
1490,2072
1490,2225
1490,2619
1491,1595
1491,2507
1491,2568
1491,2293
1491,2239
1491,2166
1491,2415
1491,2635
1491,2225
1491,1781
1491,1863
1491,2619
1491,1582
1491,2312
1491,1507
1491,2638
1491,2137
1491,1555
1491,2525
1491,1995
1491,2054
1491,1763
1491,2162
1491,2508
1491,2641
1491,1962
1491,1503
1491,2076
1491,1785
1491,1590
1492,2520
1492,2052
1492,1793
1492,2318
1492,2086
1492,2051
1492,2437
1492,1973
1492,2054
1492,2393
1492,1999
1492,1984
1492,2079
1492,2063
1492,1783
1492,2108
1492,2075
1492,2607
1492,2072
1492,2068
1492,1995
1492,2655
1492,2073
1492,1991
1492,2348
1492,2055
1492,1998
1492,1768
1492,2350
1492,1767
1492,2040
1492,2061
1492,1964
1492,2715
1492,1994
1492,2335
1492,2044
1492,1947
1493,1499
1493,1870
1493,2661
1493,1972
1493,2510
1493,2520
1493,2714
1493,1793
1493,2569
1493,2591
1493,2054
1493,2046
1493,1766
1493,1863
1493,2477
1493,2336
1493,2493
1493,2245
1493,1854
1493,1581
1493,1553
1493,1509
1493,2410
1493,2391
1493,1995
1493,1997
1493,1512
1493,1777
1493,2049
1493,1896
1493,1975
1493,2241
1493,1562
1493,2647
1493,1988
1494,2148
1494,2070
1494,2337
1494,2434
1494,2240
1494,2598
1494,2239
1494,2394
1494,2364
1494,2653
1494,2700
1494,2293
1494,1979
1494,1516
1494,2647
1494,2432
1494,2474
1494,2418
1494,2042
1494,1764
1494,1786
1494,2417
1494,1969
1494,1775
1494,2066
1494,2524
1494,1790
1494,1496
1494,2078
1494,2050
1494,1856
1494,2085
1494,2717
1495,1542
1495,2326
1495,2162
1495,2399
1495,2330
1495,1499
1495,2663
1495,2504
1495,2517
1495,1875
1495,2293
1495,2393
1495,2508
1495,2369
1495,2078
1495,2418
1495,2692
1495,2043
1495,2616
1495,2119
1495,2410
1495,2499
1495,2404
1495,2695
1495,1996
1495,2686
1495,2652
1495,2327
1495,2715
1496,2711
1496,2639
1496,2637
1496,2629
1496,2695
1496,2392
1496,1760
1496,2689
1496,2394
1496,2364
1496,2569
1496,2571
1496,1780
1496,2309
1496,2418
1496,2196
1496,1505
1496,2645
1496,1578
1496,1515
1496,2512
1496,2640
1496,2330
1496,1835
1496,2417
1496,2060
1496,2717
1496,2065
1496,2719
1496,1497
1496,2470
1496,1786
1496,2477
1497,2656
1497,2637
1497,2434
1497,1986
1497,1499
1497,2326
1497,2621
1497,2330
1497,2243
1497,2437
1497,2716
1497,2076
1497,2192
1497,2393
1497,2334
1497,2473
1497,1999
1497,2063
1497,1976
1497,2713
1497,2212
1497,2692
1497,1867
1497,1526
1497,2221
1497,2327
1497,2148
1497,1954
1497,2439
1497,1981
1497,2208
1497,1963
1497,1959
1497,1767
1497,2242
1497,2048
1497,2324
1497,2495
1497,2059
1498,2353
1498,2345
1498,2521
1498,2393
1498,2706
1498,2242
1498,2212
1498,2519
1498,2041
1498,2166
1498,1980
1498,2522
1498,2251
1498,1973
1498,1963
1498,1962
1498,2244
1498,1994
1498,1956
1498,2686
1498,2492
1498,2383
1498,2283
1499,2143
1499,2639
1499,2070
1499,2052
1499,2622
1499,1506
1499,2340
1499,2380
1499,2312
1499,2214
1499,1562
1499,2241
1499,2498
1499,2701
1499,2410
1499,1687
1499,2647
1499,2135
1499,2411
1499,2008
1499,2689
1499,2324
1499,2714
1499,2648
1499,1969
1499,1616
1500,2130
1500,2119
1500,2086
1500,2387
1500,1549
1500,2517
1500,2529
1500,2080
1500,2117
1500,1613
1500,1516
1500,2402
1500,2108
1500,1748
1500,1845
1500,1585
1500,1870
1500,1579
1500,2317
1500,1541
1500,1524
1500,2106
1500,1591
1500,1587
1500,1569
1500,1560
1500,1546
1500,1592
1500,1520
1500,1518
1500,1515
1500,1995
1500,1503
1500,1868
1500,1509
1500,1897
1500,1590
1500,2114
1500,2405
1500,2470
1500,1597
1500,1598
1500,1596
1500,1576
1501,1870
1501,2615
1501,2509
1501,1528
1501,2710
1501,2620
1501,2442
1501,1856
1501,1853
1501,1541
1501,2323
1501,1840
1501,2365
1501,2117
1501,1554
1501,1599
1501,2371
1501,1574
1501,1550
1501,1505
1501,2091
1501,1509
1501,2708
1501,2701
1501,2564
1501,2095
1501,1974
1501,1972
1501,1584
1501,2465
1501,1567
1501,1534
1501,2396
1501,2392
1501,1507
1501,1695
1501,1915
1501,2647
1502,1613
1502,1561
1502,1504
1502,2675
1502,2119
1502,2313
1502,2370
1502,2226
1502,2679
1502,1882
1502,2320
1502,2081
1502,2105
1502,1814
1502,2590
1502,2403
1502,2366
1502,2539
1502,1893
1502,1505
1502,2572
1502,2373
1502,1525
1502,2101
1502,1857
1502,1566
1502,2570
1502,1536
1502,1558
1502,2480
1502,1510
1502,2144
1502,1533
1502,1586
1502,2137
1502,1846
1502,1517
1502,2205
1502,1883
1502,1540
1502,1587
1502,1573
1502,1579
1503,2119
1503,1561
1503,1539
1503,2387
1503,2100
1503,1872
1503,2083
1503,2377
1503,1506
1503,2038
1503,2107
1503,1857
1503,1527
1503,2381
1503,2532
1503,2521
1503,2713
1503,1541
1503,2367
1503,2076
1503,2312
1503,1536
1503,1510
1503,1596
1503,1584
1503,2644
1503,1573
1503,1543
1503,1567
1503,1520
1503,1523
1503,2622
1503,1846
1503,1565
1503,1558
1503,1574
1504,1595
1504,2407
1504,1544
1504,1549
1504,1524
1504,1541
1504,2314
1504,1721
1504,2092
1504,1532
1504,1540
1504,2038
1504,1566
1504,1552
1504,2281
1504,2084
1504,1863
1504,2573
1504,2102
1504,2117
1504,1861
1504,1570
1504,1593
1504,1882
1504,2367
1504,1591
1504,1590
1504,1584
1504,1581
1504,1573
1504,1557
1504,2125
1504,1543
1504,2099
1504,1517
1504,1515
1504,1514
1504,1588
1504,1878
1504,1536
1504,1577
1504,2256
1504,1551
1504,2521
1504,2635
1504,2243
1504,1865
1504,1586
1504,2653
1504,2336
1504,1560
1504,2045
1505,1577
1505,2710
1505,2107
1505,2155
1505,1527
1505,2117
1505,2573
1505,1619
1505,2336
1505,1846
1505,1545
1505,1874
1505,1541
1505,2120
1505,2106
1505,1575
1505,1571
1505,2134
1505,1552
1505,1529
1505,2105
1505,1523
1505,1521
1505,1508
1505,1532
1505,2368
1505,1586
1505,1581
1505,1578
1505,1574
1505,1854
1505,1563
1505,2125
1505,1543
1505,2313
1505,1537
1505,2404
1505,1531
1505,1530
1505,1518
1505,1514
1505,1512
1505,2093
1505,1584
1505,1559
1505,1596
1505,1887
1505,2212
1505,1507
1506,2507
1506,2407
1506,1876
1506,1870
1506,2083
1506,2510
1506,2509
1506,2113
1506,1849
1506,1868
1506,2378
1506,1814
1506,1535
1506,2478
1506,2091
1506,1863
1506,2367
1506,1857
1506,1587
1506,1584
1506,1578
1506,1564
1506,1853
1506,1562
1506,1841
1506,1550
1506,2320
1506,1514
1506,1548
1506,1845
1506,1748
1506,1854
1506,2533
1506,2376
1506,2380
1506,2246
1506,2613
1506,1557
1506,2717
1506,1553
1506,2620
1506,1549
1506,1590
1506,2566
1506,2389
1507,1577
1507,2644
1507,2086
1507,2598
1507,1528
1507,1524
1507,2329
1507,2370
1507,1974
1507,1511
1507,2573
1507,1708
1507,1559
1507,1545
1507,1522
1507,2532
1507,1849
1507,1842
1507,1867
1507,1847
1507,2658
1507,2125
1507,1571
1507,1529
1507,1523
1507,1508
1507,2069
1507,1584
1507,1588
1507,1578
1507,1565
1507,1846
1507,1555
1507,1548
1507,2711
1507,2614
1507,1547
1507,1515
1507,1569
1507,2121
1507,1975
1507,1517
1507,1895
1507,2380
1507,2613
1507,2322
1507,2702
1507,1538
1507,1575
1507,1963
1507,2647
1507,2108
1507,1573
1507,2475
1508,2509
1508,2377
1508,2710
1508,2598
1508,1863
1508,2314
1508,2334
1508,2140
1508,2389
1508,1516
1508,1896
1508,2478
1508,2284
1508,2381
1508,1559
1508,2573
1508,2102
1508,1857
1508,2117
1508,2447
1508,2521
1508,1545
1508,1532
1508,1869
1508,2691
1508,2109
1508,1541
1508,2099
1508,2137
1508,1592
1508,1575
1508,1571
1508,1536
1508,1523
1508,1521
1508,2177
1508,2565
1508,2468
1508,1563
1508,1560
1508,1553
1508,1591
1508,1514
1508,1509
1508,2370
1508,1594
1508,2512
1508,2101
1508,2089
1508,2614
1508,2074
1508,1682
1508,1515
1508,1543
1508,1890
1508,1581
1508,2363
1509,2317
1509,2116
1509,1613
1509,1755
1509,1561
1509,2387
1509,2100
1509,2565
1509,2081
1509,1570
1509,1511
1509,2574
1509,1748
1509,2336
1509,2322
1509,1545
1509,2331
1509,2148
1509,1585
1509,1912
1509,1707
1509,2376
1509,2104
1509,1862
1509,1592
1509,1575
1509,1593
1509,1586
1509,1867
1509,1576
1509,2593
1509,1526
1509,1573
1509,2528
1509,1558
1509,1557
1509,1551
1509,1538
1509,2198
1509,1519
1509,1515
1509,2370
1509,2390
1509,2099
1509,1896
1509,1552
1509,2118
1509,1536
1509,1521
1509,1814
1509,1530
1509,1533
1509,1543
1509,1854
1509,1563
1510,2378
1510,1896
1510,1542
1510,1513
1510,2564
1510,2470
1510,1527
1510,2537
1510,2336
1510,1582
1510,1585
1510,2316
1510,1516
1510,2098
1510,1579
1510,2121
1510,1583
1510,1593
1510,1584
1510,1573
1510,1563
1510,2717
1510,2038
1510,1553
1510,1548
1510,1543
1510,1531
1510,1517
1510,1562
1510,1515
1510,1586
1510,1591
1510,2061
1510,2368
1510,1518
1510,1522
1510,2395
1510,2101
1510,1519
1510,2366
1510,1748
1510,1845
1510,1521
1510,1541
1510,1574
1511,2505
1511,2057
1511,1667
1511,2564
1511,2119
1511,2313
1511,2484
1511,2482
1511,2394
1511,2565
1511,2530
1511,1896
1511,2478
1511,1582
1511,2367
1511,2121
1511,1524
1511,2106
1511,2084
1511,1597
1511,1552
1511,1529
1511,1846
1511,1559
1511,1748
1511,1590
1511,1584
1511,1750
1511,1548
1511,1547
1511,1530
1511,1517
1511,1515
1511,2124
1511,2281
1511,2572
1511,1575
1511,2105
1511,2396
1511,1569
1511,1598
1511,2259
1511,2391
1511,1579
1511,1586
1512,1859
1512,1561
1512,2240
1512,2100
1512,2470
1512,1719
1512,2107
1512,2625
1512,2484
1512,1570
1512,1580
1512,2532
1512,2539
1512,1619
1512,1585
1512,2095
1512,2109
1512,1579
1512,1867
1512,2533
1512,2367
1512,1882
1512,1592
1512,1552
1512,2402
1512,1529
1512,1590
1512,1560
1512,2320
1512,1538
1512,2410
1512,1537
1512,1928
1512,1556
1512,1847
1512,2623
1512,1877
1512,1573
1512,2505
1512,2401
1512,1516
1512,1863
1512,2390
1512,1546
1512,2396
1512,1598
1512,2327
1512,1880
1512,1587
1512,1596
1512,1547
1513,1804
1513,2454
1513,2447
1513,2146
1513,2565
1513,2038
1513,2331
1513,2313
1513,2320
1513,1748
1513,1565
1513,1518
1513,1536
1513,1967
1513,2152
1513,2683
1513,2392
1513,2198
1513,2378
1513,1893
1513,2056
1513,2444
1513,2626
1513,1575
1513,2157
1513,2150
1513,2398
1513,2593
1513,2594
1513,1915
1513,2128
1513,2520
1513,2035
1513,2326
1513,2367
1513,2464
1513,1825
1513,1806
1513,2138
1513,1653
1514,1556
1514,1613
1514,1561
1514,2086
1514,2387
1514,2360
1514,1528
1514,2232
1514,2620
1514,2119
1514,2313
1514,1568
1514,2370
1514,2105
1514,2473
1514,2117
1514,1853
1514,1559
1514,2574
1514,2405
1514,2497
1514,2151
1514,2121
1514,2384
1514,2093
1514,1597
1514,1857
1514,1566
1514,1599
1514,1591
1514,1590
1514,1868
1514,1563
1514,1557
1514,1550
1514,1520
1514,2390
1514,1517
1514,1515
1514,2614
1514,1578
1514,1555
1514,1593
1514,1549
1514,2081
1514,1534
1514,1574
1514,1583
1514,2573
1514,2092
1514,1554
1514,1748
1515,1804
1515,1577
1515,1907
1515,1542
1515,2389
1515,2620
1515,2313
1515,2154
1515,2475
1515,2565
1515,2080
1515,1580
1515,2117
1515,2249
1515,1559
1515,2402
1515,2499
1515,1527
1515,1818
1515,2012
1515,1845
1515,2406
1515,1541
1515,1539
1515,2121
1515,2470
1515,2566
1515,1592
1515,1583
1515,1520
1515,1894
1515,1586
1515,1584
1515,1562
1515,1560
1515,1550
1515,1548
1515,1576
1515,1591
1515,1704
1515,1581
1515,1530
1515,1555
1515,1575
1515,2401
1516,1889
1516,1524
1516,2710
1516,2107
1516,2370
1516,2565
1516,1580
1516,1554
1516,2473
1516,2505
1516,2020
1516,2408
1516,2117
1516,1683
1516,1720
1516,2382
1516,1541
1516,2137
1516,2336
1516,2392
1516,2101
1516,2089
1516,2084
1516,2012
1516,2105
1516,1523
1516,1896
1516,2478
1516,2102
1516,2378
1516,2475
1516,2572
1516,1857
1516,1587
1516,1581
1516,1849
1516,1567
1516,1550
1516,1522
1516,1537
1516,1518
1516,1579
1516,1597
1516,1596
1516,2529
1516,2626
1516,2157
1516,2645
1516,2611
1516,1995
1517,2646
1517,2130
1517,1544
1517,2365
1517,2377
1517,1528
1517,1896
1517,2478
1517,2248
1517,2570
1517,1871
1517,2396
1517,2091
1517,2382
1517,2529
1517,1559
1517,2626
1517,2521
1517,1582
1517,2245
1517,1522
1517,2007
1517,2312
1517,1845
1517,2042
1517,1874
1517,1568
1517,2150
1517,1851
1517,1855
1517,2146
1517,2121
1517,1530
1517,1793
1517,2363
1517,1878
1517,2066
1517,1875
1517,1593
1517,2620
1517,1519
1517,1863
1517,2574
1517,2568
1518,1577
1518,2119
1518,1524
1518,2710
1518,2323
1518,1856
1518,1570
1518,2390
1518,1554
1518,2570
1518,2117
1518,1702
1518,1853
1518,2532
1518,2405
1518,1532
1518,2533
1518,1579
1518,1575
1518,1523
1518,1589
1518,1573
1518,2521
1518,1551
1518,1872
1518,1581
1518,1534
1518,1904
1518,1536
1518,1533
1518,1747
1518,1553
1518,1529
1518,1576
1518,1876
1518,2539
1518,1569
1518,1591
1518,1520
1518,1567
1518,2595
1518,2110
1518,2470
1518,2364
1518,2627
1518,1560
1518,2104
1518,1557
1519,2404
1519,2074
1519,1556
1519,1561
1519,2086
1519,1528
1519,2510
1519,1535
1519,2620
1519,2529
1519,2076
1519,2320
1519,2054
1519,2453
1519,1580
1519,1527
1519,2258
1519,1706
1519,2593
1519,2447
1519,1585
1519,2634
1519,2374
1519,1594
1519,2368
1519,1592
1519,1599
1519,1584
1519,1587
1519,1576
1519,2373
1519,1565
1519,1558
1519,2106
1519,2080
1519,1538
1519,2572
1519,2281
1519,1836
1519,1845
1519,2233
1519,2479
1519,1533
1519,1586
1519,1560
1519,1896
1519,2478
1519,1546
1519,1564
1519,1573
1520,2384
1520,2471
1520,2365
1520,2510
1520,1549
1520,2124
1520,2367
1520,1875
1520,1570
1520,1863
1520,1853
1520,1559
1520,2110
1520,1914
1520,2108
1520,1846
1520,1545
1520,1668
1520,2312
1520,2635
1520,1854
1520,1683
1520,2146
1520,1524
1520,2106
1520,1529
1520,1521
1520,1593
1520,1573
1520,1560
1520,1551
1520,1558
1520,2376
1520,1590
1520,2710
1520,2387
1520,2477
1520,2089
1520,2470
1520,1553
1520,1599
1520,2615
1521,2074
1521,1556
1521,2536
1521,2083
1521,2100
1521,2152
1521,2385
1521,1882
1521,1580
1521,1914
1521,1559
1521,2117
1521,2110
1521,1582
1521,1522
1521,2007
1521,1540
1521,1928
1521,2118
1521,2101
1521,1561
1521,2091
1521,2405
1521,2599
1521,2470
1521,1597
1521,1594
1521,1571
1521,1896
1521,2381
1521,2368
1521,2089
1521,1572
1521,1558
1521,2525
1521,2314
1521,1538
1521,1564
1521,2475
1521,1893
1521,1546
1521,1554
1521,1748
1521,1842
1521,2116
1521,1534
1521,1704
1521,1595
1521,2080
1521,2468
1522,2116
1522,2505
1522,2378
1522,1668
1522,2086
1522,1549
1522,1875
1522,1544
1522,2320
1522,1974
1522,2684
1522,2389
1522,1595
1522,2565
1522,2468
1522,1849
1522,2113
1522,2499
1522,2111
1522,1541
1522,1867
1522,1556
1522,2473
1522,2367
1522,1591
1522,2094
1522,1536
1522,2405
1522,1599
1522,1878
1522,1587
1522,2105
1522,1523
1522,1569
1522,1567
1522,1853
1522,1562
1522,2574
1522,1596
1522,1856
1522,2341
1522,1565
1522,2150
1523,1556
1523,2081
1523,2155
1523,1864
1523,1580
1523,1871
1523,2102
1523,1748
1523,2529
1523,2626
1523,1545
1523,2536
1523,2245
1523,2405
1523,1532
1523,1585
1523,2095
1523,1755
1523,1526
1523,1552
1523,1565
1523,1874
1523,1583
1523,1536
1523,1598
1523,1584
1523,2080
1523,1548
1523,1593
1523,2322
1523,1546
1523,2485
1523,1928
1523,1575
1523,2327
1523,2512
1523,2574
1523,2477
1523,2020
1523,2117
1523,2470
1523,2373
1523,1597
1523,1543
1523,1581
1523,1534
1523,1896
1523,2478
1523,2381
1523,1571
1524,2086
1524,2118
1524,1856
1524,1874
1524,1844
1524,2532
1524,1847
1524,2336
1524,1532
1524,1571
1524,1863
1524,2098
1524,2117
1524,1861
1524,1570
1524,2381
1524,1748
1524,2083
1524,1598
1524,2565
1524,2539
1524,1569
1524,1533
1524,2402
1524,2473
1524,2533
1524,1928
1524,2316
1524,2396
1524,1525
1524,2398
1524,1882
1524,1979
1524,2498
1524,1551
1524,2327
1524,1977
1525,2646
1525,2317
1525,2130
1525,1896
1525,1859
1525,2086
1525,1876
1525,1768
1525,2154
1525,2390
1525,2105
1525,2408
1525,2573
1525,2539
1525,2108
1525,1545
1525,2405
1525,2475
1525,2572
1525,1583
1525,1668
1525,1571
1525,1598
1525,1586
1525,1584
1525,1565
1525,1538
1525,1581
1525,1534
1525,1533
1525,2614
1525,2110
1525,2084
1525,1529
1525,1576
1525,1592
1525,2368
1525,2007
1525,2104
1525,2395
1525,2529
1525,1560
1525,2081
1525,1596
1525,2654
1525,1878
1525,1577
1525,1912
1525,2204
1526,2392
1526,1722
1526,2475
1526,2529
1526,1554
1526,2570
1526,1853
1526,2499
1526,1582
1526,2573
1526,1840
1526,2477
1526,2089
1526,2470
1526,1597
1526,1592
1526,1575
1526,1566
1526,2118
1526,1536
1526,1589
1526,1567
1526,1555
1526,2505
1526,2020
1526,2117
1526,1553
1526,1550
1526,1584
1526,1546
1526,1534
1526,1868
1526,2336
1526,1560
1526,1598
1526,1892
1526,2539
1526,1569
1526,2566
1526,1587
1527,1577
1527,2505
1527,2365
1527,2050
1527,1539
1527,2615
1527,1528
1527,2710
1527,2221
1527,2371
1527,2107
1527,1857
1527,2387
1527,2484
1527,2385
1527,1580
1527,1863
1527,1579
1527,2635
1527,1613
1527,1873
1527,2382
1527,2532
1527,1928
1527,2336
1527,2093
1527,1594
1527,1575
1527,1571
1527,2573
1527,1846
1527,2381
1527,2114
1527,2405
1527,1590
1527,1587
1527,1593
1527,1581
1527,1574
1527,1567
1527,1849
1527,1558
1527,1537
1527,2679
1527,2475
1527,2473
1527,2533
1527,1889
1527,1619
1527,2521
1527,2404
1527,1576
1527,1770
1528,2317
1528,1613
1528,2701
1528,2107
1528,1549
1528,2472
1528,1540
1528,1532
1528,2565
1528,2373
1528,1597
1528,1583
1528,1552
1528,2573
1528,2478
1528,2381
1528,2367
1528,1561
1528,1554
1528,1593
1528,1589
1528,2281
1528,2475
1528,1581
1528,1573
1528,1863
1528,1572
1528,1569
1528,2109
1528,1558
1528,1553
1528,1548
1528,1538
1528,1534
1528,2115
1528,1533
1528,2574
1528,1565
1528,2570
1528,2473
1528,2614
1528,2095
1528,1857
1528,2485
1528,2366
1528,2499
1528,2391
1528,2320
1528,2611
1528,1749
1528,1846
1528,1555
1528,2059
1528,1545
1528,2127
1529,1755
1529,1561
1529,1852
1529,1539
1529,2651
1529,2387
1529,2313
1529,1857
1529,2114
1529,1823
1529,2367
1529,1882
1529,1863
1529,1748
1529,1582
1529,1545
1529,2481
1529,2475
1529,1842
1529,1579
1529,2099
1529,2106
1529,1593
1529,2316
1529,2122
1529,2120
1529,2368
1529,1578
1529,1531
1529,1587
1529,2110
1529,2102
1529,1546
1529,1837
1529,2512
1529,1613
1529,2574
1529,2333
1529,1841
1529,1896
1530,2130
1530,1613
1530,1561
1530,1848
1530,2710
1530,2323
1530,2565
1530,2321
1530,2381
1530,2102
1530,2593
1530,2622
1530,1846
1530,2115
1530,1579
1530,2125
1530,1539
1530,2121
1530,2470
1530,1597
1530,1552
1530,1598
1530,1596
1530,1586
1530,1565
1530,1538
1530,2404
1530,1531
1530,2654
1530,1878
1530,2313
1530,1828
1530,2110
1530,2572
1530,1893
1530,1569
1530,2402
1530,1551
1530,2084
1530,2465
1531,2143
1531,1755
1531,1556
1531,2505
1531,1542
1531,1872
1531,2315
1531,2320
1531,2080
1531,2081
1531,2097
1531,1559
1531,2532
1531,2102
1531,1554
1531,1748
1531,2108
1531,1582
1531,1532
1531,1594
1531,1575
1531,1587
1531,1565
1531,1558
1531,1842
1531,2133
1531,1551
1531,1546
1531,1586
1531,1533
1531,1592
1531,2368
1531,1569
1531,1560
1531,2158
1531,1576
1531,1917
1531,1564
1531,1882
1531,1534
1531,1584
1531,2122
1531,1571
1532,2143
1532,1577
1532,2119
1532,1544
1532,2323
1532,1856
1532,1556
1532,2138
1532,2565
1532,2117
1532,2574
1532,2539
1532,1748
1532,2108
1532,1582
1532,1545
1532,2111
1532,1568
1532,2367
1532,1882
1532,2125
1532,2121
1532,2106
1532,2094
1532,2093
1532,1597
1532,1575
1532,1552
1532,2105
1532,2281
1532,1598
1532,1596
1532,1581
1532,1578
1532,2336
1532,1560
1532,1555
1532,1844
1532,1553
1532,1534
1532,1533
1532,2100
1532,2370
1532,1586
1532,2158
1532,1576
1532,1902
1532,1805
1532,2282
1533,2116
1533,1556
1533,1539
1533,2363
1533,2710
1533,1857
1533,2482
1533,1595
1533,2080
1533,1580
1533,2532
1533,1585
1533,2104
1533,1579
1533,1704
1533,2092
1533,1819
1533,2401
1533,1928
1533,2122
1533,2368
1533,1551
1533,2574
1533,2380
1533,1882
1533,1591
1533,1946
1533,2113
1533,1574
1533,2084
1533,2680
1533,1869
1533,1590
1533,1567
1533,2091
1533,2382
1534,2384
1534,1852
1534,2478
1534,2313
1534,1570
1534,2498
1534,2573
1534,2382
1534,1585
1534,1846
1534,1874
1534,1579
1534,2123
1534,1541
1534,1575
1534,2107
1534,1552
1534,1565
1534,2533
1534,1563
1534,1593
1534,2368
1534,1569
1534,2528
1534,1558
1534,2574
1534,2380
1534,1878
1534,2373
1534,1597
1534,1550
1534,2471
1534,1598
1534,1568
1534,1868
1534,2105
1534,1543
1534,1882
1534,1591
1535,2717
1535,1577
1535,1896
1535,2240
1535,1953
1535,1849
1535,1854
1535,2479
1535,2371
1535,1706
1535,2106
1535,1695
1535,1598
1535,2392
1535,2564
1535,2614
1535,2095
1535,1878
1535,2529
1535,1869
1535,2316
1535,2312
1535,2574
1535,2402
1535,2499
1535,2507
1535,2410
1535,2391
1535,2508
1535,2418
1535,1574
1536,1595
1536,1742
1536,2476
1536,2679
1536,2155
1536,2107
1536,2592
1536,2531
1536,1559
1536,1554
1536,1748
1536,1619
1536,2402
1536,1734
1536,2482
1536,2094
1536,1552
1536,2473
1536,1563
1536,1553
1536,1547
1536,2146
1536,1564
1536,2598
1536,2307
1536,2113
1536,2512
1536,1557
1536,2638
1536,2234
1536,1592
1536,2368
1536,1569
1536,2066
1536,2708
1536,1892
1536,2081
1536,2661
1536,2370
1536,2381
1536,1914
1536,1578
1536,2363
1536,1587
1536,2574
1536,2089
1536,2380
1536,2378
1536,2572
1537,1577
1537,1884
1537,1876
1537,1685
1537,2510
1537,2564
1537,2470
1537,2392
1537,2198
1537,1857
1537,1856
1537,1746
1537,1570
1537,2123
1537,1974
1537,1755
1537,2531
1537,2214
1537,2117
1537,2532
1537,2382
1537,1582
1537,1559
1537,2533
1537,2717
1537,1844
1537,2151
1537,2418
1537,2121
1537,1599
1537,1596
1537,1589
1537,1584
1537,1573
1537,1543
1537,1576
1537,2156
1537,1574
1537,1592
1537,2482
1537,1814
1538,1613
1538,1561
1538,1539
1538,2387
1538,2377
1538,1667
1538,2710
1538,2662
1538,2371
1538,2323
1538,1827
1538,2390
1538,2320
1538,1568
1538,2150
1538,1554
1538,1853
1538,1780
1538,2108
1538,2622
1538,1846
1538,2331
1538,2341
1538,2598
1538,2373
1538,2111
1538,1874
1538,1862
1538,1854
1538,2521
1538,1842
1538,1541
1538,1840
1538,2478
1538,1590
1538,1584
1538,2539
1538,1569
1538,1564
1538,1557
1538,1581
1538,2380
1538,1911
1538,1589
1538,2623
1538,2439
1538,1828
1538,2073
1538,1722
1538,2401
1538,1851
1538,1560
1538,1578
1538,1598
1538,2363
1538,1587
1539,2134
1539,2116
1539,1860
1539,1595
1539,2342
1539,2651
1539,1733
1539,1912
1539,1862
1539,2529
1539,2111
1539,2281
1539,1589
1539,2363
1539,1587
1539,1581
1539,2112
1539,2256
1539,2679
1539,1919
1539,2566
1539,2488
1539,2593
1539,2532
1539,2144
1539,2012
1539,1915
1539,2366
1539,2214
1539,2405
1539,2234
1539,2646
1539,2064
1540,2158
1540,2134
1540,2116
1540,1615
1540,2138
1540,2132
1540,2020
1540,1882
1540,2565
1540,2123
1540,1854
1540,2128
1540,2012
1540,2099
1540,2534
1540,2146
1540,1755
1540,2106
1540,2093
1540,2281
1540,2084
1540,1748
1540,1573
1540,1551
1540,1878
1540,2674
1540,1883
1540,2588
1540,2512
1540,2217
1540,2457
1541,2528
1541,2302
1541,1561
1541,1857
1541,2529
1541,2320
1541,2532
1541,2499
1541,2102
1541,2539
1541,2382
1541,2405
1541,2475
1541,1585
1541,2109
1541,2104
1541,1587
1541,2081
1541,2368
1541,1592
1541,1598
1541,1572
1541,2092
1541,1668
1541,1571
1541,2213
1541,2120
1541,2000
1541,1575
1541,1594
1541,1553
1541,2573
1541,1882
1541,2710
1541,2322
1541,1546
1541,2622
1541,1846
1542,2384
1542,2507
1542,2109
1542,1874
1542,2615
1542,1872
1542,2323
1542,1843
1542,2086
1542,2630
1542,1704
1542,2478
1542,1863
1542,2472
1542,1599
1542,1555
1542,1868
1542,2240
1542,2564
1542,2570
1542,2376
1542,1587
1542,1875
1542,2532
1542,2513
1542,2510
1542,2316
1542,2590
1542,2623
1542,1592
1542,2465
1542,2330
1543,1784
1543,1953
1543,2243
1543,2589
1543,2367
1543,1863
1543,2117
1543,1559
1543,2402
1543,2499
1543,1585
1543,2635
1543,1840
1543,2106
1543,2245
1543,1566
1543,1599
1543,1974
1543,1586
1543,1578
1543,1598
1543,1551
1543,2320
1543,2514
1543,1878
1543,2144
1543,1995
1543,2313
1543,1581
1543,1814
1543,1560
1543,1557
1543,2401
1543,2381
1543,1569
1543,1588
1544,2317
1544,1577
1544,2378
1544,1875
1544,2373
1544,1853
1544,2532
1544,2570
1544,1704
1544,1843
1544,1840
1544,1855
1544,2537
1544,1561
1544,2094
1544,1863
1544,2102
1544,2367
1544,1596
1544,1586
1544,1576
1544,2156
1544,1574
1544,1573
1544,1569
1544,1565
1544,1560
1544,1557
1544,2313
1544,2089
1544,2380
1544,2396
1544,1859
1544,2150
1544,2521
1544,2512
1544,1571
1544,2638
1544,1583
1544,2390
1544,1918
1544,2107
1544,1846
1544,1555
1544,2525
1544,2518
1545,2641
1545,2505
1545,2367
1545,2313
1545,1764
1545,2528
1545,2140
1545,2573
1545,1846
1545,2534
1545,2470
1545,2373
1545,2125
1545,2106
1545,2084
1545,1594
1545,1575
1545,1571
1545,2590
1545,1814
1545,1896
1545,2099
1545,2114
1545,2405
1545,1598
1545,1587
1545,1586
1545,1584
1545,1581
1545,1572
1545,2341
1545,1565
1545,2102
1545,2572
1545,2566
1545,2598
1545,2113
1545,2623
1545,2312
1545,2366
1545,2075
1546,2306
1546,1668
1546,2246
1546,1697
1546,2372
1546,1848
1546,2710
1546,2475
1546,2367
1546,2389
1546,2564
1546,2370
1546,2635
1546,2478
1546,1799
1546,1580
1546,1554
1546,1863
1546,2505
1546,2117
1546,2573
1546,2532
1546,2477
1546,1704
1546,2118
1546,1854
1546,1867
1546,2470
1546,1585
1546,1553
1546,1598
1546,1842
1546,1551
1546,1548
1546,2101
1546,1547
1546,2093
1546,1928
1546,2122
1546,1558
1546,2313
1546,2216
1547,1595
1547,1556
1547,1910
1547,1613
1547,1561
1547,2263
1547,2387
1547,1872
1547,2470
1547,1943
1547,2154
1547,1568
1547,2679
1547,2498
1547,2390
1547,2475
1547,2140
1547,1849
1547,2500
1547,1814
1547,2465
1547,1579
1547,2120
1547,1594
1547,1583
1547,2573
1547,1596
1547,1591
1547,1587
1547,1586
1547,1573
1547,2537
1547,1567
1547,1953
1547,1565
1547,1563
1547,2710
1547,1748
1547,1868
1547,1560
1547,1569
1547,2620
1547,1553
1547,2532
1547,2083
1547,1598
1547,1551
1547,1599
1547,1590
1548,1946
1548,1896
1548,2392
1548,2240
1548,2387
1548,2057
1548,2124
1548,2415
1548,2505
1548,2020
1548,1580
1548,2680
1548,2428
1548,2108
1548,2654
1548,2118
1548,1579
1548,2106
1548,2084
1548,1566
1548,2567
1548,1573
1548,1550
1548,1591
1548,2377
1548,1582
1548,1592
1548,2588
1548,2572
1548,2196
1548,1575
1548,1578
1549,2384
1549,2227
1549,2507
1549,2392
1549,1858
1549,2622
1549,1870
1549,2510
1549,1871
1549,1861
1549,2590
1549,1851
1549,2652
1549,1859
1549,2385
1549,2371
1549,1882
1549,2240
1549,2120
1549,1571
1549,2471
1549,1598
1549,1589
1549,2532
1549,1562
1549,1844
1549,1553
1549,2387
1549,2340
1549,2564
1549,2378
1549,2473
1549,2514
1549,2465
1549,1551
1549,2521
1549,1847
1549,2623
1549,1995
1550,2384
1550,1556
1550,1896
1550,1561
1550,2112
1550,2470
1550,2592
1550,1580
1550,2537
1550,1585
1550,2425
1550,2110
1550,2313
1550,2104
1550,1842
1550,2635
1550,2105
1550,2396
1550,1583
1550,1575
1550,1574
1550,2533
1550,1563
1550,1846
1550,1555
1550,1596
1550,1878
1550,1919
1550,1748
1550,1562
1550,2387
1550,1560
1550,2572
1550,1893
1550,2340
1550,2146
1550,1564
1550,1668
1550,1571
1550,2115
1550,1557
1550,2101
1551,1907
1551,1896
1551,1561
1551,2329
1551,1588
1551,2119
1551,2313
1551,2529
1551,2679
1551,1570
1551,2314
1551,2336
1551,2108
1551,2405
1551,2111
1551,1554
1551,1748
1551,1845
1551,2401
1551,2340
1551,1855
1551,2146
1551,2590
1551,1814
1551,2094
1551,2373
1551,2465
1551,2368
1551,2367
1551,1882
1551,1591
1551,2100
1551,2391
1551,1555
1551,1837
1551,2370
1551,1594
1551,2263
1551,1584
1551,1582
1551,1563
1551,2513
1551,1856
1551,1565
1551,2475
1552,1755
1552,1561
1552,2710
1552,2470
1552,1857
1552,2679
1552,1559
1552,1895
1552,1798
1552,2574
1552,2499
1552,2447
1552,2108
1552,1585
1552,1846
1552,2376
1552,2012
1552,2109
1552,2401
1552,1586
1552,1578
1552,1563
1552,1569
1552,1565
1552,1593
1552,2146
1552,2385
1552,2414
1552,2320
1552,2501
1552,2598
1552,2115
1552,1592
1553,1556
1553,2119
1553,2568
1553,2365
1553,1858
1553,1856
1553,1554
1553,2382
1553,1928
1553,1668
1553,1585
1553,2425
1553,1814
1553,1874
1553,2572
1553,1861
1553,2156
1553,2106
1553,1594
1553,1869
1553,1578
1553,1576
1553,2532
1553,1562
1553,1560
1553,2380
1553,1596
1553,1878
1553,1704
1553,2307
1553,1599
1553,2405
1554,1561
1554,2615
1554,2470
1554,1857
1554,2482
1554,2649
1554,1570
1554,1841
1554,1585
1554,2570
1554,2382
1554,1847
1554,1595
1554,2151
1554,2122
1554,2106
1554,2093
1554,2553
1554,1583
1554,1575
1554,1571
1554,1613
1554,2381
1554,1559
1554,2117
1554,1748
1554,1599
1554,2081
1554,1596
1554,1584
1554,1578
1554,2158
1554,1576
1554,1574
1554,1573
1554,1572
1554,2108
1554,2320
1554,2377
1554,2574
1554,1853
1554,2144
1554,2121
1554,2710
1554,2007
1554,1813
1555,2158
1555,2505
1555,2378
1555,2494
1555,1876
1555,2372
1555,2415
1555,2569
1555,1863
1555,1850
1555,2148
1555,2573
1555,2102
1555,1704
1555,2109
1555,2533
1555,1854
1555,1561
1555,2395
1555,1597
1555,2574
1555,2598
1555,2364
1555,1591
1555,2710
1555,2613
1555,1581
1555,2532
1555,1562
1555,1864
1555,1573
1556,2098
1556,1912
1556,1871
1556,1585
1556,2615
1556,1858
1556,2012
1556,2370
1556,2320
1556,1559
1556,2367
1556,2405
1556,1599
1556,1564
1556,2104
1556,1589
1556,1874
1556,1572
1556,2533
1556,1590
1556,2261
1556,2095
1556,1901
1556,2484
1556,2475
1556,1899
1556,2105
1556,2396
1556,2299
1557,2384
1557,2134
1557,2116
1557,2536
1557,2615
1557,2710
1557,2475
1557,1875
1557,2569
1557,2390
1557,1580
1557,2408
1557,2110
1557,1865
1557,2340
1557,2146
1557,2370
1557,1594
1557,2573
1557,1683
1557,1586
1557,1569
1557,2060
1557,2314
1557,1591
1557,2323
1557,2614
1557,1563
1557,2392
1557,2478
1557,2381
1557,1573
1557,2566
1557,2121
1557,1849
1557,1558
1557,1858
1557,2537
1557,1567
1558,2087
1558,1613
1558,2154
1558,2107
1558,2385
1558,2117
1558,1853
1558,2573
1558,2478
1558,2381
1558,1871
1558,1846
1558,1585
1558,2104
1558,1877
1558,1586
1558,1584
1558,1581
1558,1560
1558,2614
1558,2133
1558,2710
1558,1578
1558,2102
1558,2593
1558,2367
1558,2401
1558,1564
1559,2637
1559,1613
1559,1858
1559,2248
1559,1856
1559,2529
1559,1882
1559,2105
1559,1898
1559,2531
1559,2398
1559,2573
1559,1841
1559,2104
1559,2122
1559,1597
1559,1592
1559,2444
1559,2638
1559,1571
1559,1846
1559,2405
1559,1890
1559,1599
1559,1598
1559,1596
1559,1578
1559,1576
1559,1564
1559,1854
1559,1563
1559,2108
1559,1808
1559,2390
1559,2475
1559,2572
1559,1590
1559,2323
1559,2129
1559,2614
1559,2588
1559,1912
1560,1595
1560,2387
1560,2710
1560,2675
1560,2367
1560,2529
1560,2370
1560,2635
1560,2569
1560,1570
1560,1932
1560,2320
1560,2412
1560,2574
1560,2477
1560,2020
1560,2336
1560,2012
1560,2479
1560,1751
1560,2118
1560,2115
1560,2111
1560,1910
1560,2104
1560,1862
1560,2106
1560,1592
1560,1583
1560,2114
1560,1593
1560,1574
1560,2146
1560,2381
1560,2094
1560,2717
1560,1844
1560,1598
1560,1613
1560,1875
1560,2157
1561,2143
1561,1859
1561,2118
1561,1856
1561,1854
1561,2615
1561,2532
1561,1855
1561,1928
1561,2565
1561,1694
1561,1597
1561,1843
1561,2536
1561,1722
1561,2381
1561,1599
1561,1875
1561,1584
1561,1581
1561,2710
1561,1576
1561,1572
1561,1569
1561,1567
1561,1577
1561,2396
1561,2114
1561,2405
1561,2387
1561,1902
1561,2106
1561,2464
1561,2649
1561,2422
1562,2148
1562,1896
1562,1685
1562,2598
1562,2510
1562,2472
1562,2320
1562,2117
1562,1853
1562,2474
1562,2054
1562,2539
1562,2196
1562,2378
1562,2572
1562,2418
1562,2115
1562,1579
1562,1594
1562,1575
1562,2565
1562,2468
1562,1585
1562,1578
1562,1572
1562,2395
1562,2247
1562,1571
1562,1581
1562,1584
1562,2710
1562,2322
1562,2620
1562,1577
1562,1563
1562,2663
1563,2633
1563,1668
1563,2112
1563,2313
1563,1890
1563,1856
1563,1595
1563,2565
1563,2080
1563,2081
1563,1863
1563,2102
1563,2682
1563,1582
1563,2475
1563,2533
1563,2309
1563,2115
1563,2111
1563,2109
1563,1755
1563,2089
1563,1889
1563,1597
1563,1592
1563,1576
1563,1590
1563,2640
1563,2011
1563,1567
1563,2370
1563,2121
1563,1583
1563,1591
1563,1846
1563,2331
1563,1748
1563,2110
1564,1577
1564,2119
1564,1896
1564,1743
1564,1668
1564,1876
1564,2100
1564,2370
1564,1580
1564,2574
1564,2539
1564,2117
1564,2322
1564,2007
1564,2533
1564,1874
1564,2446
1564,2137
1564,1599
1564,2568
1564,1598
1564,2080
1564,1587
1564,1590
1564,2110
1564,2401
1564,2116
1564,2213
1564,2122
1564,1748
1564,2529
1564,2314
1564,2109
1564,2615
1564,1579
1564,2475
1564,1893
1564,2469
1564,1596
1565,2130
1565,2119
1565,2083
1565,2631
1565,1857
1565,2482
1565,1570
1565,2320
1565,1859
1565,2150
1565,2108
1565,2572
1565,2654
1565,2533
1565,2478
1565,1851
1565,1575
1565,1592
1565,2368
1565,1593
1565,2105
1565,1569
1565,2574
1565,2089
1565,1589
1565,1572
1565,1591
1565,1583
1565,2098
1565,1867
1565,2106
1565,1596
1565,1594
1565,2404
1566,2717
1566,2100
1566,2486
1566,1875
1566,1582
1566,2659
1566,2706
1566,2095
1566,1814
1566,2098
1566,2105
1566,1841
1566,1755
1566,2084
1566,1879
1566,1597
1566,2588
1566,2281
1566,1576
1566,2021
1566,1598
1566,1594
1566,2205
1566,2137
1566,2117
1567,1860
1567,2052
1567,2114
1567,2615
1567,2387
1567,2377
1567,2710
1567,2475
1567,2367
1567,2313
1567,1857
1567,2370
1567,2592
1567,2020
1567,2617
1567,2402
1567,2102
1567,2447
1567,2293
1567,2196
1567,2479
1567,1842
1567,2646
1567,1579
1567,2146
1567,2106
1567,1571
1567,1598
1567,1596
1567,1576
1567,1581
1567,1821
1567,2078
1567,2115
1567,2108
1567,2381
1567,1577
1567,1845
1567,1573
1567,1597
1567,1613
1567,2098
1568,1859
1568,2392
1568,1870
1568,2613
1568,1861
1568,1840
1568,2385
1568,2376
1568,2514
1568,2539
1568,2316
1568,2396
1568,1704
1568,2499
1568,1613
1568,2649
1569,1577
1569,2372
1569,2475
1569,2332
1569,2573
1569,2532
1569,2382
1569,2336
1569,2110
1569,2105
1569,2008
1569,2615
1569,2115
1569,2691
1569,2109
1569,2117
1569,1857
1569,1598
1569,2365
1569,1589
1569,1576
1569,1584
1569,1593
1569,1578
1569,1599
1569,2716
1569,2320
1569,1953
1569,2470
1569,2373
1569,1586
1569,2710
1569,1860
1569,2405
1569,2529
1570,2695
1570,1876
1570,1852
1570,2689
1570,2470
1570,1857
1570,2613
1570,2211
1570,2118
1570,1579
1570,1928
1570,2106
1570,1594
1570,1575
1570,1668
1570,1571
1570,1846
1570,1599
1570,2083
1570,1598
1570,1593
1570,1589
1570,1576
1570,2390
1570,2108
1570,1855
1570,2340
1570,2626
1570,1894
1570,1596
1570,2566
1570,1849
1570,1859
1571,2227
1571,2083
1571,2323
1571,1890
1571,2706
1571,2447
1571,2366
1571,2536
1571,2475
1571,2020
1571,2109
1571,1844
1571,2494
1571,2106
1571,1594
1571,1592
1571,2368
1571,1587
1571,1586
1571,1581
1571,2470
1571,1597
1571,2714
1571,2080
1571,2468
1571,2101
1571,2110
1571,1578
1571,1896
1571,1575
1572,2152
1572,2150
1572,2513
1572,2309
1572,2149
1572,2402
1572,2112
1572,1619
1572,2336
1572,2110
1572,2146
1572,1598
1572,2574
1572,2151
1572,1587
1572,2366
1572,1585
1572,2078
1572,1805
1572,2408
1572,2117
1572,2444
1572,1897
1572,1599
1572,1573
1572,2118
1572,1842
1572,2057
1573,1743
1573,2083
1573,2387
1573,2377
1573,1668
1573,2444
1573,2367
1573,1857
1573,2155
1573,2320
1573,2081
1573,2465
1573,2478
1573,2381
1573,2340
1573,2521
1573,2366
1573,2336
1573,1585
1573,2533
1573,1869
1573,2150
1573,2538
1573,1841
1573,1579
1573,2475
1573,2572
1573,1583
1573,1575
1573,1593
1573,1589
1573,1581
1573,2570
1573,2376
1573,2389
1573,1807
1573,1863
1573,1846
1573,2331
1573,1574
1573,2117
1573,2574
1574,2337
1574,2143
1574,2389
1574,2301
1574,2505
1574,1918
1574,1692
1574,2382
1574,2110
1574,2528
1574,1849
1574,2475
1574,2281
1574,1723
1574,2539
1574,1847
1574,2465
1574,2368
1574,2560
1574,1590
1574,1589
1574,1578
1574,1846
1574,2525
1574,2007
1574,2395
1574,1576
1574,1586
1574,1748
1574,2320
1574,2708
1574,2473
1574,1587
1574,1579
1574,2128
1574,1928
1574,2508
1574,1577
1575,2717
1575,2083
1575,1685
1575,2509
1575,2470
1575,2592
1575,2320
1575,1580
1575,2473
1575,2521
1575,1912
1575,1880
1575,2313
1575,2378
1575,2368
1575,1586
1575,2615
1575,2638
1575,2132
1575,2155
1575,2593
1575,2382
1575,1584
1575,1599
1575,1581
1576,2134
1576,1613
1576,1588
1576,2124
1576,1890
1576,1721
1576,2573
1576,2532
1576,2405
1576,1842
1576,2475
1576,2572
1576,1867
1576,1583
1576,1581
1576,1592
1576,2368
1576,1860
1576,2539
1576,2426
1576,2616
1576,2108
1576,2205
1576,2373
1576,1578
1576,2468
1576,2007
1576,2104
1576,2301
1576,1579
1576,2367
1576,1598
1576,2336
1577,2074
1577,2098
1577,2115
1577,1580
1577,2373
1577,2387
1577,1872
1577,2091
1577,2336
1577,2106
1577,2101
1577,2363
1577,2381
1577,2367
1577,2110
1577,1748
1577,1857
1577,1596
1577,1593
1577,1578
1577,2539
1577,2086
1577,2404
1577,2108
1577,2107
1577,2100
1577,2402
1577,2105
1577,2620
1577,2117
1577,1870
1577,2574
1577,2477
1577,2158
1577,2061
1577,2050
1577,1956
1578,2505
1578,2070
1578,2342
1578,2714
1578,1882
1578,2105
1578,2590
1578,2102
1578,2108
1578,2012
1578,2475
1578,2654
1578,1854
1578,1583
1578,1599
1578,2508
1578,1861
1578,2499
1578,1820
1578,1827
1578,1867
1578,1844
1578,2370
1578,1594
1578,1586
1578,1581
1578,2066
1578,2101
1578,1598
1578,1843
1578,2340
1578,2146
1578,1853
1578,1756
1578,1593
1579,2520
1579,2119
1579,1907
1579,1859
1579,2232
1579,2564
1579,1875
1579,2105
1579,2539
1579,2521
1579,2475
1579,2572
1579,2118
1579,1874
1579,2125
1579,1591
1579,1877
1579,1586
1579,2115
1579,2385
1579,1596
1579,2373
1579,2366
1579,2256
1579,1580
1579,1889
1580,2116
1580,1755
1580,2135
1580,2622
1580,2387
1580,2529
1580,2592
1580,1882
1580,2447
1580,2118
1580,2104
1580,1871
1580,1912
1580,1862
1580,2373
1580,1842
1580,2532
1580,1861
1580,2570
1580,2121
1580,1613
1580,2098
1580,2102
1580,2114
1580,2405
1580,1589
1580,2534
1580,2392
1580,2385
1580,2564
1580,2402
1580,2089
1580,2574
1580,2614
1580,2710
1580,2378
1580,1893
1580,2512
1580,2623
1580,1899
1581,2288
1581,2083
1581,2710
1581,2038
1581,1875
1581,2415
1581,2387
1581,2096
1581,2573
1581,2336
1581,1704
1581,2007
1581,2104
1581,1860
1581,2151
1581,1683
1581,2106
1581,1597
1581,1583
1581,1593
1581,1831
1581,2108
1581,2284
1581,1756
1581,2097
1581,2464
1581,2529
1581,2110
1581,2125
1581,1620
1581,1748
1582,1860
1582,2363
1582,1872
1582,1796
1582,1890
1582,1856
1582,2003
1582,2126
1582,2565
1582,2340
1582,2366
1582,1912
1582,2118
1582,2115
1582,2109
1582,2038
1582,1844
1582,2156
1582,2007
1582,2114
1582,2521
1582,2712
1582,1819
1582,2144
1583,2389
1583,2083
1583,1685
1583,2710
1583,2402
1583,1871
1583,2539
1583,2447
1583,2110
1583,1842
1583,1928
1583,2122
1583,2106
1583,2565
1583,2366
1583,1590
1583,1877
1583,1586
1583,1599
1583,2645
1583,2089
1583,2105
1583,2368
1583,2685
1583,2484
1583,2081
1583,2566
1583,2405
1583,1597
1584,2409
1584,2074
1584,2387
1584,1857
1584,1965
1584,1912
1584,2405
1584,1749
1584,1844
1584,2572
1584,2281
1584,1595
1584,2371
1584,2080
1584,1599
1584,1596
1584,2120
1584,2313
1584,2105
1584,2590
1584,2392
1584,2532
1584,1752
1584,1593
1584,1590
1584,1748
1584,2368
1584,2370
1584,1744
1585,2371
1585,2529
1585,2124
1585,2390
1585,2573
1585,2622
1585,2428
1585,1873
1585,2108
1585,2534
1585,2475
1585,2572
1585,2111
1585,1842
1585,1912
1585,1867
1585,2122
1585,2367
1585,1591
1585,2365
1585,1589
1585,1593
1585,2132
1585,1841
1585,2093
1585,2373
1585,2104
1585,2395
1585,2095
1585,2566
1585,1828
1586,2116
1586,1876
1586,2622
1586,2367
1586,2370
1586,2320
1586,2532
1586,2366
1586,2122
1586,2120
1586,1911
1586,1874
1586,1589
1586,2447
1586,1912
1586,2106
1586,1894
1586,2007
1586,2701
1587,2710
1587,2510
1587,2051
1587,2119
1587,2313
1587,2320
1587,2081
1587,2486
1587,2382
1587,2336
1587,2367
1587,2658
1587,2310
1587,1874
1587,2573
1587,1894
1587,1592
1587,2368
1587,2371
1587,2080
1587,1589
1587,2305
1587,2574
1587,1597
1587,2575
1587,1890
1587,2094
1587,2012
1587,2594
1588,2637
1588,2509
1588,2531
1588,1972
1588,1681
1588,1593
1588,1867
1588,2644
1588,1868
1588,2245
1588,2316
1588,2391
1588,1845
1588,2716
1589,1870
1589,1872
1589,1896
1589,2478
1589,2564
1589,2473
1589,2309
1589,2117
1589,1853
1589,2647
1589,2573
1589,2590
1589,2468
1589,2102
1589,2110
1589,2405
1589,2598
1589,2113
1589,2109
1589,2104
1589,1598
1589,1865
1589,2240
1589,2219
1589,2122
1589,2093
1589,1592
1589,1596
1589,2314
1589,2119
1589,2313
1589,1590
1590,2240
1590,2408
1590,2348
1590,1857
1590,2245
1590,2647
1590,1594
1590,1599
1590,1598
1590,1591
1590,1685
1590,2364
1590,2470
1590,2179
1590,2373
1590,2484
1590,2114
1590,2600
1591,2337
1591,2505
1591,2119
1591,2086
1591,2476
1591,2475
1591,2389
1591,2536
1591,2570
1591,2367
1591,1979
1591,2102
1591,2108
1591,2370
1591,2404
1591,1890
1591,2135
1591,1844
1591,1865
1591,2146
1591,2101
1591,2512
1591,2366
1591,1864
1591,2058
1591,1596
1591,2374
1591,2331
1591,2381
1591,2601
1591,2477
1591,2718
1591,2615
1591,2555
1591,2373
1591,1597
1591,2115
1591,2630
1592,2400
1592,2710
1592,2320
1592,2616
1592,2105
1592,2570
1592,2573
1592,2574
1592,2532
1592,2102
1592,2539
1592,2110
1592,1912
1592,2104
1592,2331
1592,1877
1592,2156
1592,2125
1592,1928
1592,2122
1592,1844
1592,1944
1592,2363
1592,2654
1592,2093
1592,2505
1592,2614
1592,1594
1592,2381
1593,2143
1593,2633
1593,1907
1593,2119
1593,2701
1593,2372
1593,2363
1593,2524
1593,2415
1593,2564
1593,2370
1593,2637
1593,2473
1593,2322
1593,2405
1593,2620
1593,1844
1593,2108
1593,1598
1593,2191
1593,2151
1593,1599
1593,2390
1593,2387
1593,2314
1593,2120
1593,2479
1593,1682
1593,2066
1593,1873
1593,2389
1593,2481
1594,1910
1594,2114
1594,2100
1594,2480
1594,2529
1594,1882
1594,1595
1594,2080
1594,1852
1594,2336
1594,1928
1594,2475
1594,2572
1594,2112
1594,2118
1594,2499
1594,2111
1594,2097
1594,2093
1594,2081
1594,2566
1594,2380
1594,2101
1594,2123
1594,1856
1594,2532
1594,2098
1594,1842
1594,2598
1594,1722
1594,2401
1594,1896
1594,2381
1594,2052
1594,2366
1595,2116
1595,1722
1595,2447
1595,2111
1595,2098
1595,2114
1595,2622
1595,2531
1595,1844
1595,1877
1595,2615
1595,2092
1595,1928
1595,2091
1595,2094
1595,2468
1595,2080
1595,2084
1595,1597
1595,2118
1595,2573
1595,1596
1595,2115
1595,2613
1595,1967
1595,1685
1595,2011
1595,2535
1595,2067
1595,2199
1596,2317
1596,1896
1596,2387
1596,2613
1596,2344
1596,2105
1596,2455
1596,2574
1596,2539
1596,1849
1596,2245
1596,2572
1596,2240
1596,2362
1596,1683
1596,2115
1596,1840
1596,1928
1596,2122
1596,1875
1596,1599
1596,1748
1596,1844
1596,2106
1596,2366
1596,2564
1597,2365
1597,1685
1597,2038
1597,2370
1597,2653
1597,2531
1597,2157
1597,2499
1597,2405
1597,2109
1597,2098
1597,2146
1597,1912
1597,2106
1597,2381
1597,2368
1597,1598
1597,2144
1597,2650
1597,2407
1597,2102
1597,2205
1597,2491
1597,2394
1597,2080
1597,2533
1597,2151
1597,1890
1597,2084
1597,2572
1598,2646
1598,1986
1598,1907
1598,1972
1598,2315
1598,2138
1598,2635
1598,2140
1598,2529
1598,2719
1598,1748
1598,2572
1598,2281
1598,2117
1598,2313
1598,1874
1598,1844
1598,2080
1598,2368
1598,1860
1598,2105
1598,2108
1598,2146
1598,2387
1598,2257
1598,2472
1598,1599
1598,2322
1598,1896
1598,2478
1598,2336
1599,1613
1599,2482
1599,2371
1599,2080
1599,2105
1599,2314
1599,2402
1599,2532
1599,2537
1599,1846
1599,2538
1599,2115
1599,2630
1599,1854
1599,2380
1599,2372
1599,2245
1599,1863
1599,1867
1599,2366
1599,2513
1599,2507
1599,2510
1599,1928
1599,1720
1599,1871
1599,2110
1600,2400
1600,2362
1600,1784
1600,1985
1600,2654
1600,2588
1600,1820
1600,1930
1600,2706
1600,2606
1600,2204
1600,2199
1600,2527
1600,2333
1600,2045
1600,2239
1600,2411
1600,2702
1600,2224
1600,2526
1600,2235
1600,1797
1600,2282
1600,2053
1600,2352
1600,2435
1600,1772
1600,1968
1600,2519
1600,1938
1600,2607
1600,2248
1600,1763
1600,1778
1600,1947
1600,2432
1600,2443
1600,2496
1600,1773
1600,2355
1600,2223
1600,2699
1601,2585
1601,2438
1601,2193
1601,1602
1601,2653
1601,2096
1601,2190
1601,1632
1601,1830
1601,2441
1601,2206
1601,2168
1601,1669
1601,1888
1601,2170
1601,1612
1601,1761
1601,2269
1601,2175
1601,2353
1601,2541
1601,1829
1601,2272
1601,1614
1601,2550
1601,2174
1601,1615
1601,2461
1601,1944
1601,2548
1602,2703
1602,2420
1602,2273
1602,2587
1602,1965
1602,2267
1602,2169
1602,1639
1602,1787
1602,1905
1602,2516
1602,1625
1602,2268
1602,1642
1602,1643
1602,2463
1602,1617
1602,1676
1602,2356
1602,1653
1602,2170
1602,2167
1602,1638
1602,1631
1602,1761
1602,2466
1602,1659
1602,2458
1602,2270
1602,1612
1602,1608
1602,2194
1602,1677
1602,1607
1602,1836
1602,2165
1603,2703
1603,1922
1603,2696
1603,1615
1603,2585
1603,2021
1603,2188
1603,2213
1603,2267
1603,2628
1603,2581
1603,2356
1603,2170
1603,1629
1603,1618
1603,2269
1603,1940
1603,2187
1603,2275
1603,1677
1603,2174
1603,2550
1603,2466
1603,1949
1603,1616
1603,1607
1603,1937
1603,1930
1603,2165
1604,2585
1604,1627
1604,2271
1604,1655
1604,2703
1604,2515
1604,1622
1604,1657
1604,2127
1604,1623
1604,2707
1604,1647
1604,2579
1604,2180
1604,2430
1604,2184
1604,2687
1604,2546
1604,1653
1604,2706
1604,1635
1604,2014
1604,2453
1604,1615
1604,1618
1605,2703
1605,2353
1605,1761
1605,1949
1605,2175
1605,1657
1605,2235
1605,2519
1605,1673
1605,1838
1605,1635
1605,2154
1605,1943
1605,1614
1605,2209
1606,2023
1606,2280
1606,2226
1606,1646
1606,2145
1606,2643
1607,1656
1607,2438
1607,2524
1607,2577
1607,1637
1607,2687
1607,2188
1607,2646
1607,1941
1607,1943
1607,2178
1607,2187
1607,2610
1607,1623
1607,1626
1607,1611
1607,2175
1607,1940
1607,1636
1607,1839
1607,2197
1607,1633
1607,2703
1607,2280
1607,1620
1607,2466
1607,2090
1607,2266
1607,2191
1608,1627
1608,1761
1608,1649
1608,2271
1608,2643
1608,2180
1608,2169
1608,2011
1608,1964
1608,1676
1608,1672
1608,1648
1608,1628
1608,2582
1608,2579
1608,1661
1608,2460
1608,2413
1608,2197
1608,2578
1609,2161
1609,2171
1609,2354
1609,1624
1609,2594
1609,2050
1609,1909
1609,2189
1609,2286
1609,2209
1609,2694
1609,2273
1609,1820
1609,2188
1609,1800
1609,2227
1609,1904
1609,2267
1609,2670
1609,2185
1609,2543
1609,2190
1609,1673
1609,2443
1609,2584
1609,2187
1609,2193
1609,1805
1609,1999
1609,2172
1609,2275
1609,2197
1609,2136
1609,2230
1609,1776
1609,1635
1609,2466
1609,2184
1609,2526
1609,1944
1610,2697
1610,2628
1610,1620
1610,2639
1610,2171
1610,1622
1610,2516
1610,2187
1610,2265
1610,1611
1610,2096
1610,1922
1610,2422
1610,2185
1610,1677
1610,2169
1610,2543
1610,1635
1610,1829
1610,2142
1610,2606
1610,1839
1610,2215
1610,2584
1610,1614
1610,1984
1610,2275
1610,1653
1610,2461
1610,2170
1610,2546
1610,1673
1610,1938
1610,1801
1610,2269
1610,1784
1610,2184
1610,2545
1610,1638
1611,2290
1611,2194
1611,1615
1611,2670
1611,2333
1611,2487
1611,2188
1611,2274
1611,2368
1611,1828
1611,2189
1611,2464
1611,2182
1611,2187
1611,1623
1611,1778
1611,1776
1611,2195
1611,2579
1611,1629
1611,2185
1611,1621
1611,1657
1611,2546
1611,2545
1611,2165
1611,2541
1611,1908
1611,1626
1611,1634
1611,2413
1611,2178
1611,1614
1612,2698
1612,2696
1612,2515
1612,2187
1612,2548
1612,2356
1612,2010
1612,2697
1612,2227
1612,2462
1612,1656
1612,2267
1612,1829
1612,1625
1612,2189
1612,2174
1612,1673
1612,1638
1612,2170
1612,1618
1612,2195
1612,2430
1612,2545
1612,2197
1612,1640
1613,2317
1613,2100
1613,2539
1613,2615
1613,2510
1613,2601
1613,2083
1613,2565
1613,2080
1613,2320
1613,1846
1613,2572
1613,2475
1613,2322
1613,2128
1613,2710
1613,2109
1613,2478
1613,2105
1613,2473
1613,2093
1613,1972
1614,2697
1614,2585
1614,2171
1614,2606
1614,2375
1614,1623
1614,2546
1614,2579
1614,1615
1614,2461
1614,1837
1614,2466
1614,1797
1614,1643
1614,1673
1614,2545
1614,1903
1614,1621
1614,2541
1614,2197
1614,2550
1614,2459
1614,2576
1614,1634
1614,1624
1615,1620
1615,2624
1615,2017
1615,1819
1615,2706
1615,2606
1615,1881
1615,1787
1615,2171
1615,2500
1615,2237
1615,1938
1615,2217
1615,2432
1615,2579
1615,1621
1615,2548
1615,1645
1615,2437
1615,2578
1615,2550
1616,2577
1616,1627
1616,2291
1616,2515
1616,2271
1616,1651
1616,2354
1616,2700
1616,2195
1616,2551
1616,2707
1616,1626
1616,1636
1616,2270
1616,2545
1616,2180
1616,2461
1616,2684
1616,2167
1616,2170
1616,1889
1616,2359
1617,2273
1617,2287
1617,1655
1617,1640
1617,1822
1617,2185
1617,1659
1617,2458
1617,2628
1617,1641
1617,2610
1617,1675
1617,2515
1617,1669
1617,1648
1617,2019
1617,1643
1617,2423
1617,1631
1617,1678
1617,2195
1617,1638
1617,2459
1617,1626
1617,2429
1617,1677
1618,2628
1618,2585
1618,2269
1618,2434
1618,2193
1618,1624
1618,2127
1618,1640
1618,2185
1618,2483
1618,2201
1618,2460
1618,2226
1618,1662
1618,1678
1618,1633
1618,2545
1618,2296
1618,2541
1619,2505
1619,2378
1619,2507
1619,2695
1619,2389
1619,1838
1619,2214
1619,1857
1619,2635
1619,2592
1619,1986
1619,2080
1619,2097
1619,2370
1619,2464
1619,1748
1619,2109
1619,1924
1619,2405
1619,2565
1619,1915
1619,2069
1619,2694
1619,1820
1619,2104
1619,2232
1619,2138
1619,2117
1619,2523
1619,2598
1619,1846
1619,1911
1619,1770
1620,2628
1620,2624
1620,2585
1620,2145
1620,1653
1620,2189
1620,2280
1620,1622
1620,1639
1620,2298
1620,2234
1620,1949
1620,1679
1620,1650
1620,1649
1620,2270
1620,2010
1620,2165
1620,1958
1620,2193
1620,2174
1620,2266
1620,2548
1620,1920
1620,1638
1620,2578
1620,1673
1620,1626
1620,1677
1620,1636
1620,2359
1621,2459
1621,2351
1621,1957
1621,1803
1621,1657
1621,1624
1621,2051
1621,1825
1621,1637
1621,2194
1621,2582
1621,1647
1621,1835
1621,2586
1621,1636
1621,2275
1621,2161
1621,2355
1621,2197
1621,2180
1621,1626
1621,1820
1621,1811
1621,1645
1621,2209
1621,1633
1621,2174
1621,2170
1621,2173
1621,2430
1621,2175
1622,2697
1622,1624
1622,2483
1622,1903
1622,1889
1622,2267
1622,2169
1622,2543
1622,1811
1622,1623
1622,2358
1622,2209
1622,1835
1622,1788
1622,1808
1622,1949
1622,1669
1622,1660
1622,2175
1622,1829
1622,1639
1622,2579
1622,2174
1622,2127
1622,1655
1622,2548
1622,2163
1622,2292
1623,2289
1623,2269
1623,2096
1623,2013
1623,1778
1623,2172
1623,2348
1623,2206
1623,2606
1623,2040
1623,2217
1623,2170
1623,1630
1623,1958
1623,1629
1623,1633
1623,2197
1623,2634
1623,2164
1623,2163
1623,2547
1623,2453
1623,2359
1624,2420
1624,2290
1624,1657
1624,1761
1624,2171
1624,2333
1624,2028
1624,1965
1624,2019
1624,1825
1624,2039
1624,2718
1624,1837
1624,2589
1624,2280
1624,2183
1624,2459
1624,2168
1624,2703
1624,2606
1624,2543
1624,2237
1624,2053
1624,2414
1624,2523
1624,2458
1624,2586
1624,2175
1624,2174
1624,2165
1624,2548
1624,2550
1624,2546
1624,2164
1624,2584
1624,1944
1625,2577
1625,2019
1625,1649
1625,1813
1625,1655
1625,2180
1625,2420
1625,2279
1625,1920
1625,1666
1625,2262
1625,2268
1625,1669
1625,1640
1625,1662
1625,1642
1625,1675
1625,1628
1625,2460
1625,2195
1625,2170
1625,2167
1625,1673
1625,1949
1626,1922
1626,2289
1626,2252
1626,2438
1626,2015
1626,2187
1626,1943
1626,1766
1626,2551
1626,2120
1626,2549
1626,2267
1626,2173
1626,2631
1626,2443
1626,2429
1626,2174
1626,1638
1626,1633
1626,1636
1626,1835
1626,2164
1626,2421
1626,2270
1627,1957
1627,2194
1627,1818
1627,2425
1627,2653
1627,1770
1627,2031
1627,2461
1627,2550
1627,1634
1627,2349
1627,2289
1627,2013
1627,1806
1627,1947
1627,1952
1627,2546
1627,1935
1627,2353
1627,2354
1628,2587
1628,2438
1628,1649
1628,2272
1628,1640
1628,1644
1628,1654
1628,2267
1628,1641
1628,2463
1628,1648
1628,2582
1628,2159
1628,2274
1628,1663
1628,2269
1628,2551
1628,1673
1628,1677
1628,1670
1628,1952
1628,1935
1629,2585
1629,2269
1629,2641
1629,1651
1629,1637
1629,2670
1629,2358
1629,2187
1629,2668
1629,2176
1629,2548
1629,2579
1629,2578
1629,2224
1629,2580
1629,2466
1629,2175
1629,2356
1629,2550
1629,1635
1629,1829
1629,2461
1629,2170
1629,1944
1629,1897
1629,1813
1629,2195
1629,2355
1629,1633
1629,2541
1629,2165
1630,2420
1630,2273
1630,1657
1630,1654
1630,1655
1630,1637
1630,1833
1630,2625
1630,2178
1630,2440
1630,2581
1630,1677
1630,1822
1630,2515
1630,1653
1630,1800
1630,2191
1630,2182
1630,1899
1630,2430
1630,2188
1630,2658
1630,2184
1630,1633
1630,2269
1631,2375
1631,2353
1631,2287
1631,1718
1631,1659
1631,1649
1631,2483
1631,1653
1631,2267
1631,1641
1631,1949
1631,1678
1631,1669
1631,1662
1631,1654
1631,2265
1631,2463
1631,1673
1631,2413
1632,2194
1632,1761
1632,2670
1632,2127
1632,2487
1632,2178
1632,2653
1632,2169
1632,1898
1632,2269
1632,2175
1632,1832
1632,2443
1632,1662
1632,2224
1632,2029
1632,1653
1632,2197
1633,2703
1633,2269
1633,2516
1633,2188
1633,1677
1633,2356
1633,2466
1633,2634
1633,2167
1633,2361
1633,2580
1633,2431
1633,2270
1633,1821
1633,1829
1633,2183
1633,2180
1633,2170
1633,2165
1633,2185
1633,2297
1633,1961
1633,2174
1634,2624
1634,2193
1634,2090
1634,2176
1634,1799
1634,2266
1634,2195
1634,2397
1634,2357
1634,2414
1634,2516
1634,1952
1634,2627
1634,2604
1634,2275
1634,2443
1634,1829
1634,2180
1634,2191
1634,1950
1634,2578
1634,1920
1634,2199
1634,2163
1634,2059
1634,2438
1634,1921
1634,2527
1634,1775
1635,2494
1635,2515
1635,2480
1635,1778
1635,2169
1635,2546
1635,2195
1635,2357
1635,1822
1635,2190
1635,2658
1635,2215
1635,2603
1635,2180
1635,1637
1635,2267
1635,2220
1635,2174
1635,2185
1635,1950
1635,2262
1635,2165
1635,2184
1635,2585
1635,2197
1636,2459
1636,1660
1636,2056
1636,2127
1636,2602
1636,2299
1636,1640
1636,2178
1636,2169
1636,2349
1636,2584
1636,1677
1636,2262
1636,2408
1636,2182
1636,2606
1636,1813
1636,2189
1636,1672
1636,2185
1636,1820
1636,2548
1636,2125
1636,2163
1636,2077
1636,2355
1637,2624
1637,2227
1637,1808
1637,1761
1637,2171
1637,2466
1637,2609
1637,1967
1637,2262
1637,2226
1637,1837
1637,2525
1637,2188
1637,1653
1637,2707
1637,2159
1637,2191
1637,2543
1637,1678
1637,1650
1637,2266
1637,2168
1637,1638
1637,2018
1637,2187
1637,2172
1637,2197
1637,2578
1637,1677
1637,2164
1637,2605
1637,1829
1637,2193
1638,1659
1638,2423
1638,2359
1638,1653
1638,2182
1638,2191
1638,1673
1638,2164
1638,2413
1638,1676
1638,2267
1638,2172
1639,2697
1639,2629
1639,2501
1639,2252
1639,1802
1639,2292
1639,2188
1639,2587
1639,1835
1639,2218
1639,2500
1639,2700
1639,1909
1639,2543
1639,2239
1639,2187
1639,2234
1639,2349
1639,2208
1639,2053
1639,1677
1639,2429
1639,2165
1639,2163
1639,2279
1639,2127
1639,2242
1639,2267
1639,2220
1639,2197
1639,2169
1640,2274
1640,1649
1640,2583
1640,2582
1640,2188
1640,1949
1640,1644
1640,2267
1640,1647
1640,1678
1640,1650
1640,2586
1640,1648
1640,1675
1640,2356
1640,1824
1640,2576
1641,1655
1641,2032
1641,1652
1641,2576
1641,2462
1641,1642
1641,2579
1641,1654
1641,2457
1641,2273
1641,1812
1641,2268
1641,1672
1641,1670
1641,2610
1641,1648
1641,2272
1641,2460
1641,2184
1642,2274
1642,1649
1642,2265
1642,2183
1642,1664
1642,1665
1642,2457
1642,1659
1642,2176
1642,2586
1642,2576
1642,2266
1642,2584
1642,2460
1643,1651
1643,1666
1643,2188
1643,1665
1643,2610
1643,1837
1643,2457
1643,2576
1643,2272
1643,1661
1644,2703
1644,1718
1644,1666
1644,1647
1644,1663
1644,2603
1644,2145
1644,1648
1644,1907
1644,2189
1644,2707
1644,1673
1644,2029
1644,2580
1644,1801
1644,1652
1645,2290
1645,2194
1645,2193
1645,2354
1645,2203
1645,2624
1645,2013
1645,2262
1645,2220
1645,2197
1645,1948
1646,2273
1646,2030
1646,1807
1646,1718
1646,1810
1646,2284
1646,1666
1646,2145
1646,2453
1646,2189
1646,2610
1646,1669
1646,2423
1646,2551
1647,2273
1647,2019
1647,1666
1647,2188
1647,2586
1647,1810
1647,2255
1647,2265
1647,2267
1647,2173
1647,1678
1647,2610
1647,1648
1647,2462
1647,2266
1647,2170
1647,1651
1648,2227
1648,1659
1648,1666
1648,1655
1648,1949
1648,2703
1648,2515
1648,1779
1648,2272
1648,2173
1648,1675
1648,2265
1648,2583
1649,2255
1649,2273
1649,1664
1649,1665
1649,1922
1649,2032
1649,2676
1649,2462
1649,2019
1649,1718
1649,2423
1649,2356
1649,2579
1650,2287
1650,2127
1650,1914
1650,2015
1650,2485
1650,1836
1650,2032
1650,1665
1650,2457
1650,1678
1650,2586
1650,2039
1650,2462
1650,2460
1650,2356
1650,1926
1651,2271
1651,1664
1651,1661
1651,1665
1651,2457
1651,2267
1651,2032
1651,2265
1651,2581
1651,2429
1651,2458
1651,2270
1651,1890
1651,2421
1651,2127
1651,2356
1651,1933
1652,2577
1652,1838
1652,1670
1652,2676
1652,2628
1652,2423
1652,2696
1652,2168
1652,2586
1652,1654
1652,2453
1652,1663
1652,2010
1652,2175
1652,2579
1653,1670
1653,1881
1653,2606
1653,2420
1653,2032
1653,2187
1653,2610
1653,1835
1653,1894
1653,2270
1653,2602
1653,1816
1653,2011
1653,1899
1653,2183
1653,2697
1653,2356
1653,2285
1653,2168
1653,2170
1653,2429
1653,1657
1653,2239
1653,2483
1653,2687
1654,1670
1654,2274
1654,1659
1654,1664
1654,2032
1654,2586
1654,2265
1654,2429
1655,2577
1655,2285
1655,2643
1655,2267
1655,2088
1655,1769
1655,2628
1655,1679
1655,2576
1655,2462
1655,2463
1655,2195
1655,2466
1655,2184
1655,2515
1655,1669
1655,1661
1655,2413
1655,2187
1655,2429
1655,1677
1656,2152
1656,2157
1656,1818
1656,1834
1656,2015
1656,2011
1656,1658
1656,2145
1656,2267
1656,1938
1656,2704
1656,2576
1657,2679
1657,1678
1657,1830
1657,2136
1657,2718
1657,1960
1657,2183
1657,2177
1657,2189
1657,2526
1657,1662
1657,1738
1657,1835
1657,2707
1657,2190
1657,2670
1657,2576
1657,2036
1657,2600
1657,2174
1657,2579
1657,2178
1657,2359
1657,2262
1657,2046
1657,2187
1657,2461
1658,2272
1658,1817
1658,2136
1658,2018
1658,2280
1658,2266
1658,2457
1659,2029
1659,2398
1659,2580
1659,2168
1659,2483
1659,2023
1659,2458
1659,1665
1659,1949
1659,2462
1659,2421
1660,2177
1660,2300
1660,2705
1660,1810
1660,2201
1660,2280
1660,1761
1660,2634
1660,2670
1660,2173
1660,1787
1660,2610
1660,2551
1660,2460
1660,2421
1660,2187
1660,2545
1660,2275
1660,2164
1660,1885
1660,2176
1660,2431
1660,2167
1660,2264
1661,2273
1661,2606
1661,2009
1661,1820
1661,2457
1661,1670
1661,2610
1661,1678
1661,1675
1661,2424
1661,1672
1661,2576
1661,2272
1661,2460
1661,1673
1661,1834
1661,2492
1662,1718
1662,2581
1662,2189
1662,1676
1662,2466
1662,2184
1662,2264
1663,2624
1663,2272
1663,2178
1663,2458
1663,2273
1663,1664
1663,1679
1664,2029
1664,1666
1664,2581
1664,1679
1664,1676
1664,1672
1664,2457
1665,2273
1665,2610
1665,2586
1665,2274
1665,1965
1665,2551
1665,2009
1665,1678
1665,1666
1665,1672
1665,1669
1665,2676
1665,2184
1665,2707
1665,1673
1666,2273
1666,2274
1666,2193
1666,2014
1666,2286
1666,1901
1666,2610
1666,1669
1666,1836
1666,2356
1666,2175
1666,2551
1666,2203
1667,1881
1667,1744
1667,1724
1667,2014
1667,2039
1667,2031
1667,1880
1667,2001
1667,2489
1667,2575
1667,2674
1667,1891
1667,1904
1667,2000
1667,2658
1667,2028
1667,1817
1667,2428
1667,2005
1667,2328
1667,2008
1667,1820
1667,2153
1667,1918
1667,2201
1667,2030
1667,1835
1668,2118
1668,1852
1668,1860
1668,2539
1668,2387
1668,1868
1668,1879
1668,1840
1668,2373
1668,2260
1668,2081
1668,2401
1668,2390
1668,2108
1668,2622
1668,2095
1668,2105
1668,2396
1668,2574
1668,2640
1668,2051
1669,2585
1669,2056
1669,2274
1669,2029
1669,2019
1669,2582
1669,1949
1669,2423
1669,2032
1669,2643
1669,2262
1669,2610
1669,1811
1669,2183
1669,1676
1669,2457
1669,2459
1669,2577
1670,2273
1670,2183
1670,2328
1670,1764
1670,2274
1670,2029
1670,2583
1670,2576
1670,2582
1670,2429
1670,1673
1670,2178
1670,2127
1670,1946
1670,2275
1671,2134
1671,2014
1671,1752
1671,2276
1671,2139
1671,2002
1671,2000
1671,2261
1671,2001
1671,2486
1671,2674
1671,2154
1671,2005
1671,2177
1671,2036
1671,2608
1671,2347
1671,2676
1671,2018
1671,2253
1671,2589
1671,1833
1672,2587
1672,2019
1672,2271
1672,2356
1672,2581
1672,2582
1672,2535
1672,1677
1672,2266
1672,2127
1672,2043
1672,2167
1672,2183
1672,2545
1672,2039
1672,2462
1672,2670
1672,2576
1673,2032
1673,1936
1673,2358
1673,2546
1673,2356
1673,2421
1673,1677
1673,2174
1673,2543
1673,2584
1673,2460
1673,2187
1673,2610
1673,2169
1673,2185
1674,2033
1674,2016
1674,2678
1674,2345
1674,2082
1674,2304
1674,1738
1674,2126
1674,1751
1674,2037
1674,1730
1674,2153
1674,2256
1674,2560
1674,2561
1674,2338
1674,1815
1674,2009
1675,2628
1675,2583
1675,2172
1675,2581
1675,2457
1675,1676
1675,1678
1675,1949
1675,2131
1676,2274
1676,2127
1676,2423
1676,2413
1676,2586
1676,2581
1676,2579
1676,2463
1676,2584
1676,2167
1676,2429
1677,1761
1677,2251
1677,2516
1677,2358
1677,2178
1677,2257
1677,2254
1677,2195
1677,2578
1677,1820
1677,2183
1677,2236
1677,2267
1677,2173
1677,2270
1677,2551
1677,2175
1677,2628
1677,1829
1677,2275
1677,2197
1677,1947
1677,1933
1678,2029
1678,1718
1678,2583
1678,2272
1678,2587
1678,2355
1678,2586
1678,2356
1678,2579
1678,2551
1678,2421
1678,2458
1678,2270
1678,2429
1678,1679
1678,2581
1678,1829
1678,2271
1678,2576
1679,2029
1679,2576
1679,2175
1679,2424
1679,2274
1680,1719
1680,1694
1680,1931
1680,1759
1680,2314
1680,1871
1680,1866
1680,1714
1680,1869
1680,1684
1680,1879
1680,1870
1680,2340
1680,1682
1680,1695
1681,2622
1681,1713
1681,1858
1681,1717
1681,1896
1681,1974
1681,1692
1681,2521
1681,1705
1681,1703
1681,1701
1681,1842
1681,1707
1681,1711
1681,1696
1682,1719
1682,2471
1682,2620
1682,2385
1682,1714
1682,1928
1682,1684
1682,2476
1682,2378
1682,1699
1682,1702
1682,1694
1682,1974
1682,1704
1683,1685
1683,1717
1683,1689
1683,1692
1683,1698
1683,1708
1683,1694
1683,1709
1683,1715
1684,1697
1684,1869
1684,1698
1684,1877
1684,1690
1684,1931
1684,2533
1684,1709
1684,1701
1684,2258
1684,2476
1684,1873
1685,1755
1685,1859
1685,2112
1685,2158
1685,1876
1685,2323
1685,2012
1685,2099
1685,2146
1685,2114
1685,1912
1685,2281
1685,2320
1685,2107
1685,1914
1685,2104
1685,2574
1685,2198
1685,2654
1685,2257
1685,2410
1685,2364
1685,2380
1685,2536
1685,1955
1686,1697
1686,2372
1687,1689
1687,2377
1687,2364
1687,1692
1687,1701
1687,1707
1687,2473
1687,2708
1687,1868
1687,2478
1687,1688
1687,2086
1687,1851
1688,2314
1688,1697
1688,1713
1688,1698
1688,1711
1688,1931
1688,1696
1688,1759
1688,2477
1688,1866
1688,1699
1688,1714
1688,1706
1689,1719
1689,1694
1689,1695
1689,1715
1689,1716
1689,1847
1689,2386
1689,2630
1689,1708
1689,1706
1689,1698
1689,2509
1689,1713
1690,2701
1690,1709
1690,2086
1690,1842
1690,1931
1690,1696
1690,1693
1690,1715
1690,1711
1690,1707
1691,1708
1692,2507
1692,1694
1692,1702
1692,1866
1692,1707
1692,1699
1692,2120
1692,1700
1693,2637
1693,2374
1693,1719
1693,2095
1693,2647
1693,1702
1693,2680
1694,1719
1694,1931
1694,1717
1694,1852
1694,1711
1694,2386
1694,1715
1694,1759
1694,1705
1694,2243
1695,2360
1695,1703
1695,1702
1695,1713
1695,2385
1695,1706
1695,1701
1695,1698
1695,1714
1695,2336
1695,2708
1696,1931
1696,1699
1696,1713
1696,1707
1696,1877
1696,1814
1696,2258
1696,1711
1696,1710
1697,2471
1697,2321
1697,1702
1697,1709
1697,2479
1697,1699
1697,1716
1697,1701
1697,2258
1697,1708
1697,2245
1698,2387
1698,1713
1698,2473
1698,1702
1698,1708
1698,1849
1698,1716
1698,1707
1698,1719
1699,1719
1699,2478
1699,1870
1699,2258
1699,1701
1699,1707
1699,2630
1699,1708
1699,1714
1699,1709
1699,2396
1699,2060
1700,2246
1700,2315
1700,2242
1700,2321
1700,1864
1700,2573
1700,1708
1700,2118
1700,1862
1700,1704
1700,1877
1700,1843
1700,2386
1700,1716
1700,2329
1700,1711
1700,1703
1701,1715
1701,1870
1701,2568
1701,2630
1701,1713
1702,2258
1702,2476
1702,2382
1702,1703
1702,1710
1702,1854
1703,1717
1703,2469
1703,1867
1703,1716
1703,1709
1703,2320
1703,1931
1703,1715
1704,2074
1704,2365
1704,2318
1704,2372
1704,1858
1704,2343
1704,2529
1704,2364
1704,2465
1704,2371
1704,1848
1704,2110
1704,1865
1704,1861
1704,1953
1704,1856
1704,1855
1704,2473
1704,1882
1704,1814
1704,1872
1704,2115
1704,2514
1704,2405
1704,2106
1704,2121
1704,2470
1705,1931
1705,1709
1705,2382
1705,1707
1706,2074
1706,2476
1706,2062
1706,2469
1706,1710
1706,2143
1706,2374
1706,1716
1706,2315
1706,1714
1706,1711
1706,1707
1707,1717
1707,1866
1707,2378
1707,1710
1707,1851
1707,2592
1707,1931
1707,2372
1707,1714
1707,2476
1707,1759
1708,2476
1708,2074
1708,1867
1708,1715
1708,1711
1708,2386
1708,2092
1709,2074
1709,2564
1709,1717
1709,1710
1709,1715
1709,1716
1709,2630
1709,1714
1710,2315
1710,1875
1710,1717
1710,1842
1710,2382
1710,1762
1710,2387
1710,1714
1710,2258
1710,2395
1711,1759
1711,1713
1711,2374
1711,1861
1711,2708
1711,1714
1712,1922
1712,2434
1712,2207
1712,2379
1712,2264
1712,2687
1712,2077
1712,1934
1712,1796
1712,2549
1712,2502
1712,2704
1712,1766
1712,1996
1712,2294
1712,2623
1712,2522
1712,1958
1712,2655
1712,1950
1712,2496
1712,2073
1712,2441
1712,2065
1712,1943
1712,1990
1712,2495
1712,1978
1712,2163
1712,1966
1712,2292
1712,2527
1712,1947
1712,2414
1712,1944
1713,2505
1713,2329
1713,2321
1713,1866
1713,1931
1713,2258
1713,1864
1713,2469
1713,1851
1713,2404
1713,1865
1714,1759
1714,1866
1714,1716
1714,1719
1715,1858
1715,1931
1715,1974
1715,1719
1715,2630
1716,1848
1716,2323
1716,2396
1716,1855
1716,2245
1716,2645
1716,1877
1717,2074
1717,1719
1718,2577
1718,2424
1718,2274
1718,2000
1718,2580
1718,2271
1718,2610
1718,1949
1718,2582
1718,2019
1718,2628
1718,2581
1718,2168
1718,2356
1718,2170
1718,2460
1718,2413
1718,2268
1718,2127
1719,2323
1719,1879
1719,2314
1719,2386
1719,2095
1720,2158
1720,2454
1720,1738
1720,1733
1720,1902
1720,2149
1720,2140
1720,2402
1720,2256
1720,2446
1720,2554
1720,1749
1720,2331
1720,2012
1720,2560
1720,1754
1720,2601
1720,1728
1720,2016
1720,2445
1720,2034
1720,2128
1720,2093
1720,2023
1720,2036
1720,1897
1720,2136
1720,1916
1720,1819
1720,1737
1720,2633
1720,1727
1720,1886
1720,2141
1721,2678
1721,2030
1721,2226
1721,2305
1721,2149
1721,1732
1721,1722
1721,2304
1721,1912
1721,2560
1721,2561
1721,2554
1721,2447
1721,2156
1721,2679
1721,2097
1721,2000
1721,2599
1721,2680
1721,1897
1721,1885
1722,2310
1722,1854
1722,2470
1722,2400
1722,2304
1722,2128
1722,1882
1722,2146
1722,2137
1722,2331
1722,2144
1722,2506
1723,2556
1723,1727
1723,2672
1723,2536
1723,2489
1723,2403
1723,2452
1723,1730
1723,1744
1723,2446
1723,1880
1724,1739
1724,2307
1724,2676
1724,2552
1724,2559
1724,2557
1724,2445
1724,2146
1724,2263
1724,1737
1724,2141
1724,2446
1725,1757
1725,2082
1725,2559
1725,2403
1725,1912
1725,2682
1725,2406
1725,2331
1725,1736
1725,1731
1725,1750
1725,2113
1725,2376
1726,2227
1726,1803
1726,2171
1726,1897
1726,2028
1726,2497
1726,2096
1726,2103
1726,2299
1726,1830
1726,2535
1726,2020
1726,2280
1726,2239
1726,2189
1726,1924
1726,1917
1726,2460
1726,1806
1726,2001
1726,1835
1726,1816
1726,2641
1726,2544
1726,2649
1726,2184
1726,2252
1726,2187
1727,1742
1727,2033
1727,2454
1727,2339
1727,2345
1727,1758
1727,1754
1727,2319
1727,1733
1727,2341
1727,2554
1727,2452
1727,1731
1727,2302
1727,2552
1727,1912
1727,2084
1727,2133
1728,2646
1728,1739
1728,2672
1728,2448
1728,2343
1728,2345
1728,1749
1728,2304
1728,2128
1728,1758
1728,2563
1729,2646
1729,2288
1729,1885
1729,2015
1729,1913
1729,2018
1729,1907
1729,2004
1729,2002
1729,2003
1729,2014
1729,2255
1729,2575
1729,1904
1729,2259
1729,2021
1729,1811
1729,2011
1729,2006
1729,1837
1730,1732
1730,2490
1730,1749
1730,2554
1730,2559
1730,2403
1730,1745
1730,2307
1730,2448
1730,2082
1730,2552
1730,1741
1730,2311
1730,1737
1730,1916
1731,2302
1731,2016
1731,2454
1731,1733
1731,2554
1731,2295
1731,1736
1731,2552
1731,1745
1731,2301
1731,2451
1732,2556
1732,2672
1732,2451
1732,1750
1732,2141
1732,1815
1732,1916
1732,2682
1732,2562
1732,2301
1732,2552
1732,2632
1732,2008
1733,2307
1733,1754
1733,2530
1733,1751
1733,2308
1733,1750
1733,2557
1733,2552
1733,2311
1733,2559
1733,2560
1733,1884
1733,2563
1733,2151
1733,2574
1734,1739
1734,2306
1734,2179
1734,2004
1734,1740
1734,2126
1734,2141
1734,1745
1734,2406
1734,2451
1734,2677
1735,2556
1735,2306
1735,1743
1735,2179
1735,1753
1735,2563
1735,2149
1735,2304
1735,1758
1735,1754
1735,2372
1735,2302
1735,1737
1735,2557
1735,2092
1735,2281
1735,2681
1736,2556
1736,2016
1736,2490
1736,2082
1736,2295
1736,2301
1736,2542
1736,1744
1736,2445
1736,2311
1736,2081
1736,2310
1736,1887
1737,1742
1737,2284
1737,2552
1737,2295
1737,1740
1737,2445
1737,2153
1737,2319
1737,1813
1737,1756
1737,1741
1737,2305
1737,1749
1737,2368
1737,1745
1737,2344
1738,2271
1738,2608
1738,2255
1738,2031
1738,2024
1738,2002
1738,2017
1738,2103
1738,2022
1738,2254
1738,2025
1738,2226
1738,2018
1738,1830
1738,2632
1738,2397
1739,2672
1739,2449
1739,2308
1739,1745
1739,1743
1739,1758
1739,2016
1739,2406
1739,2542
1739,2556
1739,1884
1739,1750
1739,2310
1739,1742
1739,2141
1739,2451
1739,1756
1739,2301
1739,2682
1739,2128
1739,2112
1739,2122
1739,2395
1740,2343
1740,2339
1740,2278
1740,2562
1740,2141
1740,2295
1740,2153
1740,2682
1740,2307
1740,2448
1740,2673
1740,2261
1740,1809
1740,2088
1741,2302
1741,2306
1741,1742
1741,2608
1741,1749
1741,2559
1741,2147
1741,2179
1741,2489
1741,2455
1741,2304
1741,2026
1741,2087
1741,1758
1742,1884
1742,2179
1742,1747
1742,2341
1742,2310
1742,1750
1742,2301
1742,2158
1742,2651
1742,1916
1742,2156
1742,2147
1742,2154
1743,2449
1743,1753
1743,2651
1743,2404
1743,2016
1743,2530
1743,2341
1743,2308
1743,2559
1743,2452
1743,1745
1743,2542
1743,2672
1743,2301
1743,1749
1743,2025
1744,2530
1744,1746
1744,2559
1744,2705
1744,2449
1744,1747
1744,2305
1744,2219
1744,2302
1744,2490
1744,2419
1744,1884
1744,2149
1745,2346
1745,2179
1745,1815
1745,1749
1745,2313
1745,2302
1745,1754
1745,2455
1745,2115
1745,2451
1746,2306
1746,2295
1746,1758
1746,1754
1746,2555
1746,2559
1746,2406
1746,2310
1746,1884
1746,2542
1746,2346
1746,2449
1746,2308
1746,2454
1746,1749
1746,2319
1746,2121
1747,2646
1747,1757
1747,1884
1747,2595
1747,2555
1747,2490
1747,2179
1747,1753
1747,2489
1747,1749
1747,2446
1747,2468
1747,2129
1747,2450
1747,2308
1747,2130
1747,2558
1747,2138
1747,2305
1747,2307
1748,2615
1748,2086
1748,2377
1748,2504
1748,2313
1748,2389
1748,2390
1748,2621
1748,2531
1748,2510
1748,1857
1748,2214
1748,2117
1748,2465
1748,2320
1748,2574
1748,2532
1748,2112
1748,2539
1748,2538
1748,1874
1748,1867
1748,2401
1748,2590
1748,2572
1748,2360
1748,2641
1748,1842
1748,1838
1748,2113
1748,2093
1748,2509
1748,2315
1748,2142
1748,1869
1748,2007
1748,2512
1748,2622
1748,2525
1749,1884
1749,2114
1749,2339
1749,2179
1749,1815
1749,2552
1749,1754
1749,2557
1749,2451
1749,2445
1749,2682
1749,2305
1749,1758
1749,2311
1749,2651
1750,2552
1750,2626
1750,2554
1750,2539
1750,2304
1750,2560
1750,2091
1750,1758
1750,2565
1750,2448
1751,2556
1751,2343
1751,2339
1751,2092
1751,1884
1751,2304
1751,2489
1751,2080
1752,1808
1752,2130
1752,2015
1752,2027
1752,1965
1752,1834
1752,2022
1752,2347
1752,2676
1752,2129
1752,2034
1752,2031
1752,2023
1752,1880
1752,2674
1752,2017
1752,2575
1752,2011
1752,2028
1752,2605
1753,2651
1753,2615
1753,2179
1753,2082
1753,2455
1753,2308
1753,2341
1753,2452
1753,2346
1753,2542
1753,2445
1753,2310
1753,2146
1753,2304
1753,2110
1754,2016
1754,2676
1754,2319
1754,2308
1754,2446
1754,2179
1754,2310
1754,2104
1754,2302
1754,2530
1754,2295
1754,2304
1754,2557
1755,2100
1755,2098
1755,2118
1755,1845
1755,2468
1755,2137
1755,2121
1755,2020
1755,2084
1755,2097
1755,2401
1755,2572
1755,2016
1755,2113
1755,2574
1755,2144
1755,2102
1755,2005
1755,1816
1755,1821
1755,2104
1755,2589
1756,2345
1756,2552
1756,2307
1756,2093
1756,1855
1756,2449
1756,2530
1756,2295
1757,2306
1757,2308
1757,2179
1757,2319
1757,2554
1757,2556
1757,2301
1757,2147
1757,2305
1757,2311
1758,2016
1758,2672
1758,1815
1758,2530
1758,2554
1758,2099
1758,2179
1758,2310
1758,2451
1758,2307
1759,2717
1759,1845
1759,2471
1759,1843
1760,2409
1760,2290
1760,2288
1760,2698
1760,1922
1760,1808
1760,2289
1760,2222
1760,1784
1760,1915
1760,2043
1760,2242
1760,1787
1760,2496
1760,2627
1760,2218
1760,1940
1760,1930
1760,2609
1760,2209
1760,1958
1760,1920
1760,1783
1760,2456
1760,1777
1760,2544
1760,1768
1760,2607
1760,1980
1760,2667
1760,1964
1760,2203
1760,2519
1760,1937
1760,2291
1760,2467
1760,2702
1760,1926
1760,2441
1760,1942
1760,1789
1761,2459
1761,2426
1761,1813
1761,2185
1761,2628
1761,2046
1761,2457
1761,2270
1761,2195
1761,2167
1761,2165
1761,2460
1761,2184
1761,2275
1761,2354
1762,2652
1762,2404
1762,2644
1762,2507
1762,2568
1762,1792
1762,2329
1762,2512
1762,2214
1762,2647
1762,2645
1762,2327
1762,2067
1762,2060
1762,2642
1762,2496
1762,2059
1763,2717
1763,2056
1763,2683
1763,2501
1763,2207
1763,2202
1763,2440
1763,1985
1763,2287
1763,1802
1763,1792
1763,2480
1763,2602
1763,2487
1763,1969
1763,2422
1763,1794
1763,2241
1763,2079
1763,2500
1763,2414
1763,2627
1763,2333
1763,2042
1763,2063
1763,1772
1763,1930
1763,2221
1763,2706
1763,2238
1763,1979
1763,1785
1763,2211
1763,1920
1763,2566
1763,2041
1763,2205
1763,1789
1763,2111
1763,1958
1763,1770
1763,2072
1763,2698
1763,2213
1763,2655
1763,2410
1763,2605
1763,1786
1763,2068
1763,1874
1763,1921
1763,1796
1763,2669
1764,2056
1764,2503
1764,2501
1764,2494
1764,2181
1764,2714
1764,2662
1764,2077
1764,2719
1764,2142
1764,2379
1764,2088
1764,2219
1764,2216
1764,2589
1764,2201
1764,2524
1764,2233
1764,2075
1764,2202
1764,2687
1764,2105
1764,2493
1764,2571
1764,2417
1764,2190
1764,2218
1764,2238
1764,2237
1764,2211
1764,2063
1764,2649
1764,1796
1764,1893
1764,1977
1764,2619
1764,2042
1764,1777
1764,2422
1764,1985
1764,1791
1764,2249
1764,2055
1764,2059
1764,1975
1764,2176
1765,2697
1765,2503
1765,2181
1765,1927
1765,2709
1765,2662
1765,2051
1765,2299
1765,2248
1765,2716
1765,2495
1765,2048
1765,1799
1765,2591
1765,2046
1765,2041
1765,2040
1765,1769
1765,2055
1765,2249
1765,2540
1765,2352
1765,1950
1765,1935
1765,2251
1765,1766
1765,1775
1765,1990
1765,1984
1765,1989
1765,1795
1765,2474
1765,1786
1765,2350
1765,1798
1765,1992
1765,1781
1765,2072
1765,1978
1765,2432
1765,2073
1765,2684
1765,2431
1765,1889
1765,2665
1766,2629
1766,2505
1766,2207
1766,2181
1766,1929
1766,2427
1766,2057
1766,1787
1766,2480
1766,2239
1766,2124
1766,1783
1766,2437
1766,2062
1766,2519
1766,1778
1766,2061
1766,2044
1766,1799
1766,2671
1766,2130
1766,2518
1766,2212
1766,2249
1766,1786
1766,1991
1766,2041
1766,2059
1766,2350
1766,2715
1766,1785
1766,2717
1766,2523
1766,1927
1766,2056
1766,1966
1766,2063
1766,1969
1766,1781
1766,1971
1766,1782
1766,2064
1766,1774
1766,2604
1766,2714
1767,2434
1767,2375
1767,1793
1767,2636
1767,1989
1767,1927
1767,1924
1767,2294
1767,2051
1767,2698
1767,1922
1767,2044
1767,1794
1767,2393
1767,2402
1767,1960
1767,2427
1767,1768
1767,2350
1767,2523
1767,1776
1767,1783
1767,1773
1767,2064
1767,2234
1767,2063
1767,1772
1767,1909
1767,1798
1767,2283
1767,2635
1767,1797
1767,2664
1767,1771
1767,2159
1767,1983
1767,1775
1767,2163
1767,2206
1767,2665
1767,1921
1768,2227
1768,2056
1768,1946
1768,2222
1768,1793
1768,2494
1768,1985
1768,1927
1768,2427
1768,2442
1768,2248
1768,1915
1768,2088
1768,2686
1768,2201
1768,2076
1768,2066
1768,2704
1768,2702
1768,2417
1768,1932
1768,2053
1768,2414
1768,2443
1768,1958
1768,2618
1768,1772
1768,2063
1768,1788
1768,2655
1768,2073
1768,1968
1768,2506
1768,2215
1768,2333
1768,2042
1768,2252
1768,1961
1768,2041
1768,1770
1768,1940
1768,2716
1768,1984
1768,2571
1768,1795
1768,1975
1768,2068
1768,1971
1768,2348
1769,2597
1769,2511
1769,2148
1769,2162
1769,1792
1769,2427
1769,2333
1769,2604
1769,2516
1769,2496
1769,2188
1769,2013
1769,1973
1769,1791
1769,2706
1769,2653
1769,2192
1769,1799
1769,1781
1769,2043
1769,2668
1769,2571
1769,1995
1769,2079
1769,2627
1769,1950
1769,2160
1769,1772
1769,1920
1769,2518
1769,1961
1769,2048
1769,1951
1769,1777
1769,2056
1769,2669
1769,2684
1769,2064
1769,2212
1769,1921
1770,2526
1770,2337
1770,2289
1770,2333
1770,2204
1770,2662
1770,2496
1770,2358
1770,2048
1770,2436
1770,2497
1770,2422
1770,2062
1770,1780
1770,2686
1770,1788
1770,2055
1770,2525
1770,1946
1770,2043
1770,2657
1770,2075
1770,1786
1770,1947
1770,2225
1770,2667
1770,2618
1770,2665
1770,1772
1770,2063
1770,2439
1770,1791
1770,1932
1770,2073
1770,1797
1770,1790
1770,2219
1770,1783
1771,2526
1771,2148
1771,2056
1771,1808
1771,2202
1771,2494
1771,2440
1771,2318
1771,2199
1771,2604
1771,2409
1771,2506
1771,2239
1771,1798
1771,2358
1771,2261
1771,2291
1771,1806
1771,2230
1771,1932
1771,1936
1771,2361
1771,1940
1771,2234
1771,2501
1771,2210
1771,2209
1771,1772
1771,2211
1771,2502
1771,2073
1771,2048
1771,1951
1771,1775
1771,2667
1771,2218
1771,1962
1771,2578
1771,2013
1771,1952
1771,1956
1771,1789
1772,2697
1772,2456
1772,2696
1772,2291
1772,2289
1772,1925
1772,1793
1772,2292
1772,2039
1772,2496
1772,2659
1772,2077
1772,1943
1772,2618
1772,1936
1772,1778
1772,2653
1772,2358
1772,2649
1772,2298
1772,1932
1772,1937
1772,2422
1772,1927
1772,2218
1772,2619
1772,2348
1772,1779
1772,2443
1772,2206
1772,2238
1772,2609
1772,2706
1772,1922
1772,2213
1772,1954
1772,2073
1772,2209
1772,1982
1772,2210
1772,1975
1772,1894
1772,2687
1773,2526
1773,2629
1773,1925
1773,1784
1773,2569
1773,1806
1773,1823
1773,1889
1773,2497
1773,1813
1773,2201
1773,2706
1773,2168
1773,1932
1773,2239
1773,2443
1773,2600
1773,2516
1773,1830
1773,2218
1773,2333
1773,2361
1773,2398
1773,2204
1773,2234
1773,2217
1773,2210
1773,2494
1773,1788
1773,1798
1773,2282
1773,1991
1773,1951
1773,2422
1773,2698
1773,2192
1773,2328
1773,2425
1773,1940
1773,2522
1773,2626
1773,2432
1773,2294
1774,2520
1774,2250
1774,1946
1774,2663
1774,2248
1774,2263
1774,2166
1774,2415
1774,2211
1774,2076
1774,2653
1774,2298
1774,2192
1774,2041
1774,1996
1774,2513
1774,1961
1774,2249
1774,2063
1774,2684
1774,2495
1774,1955
1774,2692
1774,1788
1774,2525
1774,2212
1774,2422
1774,1775
1774,2664
1774,1964
1774,2291
1774,2197
1774,2427
1774,1942
1774,2456
1774,2282
1774,1836
1774,2148
1774,2439
1775,2337
1775,1946
1775,2503
1775,2207
1775,1986
1775,2318
1775,1929
1775,2622
1775,1960
1775,2399
1775,2607
1775,2242
1775,2502
1775,2068
1775,1791
1775,2044
1775,1927
1775,2054
1775,2427
1775,1942
1775,2408
1775,2063
1775,1996
1775,2506
1775,2283
1775,2501
1775,2640
1775,2523
1775,2508
1775,2061
1775,1786
1775,2071
1775,2168
1775,2230
1775,1981
1775,2660
1775,2049
1775,1782
1775,2064
1775,2298
1775,2684
1775,2056
1776,2056
1776,2222
1776,2202
1776,1793
1776,2181
1776,2204
1776,2090
1776,2096
1776,1778
1776,2225
1776,2506
1776,2700
1776,2218
1776,2441
1776,1955
1776,2350
1776,2684
1776,2048
1776,2201
1776,2417
1776,1783
1776,2055
1776,2425
1776,2237
1776,2210
1776,2208
1776,2524
1776,2427
1776,1942
1776,2518
1776,2414
1776,2049
1776,2279
1776,2067
1776,2164
1776,2519
1776,2616
1776,1933
1776,2699
1776,1921
1776,2071
1776,2168
1777,2459
1777,2641
1777,2291
1777,1793
1777,2160
1777,1985
1777,2204
1777,2057
1777,1960
1777,2496
1777,2299
1777,1798
1777,2231
1777,2716
1777,2618
1777,2519
1777,1936
1777,1778
1777,1923
1777,1799
1777,2700
1777,1794
1777,2546
1777,1961
1777,2053
1777,2150
1777,2441
1777,2484
1777,1999
1777,2079
1777,2500
1777,2418
1777,2655
1777,1998
1777,1942
1777,2233
1777,1921
1777,2417
1777,1954
1777,1783
1777,1977
1777,2210
1777,1975
1777,1984
1777,1790
1778,2222
1778,2440
1778,2333
1778,2687
1778,2332
1778,2668
1778,1827
1778,2392
1778,1927
1778,1830
1778,1784
1778,2075
1778,2525
1778,2706
1778,1995
1778,1946
1778,1932
1778,2602
1778,2699
1778,2500
1778,1940
1778,2523
1778,2148
1778,2439
1778,1788
1778,2090
1778,1799
1778,2192
1778,1968
1778,2065
1778,1990
1778,1985
1778,2373
1778,2257
1778,1966
1778,2548
1778,2508
1778,1935
1778,1933
1779,1832
1779,2353
1779,2194
1779,2291
1779,2289
1779,2186
1779,2657
1779,2292
1779,1934
1779,2223
1779,2668
1779,2290
1779,2484
1779,2467
1779,2207
1779,2013
1779,2653
1779,1923
1779,2441
1779,2440
1779,1955
1779,1952
1779,2527
1779,2175
1779,2357
1779,2234
1779,2210
1779,1950
1779,2421
1779,2518
1779,2230
1779,2170
1779,2296
1779,1947
1779,1933
1779,2213
1780,2511
1780,2696
1780,2501
1780,2052
1780,2714
1780,2248
1780,2069
1780,1973
1780,2318
1780,2706
1780,1969
1780,1795
1780,2702
1780,2350
1780,2685
1780,1788
1780,2249
1780,2042
1780,2047
1780,1963
1780,1981
1780,1966
1780,2437
1780,2049
1780,2045
1780,1796
1780,1990
1780,1975
1780,2075
1781,2409
1781,2135
1781,2050
1781,1927
1781,2522
1781,2686
1781,2519
1781,2076
1781,1791
1781,2067
1781,2101
1781,2497
1781,2417
1781,1995
1781,2474
1781,2282
1781,1991
1781,1783
1781,1977
1781,2057
1781,1960
1781,2213
1781,1786
1781,1980
1781,2055
1781,1976
1781,1966
1781,2660
1781,2416
1781,2065
1781,2059
1781,1996
1781,2049
1781,2056
1781,2066
1781,1971
1781,1964
1781,2715
1781,1956
1781,1789
1782,2056
1782,2503
1782,2494
1782,2511
1782,1929
1782,1986
1782,1792
1782,2333
1782,2204
1782,2662
1782,2607
1782,2604
1782,2186
1782,1798
1782,2712
1782,2383
1782,2067
1782,1799
1782,1923
1782,2393
1782,2071
1782,2653
1782,2418
1782,2502
1782,2267
1782,2361
1782,2237
1782,1791
1782,1932
1782,1964
1782,2352
1782,2202
1782,2493
1782,2422
1782,2234
1782,2191
1782,2057
1782,2251
1782,2715
1782,1978
1782,2436
1783,2494
1783,2229
1783,2050
1783,2522
1783,2333
1783,2659
1783,2318
1783,2609
1783,1798
1783,2309
1783,2066
1783,2685
1783,2704
1783,2279
1783,1929
1783,2414
1783,2063
1783,2436
1783,2232
1783,2523
1783,2518
1783,2051
1783,2439
1783,2073
1783,2502
1783,1792
1783,2180
1783,2047
1783,2055
1783,1987
1783,2075
1783,1978
1783,1948
1784,1957
1784,1922
1784,2544
1784,2199
1784,2284
1784,2425
1784,2218
1784,2185
1784,2279
1784,2706
1784,2236
1784,2235
1784,1835
1784,2352
1784,2437
1784,1920
1784,2687
1784,2361
1784,1985
1784,2502
1784,2494
1784,2419
1784,2607
1784,2624
1784,1966
1784,2248
1784,1984
1784,1937
1784,2255
1784,2349
1784,1923
1784,1802
1784,1943
1784,2234
1784,2704
1784,2657
1784,2294
1784,1942
1785,2337
1785,2434
1785,2232
1785,2229
1785,2333
1785,1787
1785,2686
1785,2662
1785,2354
1785,2293
1785,2239
1785,2068
1785,1997
1785,2048
1785,1932
1785,2071
1785,1996
1785,1984
1785,2299
1785,2493
1785,2697
1785,2212
1785,2072
1785,1954
1785,1991
1785,2064
1785,2283
1785,2416
1785,1947
1785,2235
1785,2085
1785,2667
1786,2520
1786,2337
1786,2711
1786,2070
1786,2701
1786,2050
1786,1989
1786,2333
1786,2686
1786,2051
1786,2437
1786,2242
1786,2436
1786,2068
1786,2057
1786,2649
1786,2041
1786,2504
1786,2393
1786,1966
1786,2699
1786,2669
1786,2253
1786,2350
1786,1998
1786,2523
1786,2506
1786,2078
1786,1946
1786,2043
1786,2076
1786,2715
1786,2133
1786,2065
1786,2663
1786,1790
1786,2069
1786,2060
1787,2398
1787,2202
1787,2256
1787,1827
1787,2189
1787,2169
1787,2543
1787,2496
1787,2699
1787,2503
1787,2218
1787,2279
1787,2706
1787,2609
1787,2326
1787,2714
1787,1938
1787,2702
1787,2217
1787,2670
1787,2282
1787,2053
1787,1920
1787,2063
1787,2518
1787,2519
1787,2705
1787,1981
1787,2540
1787,2578
1787,2225
1787,1934
1787,2492
1788,2056
1788,1925
1788,1793
1788,2232
1788,1929
1788,2427
1788,2202
1788,2687
1788,2399
1788,2496
1788,1796
1788,2704
1788,2437
1788,1827
1788,2649
1788,1923
1788,2218
1788,1996
1788,2684
1788,1955
1788,2077
1788,1980
1788,2224
1788,1795
1788,2474
1788,2702
1788,1926
1788,2694
1788,2275
1788,2298
1788,1813
1788,2201
1788,2238
1788,2234
1788,1954
1788,1991
1788,1945
1788,2162
1788,2055
1788,1958
1788,1792
1788,2212
1788,1977
1788,1789
1788,1950
1789,2709
1789,1970
1789,2607
1789,2716
1789,2436
1789,2264
1789,2076
1789,1791
1789,2071
1789,2441
1789,2229
1789,2699
1789,2383
1789,2665
1789,2653
1789,2042
1789,2508
1789,2578
1789,2061
1789,2375
1789,2046
1789,2234
1789,2225
1789,2298
1789,2439
1789,2523
1789,2698
1789,2181
1789,2416
1789,2040
1789,2075
1789,1981
1789,2518
1789,2067
1789,1945
1789,1992
1789,2408
1789,2079
1789,1939
1789,2186
1790,2511
1790,2409
1790,2056
1790,2501
1790,2222
1790,2070
1790,2379
1790,1989
1790,1985
1790,2229
1790,2714
1790,2686
1790,2662
1790,2399
1790,2330
1790,1993
1790,2607
1790,2248
1790,2242
1790,2517
1790,2225
1790,2616
1790,2540
1790,2324
1790,1976
1790,2523
1790,2299
1790,2493
1790,2209
1790,2064
1790,2049
1790,1978
1790,2065
1790,1798
1790,2671
1790,2488
1790,2604
1790,1990
1790,2051
1790,2439
1791,2711
1791,2202
1791,2057
1791,2243
1791,2221
1791,1798
1791,1869
1791,2199
1791,1811
1791,2694
1791,2219
1791,2700
1791,2070
1791,2361
1791,2714
1791,1977
1791,1961
1791,2527
1791,2042
1791,2249
1791,2055
1791,1971
1791,2218
1791,2412
1791,1942
1792,2375
1792,2056
1792,2434
1792,2232
1792,1929
1792,2512
1792,2602
1792,2714
1792,2061
1792,2399
1792,2051
1792,2437
1792,2571
1792,2196
1792,1995
1792,2062
1792,2239
1792,2224
1792,2217
1792,2210
1792,2618
1792,2225
1792,2506
1792,2212
1792,2057
1792,2518
1792,1798
1792,2060
1792,2519
1792,2063
1792,2073
1792,2607
1792,2055
1792,2071
1792,2664
1792,2649
1792,1970
1792,2350
1792,2636
1792,2054
1792,2066
1792,1969
1792,1990
1792,1971
1792,2244
1792,2233
1792,2427
1792,1942
1793,2409
1793,2337
1793,2291
1793,1925
1793,2569
1793,2056
1793,2075
1793,2508
1793,2686
1793,2655
1793,2334
1793,2077
1793,2053
1793,2210
1793,1958
1793,1950
1793,2618
1793,2299
1793,1955
1793,1968
1793,2494
1793,1945
1793,2042
1793,1961
1793,2422
1793,2262
1793,2071
1793,1970
1793,2416
1793,2248
1793,1992
1793,1981
1793,1975
1793,2212
1794,2384
1794,2641
1794,2222
1794,2207
1794,2379
1794,2264
1794,2204
1794,2607
1794,2506
1794,2496
1794,2202
1794,2299
1794,1796
1794,2517
1794,2522
1794,2716
1794,2712
1794,2653
1794,2225
1794,2041
1794,2410
1794,2078
1794,2075
1794,2616
1794,2224
1794,2042
1794,2442
1794,2054
1794,2698
1794,2079
1794,1982
1794,2540
1794,2063
1794,2666
1795,2337
1795,1957
1795,1993
1795,2506
1795,2192
1795,2591
1795,2041
1795,1996
1795,2548
1795,2684
1795,1999
1795,1984
1795,2708
1795,2692
1795,1979
1795,2503
1795,1921
1795,2667
1795,2279
1795,1797
1795,1976
1795,2350
1795,2045
1795,2716
1795,2375
1795,2181
1795,2416
1795,1983
1795,2439
1795,1978
1795,2068
1795,1971
1795,1964
1795,2060
1795,1963
1795,2432
1796,2409
1796,2288
1796,2056
1796,2503
1796,2434
1796,2070
1796,2695
1796,2050
1796,1985
1796,2662
1796,2293
1796,2216
1796,2206
1796,2075
1796,2571
1796,2066
1796,2060
1796,1932
1796,2639
1796,2348
1796,1833
1796,2706
1796,2379
1796,1991
1796,1961
1796,1799
1796,1984
1796,1976
1796,2289
1796,1998
1796,2641
1796,2350
1796,1990
1796,1982
1796,1975
1796,2068
1796,1971
1796,2432
1796,2684
1796,2699
1796,1923
1796,2441
1796,1904
1797,2697
1797,2503
1797,2501
1797,2544
1797,2609
1797,2704
1797,2702
1797,1985
1797,2502
1797,2062
1797,2436
1797,2211
1797,1799
1797,2412
1797,1960
1797,2242
1797,2665
1797,2042
1797,2072
1797,1978
1797,2176
1797,2443
1797,1961
1797,2523
1797,2687
1797,1935
1798,2524
1798,2232
1798,2609
1798,2399
1798,1924
1798,2506
1798,2299
1798,2102
1798,2150
1798,2366
1798,2391
1798,1929
1798,2705
1798,1831
1798,2437
1798,2044
1798,1932
1798,2443
1798,2527
1798,2236
1798,2225
1798,2248
1798,2439
1798,1955
1798,1968
1798,2348
1798,2155
1798,2456
1798,2422
1798,2064
1798,1975
1798,2412
1798,2655
1798,2461
1799,1957
1799,2503
1799,2434
1799,2524
1799,2709
1799,2264
1799,2204
1799,2686
1799,2662
1799,1993
1799,2607
1799,2048
1799,2393
1799,2075
1799,2397
1799,2050
1799,2700
1799,2699
1799,2210
1799,1954
1799,1920
1799,1968
1799,1961
1799,2379
1799,2716
1799,2619
1799,2042
1799,2655
1799,2041
1799,2047
1799,2362
1799,2071
1799,1996
1799,2049
1799,2671
1799,1981
1799,2669
1799,2181
1799,2666
1800,2683
1800,2015
1800,1913
1800,1889
1800,1881
1800,1833
1800,1931
1800,2577
1800,2480
1800,2426
1800,2631
1800,2625
1800,2090
1800,2284
1800,1892
1800,2483
1800,2022
1800,1965
1800,2253
1800,1822
1800,2338
1800,1803
1800,1891
1800,1811
1800,2603
1800,2215
1800,1899
1800,2611
1800,2485
1800,1813
1800,2699
1800,1939
1800,2487
1800,2002
1800,1905
1801,1957
1801,1946
1801,1885
1801,2252
1801,2659
1801,1825
1801,2200
1801,1826
1801,2266
1801,1810
1801,1835
1801,2547
1801,1965
1801,2159
1801,2017
1801,2267
1801,2286
1801,1816
1801,1818
1801,2035
1801,2009
1801,1903
1801,1887
1801,2262
1801,2439
1801,2088
1801,2596
1801,1820
1802,2288
1802,1925
1802,2440
1802,1904
1802,1807
1802,2488
1802,2521
1802,2200
1802,2718
1802,2694
1802,2201
1802,2062
1802,2252
1802,2543
1802,2333
1802,2199
1802,2700
1802,2443
1802,2425
1802,1837
1802,2516
1802,1927
1802,2218
1802,2361
1802,2237
1802,2609
1802,1938
1802,2213
1802,2210
1802,2435
1802,2048
1802,2502
1802,1966
1802,2203
1802,2485
1802,2357
1802,2234
1802,1943
1802,2526
1802,1944
1802,2176
1802,1933
1803,2177
1803,2240
1803,2347
1803,2674
1803,1902
1803,1914
1803,2152
1803,2612
1803,2227
1803,2033
1803,1832
1803,2705
1803,2303
1803,2547
1803,2487
1803,2328
1803,2129
1803,2486
1803,2603
1803,1901
1803,2483
1803,1833
1803,1837
1803,1919
1803,1822
1803,1913
1803,1813
1803,1821
1803,2694
1803,1918
1803,2276
1803,2567
1803,2605
1803,2217
1803,1950
1803,2687
1803,2041
1804,2227
1804,1917
1804,1838
1804,1891
1804,2594
1804,1909
1804,1881
1804,2487
1804,2464
1804,2605
1804,2718
1804,2535
1804,2603
1804,1899
1804,2634
1804,1822
1804,1813
1804,1806
1804,1823
1804,1833
1804,1830
1804,2011
1804,2205
1804,2437
1804,2600
1804,1824
1804,2309
1804,2168
1804,2228
1804,2670
1804,2516
1804,1832
1804,2414
1804,2222
1804,2262
1804,2165
1804,2550
1805,2351
1805,2325
1805,1832
1805,2193
1805,2251
1805,2131
1805,2285
1805,2650
1805,2462
1805,2687
1805,2176
1805,1936
1805,2359
1805,2229
1805,2699
1805,2605
1805,2718
1805,1823
1805,2177
1805,2224
1805,2155
1805,2168
1805,2333
1805,2230
1805,2535
1806,1838
1806,1832
1806,2629
1806,2362
1806,2171
1806,1833
1806,1913
1806,2204
1806,2659
1806,2631
1806,2618
1806,1825
1806,1830
1806,2150
1806,2707
1806,2351
1806,2254
1806,2261
1806,1818
1806,2088
1806,2548
1806,1908
1806,2694
1806,2211
1806,2262
1806,2535
1806,2219
1806,2009
1806,2285
1806,1901
1806,2425
1806,2037
1806,1958
1806,2718
1806,2131
1806,1824
1806,2225
1806,1837
1806,2184
1806,1812
1806,1965
1806,1808
1807,1895
1807,1832
1807,1907
1807,2444
1807,2484
1807,1902
1807,2254
1807,1835
1807,2261
1807,2256
1807,1894
1807,1846
1807,2481
1807,2464
1807,2658
1807,2605
1807,1857
1807,2260
1807,1919
1807,2521
1807,1904
1807,2259
1807,1883
1807,1819
1807,1905
1807,2560
1807,2597
1807,2209
1807,2602
1807,2311
1807,2614
1807,1892
1807,2183
1807,2599
1807,2103
1807,2239
1807,2142
1808,2420
1808,2177
1808,2395
1808,1908
1808,1819
1808,1890
1808,2155
1808,2588
1808,1812
1808,2200
1808,2718
1808,1837
1808,1820
1808,1823
1808,1918
1808,1894
1808,1831
1808,1835
1808,1913
1808,2202
1808,2702
1808,2358
1808,2279
1808,2238
1808,1839
1808,1832
1808,2220
1808,1968
1809,2349
1809,2487
1809,2328
1809,1823
1809,2300
1809,1810
1809,2680
1809,2650
1809,2596
1809,1906
1809,2352
1809,2145
1809,2428
1809,1903
1809,1881
1809,1828
1809,2168
1809,2575
1809,2253
1809,2173
1809,2103
1809,2444
1809,2541
1809,2627
1809,1918
1810,2420
1810,2654
1810,1906
1810,1812
1810,2093
1810,2718
1810,1830
1810,2285
1810,2543
1810,1938
1810,2184
1810,2005
1811,2351
1811,2288
1811,2487
1811,2239
1811,2200
1811,2096
1811,2602
1811,2361
1811,2544
1811,2253
1811,2605
1811,2120
1811,1839
1811,1837
1811,2228
1811,2280
1811,1823
1811,2202
1811,2139
1811,1917
1811,1820
1811,2683
1811,2088
1812,2177
1812,2252
1812,2595
1812,2486
1812,2466
1812,2480
1812,2358
1812,2239
1812,2153
1812,2381
1812,2103
1812,1918
1812,2659
1812,1883
1812,2593
1812,2635
1812,2683
1812,2227
1812,1839
1812,2088
1812,1897
1812,2605
1812,2131
1812,2718
1812,2535
1812,1836
1812,1828
1812,1825
1812,2697
1812,1824
1812,2602
1812,1826
1812,1823
1812,1827
1812,2276
1812,2567
1812,2206
1812,2613
1812,1837
1812,2262
1812,2169
1812,2443
1812,2550
1812,2357
1813,2056
1813,2252
1813,1910
1813,2193
1813,2016
1813,2602
1813,2496
1813,2198
1813,2419
1813,1835
1813,2634
1813,2603
1813,2185
1813,2088
1813,2606
1813,2694
1813,1883
1813,2200
1813,2588
1813,2262
1813,1828
1813,2397
1813,1897
1813,1833
1813,2027
1813,2418
1813,1913
1813,1921
1813,2076
1813,2464
1813,2173
1814,2471
1814,2509
1814,2315
1814,2564
1814,2371
1814,2638
1814,2473
1814,1873
1814,1843
1814,2367
1814,2099
1814,2101
1814,2507
1814,1879
1814,2537
1814,1851
1814,2322
1814,2396
1814,2623
1814,2113
1814,2510
1814,2219
1815,2552
1815,2403
1815,2003
1815,2682
1815,2560
1815,2278
1815,2561
1815,2009
1815,1908
1816,2585
1816,1885
1816,2252
1816,1881
1816,2659
1816,2192
1816,2285
1816,2468
1816,2397
1816,2303
1816,1818
1816,2594
1816,2005
1816,1838
1816,2696
1816,1823
1816,2589
1816,1888
1816,1837
1816,2705
1816,1826
1816,2280
1816,1839
1816,2535
1816,2230
1816,2500
1816,2209
1816,2429
1817,2339
1817,2002
1817,2482
1817,2027
1817,2300
1817,2484
1817,2014
1817,1834
1817,2022
1817,2004
1817,2006
1817,2001
1817,2397
1817,2021
1817,1932
1817,2024
1817,2705
1817,2654
1817,2036
1817,1889
1817,1828
1817,2464
1817,2011
1818,2177
1818,2052
1818,2033
1818,2269
1818,1881
1818,2604
1818,2602
1818,2487
1818,2004
1818,2370
1818,2266
1818,1835
1818,2008
1818,2003
1818,2328
1818,2014
1818,2285
1818,2276
1818,1887
1818,1830
1818,2011
1818,2205
1818,2580
1818,2362
1818,2168
1818,2185
1819,1917
1819,1895
1819,2683
1819,1907
1819,2710
1819,2328
1819,2426
1819,2038
1819,1890
1819,2252
1819,2155
1819,2491
1819,2103
1819,1882
1819,1894
1819,2253
1819,2141
1819,2626
1819,1906
1819,2113
1819,2481
1819,2093
1819,2593
1819,2486
1819,1904
1819,1900
1819,1886
1819,1883
1819,2633
1820,2646
1820,2347
1820,2661
1820,2426
1820,2339
1820,2003
1820,2131
1820,1965
1820,2195
1820,2351
1820,2157
1820,2042
1820,2185
1820,1822
1820,2611
1820,2262
1820,2129
1820,1834
1820,1908
1820,2480
1820,2203
1820,1830
1820,1825
1820,2201
1821,2362
1821,2252
1821,1913
1821,2547
1821,2632
1821,2602
1821,2487
1821,2003
1821,1900
1821,2617
1821,2600
1821,2192
1821,2483
1821,1888
1821,2481
1821,2605
1821,1891
1821,2200
1821,1909
1821,1904
1821,2658
1821,2444
1821,1828
1821,1825
1821,2253
1821,2156
1821,1930
1821,1831
1821,2185
1821,2201
1821,2634
1821,2208
1821,1902
1822,2227
1822,2683
1822,1881
1822,2328
1822,2589
1822,1826
1822,2617
1822,2634
1822,1918
1822,2286
1822,1901
1822,2093
1822,1886
1822,2658
1822,2650
1822,2659
1822,2257
1822,2030
1822,1836
1822,2351
1822,1897
1822,1831
1822,2488
1822,2600
1822,2550
1823,1895
1823,1881
1823,1833
1823,2426
1823,1825
1823,2502
1823,2154
1823,2151
1823,2000
1823,2575
1823,2227
1823,1913
1823,1897
1823,1837
1823,2252
1823,2600
1823,2694
1823,2200
1823,2481
1823,2230
1823,2228
1823,1835
1823,2699
1823,2220
1823,2461
1823,2129
1823,1935
1824,2252
1824,2204
1824,2328
1824,2589
1824,2020
1824,2285
1824,1965
1824,2063
1824,2397
1824,2535
1824,2361
1824,2136
1824,2435
1824,2036
1824,1883
1824,2226
1824,2219
1824,1839
1824,2694
1824,2687
1824,2362
1824,1862
1824,2088
1824,1888
1824,1919
1824,2184
1824,2487
1824,2099
1825,1895
1825,1838
1825,2252
1825,1913
1825,1881
1825,2255
1825,2154
1825,2303
1825,2594
1825,1908
1825,1885
1825,2659
1825,1883
1825,2484
1825,2286
1825,1889
1825,2464
1825,2718
1825,2253
1825,1888
1825,2483
1825,1837
1825,1828
1825,2589
1825,1918
1825,2486
1825,1904
1825,1835
1825,2328
1825,2425
1825,2235
1825,2220
1825,2397
1825,2461
1825,1937
1826,2697
1826,2227
1826,1832
1826,1881
1826,1937
1826,2631
1826,1967
1826,2017
1826,1909
1826,2596
1826,2005
1826,2480
1826,2285
1826,1895
1826,1913
1826,2464
1826,2611
1826,2718
1826,2535
1826,1838
1826,2226
1826,1837
1826,2694
1826,1833
1826,2205
1826,2183
1826,2434
1826,2046
1826,2249
1826,2586
1827,2683
1827,2407
1827,2362
1827,1833
1827,2299
1827,1903
1827,1894
1827,2488
1827,2131
1827,1899
1827,2567
1827,2205
1827,2497
1827,2704
1827,2527
1827,2220
1827,2661
1827,1978
1828,2186
1828,1881
1828,2675
1828,2618
1828,2596
1828,2024
1828,1832
1828,2705
1828,2136
1828,1908
1828,2654
1828,2485
1828,1909
1828,1919
1828,2227
1828,1839
1828,1934
1828,1837
1828,1861
1828,2022
1828,2216
1828,2428
1828,2589
1828,2597
1828,2015
1828,2694
1828,2486
1828,1904
1828,2002
1828,1905
1828,2021
1828,2226
1828,2129
1829,2349
1829,2441
1829,2216
1829,2191
1829,2195
1829,2460
1829,2190
1829,2546
1829,2170
1829,2459
1829,2036
1829,2174
1829,2703
1829,2551
1829,1944
1830,2486
1830,1913
1830,1881
1830,2659
1830,2426
1830,2103
1830,2149
1830,1880
1830,1906
1830,2150
1830,2028
1830,2136
1830,2487
1830,1895
1830,2198
1830,2480
1830,2257
1830,2611
1830,2535
1830,1888
1830,2397
1830,2603
1830,1836
1830,1917
1830,2676
1830,2097
1830,2027
1830,2033
1830,1839
1831,2177
1831,1838
1831,2303
1831,2486
1831,2426
1831,1918
1831,2589
1831,2096
1831,2596
1831,2361
1831,2699
1831,2088
1831,2198
1831,2646
1831,2599
1831,2236
1831,2142
1831,2233
1831,2124
1831,2077
1831,2544
1831,2169
1831,1887
1831,2070
1831,2634
1831,2131
1831,2603
1831,1950
1832,2227
1832,1895
1832,2139
1832,2261
1832,2153
1832,2444
1832,2419
1832,2400
1832,2594
1832,1915
1832,1883
1832,2200
1832,1907
1832,2683
1832,2535
1832,2253
1832,1888
1832,2483
1832,2694
1832,2362
1832,2043
1832,2096
1832,2208
1832,2175
1832,2602
1832,2460
1833,2351
1833,2227
1833,2252
1833,1889
1833,2322
1833,2380
1833,2544
1833,2003
1833,2631
1833,2482
1833,2136
1833,2096
1833,2362
1833,2683
1833,1838
1833,2226
1833,2605
1833,2535
1833,2659
1833,2650
1833,1888
1833,2426
1833,2694
1833,2219
1833,1913
1833,2547
1833,2159
1833,2609
1833,2224
1833,2634
1833,1955
1833,2177
1833,2662
1833,1947
1834,2400
1834,2033
1834,2661
1834,2030
1834,2004
1834,2139
1834,2151
1834,2022
1834,2025
1834,2036
1834,2017
1834,2300
1834,2485
1834,1965
1834,2021
1834,2351
1834,2006
1834,2031
1834,1837
1834,2002
1834,2681
1834,1952
1835,2697
1835,2438
1835,2351
1835,2177
1835,1881
1835,2204
1835,2188
1835,2284
1835,2131
1835,2558
1835,2546
1835,2151
1835,2405
1835,2261
1835,1903
1835,2183
1835,2610
1835,2707
1835,2021
1835,2215
1835,2173
1835,2702
1835,2605
1835,2199
1835,1908
1835,2547
1836,2646
1836,2252
1836,2347
1836,2480
1836,2030
1836,2226
1836,2491
1836,2200
1836,2178
1836,2706
1836,2253
1836,2131
1836,2157
1836,2428
1836,2699
1836,2464
1836,2546
1836,1888
1836,2611
1836,2634
1836,2426
1836,2188
1836,2091
1836,2397
1836,1892
1836,2227
1837,2177
1837,2158
1837,2683
1837,2362
1837,2389
1837,2426
1837,2704
1837,2600
1837,2707
1837,2254
1837,2634
1837,2602
1837,2603
1837,2088
1837,2275
1837,2035
1837,2226
1837,1903
1837,1909
1837,2487
1837,2264
1837,1910
1838,1967
1838,2018
1838,2631
1838,2596
1838,2003
1838,2488
1838,1915
1838,2200
1838,2718
1838,1883
1838,2659
1838,1888
1838,2397
1838,2407
1838,1913
1838,2480
1838,2694
1838,2362
1838,1889
1838,2544
1838,2131
1838,2228
1838,2191
1838,2516
1838,2430
1838,2284
1838,2090
1839,2134
1839,2347
1839,2632
1839,2426
1839,2226
1839,2203
1839,2200
1839,2131
1839,2254
1839,1965
1839,2631
1839,2575
1839,2180
1839,2485
1839,1903
1839,1898
1839,2286
1839,2697
1839,2715
1839,2625
1840,2384
1840,2240
1840,2472
1840,2378
1840,2475
1840,1859
1840,2415
1840,2478
1840,2381
1840,2539
1840,2537
1840,2382
1840,1912
1840,1845
1840,1844
1840,2314
1840,2323
1840,2614
1840,1870
1840,2245
1840,2533
1840,2473
1840,1865
1841,2317
1841,2087
1841,2471
1841,2620
1841,1853
1841,2537
1841,1864
1841,2105
1841,1846
1841,2534
1841,1845
1841,1862
1841,1843
1841,1865
1842,2074
1842,2303
1842,1896
1842,2531
1842,2532
1842,1855
1842,2539
1842,1849
1842,1875
1842,2572
1842,2099
1842,2118
1842,2021
1842,2322
1842,1846
1842,2614
1842,1910
1842,2218
1842,2565
1842,2080
1842,1912
1843,2074
1843,2507
1843,2471
1843,1870
1843,2470
1843,2385
1843,2469
1843,2531
1843,1871
1843,2378
1843,2323
1843,1874
1843,1878
1843,1845
1843,1851
1843,1872
1843,2499
1843,1879
1844,2158
1844,2622
1844,2613
1844,1967
1844,2320
1844,2531
1844,2473
1844,1864
1844,1853
1844,2574
1844,2112
1844,2118
1844,1847
1844,2084
1844,2512
1844,1974
1844,1877
1844,2368
1844,2119
1844,2098
1844,2478
1844,2373
1845,2384
1845,2367
1845,1864
1845,1871
1845,2102
1845,1873
1845,2322
1845,2405
1845,2312
1845,2572
1845,1865
1845,1851
1845,1847
1845,1953
1845,2104
1845,2573
1845,1861
1845,2246
1845,1858
1845,2521
1845,2510
1845,2316
1845,2376
1845,2380
1845,2392
1845,2410
1846,2646
1846,2119
1846,1930
1846,2387
1846,1872
1846,2710
1846,2470
1846,2257
1846,1863
1846,2117
1846,2529
1846,2110
1846,1862
1846,2573
1846,2104
1846,2367
1846,1882
1846,1854
1846,2112
1846,2475
1846,1892
1846,2312
1846,2363
1847,1917
1847,2086
1847,1870
1847,2510
1847,2315
1847,2323
1847,2394
1847,2469
1847,2473
1847,1871
1847,2537
1847,1849
1847,2521
1847,2314
1847,2312
1847,1874
1847,1854
1847,1877
1847,1867
1847,2620
1847,2471
1847,2531
1848,2717
1848,2701
1848,2365
1848,1867
1848,2644
1848,1882
1848,2478
1848,2340
1848,2095
1848,2512
1848,2327
1848,2612
1848,2418
1849,2392
1849,1924
1849,1858
1849,1974
1849,2473
1849,2590
1849,2382
1849,2534
1849,2086
1849,2377
1849,2322
1849,1851
1849,2652
1849,2405
1849,2372
1849,1869
1849,2316
1849,2447
1849,2465
1849,2384
1849,2481
1849,2512
1849,1853
1850,2246
1850,2509
1850,2377
1850,1857
1850,2415
1850,2364
1850,2565
1850,2091
1850,2507
1850,2701
1850,2539
1850,1855
1850,2513
1850,2099
1850,2405
1850,1974
1850,1869
1850,2143
1850,1953
1851,2505
1851,2087
1851,2378
1851,1859
1851,2701
1851,1876
1851,1931
1851,1872
1851,2392
1851,2323
1851,1974
1851,1863
1851,2148
1851,2539
1851,2312
1851,2510
1851,2316
1851,2640
1851,2074
1851,1871
1851,1870
1851,2533
1851,2382
1851,2479
1851,2564
1851,2710
1852,2317
1852,1862
1852,1867
1852,2531
1852,2151
1852,2198
1852,2366
1853,1859
1853,2392
1853,2086
1853,1876
1853,2363
1853,2510
1853,2472
1853,2371
1853,1864
1853,2109
1853,1877
1853,2641
1853,1865
1853,1861
1853,2647
1853,2528
1853,2590
1853,2395
1853,2323
1853,2322
1853,2258
1853,2574
1854,2317
1854,2240
1854,1876
1854,1856
1854,1863
1854,2570
1854,1864
1854,1871
1854,1858
1854,2537
1854,1928
1854,2378
1854,1874
1854,1862
1854,2055
1854,1861
1854,2094
1854,2093
1854,2104
1854,2395
1854,2701
1854,2313
1854,2410
1854,2314
1854,2312
1854,1912
1854,2106
1854,2614
1854,2074
1854,2464
1854,2372
1854,2091
1855,2384
1855,1896
1855,2568
1855,2392
1855,1953
1855,2086
1855,2377
1855,2564
1855,1871
1855,1874
1855,2322
1855,1865
1855,1858
1855,2537
1855,1873
1855,2620
1855,2376
1855,1867
1855,1861
1856,2365
1856,2615
1856,2377
1856,2478
1856,2371
1856,2107
1856,1874
1856,2539
1856,2322
1856,2373
1856,2323
1856,2382
1856,2537
1856,2100
1856,2507
1856,2622
1856,2473
1856,2533
1856,1878
1856,2396
1856,2471
1856,2020
1856,2408
1856,2364
1857,2698
1857,2505
1857,2377
1857,2386
1857,1882
1857,1928
1857,2094
1857,2401
1857,2370
1857,1863
1857,2320
1857,2573
1857,2539
1857,2109
1857,2574
1857,2105
1857,2405
1857,2157
1857,2566
1857,2257
1857,2364
1857,2402
1858,2652
1858,2365
1858,2246
1858,1874
1858,2387
1858,2323
1858,2315
1858,2479
1858,1871
1858,1862
1858,2510
1858,2385
1858,2386
1858,2260
1858,1863
1858,2405
1858,2533
1858,1878
1858,2392
1858,2312
1858,1867
1858,2214
1859,1896
1859,2322
1859,1870
1859,1868
1859,1867
1859,2377
1859,2314
1859,2371
1859,2074
1859,2365
1859,2146
1859,2469
1859,2081
1859,2143
1859,2385
1859,2513
1859,2392
1859,2570
1859,2376
1859,2465
1859,2396
1859,1869
1859,1919
1860,2134
1860,2490
1860,2360
1860,2098
1860,2373
1860,2468
1860,2129
1860,2112
1860,1882
1860,2091
1860,2101
1860,2089
1860,2363
1860,2331
1860,2370
1860,2117
1860,2405
1860,2083
1860,2158
1860,2081
1860,2596
1860,2144
1860,2691
1861,2384
1861,2134
1861,2074
1861,2246
1861,1953
1861,2472
1861,1875
1861,2385
1861,2475
1861,2531
1861,2382
1861,1877
1861,1865
1861,2095
1861,2478
1861,2324
1861,2102
1861,2080
1862,2074
1862,2695
1862,2365
1862,2323
1862,1882
1862,2392
1862,2110
1862,2533
1862,2510
1862,2479
1862,1873
1862,2371
1862,2086
1862,1876
1862,2570
1862,2382
1863,2134
1863,2598
1863,2399
1863,2564
1863,2116
1863,2504
1863,2313
1863,2087
1863,2368
1863,2472
1863,2614
1863,2376
1863,2245
1863,2539
1863,2157
1863,2402
1863,2499
1863,2366
1863,2616
1864,2392
1864,2475
1864,2473
1864,2539
1864,1873
1864,1867
1864,2382
1864,2622
1864,2399
1864,2108
1864,2360
1864,2465
1865,2528
1865,2507
1865,1870
1865,2504
1865,2069
1865,2320
1865,2570
1865,2314
1865,2415
1865,2572
1865,1878
1865,2368
1865,1867
1865,2094
1866,2102
1866,2630
1866,2072
1867,2119
1867,2365
1867,2083
1867,2315
1867,2620
1867,2321
1867,2473
1867,2647
1867,2465
1867,2396
1867,2340
1867,2652
1867,2095
1867,1874
1867,2099
1867,2525
1867,2322
1867,2378
1867,2572
1867,2387
1867,2514
1867,2682
1868,2652
1868,2598
1868,2377
1868,1872
1868,2510
1868,2564
1868,2370
1868,2638
1868,2378
1868,1979
1868,1874
1868,2382
1868,2473
1868,2366
1868,2098
1868,2373
1868,2533
1868,1878
1868,2645
1868,2660
1869,2134
1869,2369
1869,2074
1869,2365
1869,2646
1869,1870
1869,1953
1869,2378
1869,2475
1869,2371
1869,2565
1869,2396
1869,2340
1869,2240
1869,2119
1869,1879
1869,2093
1869,2478
1869,2620
1869,2614
1869,2376
1869,2380
1869,1878
1869,2613
1869,2068
1869,2075
1870,2507
1870,2392
1870,2086
1870,1871
1870,1872
1870,2323
1870,2531
1870,2472
1870,2387
1870,2385
1870,2094
1870,2102
1870,2074
1870,2513
1870,2473
1870,2376
1870,1953
1870,1877
1870,2620
1870,2510
1870,2316
1870,2521
1870,2560
1870,2043
1871,2074
1871,2378
1871,1876
1871,2476
1871,2374
1871,2465
1871,2111
1871,2322
1871,2384
1871,2404
1871,2395
1872,2086
1872,2372
1872,1953
1872,1875
1872,2385
1872,2382
1872,2367
1872,2365
1872,2622
1872,2473
1872,2386
1872,2095
1872,2396
1872,2038
1872,2620
1872,2316
1872,2634
1873,2384
1873,2528
1873,2472
1873,2475
1873,2367
1873,2529
1873,2415
1873,2320
1873,2531
1873,2513
1873,2570
1873,2102
1873,1874
1873,1876
1873,1879
1873,1877
1873,2615
1873,2410
1873,2352
1874,2074
1874,2507
1874,2392
1874,2086
1874,2510
1874,2378
1874,2092
1874,2573
1874,2391
1874,2240
1874,1896
1874,2314
1874,2323
1874,2214
1875,2507
1875,2701
1875,2365
1875,1953
1875,2564
1875,2371
1875,2447
1875,2378
1875,1876
1875,2385
1875,2717
1875,2372
1875,2102
1875,2614
1875,2376
1875,2514
1875,2465
1875,2044
1876,2652
1876,1912
1876,2322
1876,2373
1876,2382
1876,2537
1876,2371
1876,2086
1876,2405
1876,2390
1876,2112
1876,2574
1876,2370
1876,2564
1876,2465
1876,1890
1876,2408
1876,2402
1876,2499
1876,2219
1877,2317
1877,2507
1877,2243
1877,2323
1877,2531
1877,2408
1877,2322
1877,2630
1877,2538
1877,2385
1877,2104
1877,2384
1878,2143
1878,2335
1878,2402
1878,2312
1878,2479
1878,2622
1878,2316
1878,2613
1878,2074
1878,2365
1878,2465
1879,2384
1879,2371
1879,2091
1879,2117
1879,2366
1879,1919
1880,2400
1880,2675
1880,1967
1880,2563
1880,2103
1880,2018
1880,2033
1880,2565
1880,2136
1880,2557
1880,2222
1880,2116
1880,2022
1880,1900
1880,2137
1880,2311
1880,2026
1880,1903
1880,2005
1881,2015
1881,2486
1881,2102
1881,1901
1881,2444
1881,1886
1881,2328
1881,2351
1881,2262
1881,2650
1881,1899
1881,2634
1881,2480
1881,2589
1881,2599
1881,2673
1881,2567
1881,2418
1881,2131
1881,2228
1881,2606
1881,2284
1881,2090
1881,2609
1881,2282
1881,2439
1881,2413
1882,2387
1882,2138
1882,2345
1882,2539
1882,2531
1882,2128
1882,2012
1882,2336
1882,2101
1882,2080
1882,2573
1882,2320
1882,2622
1882,2116
1882,2574
1882,2384
1882,2481
1882,2389
1882,1904
1882,2488
1883,2229
1883,2033
1883,1889
1883,2158
1883,2333
1883,2659
1883,2337
1883,2107
1883,2378
1883,2679
1883,2484
1883,1902
1883,1894
1883,2152
1883,2055
1883,2428
1883,2153
1883,2419
1883,2031
1883,2487
1883,1905
1883,1897
1883,2111
1883,1909
1883,2588
1883,1907
1883,2589
1883,2481
1883,2486
1883,2408
1883,2138
1883,2109
1883,2156
1883,2144
1883,2150
1883,1956
1884,2302
1884,2301
1884,2304
1884,2445
1884,2557
1884,2147
1884,1912
1884,2446
1884,2126
1884,2306
1884,2682
1884,2673
1885,2597
1885,2158
1885,2134
1885,2608
1885,2007
1885,1953
1885,1906
1885,1908
1885,2133
1885,2094
1885,1900
1885,2625
1885,2099
1885,1905
1885,2259
1885,1893
1885,1886
1885,1894
1885,2124
1885,1898
1885,2253
1885,2600
1885,2525
1886,2400
1886,2018
1886,2138
1886,2126
1886,2103
1886,2123
1886,2014
1886,2129
1886,2288
1886,1912
1886,2654
1886,2481
1886,2339
1886,2198
1886,2121
1886,2594
1886,2130
1886,2600
1886,2219
1886,2446
1887,2404
1887,2633
1887,2100
1887,2444
1887,2631
1887,2152
1887,1890
1887,2257
1887,2680
1887,2284
1887,2261
1887,2596
1887,2396
1887,1894
1887,2428
1887,2658
1887,2543
1887,2080
1887,2035
1887,2205
1887,2011
1887,2694
1887,2588
1887,2577
1887,1898
1887,2599
1887,1897
1887,2228
1888,2526
1888,2252
1888,1889
1888,2303
1888,1930
1888,2221
1888,2200
1888,2634
1888,2261
1888,2535
1888,2157
1888,2419
1888,2128
1888,2575
1888,2276
1888,2259
1888,2014
1888,1901
1888,2611
1888,1918
1888,2216
1888,2480
1888,2674
1888,2190
1889,2177
1889,1895
1889,2003
1889,1911
1889,2259
1889,2157
1889,2150
1889,2659
1889,2603
1889,2407
1889,2694
1889,1918
1889,1897
1889,2497
1889,2393
1889,2069
1889,1936
1889,2090
1889,2591
1889,1907
1889,2489
1889,2257
1890,2134
1890,2130
1890,1907
1890,2057
1890,2510
1890,2149
1890,2124
1890,2534
1890,2146
1890,2121
1890,2094
1890,2342
1890,1914
1890,2594
1890,2485
1890,1917
1890,2596
1890,1904
1890,2475
1890,1893
1890,2390
1890,1905
1890,2595
1890,2150
1890,1894
1890,2566
1890,2155
1890,2229
1890,2617
1890,2028
1890,2627
1890,2361
1890,2054
1891,2015
1891,2018
1891,2006
1891,1918
1891,2000
1891,1906
1891,2284
1891,1908
1891,2560
1891,1909
1891,1917
1891,2481
1891,2458
1891,2675
1891,2594
1891,2339
1892,2641
1892,2633
1892,2252
1892,2632
1892,2436
1892,2200
1892,2426
1892,2093
1892,2035
1892,1914
1892,2428
1892,2485
1892,1919
1892,2140
1892,2005
1892,2198
1892,2130
1892,1902
1892,2464
1892,2600
1892,2694
1892,2654
1892,2098
1892,1904
1893,1910
1893,2544
1893,2661
1893,2444
1893,2154
1893,2342
1893,2398
1893,2149
1893,2625
1893,2140
1893,2408
1893,2532
1893,2468
1893,1894
1893,1901
1893,2124
1893,1928
1893,2654
1893,2158
1893,2151
1893,2426
1893,2401
1893,2133
1893,2113
1893,1919
1893,2575
1893,2491
1893,1903
1894,2553
1894,2126
1894,2260
1894,2398
1894,2431
1894,2399
1894,1914
1894,2634
1894,1915
1894,2012
1894,2094
1894,2139
1894,2380
1894,2566
1894,2626
1894,2654
1894,1906
1894,2488
1894,1998
1894,2418
1894,2710
1895,2177
1895,2158
1895,2153
1895,2034
1895,2396
1895,2008
1895,2674
1895,2256
1895,2594
1895,2261
1895,1909
1895,1897
1895,2680
1895,1904
1895,2398
1895,2124
1895,2022
1895,2254
1895,2039
1895,2718
1895,2018
1895,2600
1895,2601
1895,2263
1895,2259
1895,2453
1895,2267
1895,1961
1896,2135
1896,2141
1896,2112
1896,2007
1896,2336
1896,2092
1896,2320
1896,2572
1896,2367
1896,2110
1896,2083
1896,2365
1896,2710
1896,2532
1896,2101
1896,2574
1896,2119
1896,2216
1897,2683
1897,2160
1897,2704
1897,2625
1897,2553
1897,2053
1897,1900
1897,2303
1897,1898
1897,2397
1897,2256
1897,2535
1897,2464
1897,2129
1897,2124
1897,1908
1897,2605
1897,2153
1897,1917
1897,2596
1897,2093
1897,2430
1897,2088
1897,2099
1897,2235
1897,2588
1897,1910
1897,1902
1897,2261
1897,2694
1898,2252
1898,2595
1898,2633
1898,2342
1898,2661
1898,2339
1898,2631
1898,2345
1898,2625
1898,2053
1898,2263
1898,2158
1898,2255
1898,2599
1898,2485
1898,2284
1898,2428
1898,1911
1898,1905
1898,1904
1898,2658
1898,2157
1898,2654
1898,2512
1898,2447
1898,2253
1898,2306
1898,1918
1898,2694
1898,1910
1898,2201
1898,2147
1899,2641
1899,2090
1899,2198
1899,2502
1899,2103
1899,2150
1899,1937
1899,2548
1899,2680
1899,2398
1899,2140
1899,1980
1899,2561
1899,2152
1899,2481
1899,2229
1899,1900
1899,2605
1899,2597
1899,2106
1899,2626
1899,2485
1899,2567
1899,2202
1899,2484
1899,2155
1899,2617
1899,2123
1899,1971
1900,2407
1900,2130
1900,1910
1900,2347
1900,2343
1900,2127
1900,2367
1900,2553
1900,2311
1900,2294
1900,2682
1900,2000
1900,2593
1900,1914
1900,2599
1900,2005
1900,2491
1900,1909
1900,2318
1900,2124
1900,2261
1900,2481
1900,2021
1900,2597
1901,2646
1901,2597
1901,2342
1901,2631
1901,2517
1901,2625
1901,2285
1901,2634
1901,1914
1901,2468
1901,2253
1901,2611
1901,2567
1901,2331
1901,1908
1901,1906
1901,2658
1901,2486
1901,2680
1901,2481
1901,2416
1902,2362
1902,1907
1902,2661
1902,2303
1902,2631
1902,2154
1902,2131
1902,2142
1902,2428
1902,1905
1902,2680
1902,2654
1902,2398
1902,2593
1902,2481
1902,2464
1902,2603
1902,2597
1902,2006
1902,1909
1902,2276
1902,2567
1902,2718
1902,2233
1902,1910
1902,2201
1902,2285
1902,2191
1902,2626
1902,2238
1902,2599
1903,2696
1903,2018
1903,2659
1903,2675
1903,2284
1903,2252
1903,2553
1903,2300
1903,2276
1903,1916
1903,2428
1903,2694
1903,2136
1903,2718
1903,2156
1903,2633
1903,2485
1903,1905
1903,2139
1903,2674
1903,2255
1903,2198
1903,2444
1903,1914
1903,2088
1904,2134
1904,2622
1904,2466
1904,2606
1904,2620
1904,1907
1904,2198
1904,2154
1904,2284
1904,2139
1904,2679
1904,2673
1904,2035
1904,2617
1904,2680
1904,2658
1904,2561
1904,2464
1904,2260
1904,1919
1904,2104
1904,2200
1904,1909
1904,2588
1904,2205
1904,2120
1904,2233
1904,2535
1904,2435
1904,1965
1904,2012
1905,2288
1905,1957
1905,2536
1905,2289
1905,2426
1905,2039
1905,2328
1905,2631
1905,2419
1905,2069
1905,2155
1905,2484
1905,2707
1905,2002
1905,2149
1905,2573
1905,2428
1905,2597
1905,2015
1905,2535
1905,2102
1905,2361
1905,2007
1905,2654
1905,2110
1905,2156
1905,2491
1905,1909
1905,2594
1905,2593
1905,2327
1905,1939
1905,2133
1905,2488
1905,1911
1905,2075
1905,2220
1905,2215
1905,2599
1905,2091
1905,2195
1906,2646
1906,2070
1906,2486
1906,2158
1906,2659
1906,2632
1906,2426
1906,2127
1906,2444
1906,2152
1906,2131
1906,2600
1906,2398
1906,1999
1906,2261
1906,2256
1906,2596
1906,2099
1906,2137
1906,2093
1906,2023
1906,2124
1906,2594
1906,2679
1906,2000
1906,2485
1906,2259
1906,2366
1906,2488
1906,1907
1906,2101
1906,2694
1906,2215
1906,2527
1907,2641
1907,1910
1907,2142
1907,2152
1907,1908
1907,2679
1907,2140
1907,2625
1907,2596
1907,2445
1907,2154
1907,2150
1907,2092
1907,2286
1907,2646
1907,2021
1907,2103
1907,2284
1907,2486
1907,2718
1907,2397
1907,2100
1907,2303
1907,1915
1907,2497
1907,2226
1907,1985
1908,1953
1908,2480
1908,2330
1908,2154
1908,2625
1908,2419
1908,2284
1908,2600
1908,1965
1908,2117
1908,2397
1908,2464
1908,2447
1908,2141
1908,2125
1908,2035
1908,2133
1908,1919
1908,2236
1908,2015
1908,2694
1908,2485
1908,2191
1909,2251
1909,2152
1909,2284
1909,2003
1909,2643
1909,2634
1909,2261
1909,2596
1909,2397
1909,2136
1909,2088
1909,2658
1909,1918
1909,2694
1909,2679
1909,2035
1909,2611
1909,1911
1909,2480
1909,2674
1909,2228
1909,2184
1909,2123
1909,2026
1909,2680
1909,2491
1909,2103
1909,2407
1909,2213
1909,2419
1909,2157
1909,2129
1910,2563
1910,2140
1910,2633
1910,2245
1910,2347
1910,2575
1910,2631
1910,2599
1910,2256
1910,2103
1910,2679
1910,1919
1910,1917
1910,2596
1910,2092
1910,2674
1910,2626
1910,2129
1910,2226
1910,2219
1910,2205
1910,2634
1910,2209
1910,2130
1910,2421
1911,2597
1911,2202
1911,2018
1911,2659
1911,2491
1911,2444
1911,2152
1911,2027
1911,2617
1911,1918
1911,2341
1911,2553
1911,2036
1911,2259
1911,2588
1911,2017
1911,2205
1911,2328
1911,2594
1911,2150
1911,1915
1911,2261
1911,2373
1911,2718
1912,2083
1912,2323
1912,2385
1912,2565
1912,2138
1912,2091
1912,2123
1912,2626
1912,2403
1912,2109
1912,2115
1912,2473
1912,2084
1912,2281
1912,2122
1912,2198
1912,2101
1912,2360
1912,2099
1912,2146
1912,2020
1912,2573
1913,2351
1913,2288
1913,2202
1913,2033
1913,2035
1913,2631
1913,2481
1913,2259
1913,2177
1913,2131
1913,2252
1913,2483
1913,2399
1913,2124
1913,2706
1913,2430
1913,2700
1913,1951
1913,1992
1913,2292
1914,2227
1914,2087
1914,1917
1914,2263
1914,2032
1914,2198
1914,2124
1914,2625
1914,2155
1914,2600
1914,2680
1914,2142
1914,2128
1914,2599
1914,2679
1914,2485
1914,2631
1914,2437
1914,2253
1914,2694
1914,2133
1914,2230
1915,2143
1915,2239
1915,2595
1915,1937
1915,2482
1915,2139
1915,2553
1915,2132
1915,2103
1915,2477
1915,2646
1915,2366
1915,2231
1915,2654
1915,2633
1915,2398
1915,2588
1915,2370
1915,2491
1915,2397
1915,2124
1915,2594
1916,2697
1916,2556
1916,2678
1916,2339
1916,2278
1916,1985
1916,2082
1916,2542
1916,2149
1916,2360
1916,2554
1916,2311
1916,2129
1916,2451
1916,2153
1916,2346
1916,2004
1916,2260
1916,2122
1916,2026
1917,2034
1917,2151
1917,2129
1917,2146
1917,2573
1917,2261
1917,2444
1917,2157
1917,2617
1917,2599
1917,2561
1917,2658
1917,2033
1917,2252
1917,2284
1917,2200
1917,2659
1917,2650
1917,2124
1917,2263
1917,2216
1917,2501
1917,2600
1917,2361
1917,2668
1918,2646
1918,2362
1918,2263
1918,2033
1918,2444
1918,2407
1918,2328
1918,2561
1918,2014
1918,2139
1918,2256
1918,2152
1918,2028
1918,2136
1918,2021
1918,2488
1918,2535
1918,2253
1918,2650
1918,2397
1918,2027
1918,2501
1918,2018
1918,2600
1918,2589
1918,2486
1918,2699
1918,2041
1918,2550
1919,2130
1919,2363
1919,2444
1919,2152
1919,2625
1919,2428
1919,2397
1919,2236
1919,2633
1919,2611
1919,2464
1919,2658
1919,2026
1919,2401
1919,2594
1919,2486
1919,2133
1919,2480
1919,2018
1919,2593
1919,2205
1919,2362
1919,2075
1919,2481
1919,2706
1920,2697
1920,2438
1920,2288
1920,2629
1920,2434
1920,2232
1920,2333
1920,2204
1920,2516
1920,2467
1920,2436
1920,2069
1920,1923
1920,2090
1920,2413
1920,2431
1920,2276
1920,2354
1920,1944
1920,2182
1920,2234
1920,2072
1920,1922
1920,2213
1920,2518
1920,2163
1920,1959
1920,1939
1920,2215
1920,1933
1920,1925
1920,2606
1920,2248
1920,2013
1921,2353
1921,2291
1921,2289
1921,2222
1921,2207
1921,1986
1921,2670
1921,2204
1921,2662
1921,2160
1921,2354
1921,2299
1921,2607
1921,2704
1921,2502
1921,2131
1921,2218
1921,2684
1921,2441
1921,2431
1921,2397
1921,2168
1921,2213
1921,2210
1921,1950
1921,2358
1921,2261
1921,2164
1921,1954
1921,2427
1921,2136
1921,2627
1921,2068
1921,2041
1921,2429
1921,2174
1922,2438
1922,2220
1922,2352
1922,2434
1922,2134
1922,1946
1922,2416
1922,2193
1922,1979
1922,2289
1922,1959
1922,2013
1922,1943
1922,1944
1922,1939
1922,1952
1922,2170
1922,1935
1922,2042
1922,2160
1922,2207
1922,2294
1922,1947
1923,2698
1923,2291
1923,2186
1923,2161
1923,1925
1923,1930
1923,2662
1923,2480
1923,2077
1923,1934
1923,2436
1923,2653
1923,1969
1923,2417
1923,2333
1923,2527
1923,2699
1923,2218
1923,2209
1923,2511
1923,2220
1923,2414
1923,1950
1923,2518
1923,2467
1923,1958
1923,2055
1923,1987
1923,2164
1923,1947
1923,2715
1923,1939
1923,1933
1923,2665
1924,2409
1924,2181
1924,2050
1924,2533
1924,1964
1924,2399
1924,2068
1924,2520
1924,1938
1924,2497
1924,2212
1924,2309
1924,2060
1924,2704
1924,2412
1924,2282
1924,2501
1924,2210
1924,2571
1924,2618
1924,2393
1924,2299
1924,2073
1924,1945
1924,2709
1924,1998
1924,2604
1924,2416
1924,2063
1924,1969
1924,2667
1924,2544
1924,2059
1924,2225
1924,2572
1924,1990
1924,1968
1924,2297
1924,2657
1924,2422
1925,2697
1925,2291
1925,2173
1925,2478
1925,2700
1925,2500
1925,2218
1925,2237
1925,2213
1925,2282
1925,2053
1925,1958
1925,2436
1925,2352
1925,1951
1925,2698
1925,2604
1925,2181
1925,1968
1925,2203
1925,2292
1925,2433
1925,2207
1925,2348
1925,2160
1925,1926
1925,2075
1925,1934
1925,2629
1925,1971
1925,2441
1925,1944
1925,1939
1925,2046
1925,1952
1925,2298
1925,1942
1926,1957
1926,2639
1926,2289
1926,2657
1926,2199
1926,2604
1926,2516
1926,2221
1926,2211
1926,2629
1926,1950
1926,2201
1926,2298
1926,2416
1926,2707
1926,2443
1926,2249
1926,2013
1926,2046
1926,1952
1926,2649
1926,2414
1926,1940
1926,2218
1926,2191
1926,1945
1926,2436
1926,1951
1926,2209
1926,2064
1926,2700
1926,1948
1926,1933
1926,2205
1927,2438
1927,1946
1927,2637
1927,1989
1927,2324
1927,2564
1927,2079
1927,2500
1927,2506
1927,2649
1927,2524
1927,2427
1927,2511
1927,2220
1927,2414
1927,2075
1927,2422
1927,2231
1927,2522
1927,2591
1927,1966
1927,1998
1927,2667
1927,2059
1927,2181
1927,2056
1927,1990
1927,2072
1927,2432
1928,2214
1928,2638
1928,2538
1928,2104
1928,2080
1928,2081
1928,2121
1928,2475
1929,2520
1929,2438
1929,2222
1929,2070
1929,2494
1929,1985
1929,2547
1929,2508
1929,2627
1929,2218
1929,2279
1929,2224
1929,2232
1929,2523
1929,2518
1929,2299
1929,2649
1929,2148
1929,2439
1929,2249
1929,2058
1929,1961
1929,2619
1929,2427
1929,2624
1929,2527
1929,2042
1929,2422
1929,2063
1929,1966
1929,2064
1929,2251
1929,1983
1929,2669
1929,1964
1929,2013
1929,2715
1929,1939
1929,2298
1929,2492
1930,2501
1930,2362
1930,2207
1930,2202
1930,2440
1930,2229
1930,2096
1930,2456
1930,2262
1930,2131
1930,2206
1930,2205
1930,2078
1930,1995
1930,2215
1930,1941
1930,2425
1930,1940
1930,2236
1930,2204
1930,2234
1930,2209
1930,2211
1930,2502
1930,2427
1930,2607
1930,2054
1930,2282
1930,1959
1930,1934
1930,1947
1930,2618
1930,1939
1930,1978
1930,2657
1931,2507
1931,2701
1931,2340
1932,2526
1932,2456
1932,2056
1932,2501
1932,2207
1932,2070
1932,2494
1932,2522
1932,2607
1932,2544
1932,2096
1932,2062
1932,1970
1932,2358
1932,2649
1932,2176
1932,2053
1932,2048
1932,2201
1932,2220
1932,2237
1932,2352
1932,1941
1932,2523
1932,1938
1932,2211
1932,2221
1932,2333
1932,2236
1932,2525
1932,1961
1932,2665
1932,2479
1932,2073
1932,1981
1932,2684
1932,2626
1932,2238
1932,2297
1932,1958
1933,2697
1933,1957
1933,1937
1933,2624
1933,2436
1933,2298
1933,1955
1933,2361
1933,2223
1933,2176
1933,1958
1933,1991
1933,2163
1933,2218
1933,1948
1933,2484
1933,2578
1933,2296
1933,1939
1934,2697
1934,2456
1934,2434
1934,2292
1934,2501
1934,1937
1934,2201
1934,2500
1934,2218
1934,2518
1934,2048
1934,2416
1934,2045
1934,2291
1934,2440
1934,2297
1934,2467
1934,2441
1934,2687
1934,2076
1934,1942
1934,1956
1935,2207
1935,2033
1935,2221
1935,1943
1935,1937
1935,2199
1935,1936
1935,2435
1935,1942
1935,2483
1935,2431
1935,2333
1935,2422
1935,1952
1935,2292
1935,2668
1935,2527
1935,2519
1935,2425
1935,2262
1935,2496
1935,2073
1935,2352
1935,1956
1935,1959
1935,2502
1936,2288
1936,2056
1936,2434
1936,2291
1936,2222
1936,2100
1936,2294
1936,2496
1936,2239
1936,2502
1936,2618
1936,2349
1936,2634
1936,2418
1936,2700
1936,2699
1936,2218
1936,2609
1936,2221
1936,2167
1936,2361
1936,1938
1936,2698
1936,2213
1936,2667
1936,2279
1936,1942
1936,2456
1936,1971
1936,1980
1936,1996
1936,2540
1936,2073
1936,2431
1936,2237
1936,2422
1936,1952
1936,2282
1937,2526
1937,2520
1937,2290
1937,2194
1937,2289
1937,2231
1937,2161
1937,2440
1937,1954
1937,2609
1937,2294
1937,2670
1937,2607
1937,2211
1937,2013
1937,2692
1937,2173
1937,2540
1937,1958
1937,1942
1937,2330
1937,1960
1937,2160
1937,1977
1937,2516
1937,2422
1937,1969
1937,2049
1937,2176
1937,2467
1937,2698
1937,2436
1937,2202
1937,2687
1937,2669
1937,2292
1937,2333
1937,2527
1938,2232
1938,2070
1938,2629
1938,2294
1938,2199
1938,2131
1938,2578
1938,2397
1938,2129
1938,2567
1938,2699
1938,2182
1938,2361
1938,2631
1938,2443
1938,2237
1938,2207
1938,2348
1938,2204
1938,2627
1938,2439
1939,2438
1939,2222
1939,2193
1939,2333
1939,2204
1939,2618
1939,2076
1939,2013
1939,2431
1939,2160
1939,2348
1939,2700
1939,2699
1939,2223
1939,2176
1939,2591
1939,2518
1940,2434
1940,2289
1940,2202
1940,2264
1940,2585
1940,2491
1940,2519
1940,2175
1940,2702
1940,2279
1940,2704
1940,2234
1940,2041
1940,2182
1940,2180
1940,2596
1940,2220
1940,2073
1940,1977
1940,1998
1940,2077
1940,2072
1940,1959
1940,2440
1940,2160
1941,2186
1941,2494
1941,2687
1941,2077
1941,2185
1941,2699
1941,2279
1941,2361
1941,2348
1941,2220
1941,2208
1941,2230
1941,2618
1941,2435
1941,2048
1941,2192
1941,2163
1941,2223
1941,2297
1941,2013
1941,2176
1941,1956
1942,2290
1942,2194
1942,1957
1942,2353
1942,2704
1942,2702
1942,2418
1942,2414
1942,1955
1942,1945
1942,1966
1942,1997
1942,2579
1942,1956
1943,2289
1943,2440
1943,2349
1943,1985
1943,2496
1943,2706
1943,2353
1943,2062
1943,2535
1943,2699
1943,2624
1943,2236
1943,2352
1943,1951
1943,2591
1943,1983
1943,2264
1943,1973
1943,2354
1943,2467
1943,1947
1943,2237
1943,2431
1943,2294
1943,2665
1943,2441
1943,2247
1944,2351
1944,2056
1944,2289
1944,2662
1944,2294
1944,2502
1944,2706
1944,2236
1944,2501
1944,2219
1944,2264
1944,2217
1944,1950
1944,2348
1944,2527
1944,2433
1944,2071
1944,1977
1944,2299
1944,2607
1944,2296
1944,2211
1944,2352
1944,2201
1945,2291
1945,2440
1945,1985
1945,2264
1945,2358
1945,2188
1945,2048
1945,2441
1945,2412
1945,2350
1945,2443
1945,2484
1945,2229
1945,2041
1945,2416
1945,1951
1945,1955
1945,2212
1945,2704
1945,2046
1946,2526
1946,2563
1946,2108
1946,2507
1946,2095
1946,2679
1946,2569
1946,2293
1946,2324
1946,2068
1946,2043
1946,2706
1946,2437
1946,2418
1946,2051
1946,1995
1946,2692
1946,2685
1946,2636
1946,2629
1946,2358
1946,2506
1946,2046
1946,2494
1946,2061
1946,2422
1946,2607
1946,1980
1946,2055
1946,1966
1946,2065
1946,2064
1946,2641
1946,2059
1946,1990
1946,2669
1946,2058
1947,2337
1947,2501
1947,2434
1947,2222
1947,2353
1947,2657
1947,2333
1947,2264
1947,2298
1947,2350
1947,2348
1947,2236
1947,2441
1947,2206
1947,2694
1947,2059
1947,2197
1947,1948
1947,2349
1947,1951
1948,2434
1948,2289
1948,2077
1948,2704
1948,2435
1948,2161
1948,2303
1948,2073
1948,2355
1948,2687
1948,2217
1948,1991
1948,2297
1949,2582
1949,2168
1949,2267
1949,2268
1949,2610
1949,2265
1949,2442
1949,2423
1949,2131
1949,2460
1950,2207
1950,2440
1950,2657
1950,2292
1950,2516
1950,2364
1950,2226
1950,2497
1950,2548
1950,1961
1950,2671
1950,2578
1950,2431
1950,2159
1950,1980
1950,2699
1950,2624
1950,2236
1950,2352
1950,1998
1950,2467
1950,2355
1950,2697
1950,2218
1950,2704
1950,2604
1950,2526
1950,2232
1950,2523
1950,2627
1951,2202
1951,2160
1951,1993
1951,2607
1951,2496
1951,2519
1951,2467
1951,2649
1951,2298
1951,2048
1951,2046
1951,2041
1951,1961
1951,2159
1951,2157
1951,2551
1951,2500
1951,2715
1951,2599
1951,2237
1951,2232
1951,2523
1951,2073
1951,2698
1951,2213
1951,2212
1951,2706
1951,2282
1951,2350
1951,2059
1951,2227
1951,2238
1951,2111
1952,2697
1952,2375
1952,2056
1952,2698
1952,2222
1952,2186
1952,2548
1952,2160
1952,2294
1952,2618
1952,2702
1952,2079
1952,2467
1952,2013
1952,2700
1952,2629
1952,2441
1952,2624
1952,2527
1952,2236
1952,2333
1952,2357
1952,2291
1952,2659
1952,2654
1952,2431
1952,2182
1952,2167
1952,2361
1952,2238
1952,2352
1952,1958
1952,2523
1952,2218
1952,2208
1953,2143
1953,2015
1953,2322
1953,2382
1953,1974
1953,2371
1953,2478
1953,2475
1953,2402
1953,2095
1953,2590
1953,2396
1953,2052
1953,2620
1953,2316
1953,2566
1953,2525
1953,2309
1953,2069
1953,2507
1953,2701
1953,2410
1954,2291
1954,2427
1954,2199
1954,2607
1954,2516
1954,2502
1954,2077
1954,2041
1954,2224
1954,2333
1954,2527
1954,2500
1954,2414
1954,1992
1954,2435
1954,2700
1954,2611
1954,2706
1954,2467
1954,1955
1954,2425
1954,2237
1954,2063
1954,2626
1954,2238
1954,2090
1954,2439
1955,2325
1955,2222
1955,2494
1955,1985
1955,2389
1955,2292
1955,2687
1955,2299
1955,2242
1955,2048
1955,2497
1955,2071
1955,2698
1955,2654
1955,2638
1955,2218
1955,2425
1955,2238
1955,2236
1955,2439
1955,1991
1955,2604
1955,2210
1955,1969
1955,2163
1955,2709
1955,2046
1956,2624
1956,2160
1956,1985
1956,2496
1956,2053
1956,2668
1956,2650
1956,2161
1956,1983
1956,1957
1956,2709
1956,2687
1956,2168
1956,2494
1956,2163
1957,2337
1957,2290
1957,2580
1957,2629
1957,2229
1957,2527
1957,2217
1957,2199
1957,2434
1957,1977
1957,2519
1957,2696
1957,2467
1957,2194
1957,2523
1957,1959
1957,2013
1957,2176
1957,2348
1957,2207
1957,2422
1957,2657
1957,2294
1958,2456
1958,2289
1958,2222
1958,2186
1958,2264
1958,2292
1958,2051
1958,2696
1958,2502
1958,2519
1958,2484
1958,2436
1958,2602
1958,2700
1958,2497
1958,2626
1958,2352
1958,2190
1958,2435
1958,2425
1958,2282
1958,2235
1958,2518
1958,2073
1958,2667
1958,2298
1958,2492
1958,2181
1958,1987
1958,2213
1958,2500
1959,2624
1959,2641
1959,2232
1959,2515
1959,2354
1959,2292
1959,2668
1959,2195
1959,2269
1959,2523
1959,2375
1959,2328
1959,2191
1959,2272
1959,2178
1959,1990
1959,2546
1960,2375
1960,2289
1960,2207
1960,2155
1960,2713
1960,2511
1960,2699
1960,2225
1960,2048
1960,2653
1960,1977
1960,2495
1960,2591
1960,2047
1960,2040
1960,1987
1960,2299
1960,2684
1960,2569
1960,2078
1960,2069
1960,2492
1961,2526
1961,2222
1961,2207
1961,1986
1961,1970
1961,2686
1961,2399
1961,2335
1961,2294
1961,2051
1961,2604
1961,2704
1961,2519
1961,1985
1961,2495
1961,2653
1961,2071
1961,2048
1961,2506
1961,2700
1961,2512
1961,2599
1961,2699
1961,2208
1961,2655
1961,2279
1961,2327
1961,2079
1961,2379
1961,2225
1961,1990
1961,2684
1962,2717
1962,2520
1962,2511
1962,2375
1962,2641
1962,2318
1962,2709
1962,2522
1962,2330
1962,2706
1962,2665
1962,1998
1962,1977
1962,2667
1962,1992
1962,1982
1962,2441
1962,2416
1962,2669
1962,1964
1962,2527
1962,1963
1962,1987
1962,2492
1963,2207
1963,2070
1963,2181
1963,1970
1963,1989
1963,2232
1963,1997
1963,2192
1963,1969
1963,2375
1963,2422
1963,2692
1963,2283
1963,2715
1963,2667
1963,2664
1963,2357
1963,1981
1963,1964
1963,1990
1964,2379
1964,2629
1964,2522
1964,2687
1964,2709
1964,2239
1964,2318
1964,2437
1964,2044
1964,1993
1964,2540
1964,1980
1964,1969
1964,2669
1964,2418
1964,2383
1964,2054
1964,2055
1964,2133
1964,2066
1964,2071
1964,2212
1964,1977
1964,2049
1964,2045
1964,1990
1964,2492
1964,2432
1964,1981
1964,1983
1965,2585
1965,2641
1965,2303
1965,2226
1965,2139
1965,2096
1965,2285
1965,2025
1965,2702
1965,2605
1965,2407
1965,2718
1965,2397
1965,2228
1965,2191
1965,2165
1966,2494
1966,2379
1966,2709
1966,2427
1966,2277
1966,2467
1966,2076
1966,1993
1966,2318
1966,2062
1966,2309
1966,2340
1966,2607
1966,2061
1966,2068
1966,2330
1966,2166
1966,1992
1966,1990
1966,2056
1966,2432
1966,2148
1966,2054
1966,2571
1966,2334
1966,2417
1967,2347
1967,2676
1967,2675
1967,2328
1967,2030
1967,2023
1967,2575
1967,2000
1967,2674
1967,2009
1967,2159
1968,2349
1968,2232
1968,2057
1968,2607
1968,2166
1968,2589
1968,2218
1968,2041
1968,2249
1968,2361
1968,2350
1968,2494
1968,2588
1968,1995
1968,1991
1968,2291
1968,2714
1968,2432
1968,2667
1968,2571
1968,2440
1968,2064
1968,2619
1968,2666
1968,2374
1968,2015
1968,2049
1968,2503
1969,2693
1969,2656
1969,2503
1969,2291
1969,2494
1969,2162
1969,2709
1969,2437
1969,1973
1969,2201
1969,1995
1969,1996
1969,2609
1969,2715
1969,2327
1969,2054
1969,2704
1969,2615
1969,2333
1969,2192
1969,2350
1969,1993
1969,2604
1969,2416
1969,1983
1969,1971
1969,2506
1969,2412
1969,2432
1969,2299
1969,2064
1969,2431
1969,2247
1970,2375
1970,2714
1970,2709
1970,2427
1970,2718
1970,2399
1970,2706
1970,2051
1970,2571
1970,2072
1970,2067
1970,2062
1970,2648
1970,2409
1970,2700
1970,2053
1970,2225
1970,2502
1970,2166
1970,1976
1970,2071
1970,2660
1970,2064
1970,2716
1970,1992
1970,2671
1970,1978
1970,1973
1970,2662
1971,1989
1971,2709
1971,2242
1971,2221
1971,2639
1971,2592
1971,1978
1971,2495
1971,2511
1971,2041
1971,2283
1971,2071
1971,2047
1971,2619
1971,1998
1971,2277
1972,2135
1972,2245
1972,2512
1972,2637
1972,2241
1972,2691
1972,2612
1972,2326
1972,2714
1972,2393
1972,2067
1972,2085
1972,2569
1973,2379
1973,2050
1973,2522
1973,2662
1973,2607
1973,2408
1973,2393
1973,2056
1973,2224
1973,2046
1973,1997
1973,2074
1973,1984
1973,2350
1973,2416
1973,2065
1973,2375
1973,2181
1973,1981
1973,1978
1973,2540
1973,2069
1974,2074
1974,2365
1974,2689
1974,2564
1974,2364
1974,2341
1974,2321
1974,2620
1974,2476
1974,2386
1974,2684
1975,2427
1975,2502
1975,2412
1975,1980
1975,2716
1975,2669
1975,2068
1975,2350
1975,2655
1975,2425
1975,2418
1975,2241
1975,2664
1975,2604
1975,2416
1975,2040
1975,1983
1975,2494
1975,2071
1975,2524
1975,2245
1976,2409
1976,2400
1976,2639
1976,2330
1976,2242
1976,1997
1976,2495
1976,2225
1976,2067
1976,2044
1976,2616
1976,2241
1976,1989
1976,2571
1976,2042
1976,2350
1976,2055
1976,2655
1976,2417
1976,1995
1976,2493
1976,2075
1976,2192
1976,1998
1976,2049
1976,1981
1976,2222
1976,2416
1976,1990
1977,2409
1977,2148
1977,2056
1977,2656
1977,2503
1977,2162
1977,2657
1977,2427
1977,2057
1977,2278
1977,2239
1977,2077
1977,2244
1977,2071
1977,2046
1977,1989
1977,2571
1977,2249
1977,2063
1977,2665
1977,2414
1977,2175
1977,2715
1977,2467
1977,2079
1977,2525
1977,2480
1977,1995
1977,2492
1977,2253
1977,2059
1977,2667
1977,1991
1977,2041
1977,2518
1977,2636
1977,2248
1977,2054
1978,2375
1978,2056
1978,2639
1978,2379
1978,2050
1978,2709
1978,2506
1978,2277
1978,2503
1978,2691
1978,2054
1978,2540
1978,2684
1978,2511
1978,2248
1978,2671
1978,2181
1978,2659
1978,2283
1978,1983
1978,2715
1978,2251
1978,2064
1978,2350
1978,2619
1978,2525
1978,2666
1978,2687
1978,2640
1979,2052
1979,2318
1979,2686
1979,2293
1979,2704
1979,2712
1979,2616
1979,2070
1979,2566
1979,2391
1979,2250
1979,2524
1979,2090
1979,2569
1979,2060
1979,2410
1979,2484
1979,1999
1979,2182
1979,2439
1979,2474
1980,2637
1980,2503
1980,2135
1980,2318
1980,2496
1980,2225
1980,2422
1980,2071
1980,2684
1980,2508
1980,1995
1980,2439
1980,2350
1980,2277
1980,2571
1980,2192
1980,1998
1980,2522
1980,2425
1980,2049
1980,2040
1980,1983
1980,2527
1980,2715
1981,2698
1981,2624
1981,2409
1981,2318
1981,2051
1981,2248
1981,2204
1981,2495
1981,2044
1981,2422
1981,2374
1981,2591
1981,2047
1981,2508
1981,2220
1981,2072
1981,2375
1981,2181
1981,1987
1981,2666
1981,2667
1981,2049
1981,1993
1981,2067
1981,2715
1981,2669
1981,2540
1981,2055
1981,2207
1981,2692
1981,2299
1981,2686
1981,2395
1982,2639
1982,2181
1982,2299
1982,2704
1982,2225
1982,2709
1982,2192
1982,2412
1982,2324
1982,1984
1982,2655
1982,2043
1982,2251
1982,2439
1982,2056
1982,2212
1982,2434
1982,2669
1982,1983
1982,2209
1982,2045
1983,2056
1983,2181
1983,1989
1983,2522
1983,2686
1983,2330
1983,2618
1983,1997
1983,2068
1983,2057
1983,2527
1983,2715
1983,2043
1983,2173
1983,1991
1983,1990
1983,2249
1983,2069
1984,2503
1984,2301
1984,2375
1984,2181
1984,2522
1984,2299
1984,2242
1984,2264
1984,2383
1984,2044
1984,2248
1984,2054
1984,2072
1984,2055
1984,2540
1984,2079
1984,1991
1984,2042
1984,2241
1984,2518
1984,2474
1984,2350
1984,2667
1984,2049
1984,2045
1984,1992
1984,2715
1985,2375
1985,2056
1985,2078
1985,1999
1985,2067
1985,2239
1985,2516
1985,2618
1985,2436
1985,2212
1985,2236
1985,1991
1985,2008
1985,2687
1985,2063
1985,2456
1985,2422
1985,2604
1985,2059
1985,1990
1985,2425
1985,2716
1985,2172
1985,2150
1986,2404
1986,2148
1986,2074
1986,2711
1986,2070
1986,2052
1986,2231
1986,2137
1986,2390
1986,2002
1986,2201
1986,2249
1986,2637
1986,2044
1986,2520
1986,2617
1986,2505
1986,2242
1986,2050
1986,1995
1986,2692
1986,2041
1986,2235
1986,1993
1986,2441
1987,1988
1987,2148
1987,2166
1987,1997
1987,2412
1987,2079
1987,2418
1987,2350
1987,2493
1987,2337
1987,2525
1987,2667
1987,2045
1987,2248
1987,2052
1987,2569
1987,2648
1987,1990
1987,2058
1988,2647
1988,2329
1988,2044
1988,2474
1988,2648
1988,2085
1988,2325
1988,2713
1988,2688
1988,2059
1989,2222
1989,2070
1989,2520
1989,2714
1989,2075
1989,2684
1989,2393
1989,2523
1989,2409
1989,2506
1989,2055
1989,2249
1989,2379
1989,1991
1989,2072
1989,2706
1989,2716
1989,2619
1989,2073
1989,1997
1989,2350
1989,1996
1989,2422
1989,2517
1989,1990
1989,2065
1989,2054
1989,2665
1990,2494
1990,2229
1990,1993
1990,2687
1990,2244
1990,1997
1990,2436
1990,2048
1990,1996
1990,2393
1990,2441
1990,1999
1990,2063
1990,2432
1990,2192
1990,1998
1990,2503
1990,2212
1990,2231
1990,2619
1990,2425
1990,2049
1990,1992
1990,2064
1990,2375
1990,2065
1990,2664
1990,2350
1991,2056
1991,2607
1991,2409
1991,2506
1991,2248
1991,2239
1991,2517
1991,2619
1991,2716
1991,2069
1991,2422
1991,2495
1991,2072
1991,2412
1991,2060
1991,2220
1991,2249
1991,2492
1991,2329
1991,2523
1992,2520
1992,2568
1992,2709
1992,2333
1992,2264
1992,2251
1992,2649
1992,2067
1992,2540
1992,2047
1992,2068
1992,2527
1992,2348
1992,2660
1992,2049
1992,2666
1992,1993
1992,2040
1992,2717
1992,2247
1992,2412
1992,2289
1992,2571
1992,2494
1992,2071
1993,2076
1993,2181
1993,2417
1993,2069
1993,2044
1993,2062
1993,2517
1993,2495
1993,2656
1993,1998
1993,2050
1993,1996
1993,2049
1993,2046
1993,2686
1993,2540
1993,2412
1993,2432
1993,2716
1993,2571
1993,2618
1993,2048
1993,2283
1993,2247
1994,2639
1994,2636
1994,2688
1994,2251
1994,2437
1994,2054
1994,2244
1994,2706
1994,2612
1994,2047
1994,2417
1994,2092
1995,2639
1995,2070
1995,2636
1995,2318
1995,2051
1995,2524
1995,2330
1995,2299
1995,2711
1995,2517
1995,2068
1995,2166
1995,2069
1995,2642
1995,2571
1995,2309
1995,2506
1995,2078
1995,2043
1995,2417
1995,2062
1995,2327
1995,2239
1995,2045
1995,2061
1995,2066
1995,2607
1995,2329
1995,2410
1995,2059
1995,2247
1995,2716
1996,2511
1996,2693
1996,2369
1996,2232
1996,2714
1996,2522
1996,2662
1996,2506
1996,2482
1996,1997
1996,2383
1996,2225
1996,2054
1996,2314
1996,2201
1996,2571
1996,2043
1996,2669
1996,2212
1996,2540
1996,2249
1996,2518
1996,2066
1996,2527
1996,2065
1996,2350
1996,1998
1996,2045
1996,2667
1996,2067
1996,2330
1997,2520
1997,2056
1997,2222
1997,2318
1997,2057
1997,2411
1997,2085
1997,2667
1997,2048
1997,2436
1997,2063
1997,2192
1997,2075
1997,2061
1997,2417
1997,2282
1997,2649
1997,2523
1997,2231
1997,2619
1997,2070
1997,2071
1997,2665
1997,2393
1997,2064
1997,2298
1997,2527
1997,2433
1997,2441
1997,2248
1997,2571
1998,2056
1998,2289
1998,2229
1998,2057
1998,2293
1998,2517
1998,2712
1998,2442
1998,2054
1998,2079
1998,2432
1998,2527
1998,2422
1998,2571
1998,2474
1998,2216
1998,2350
1998,2411
1998,2217
1998,2068
1998,2664
1998,2049
1998,2040
1998,2493
1998,2540
1998,2055
1998,2666
1999,2291
1999,2135
1999,2057
1999,2607
1999,2277
1999,2242
1999,2517
1999,2332
1999,2069
1999,2569
1999,2067
1999,2393
1999,2412
1999,2408
1999,2309
1999,2043
1999,2655
1999,2066
1999,2691
1999,2079
1999,2063
1999,2055
1999,2065
1999,2350
1999,2059
1999,2040
1999,2044
1999,2432
2000,2633
2000,2328
2000,2030
2000,2345
2000,2344
2000,2419
2000,2226
2000,2022
2000,2001
2000,2009
2000,2673
2000,2485
2000,2428
2000,2005
2000,2021
2000,2008
2000,2002
2000,2276
2000,2464
2000,2017
2000,2553
2000,2164
2001,2015
2001,2426
2001,2030
2001,2563
2001,2553
2001,2112
2001,2300
2001,2261
2001,2136
2001,2276
2001,2121
2001,2031
2001,2005
2001,2197
2001,2421
2001,2151
2002,2027
2002,2676
2002,2300
2002,2026
2002,2022
2002,2575
2002,2255
2002,2658
2002,2005
2002,2447
2002,2650
2002,2021
2002,2674
2002,2694
2003,2459
2003,2633
2003,2018
2003,2328
2003,2139
2003,2311
2003,2255
2003,2485
2003,2481
2003,2259
2003,2155
2003,2021
2003,2276
2003,2088
2003,2683
2004,2037
2004,2675
2004,2673
2004,2149
2004,2008
2004,2575
2004,2147
2004,2307
2004,2650
2004,2233
2005,2015
2005,2597
2005,2126
2005,2643
2005,2006
2005,2570
2005,2276
2005,2491
2005,2674
2005,2025
2005,2039
2005,2603
2005,2133
2005,2028
2005,2457
2005,2011
2006,2255
2006,2300
2006,2036
2006,2017
2006,2455
2006,2028
2006,2575
2006,2011
2006,2025
2006,2397
2006,2654
2007,2134
2007,2505
2007,2130
2007,2112
2007,2083
2007,2100
2007,2470
2007,2038
2007,2138
2007,2132
2007,2513
2007,2081
2007,2097
2007,2102
2007,2141
2007,2104
2007,2398
2007,2390
2007,2099
2007,2092
2007,2101
2007,2084
2007,2588
2007,2368
2007,2089
2007,2708
2007,2118
2008,2273
2008,2466
2008,2328
2008,2014
2008,2261
2008,2397
2008,2276
2008,2453
2008,2124
2008,2255
2008,2036
2008,2035
2008,2227
2008,2039
2008,2284
2008,2015
2008,2347
2008,2676
2008,2300
2009,2287
2009,2486
2009,2659
2009,2631
2009,2139
2009,2458
2009,2673
2009,2155
2009,2014
2009,2278
2009,2022
2009,2017
2009,2679
2009,2028
2009,2011
2009,2615
2009,2030
2009,2276
2009,2587
2009,2126
2010,2703
2010,2459
2010,2287
2010,2582
2010,2188
2010,2136
2010,2190
2010,2687
2010,2546
2010,2170
2010,2461
2010,2578
2011,2696
2011,2017
2011,2024
2011,2088
2011,2025
2011,2634
2011,2023
2011,2027
2012,2400
2012,2114
2012,2490
2012,2444
2012,2367
2012,2617
2012,2370
2012,2079
2012,2468
2012,2158
2012,2449
2012,2129
2012,2111
2012,2536
2012,2128
2012,2099
2012,2122
2012,2121
2012,2144
2012,2164
2013,2698
2013,2683
2013,2501
2013,2291
2013,2657
2013,2292
2013,2032
2013,2602
2013,2077
2013,2223
2013,2467
2013,2605
2013,2230
2013,2543
2013,2352
2013,2435
2013,2212
2013,2361
2013,2638
2013,2192
2013,2500
2013,2359
2013,2527
2013,2433
2013,2441
2013,2140
2013,2422
2013,2439
2014,2015
2014,2706
2014,2489
2014,2344
2014,2219
2014,2025
2014,2024
2014,2276
2014,2300
2014,2575
2014,2311
2014,2599
2014,2028
2014,2256
2014,2180
2015,2351
2015,2362
2015,2034
2015,2039
2015,2025
2015,2024
2015,2026
2015,2033
2015,2575
2015,2284
2015,2491
2015,2200
2015,2022
2015,2567
2015,2430
2016,2449
2016,2179
2016,2295
2016,2530
2016,2554
2016,2308
2016,2451
2016,2557
2016,2403
2016,2311
2016,2608
2016,2097
2016,2485
2017,2400
2017,2252
2017,2347
2017,2018
2017,2491
2017,2681
2017,2255
2017,2025
2017,2036
2017,2133
2017,2215
2017,2021
2017,2149
2017,2276
2017,2262
2018,2632
2018,2613
2018,2276
2018,2575
2018,2259
2018,2036
2018,2718
2018,2426
2018,2188
2018,2429
2019,2420
2019,2193
2019,2458
2019,2586
2019,2583
2019,2515
2019,2584
2020,2372
2020,2360
2020,2710
2020,2132
2020,2111
2020,2104
2020,2129
2020,2120
2020,2101
2020,2093
2020,2468
2020,2080
2020,2089
2020,2331
2020,2405
2020,2110
2020,2259
2020,2363
2020,2654
2020,2107
2020,2398
2020,2144
2021,2039
2021,2132
2021,2482
2021,2600
2021,2285
2021,2105
2021,2535
2021,2560
2022,2556
2022,2039
2022,2675
2022,2030
2022,2037
2022,2255
2022,2036
2022,2681
2022,2674
2022,2677
2022,2280
2022,2024
2022,2153
2022,2174
2023,2119
2023,2632
2023,2339
2023,2551
2023,2561
2023,2575
2023,2674
2023,2035
2023,2464
2023,2096
2024,2347
2024,2139
2024,2149
2024,2037
2024,2674
2024,2276
2024,2575
2024,2144
2024,2028
2024,2681
2024,2088
2024,2694
2025,2486
2025,2347
2025,2096
2025,2625
2025,2634
2025,2599
2025,2031
2025,2481
2025,2575
2025,2146
2025,2039
2025,2165
2025,2705
2025,2030
2026,2597
2026,2139
2026,2027
2026,2673
2026,2397
2026,2267
2026,2481
2026,2145
2026,2147
2026,2599
2026,2674
2026,2592
2026,2398
2026,2484
2026,2561
2027,2338
2027,2029
2027,2255
2027,2031
2027,2674
2027,2261
2027,2259
2027,2034
2027,2028
2027,2344
2027,2673
2027,2180
2028,2675
2028,2458
2028,2705
2028,2136
2028,2255
2028,2461
2028,2034
2028,2254
2028,2428
2029,2273
2029,2272
2029,2184
2029,2359
2030,2232
2030,2561
2030,2123
2030,2252
2030,2600
2030,2421
2031,2033
2031,2152
2031,2563
2031,2643
2031,2681
2031,2037
2031,2488
2032,2287
2032,2161
2032,2271
2032,2136
2032,2458
2032,2463
2032,2586
2032,2582
2032,2462
2032,2457
2032,2175
2032,2551
2032,2578
2033,2255
2033,2171
2033,2300
2033,2347
2033,2088
2033,2575
2033,2226
2033,2650
2033,2634
2033,2694
2033,2426
2033,2168
2033,2189
2033,2596
2033,2267
2033,2266
2033,2433
2034,2343
2034,2260
2034,2236
2034,2678
2034,2681
2034,2601
2034,2037
2034,2345
2034,2339
2035,2328
2035,2154
2035,2419
2035,2603
2035,2142
2035,2627
2035,2674
2035,2550
2035,2715
2035,2224
2035,2564
2035,2658
2035,2195
2035,2347
2035,2676
2036,2587
2036,2362
2036,2676
2036,2339
2036,2278
2036,2625
2036,2300
2036,2560
2036,2559
2036,2039
2036,2136
2036,2599
2036,2149
2036,2674
2036,2600
2036,2447
2036,2259
2036,2575
2036,2270
2036,2096
2036,2201
2037,2675
2037,2278
2037,2608
2037,2677
2037,2156
2037,2632
2037,2676
2037,2602
2038,2116
2038,2130
2038,2447
2038,2491
2038,2115
2038,2142
2038,2595
2038,2505
2038,2129
2038,2092
2038,2081
2038,2331
2038,2117
2038,2368
2038,2396
2038,2654
2038,2216
2038,2508
2038,2098
2038,2521
2038,2041
2039,2420
2039,2501
2039,2129
2039,2255
2039,2453
2040,2440
2040,2050
2040,2333
2040,2639
2040,2251
2040,2299
2040,2298
2040,2071
2040,2054
2040,2571
2040,2647
2040,2432
2040,2414
2040,2192
2040,2375
2040,2181
2040,2666
2040,2692
2040,2072
2040,2066
2040,2228
2040,2416
2040,2663
2040,2502
2041,2511
2041,2695
2041,2494
2041,2714
2041,2524
2041,2330
2041,2409
2041,2506
2041,2299
2041,2437
2041,2069
2041,2422
2041,2061
2041,2066
2041,2063
2041,2333
2041,2148
2041,2213
2041,2350
2041,2059
2041,2474
2041,2412
2041,2684
2041,2164
2041,2441
2042,2148
2042,2207
2042,2232
2042,2229
2042,2050
2042,2522
2042,2204
2042,2057
2042,2609
2042,2506
2042,2496
2042,2077
2042,2069
2042,2600
2042,2497
2042,2422
2042,2218
2042,2571
2042,2653
2042,2357
2042,2527
2042,2098
2042,2599
2042,2709
2042,2279
2042,2627
2042,2213
2042,2501
2042,2210
2042,2461
2042,2065
2042,2080
2043,2693
2043,2639
2043,2636
2043,2494
2043,2050
2043,2714
2043,2687
2043,2602
2043,2409
2043,2506
2043,2332
2043,2076
2043,2046
2043,2649
2043,2571
2043,2619
2043,2592
2043,2495
2043,2333
2043,2715
2043,2627
2043,2718
2043,2705
2043,2588
2043,2060
2043,2058
2043,2540
2043,2616
2043,2065
2044,2520
2044,2409
2044,2070
2044,2051
2044,2607
2044,2299
2044,2517
2044,2069
2044,2067
2044,2410
2044,2612
2044,2393
2044,2073
2044,2655
2044,2072
2044,2066
2044,2571
2044,2417
2044,2525
2044,2234
2044,2212
2044,2523
2044,2637
2044,2249
2044,2065
2044,2059
2044,2075
2044,2715
2045,2375
2045,2051
2045,2334
2045,2067
2045,2607
2045,2684
2045,2309
2045,2432
2045,2350
2045,2493
2045,2202
2045,2249
2045,2495
2045,2072
2045,2065
2045,2393
2045,2434
2045,2246
2045,2076
2045,2379
2045,2332
2045,2277
2045,2060
2046,2227
2046,2222
2046,2349
2046,2090
2046,2506
2046,2687
2046,2299
2046,2706
2046,2653
2046,2054
2046,2256
2046,2657
2046,2238
2046,2235
2046,2234
2046,2511
2046,2414
2046,2298
2046,2201
2046,2523
2046,2051
2046,2047
2046,2667
2046,2579
2046,2704
2047,2379
2047,2522
2047,2639
2047,2057
2047,2686
2047,2662
2047,2663
2047,2504
2047,2618
2047,2192
2047,2494
2047,2591
2047,2540
2047,2654
2047,2060
2047,2210
2047,2212
2047,2071
2047,2664
2047,2416
2047,2437
2047,2049
2047,2669
2047,2061
2047,2283
2047,2665
2048,2698
2048,2337
2048,2501
2048,2524
2048,2427
2048,2496
2048,2077
2048,2221
2048,2706
2048,2653
2048,2225
2048,2336
2048,2393
2048,2508
2048,2525
2048,2238
2048,2348
2048,2282
2048,2212
2048,2249
2048,2090
2048,2180
2048,2248
2048,2054
2048,2606
2048,2669
2048,2649
2048,2163
2049,2337
2049,2056
2049,2709
2049,2333
2049,2264
2049,2204
2049,2251
2049,2293
2049,2619
2049,2412
2049,2253
2049,2668
2049,2500
2049,2247
2049,2216
2049,2075
2049,2660
2049,2067
2049,2684
2049,2296
2049,2055
2049,2666
2050,2520
2050,2404
2050,2524
2050,2318
2050,2394
2050,2293
2050,2369
2050,2078
2050,2068
2050,2051
2050,2437
2050,2069
2050,2060
2050,2517
2050,2663
2050,2332
2050,2058
2050,2504
2050,2414
2050,2518
2050,2519
2050,2277
2050,2249
2050,2055
2050,2162
2050,2065
2050,2064
2050,2231
2050,2716
2050,2072
2051,2318
2051,2657
2051,2057
2051,2330
2051,2123
2051,2089
2051,2574
2051,2719
2051,2456
2051,2324
2051,2393
2051,2508
2051,2061
2051,2520
2051,2229
2051,2714
2051,2418
2051,2067
2051,2069
2051,2062
2051,2604
2051,2055
2051,2667
2051,2059
2051,2056
2051,2337
2052,2135
2052,2102
2052,2514
2052,2395
2052,2504
2052,2645
2052,2524
2052,2318
2052,2196
2052,2410
2052,2058
2052,2502
2052,2065
2052,2251
2053,2269
2053,2202
2053,2440
2053,2349
2053,2090
2053,2292
2053,2516
2053,2358
2053,2468
2053,2401
2053,2398
2053,2593
2053,2497
2053,2066
2053,2173
2053,2223
2053,2527
2053,2627
2053,2279
2053,2235
2053,2234
2053,2224
2053,2220
2053,2282
2053,2160
2053,2063
2053,2071
2053,2466
2054,2438
2054,2693
2054,2251
2054,2690
2054,2506
2054,2248
2054,2181
2054,2069
2054,2067
2054,2571
2054,2264
2054,2361
2054,2640
2054,2071
2054,2249
2054,2437
2054,2522
2054,2619
2054,2494
2054,2591
2054,2066
2054,2065
2054,2059
2054,2160
2054,2671
2055,2511
2055,2629
2055,2337
2055,2434
2055,2375
2055,2181
2055,2714
2055,2057
2055,2686
2055,2330
2055,2231
2055,2716
2055,2383
2055,2422
2055,2571
2055,2412
2055,2417
2055,2060
2055,2282
2055,2719
2055,2439
2055,2467
2055,2192
2055,2059
2055,2078
2056,2617
2056,2505
2056,2499
2056,2286
2056,2219
2056,2497
2056,2201
2056,2524
2056,2706
2056,2231
2056,2440
2056,2090
2056,2210
2056,2353
2056,2523
2056,2261
2056,2502
2056,2211
2056,2249
2056,2220
2056,2299
2056,2057
2056,2357
2056,2350
2056,2191
2056,2218
2056,2662
2056,2709
2056,2166
2056,2670
2056,2212
2057,2501
2057,2709
2057,2061
2057,2309
2057,2062
2057,2070
2057,2361
2057,2221
2057,2233
2057,2330
2057,2687
2057,2068
2057,2422
2057,2637
2057,2249
2057,2653
2057,2071
2057,2442
2057,2248
2057,2662
2057,2619
2057,2467
2058,2712
2058,2367
2058,2663
2058,2636
2058,2277
2058,2231
2058,2466
2058,2078
2058,2492
2059,2520
2059,2503
2059,2318
2059,2333
2059,2686
2059,2181
2059,2496
2059,2716
2059,2244
2059,2495
2059,2157
2059,2699
2059,2412
2059,2669
2059,2637
2059,2655
2059,2233
2059,2213
2059,2237
2059,2247
2059,2061
2059,2065
2060,2161
2060,2231
2060,2330
2060,2504
2060,2519
2060,2318
2060,2706
2060,2393
2060,2408
2060,2309
2060,2196
2060,2063
2060,2418
2060,2715
2060,2572
2060,2242
2060,2630
2060,2623
2060,2219
2060,2414
2060,2210
2060,2369
2060,2417
2060,2225
2060,2520
2061,2202
2061,2695
2061,2232
2061,2399
2061,2242
2061,2517
2061,2069
2061,2068
2061,2131
2061,2616
2061,2393
2061,2477
2061,2376
2061,2196
2061,2219
2061,2225
2061,2417
2061,2520
2061,2714
2061,2525
2061,2418
2061,2439
2061,2686
2061,2662
2061,2231
2061,2425
2061,2078
2061,2243
2061,2220
2061,2412
2062,2698
2062,2711
2062,2621
2062,2505
2062,2369
2062,2333
2062,2329
2062,2442
2062,2242
2062,2612
2062,2076
2062,2525
2062,2493
2062,2196
2062,2072
2062,2070
2062,2361
2062,2649
2062,2519
2062,2352
2062,2063
2062,2350
2062,2064
2063,2520
2063,2662
2063,2607
2063,2506
2063,2239
2063,2069
2063,2068
2063,2318
2063,2706
2063,2649
2063,2635
2063,2150
2063,2398
2063,2072
2063,2224
2063,2210
2063,2073
2063,2539
2063,2065
2063,2066
2063,2669
2064,2148
2064,2291
2064,2714
2064,2399
2064,2686
2064,2607
2064,2496
2064,2415
2064,2662
2064,2504
2064,2379
2064,2441
2064,2523
2064,2503
2064,2591
2064,2519
2064,2237
2064,2069
2064,2199
2064,2655
2065,2621
2065,2353
2065,2686
2065,2662
2065,2517
2065,2225
2065,2649
2065,2067
2065,2704
2065,2071
2065,2442
2065,2393
2065,2079
2065,2333
2065,2669
2065,2075
2065,2648
2065,2066
2065,2350
2065,2638
2066,2337
2066,2318
2066,2663
2066,2656
2066,2618
2066,2649
2066,2067
2066,2435
2066,2636
2066,2248
2066,2309
2066,2648
2066,2417
2066,2079
2066,2076
2066,2237
2066,2071
2066,2655
2066,2427
2066,2330
2067,2656
2067,2231
2067,2318
2067,2330
2067,2604
2067,2517
2067,2069
2067,2569
2067,2494
2067,2591
2067,2655
2067,2473
2067,2299
2067,2493
2067,2571
2067,2327
2067,2684
2068,2148
2068,2637
2068,2252
2068,2714
2068,2399
2068,2199
2068,2221
2068,2711
2068,2517
2068,2231
2068,2716
2068,2592
2068,2069
2068,2250
2068,2638
2068,2279
2068,2076
2068,2470
2068,2664
2068,2089
2068,2662
2068,2669
2069,2337
2069,2250
2069,2711
2069,2232
2069,2148
2069,2437
2069,2231
2069,2522
2069,2716
2069,2293
2069,2508
2069,2655
2069,2692
2069,2079
2069,2422
2069,2070
2069,2495
2069,2591
2069,2660
2069,2686
2069,2080
2070,2593
2070,2408
2070,2640
2070,2078
2070,2242
2070,2293
2070,2196
2070,2525
2070,2685
2070,2334
2070,2655
2070,2073
2070,2422
2070,2495
2070,2571
2070,2181
2070,2522
2070,2716
2070,2432
2071,2148
2071,2207
2071,2621
2071,2330
2071,2251
2071,2604
2071,2437
2071,2436
2071,2495
2071,2192
2071,2408
2071,2640
2071,2418
2071,2474
2071,2660
2071,2078
2071,2667
2071,2279
2071,2393
2071,2540
2071,2636
2071,2573
2071,2619
2071,2414
2071,2247
2072,2511
2072,2409
2072,2288
2072,2227
2072,2232
2072,2229
2072,2251
2072,2244
2072,2649
2072,2669
2072,2500
2072,2522
2072,2655
2072,2663
2072,2078
2072,2715
2072,2695
2072,2222
2072,2416
2072,2079
2072,2605
2073,2698
2073,2526
2073,2639
2073,2598
2073,2662
2073,2607
2073,2299
2073,2221
2073,2437
2073,2618
2073,2649
2073,2223
2073,2520
2073,2617
2073,2435
2073,2393
2073,2357
2073,2650
2073,2439
2073,2238
2073,2234
2073,2239
2073,2627
2073,2212
2073,2078
2073,2430
2073,2524
2073,2233
2074,2384
2074,2314
2074,2472
2074,2478
2074,2507
2074,2644
2074,2564
2074,2485
2074,2245
2074,2465
2074,2396
2074,2652
2075,2291
2075,2232
2075,2547
2075,2595
2075,2687
2075,2607
2075,2604
2075,2211
2075,2494
2075,2591
2075,2432
2075,2571
2075,2474
2075,2715
2075,2627
2075,2706
2075,2362
2075,2653
2075,2664
2075,2437
2075,2525
2075,2497
2075,2206
2076,2624
2076,2337
2076,2711
2076,2656
2076,2231
2076,2326
2076,2330
2076,2294
2076,2487
2076,2242
2076,2221
2076,2677
2076,2237
2076,2477
2076,2633
2076,2439
2076,2653
2076,2669
2076,2662
2076,2666
2077,2697
2077,2438
2077,2263
2077,2199
2077,2358
2077,2496
2077,2205
2077,2228
2077,2190
2077,2702
2077,2135
2077,2700
2077,2500
2077,2425
2077,2501
2077,2210
2077,2208
2077,2352
2077,2220
2077,2414
2077,2618
2077,2435
2077,2160
2077,2436
2077,2661
2077,2653
2077,2624
2077,2527
2077,2236
2077,2668
2078,2409
2078,2501
2078,2202
2078,2166
2078,2613
2078,2616
2078,2366
2078,2425
2078,2133
2078,2411
2078,2508
2078,2316
2078,2279
2078,2239
2078,2523
2078,2512
2078,2639
2078,2464
2078,2655
2079,2291
2079,2520
2079,2714
2079,2231
2079,2522
2079,2264
2079,2504
2079,2411
2079,2702
2079,2383
2079,2498
2079,2218
2079,2085
2079,2393
2079,2691
2079,2418
2079,2442
2079,2222
2079,2416
2079,2253
2079,2550
2079,2410
2079,2649
2079,2201
2079,2663
2079,2337
2079,2531
2079,2665
2080,2134
2080,2087
2080,2390
2080,2091
2080,2452
2080,2532
2080,2468
2080,2146
2080,2106
2080,2094
2080,2093
2080,2470
2080,2367
2080,2405
2080,2600
2080,2392
2080,2101
2080,2118
2080,2641
2081,2100
2081,2293
2081,2187
2081,2320
2081,2468
2081,2121
2081,2336
2081,2097
2081,2573
2081,2117
2081,2363
2081,2091
2081,2402
2081,2119
2081,2133
2081,2252
2081,2157
2082,2346
2082,2179
2082,2455
2082,2449
2082,2295
2082,2319
2082,2406
2082,2452
2082,2147
2082,2141
2082,2450
2082,2561
2083,2177
2083,2116
2083,2307
2083,2107
2083,2100
2083,2109
2083,2470
2083,2539
2083,2387
2083,2099
2083,2125
2083,2336
2083,2094
2083,2093
2083,2363
2083,2401
2083,2572
2083,2147
2083,2593
2083,2374
2084,2114
2084,2363
2084,2100
2084,2490
2084,2313
2084,2150
2084,2097
2084,2447
2084,2088
2084,2115
2084,2536
2084,2401
2084,2146
2084,2125
2084,2089
2084,2107
2084,2368
2084,2094
2084,2118
2085,2250
2085,2693
2085,2399
2085,2330
2085,2417
2085,2712
2085,2648
2085,2325
2085,2713
2085,2334
2085,2385
2085,2416
2085,2715
2086,2404
2086,2317
2086,2385
2086,2621
2086,2378
2086,2475
2086,2390
2086,2373
2086,2473
2086,2380
2086,2620
2086,2316
2086,2402
2086,2312
2086,2471
2086,2374
2087,2531
2087,2377
2087,2590
2087,2385
2087,2469
2087,2310
2087,2340
2087,2514
2087,2689
2088,2486
2088,2466
2088,2271
2088,2096
2088,2252
2088,2707
2088,2285
2088,2136
2088,2718
2088,2585
2088,2154
2088,2348
2088,2694
2088,2453
2088,2286
2088,2189
2089,2134
2089,2116
2089,2112
2089,2470
2089,2475
2089,2529
2089,2554
2089,2097
2089,2400
2089,2303
2089,2109
2089,2106
2089,2125
2089,2120
2089,2094
2090,2656
2090,2202
2090,2186
2090,2229
2090,2204
2090,2498
2090,2226
2090,2497
2090,2606
2090,2279
2090,2235
2090,2702
2090,2217
2090,2213
2090,2209
2090,2225
2090,2178
2090,2357
2090,2297
2091,2222
2091,2387
2091,2472
2091,2313
2091,2147
2091,2113
2091,2098
2091,2121
2091,2336
2091,2565
2091,2281
2091,2368
2091,2116
2091,2099
2091,2626
2091,2593
2092,2631
2092,2107
2092,2320
2092,2646
2092,2129
2092,2405
2092,2336
2092,2281
2092,2310
2092,2111
2092,2479
2092,2130
2092,2098
2092,2097
2092,2102
2092,2099
2092,2566
2092,2260
2093,2353
2093,2112
2093,2363
2093,2107
2093,2529
2093,2491
2093,2103
2093,2392
2093,2097
2093,2118
2093,2115
2093,2336
2093,2142
2093,2146
2093,2331
2093,2137
2093,2120
2093,2100
2093,2094
2093,2532
2093,2673
2093,2374
2094,2288
2094,2116
2094,2100
2094,2199
2094,2107
2094,2397
2094,2573
2094,2123
2094,2593
2094,2401
2094,2098
2094,2121
2094,2336
2094,2101
2094,2455
2094,2281
2094,2114
2095,2620
2095,2371
2095,2569
2095,2378
2095,2539
2095,2119
2095,2385
2095,2314
2095,2364
2095,2533
2095,2395
2095,2590
2095,2396
2095,2417
2095,2708
2095,2473
2095,2376
2095,2465
2095,2512
2095,2148
2095,2536
2095,2373
2096,2252
2096,2659
2096,2303
2096,2262
2096,2694
2096,2544
2096,2480
2096,2189
2096,2159
2096,2611
2096,2220
2096,2435
2096,2261
2096,2664
2096,2610
2096,2551
2096,2483
2097,2622
2097,2419
2097,2370
2097,2112
2097,2638
2097,2450
2097,2447
2097,2539
2097,2122
2097,2099
2097,2468
2097,2444
2097,2115
2097,2694
2098,2130
2098,2524
2098,2114
2098,2372
2098,2360
2098,2468
2098,2565
2098,2447
2098,2110
2098,2331
2098,2470
2098,2373
2098,2128
2098,2146
2098,2125
2098,2101
2098,2216
2098,2116
2098,2601
2098,2574
2098,2536
2098,2129
2098,2370
2099,2134
2099,2553
2099,2573
2099,2559
2099,2626
2099,2350
2099,2400
2099,2121
2099,2133
2099,2124
2099,2600
2099,2115
2099,2281
2099,2336
2100,2116
2100,2113
2100,2682
2100,2179
2100,2313
2100,2710
2100,2475
2100,2465
2100,2101
2100,2128
2101,2646
2101,2134
2101,2114
2101,2476
2101,2315
2101,2323
2101,2505
2101,2123
2101,2565
2101,2260
2101,2320
2101,2574
2101,2108
2101,2109
2101,2156
2101,2106
2101,2480
2101,2575
2101,2710
2101,2444
2101,2510
2101,2316
2101,2116
2102,2505
2102,2473
2102,2573
2102,2115
2102,2336
2102,2110
2102,2565
2102,2108
2102,2598
2102,2559
2102,2380
2102,2487
2102,2478
2102,2396
2102,2475
2103,2505
2103,2676
2103,2278
2103,2625
2103,2260
2103,2575
2103,2367
2103,2658
2103,2680
2103,2157
2103,2646
2103,2285
2103,2133
2103,2347
2104,2116
2104,2112
2104,2387
2104,2470
2104,2444
2104,2372
2104,2381
2104,2295
2104,2529
2104,2539
2104,2652
2104,2137
2104,2692
2104,2113
2104,2109
2104,2105
2104,2115
2104,2317
2105,2717
2105,2644
2105,2119
2105,2293
2105,2106
2105,2381
2105,2116
2105,2572
2105,2402
2105,2574
2105,2514
2105,2368
2105,2360
2105,2409
2105,2118
2105,2615
2106,2119
2106,2531
2106,2314
2106,2573
2106,2532
2106,2594
2106,2371
2106,2565
2106,2392
2106,2396
2106,2566
2106,2694
2106,2130
2107,2633
2107,2536
2107,2130
2107,2119
2107,2478
2107,2470
2107,2113
2107,2115
2107,2314
2107,2565
2107,2137
2107,2505
2107,2109
2107,2475
2107,2572
2108,2317
2108,2112
2108,2505
2108,2117
2108,2340
2108,2539
2108,2641
2108,2447
2108,2109
2108,2128
2108,2137
2108,2320
2108,2314
2108,2592
2108,2470
2108,2395
2108,2316
2108,2507
2108,2119
2108,2313
2108,2444
2108,2359
2109,2507
2109,2387
2109,2710
2109,2620
2109,2390
2109,2570
2109,2228
2109,2395
2109,2118
2109,2565
2109,2138
2110,2148
2110,2320
2110,2140
2110,2381
2110,2574
2110,2477
2110,2120
2110,2405
2110,2117
2110,2366
2110,2533
2110,2510
2110,2316
2110,2396
2110,2588
2110,2469
2110,2647
2110,2182
2111,2130
2111,2595
2111,2258
2111,2561
2111,2406
2111,2373
2111,2122
2111,2118
2111,2490
2112,2476
2112,2311
2112,2146
2112,2401
2112,2478
2112,2259
2112,2521
2112,2638
2112,2387
2112,2293
2113,2595
2113,2114
2113,2281
2113,2121
2113,2536
2114,2116
2114,2536
2114,2538
2114,2557
2114,2118
2114,2128
2114,2121
2114,2370
2114,2465
2114,2133
2115,2622
2115,2307
2115,2132
2115,2320
2115,2336
2115,2380
2115,2116
2115,2532
2116,2118
2116,2387
2116,2529
2116,2553
2116,2260
2116,2125
2116,2565
2116,2385
2116,2363
2116,2405
2116,2617
2116,2598
2116,2364
2116,2418
2116,2361
2117,2714
2117,2598
2117,2620
2117,2367
2117,2482
2117,2546
2117,2260
2117,2571
2117,2537
2117,2510
2117,2122
2117,2389
2117,2573
2117,2381
2117,2405
2117,2401
2117,2710
2117,2570
2117,2376
2117,2574
2117,2130
2117,2525
2118,2597
2118,2592
2118,2700
2118,2123
2118,2536
2118,2140
2118,2532
2118,2539
2118,2128
2118,2281
2118,2615
2118,2512
2118,2593
2119,2323
2119,2385
2119,2371
2119,2137
2119,2534
2119,2320
2119,2481
2119,2387
2119,2513
2119,2380
2119,2396
2119,2245
2119,2312
2119,2470
2119,2150
2120,2158
2120,2536
2120,2407
2120,2138
2120,2323
2120,2225
2120,2565
2120,2260
2120,2574
2120,2428
2120,2626
2120,2259
2120,2593
2120,2257
2120,2365
2120,2563
2120,2125
2120,2152
2120,2157
2121,2158
2121,2222
2121,2138
2121,2536
2121,2342
2121,2123
2121,2635
2121,2260
2121,2398
2121,2261
2121,2129
2121,2654
2121,2151
2121,2595
2121,2401
2121,2137
2121,2122
2121,2133
2122,2625
2122,2615
2122,2132
2122,2398
2122,2408
2122,2428
2122,2196
2122,2125
2122,2532
2122,2144
2122,2566
2122,2565
2122,2598
2123,2595
2123,2347
2123,2444
2123,2475
2123,2679
2123,2406
2123,2142
2123,2151
2123,2138
2123,2407
2123,2133
2123,2259
2123,2398
2123,2566
2123,2588
2123,2136
2123,2331
2123,2694
2123,2527
2124,2134
2124,2683
2124,2641
2124,2252
2124,2695
2124,2419
2124,2481
2124,2390
2124,2593
2124,2594
2124,2184
2124,2157
2124,2588
2124,2484
2124,2623
2124,2629
2124,2241
2124,2603
2124,2504
2124,2201
2124,2228
2124,2220
2124,2137
2125,2351
2125,2678
2125,2635
2125,2468
2125,2336
2125,2281
2125,2158
2125,2146
2125,2327
2125,2447
2125,2156
2125,2659
2125,2646
2126,2556
2126,2307
2126,2344
2126,2563
2126,2304
2126,2153
2127,2628
2127,2670
2127,2705
2127,2145
2127,2460
2127,2270
2127,2486
2127,2195
2127,2584
2127,2421
2127,2546
2127,2275
2127,2357
2128,2536
2128,2317
2128,2129
2128,2538
2128,2451
2128,2400
2128,2331
2128,2138
2128,2373
2128,2452
2129,2260
2129,2261
2129,2593
2129,2468
2129,2599
2129,2345
2130,2595
2130,2151
2130,2310
2130,2138
2130,2681
2130,2468
2130,2658
2130,2278
2130,2302
2130,2593
2130,2547
2130,2483
2130,2600
2131,2351
2131,2696
2131,2659
2131,2602
2131,2328
2131,2198
2131,2152
2131,2227
2131,2718
2131,2261
2131,2259
2131,2697
2131,2600
2131,2694
2131,2208
2131,2596
2131,2464
2131,2702
2131,2605
2131,2650
2131,2236
2131,2430
2131,2634
2131,2279
2131,2213
2132,2646
2132,2134
2132,2536
2132,2502
2132,2202
2132,2625
2132,2252
2132,2260
2132,2398
2132,2679
2132,2150
2132,2142
2132,2464
2132,2508
2133,2597
2133,2134
2133,2339
2133,2605
2133,2677
2133,2205
2133,2146
2133,2407
2133,2566
2133,2608
2133,2448
2134,2536
2134,2137
2134,2594
2134,2154
2134,2626
2134,2588
2134,2257
2134,2484
2134,2589
2134,2373
2134,2567
2134,2521
2134,2715
2135,2409
2135,2637
2135,2369
2135,2303
2135,2635
2135,2566
2135,2498
2135,2569
2135,2647
2135,2640
2135,2695
2135,2364
2135,2182
2135,2231
2135,2522
2135,2437
2135,2324
2135,2418
2135,2309
2135,2719
2135,2690
2135,2335
2135,2664
2135,2391
2135,2294
2136,2177
2136,2426
2136,2169
2136,2551
2136,2702
2136,2605
2136,2583
2136,2197
2137,2661
2137,2204
2137,2367
2137,2570
2137,2470
2137,2447
2137,2468
2137,2146
2137,2338
2137,2595
2137,2380
2137,2574
2137,2151
2138,2158
2138,2595
2138,2278
2138,2447
2138,2470
2138,2179
2138,2140
2138,2405
2138,2681
2138,2481
2138,2146
2138,2468
2138,2144
2138,2215
2138,2536
2139,2148
2139,2625
2139,2674
2139,2315
2139,2151
2139,2276
2139,2605
2139,2190
2139,2185
2139,2236
2139,2584
2140,2158
2140,2342
2140,2387
2140,2260
2140,2336
2140,2142
2140,2331
2140,2156
2140,2573
2140,2151
2140,2608
2140,2481
2141,2158
2141,2555
2141,2319
2141,2368
2141,2338
2141,2307
2141,2343
2141,2149
2141,2557
2141,2302
2141,2153
2142,2676
2142,2491
2142,2426
2142,2592
2142,2650
2142,2486
2142,2157
2142,2449
2142,2481
2142,2260
2142,2198
2142,2276
2142,2344
2142,2156
2143,2572
2143,2507
2143,2246
2143,2340
2143,2614
2143,2376
2143,2245
2143,2395
2143,2613
2143,2398
2143,2477
2143,2638
2143,2411
2143,2234
2144,2288
2144,2524
2144,2345
2144,2401
2144,2597
2144,2315
2144,2398
2144,2492
2144,2263
2144,2635
2144,2482
2144,2389
2144,2444
2144,2649
2144,2536
2144,2499
2145,2453
2145,2284
2145,2707
2145,2535
2145,2462
2145,2268
2146,2637
2146,2524
2146,2334
2146,2419
2146,2398
2146,2593
2146,2447
2146,2634
2146,2401
2146,2345
2146,2597
2147,2306
2147,2302
2147,2301
2147,2625
2147,2553
2147,2455
2147,2308
2147,2554
2147,2557
2147,2451
2147,2305
2147,2307
2148,2717
2148,2409
2148,2337
2148,2695
2148,2326
2148,2318
2148,2397
2148,2242
2148,2243
2148,2196
2148,2309
2148,2330
2148,2298
2148,2521
2148,2653
2148,2320
2148,2417
2148,2604
2148,2646
2148,2716
2149,2204
2149,2675
2149,2339
2149,2553
2149,2601
2149,2338
2149,2631
2149,2153
2149,2632
2149,2278
2149,2563
2149,2681
2149,2253
2149,2667
2150,2303
2150,2260
2150,2468
2150,2598
2150,2196
2150,2380
2150,2419
2150,2710
2150,2635
2150,2658
2150,2302
2150,2593
2150,2219
2151,2404
2151,2158
2151,2478
2151,2342
2151,2622
2151,2365
2151,2599
2151,2281
2151,2401
2151,2363
2151,2468
2151,2501
2151,2658
2152,2697
2152,2362
2152,2263
2152,2363
2152,2198
2152,2589
2152,2710
2152,2575
2152,2596
2152,2659
2152,2626
2152,2488
2152,2588
2152,2593
2152,2257
2152,2484
2152,2252
2152,2485
2152,2597
2152,2694
2152,2592
2152,2213
2153,2307
2153,2675
2153,2472
2153,2345
2153,2344
2153,2600
2153,2403
2153,2154
2153,2677
2153,2448
2153,2451
2154,2252
2154,2683
2154,2661
2154,2480
2154,2444
2154,2594
2154,2485
2154,2625
2154,2486
2154,2342
2154,2626
2154,2285
2154,2254
2154,2226
2154,2650
2154,2205
2154,2548
2155,2158
2155,2263
2155,2363
2155,2659
2155,2480
2155,2401
2155,2380
2155,2599
2155,2633
2155,2398
2155,2482
2155,2603
2155,2566
2155,2679
2155,2543
2155,2439
2155,2671
2156,2407
2156,2661
2156,2710
2156,2315
2156,2242
2156,2284
2156,2428
2156,2626
2156,2498
2156,2205
2156,2280
2156,2313
2156,2488
2157,2536
2157,2419
2157,2389
2157,2444
2157,2428
2157,2263
2157,2633
2157,2398
2157,2635
2157,2588
2157,2500
2158,2597
2158,2260
2158,2400
2158,2319
2158,2401
2158,2198
2158,2596
2158,2259
2158,2281
2158,2255
2158,2529
2158,2626
2158,2566
2158,2617
2158,2493
2159,2486
2159,2516
2159,2487
2159,2200
2159,2483
2159,2253
2159,2172
2159,2227
2159,2185
2159,2550
2159,2197
2159,2351
2159,2163
2160,2289
2160,2222
2160,2549
2160,2599
2160,2500
2160,2232
2160,2523
2160,2461
2160,2223
2160,2176
2161,2269
2161,2353
2161,2180
2161,2662
2161,2248
2161,2587
2161,2164
2161,2549
2161,2292
2161,2357
2161,2646
2161,2176
2161,2431
2161,2354
2162,2379
2162,2243
2162,2719
2162,2329
2162,2493
2162,2688
2162,2442
2162,2334
2162,2648
2162,2383
2163,2624
2163,2227
2163,2204
2163,2172
2163,2516
2163,2461
2163,2294
2163,2190
2163,2220
2163,2541
2163,2193
2163,2215
2163,2203
2163,2297
2163,2197
2164,2207
2164,2546
2164,2175
2164,2550
2164,2670
2164,2189
2164,2187
2164,2234
2164,2578
2164,2296
2164,2209
2165,2703
2165,2187
2165,2584
2165,2269
2165,2172
2165,2353
2165,2578
2165,2551
2165,2168
2165,2210
2165,2429
2165,2167
2165,2461
2165,2170
2165,2696
2166,2375
2166,2379
2166,2232
2166,2698
2166,2181
2166,2709
2166,2264
2166,2502
2166,2642
2166,2664
2166,2669
2166,2714
2166,2432
2167,2551
2167,2610
2167,2270
2167,2205
2167,2627
2167,2190
2167,2213
2167,2297
2168,2290
2168,2589
2168,2169
2168,2707
2168,2580
2168,2230
2168,2408
2168,2220
2168,2426
2168,2438
2168,2420
2168,2185
2168,2462
2168,2544
2168,2523
2168,2429
2169,2351
2169,2440
2169,2171
2169,2292
2169,2178
2169,2172
2169,2611
2169,2397
2169,2183
2169,2262
2169,2459
2169,2191
2169,2182
2169,2270
2169,2173
2169,2349
2169,2543
2169,2578
2169,2190
2169,2208
2169,2627
2169,2439
2169,2425
2169,2546
2169,2217
2169,2441
2170,2284
2170,2178
2170,2298
2170,2699
2170,2703
2170,2515
2170,2421
2170,2587
2170,2352
2170,2262
2170,2183
2170,2238
2170,2466
2170,2184
2170,2551
2170,2189
2170,2275
2170,2177
2170,2279
2170,2174
2170,2218
2170,2354
2171,2628
2171,2585
2171,2233
2171,2643
2171,2191
2171,2182
2171,2606
2171,2618
2171,2195
2171,2466
2171,2423
2171,2275
2172,2670
2172,2186
2172,2602
2172,2254
2172,2464
2172,2634
2172,2189
2172,2705
2172,2697
2172,2180
2172,2267
2172,2187
2172,2185
2172,2707
2172,2237
2172,2217
2172,2429
2172,2548
2172,2197
2172,2355
2173,2629
2173,2670
2173,2440
2173,2487
2173,2699
2173,2627
2173,2694
2173,2425
2173,2546
2173,2230
2173,2213
2173,2210
2173,2197
2173,2232
2174,2294
2174,2413
2174,2586
2174,2515
2174,2421
2174,2269
2174,2175
2174,2184
2174,2270
2174,2226
2175,2587
2175,2269
2175,2274
2175,2516
2175,2223
2175,2546
2175,2356
2175,2462
2175,2286
2175,2580
2175,2579
2175,2191
2175,2551
2175,2178
2175,2184
2175,2271
2175,2430
2175,2188
2175,2588
2175,2433
2175,2578
2176,2353
2176,2203
2176,2653
2176,2718
2176,2238
2176,2210
2176,2496
2176,2355
2176,2296
2176,2251
2176,2591
2177,2628
2177,2526
2177,2227
2177,2661
2177,2262
2177,2605
2177,2718
2177,2483
2177,2589
2177,2288
2177,2206
2177,2185
2177,2670
2177,2182
2177,2211
2177,2356
2177,2355
2178,2434
2178,2543
2178,2457
2178,2584
2178,2413
2178,2460
2178,2270
2178,2272
2178,2551
2178,2357
2179,2449
2179,2530
2179,2310
2179,2552
2179,2295
2179,2489
2179,2445
2179,2454
2179,2446
2180,2587
2180,2696
2180,2193
2180,2582
2180,2624
2180,2550
2180,2359
2180,2183
2180,2430
2180,2197
2180,2548
2180,2285
2180,2191
2180,2220
2181,2231
2181,2670
2181,2229
2181,2535
2181,2437
2181,2692
2181,2655
2181,2199
2181,2506
2181,2518
2181,2439
2181,2653
2181,2502
2181,2249
2181,2192
2181,2350
2181,2709
2181,2264
2181,2383
2181,2671
2181,2283
2182,2703
2182,2629
2182,2303
2182,2199
2182,2358
2182,2236
2182,2435
2182,2262
2182,2205
2182,2204
2182,2460
2182,2606
2182,2578
2182,2355
2183,2413
2183,2285
2183,2707
2183,2461
2183,2550
2183,2359
2183,2543
2183,2282
2183,2296
2183,2697
2183,2703
2183,2267
2183,2466
2184,2459
2184,2193
2184,2515
2184,2267
2184,2348
2184,2270
2184,2206
2184,2462
2184,2670
2184,2191
2184,2550
2185,2351
2185,2466
2185,2582
2185,2188
2185,2226
2185,2578
2185,2361
2185,2298
2185,2201
2185,2430
2185,2220
2185,2429
2185,2425
2185,2546
2185,2580
2185,2359
2185,2197
2186,2351
2186,2659
2186,2230
2186,2358
2186,2235
2186,2224
2186,2443
2186,2208
2186,2221
2186,2618
2186,2435
2186,2436
2186,2219
2186,2359
2186,2440
2186,2516
2186,2657
2187,2703
2187,2659
2187,2188
2187,2397
2187,2543
2187,2213
2187,2581
2187,2579
2187,2580
2187,2197
2188,2670
2188,2193
2188,2535
2188,2191
2188,2215
2188,2543
2188,2519
2188,2466
2188,2584
2188,2546
2188,2266
2188,2548
2188,2275
2188,2287
2188,2578
2188,2359
2189,2585
2189,2683
2189,2494
2189,2356
2189,2286
2189,2580
2189,2583
2189,2296
2189,2696
2189,2381
2190,2466
2190,2483
2190,2430
2190,2215
2190,2425
2190,2579
2190,2275
2190,2585
2190,2197
2191,2434
2191,2292
2191,2195
2191,2550
2191,2270
2191,2349
2191,2543
2191,2430
2191,2210
2191,2285
2191,2461
2191,2359
2192,2656
2192,2505
2192,2501
2192,2714
2192,2709
2192,2427
2192,2277
2192,2231
2192,2716
2192,2519
2192,2238
2192,2511
2192,2220
2192,2437
2192,2591
2192,2687
2192,2232
2192,2571
2192,2199
2192,2684
2192,2393
2192,2251
2192,2439
2193,2628
2193,2459
2193,2696
2193,2566
2193,2549
2193,2267
2193,2430
2193,2463
2193,2583
2193,2270
2193,2356
2193,2466
2193,2703
2193,2515
2193,2605
2193,2359
2193,2357
2193,2429
2194,2624
2194,2438
2194,2318
2194,2238
2194,2506
2194,2209
2194,2349
2194,2433
2194,2296
2194,2657
2194,2264
2195,2585
2195,2459
2195,2354
2195,2584
2195,2413
2195,2548
2195,2579
2195,2586
2195,2287
2195,2515
2195,2421
2195,2274
2196,2711
2196,2637
2196,2501
2196,2695
2196,2568
2196,2329
2196,2569
2196,2325
2196,2616
2196,2648
2196,2358
2196,2340
2196,2391
2196,2241
2196,2335
2196,2417
2197,2670
2197,2466
2197,2480
2197,2441
2197,2697
2197,2643
2197,2525
2197,2602
2197,2359
2198,2646
2198,2641
2198,2633
2198,2661
2198,2329
2198,2608
2198,2631
2198,2261
2198,2626
2198,2488
2198,2594
2198,2605
2198,2611
2198,2694
2198,2211
2199,2697
2199,2526
2199,2482
2199,2254
2199,2300
2199,2361
2199,2282
2199,2414
2199,2496
2199,2664
2199,2516
2199,2610
2199,2217
2200,2683
2200,2631
2200,2303
2200,2480
2200,2659
2200,2285
2200,2484
2200,2603
2200,2694
2200,2705
2200,2718
2200,2228
2200,2213
2201,2440
2201,2363
2201,2239
2201,2516
2201,2318
2201,2706
2201,2282
2201,2655
2201,2209
2201,2208
2201,2547
2201,2368
2201,2425
2201,2566
2202,2526
2202,2456
2202,2629
2202,2705
2202,2206
2202,2497
2202,2230
2202,2699
2202,2516
2202,2328
2202,2237
2202,2224
2202,2217
2202,2210
2202,2609
2202,2221
2202,2299
2202,2649
2202,2494
2202,2667
2202,2239
2202,2627
2202,2519
2203,2629
2203,2549
2203,2354
2203,2611
2203,2237
2203,2609
2203,2213
2203,2460
2204,2434
2204,2207
2204,2557
2204,2368
2204,2257
2204,2634
2204,2525
2204,2399
2204,2330
2204,2242
2204,2627
2204,2328
2204,2425
2204,2709
2204,2224
2204,2213
2204,2500
2204,2209
2204,2706
2204,2221
2204,2211
2204,2649
2204,2279
2204,2219
2204,2607
2204,2467
2204,2618
2205,2263
2205,2547
2205,2659
2205,2298
2205,2435
2205,2224
2205,2464
2205,2415
2205,2488
2205,2599
2205,2282
2205,2692
2205,2228
2205,2213
2205,2408
2205,2611
2205,2485
2205,2299
2205,2641
2205,2227
2206,2504
2206,2702
2206,2680
2206,2718
2206,2282
2206,2661
2206,2238
2206,2523
2206,2209
2206,2370
2206,2594
2206,2516
2206,2234
2206,2259
2206,2333
2206,2239
2206,2527
2207,2496
2207,2238
2207,2210
2207,2299
2207,2502
2207,2624
2207,2495
2207,2667
2207,2639
2207,2348
2207,2355
2207,2433
2207,2467
2207,2441
2208,2629
2208,2501
2208,2222
2208,2609
2208,2687
2208,2456
2208,2221
2208,2589
2208,2435
2208,2402
2208,2229
2208,2699
2208,2516
2208,2500
2208,2650
2208,2439
2208,2235
2208,2210
2209,2351
2209,2252
2209,2606
2209,2383
2209,2578
2209,2361
2209,2544
2209,2253
2209,2627
2209,2212
2209,2211
2209,2599
2209,2262
2209,2220
2209,2389
2209,2425
2209,2488
2209,2400
2210,2511
2210,2222
2210,2508
2210,2605
2210,2440
2210,2523
2210,2232
2210,2604
2210,2239
2210,2544
2210,2497
2210,2629
2210,2669
2210,2488
2210,2653
2210,2624
2210,2230
2210,2456
2210,2383
2210,2221
2210,2692
2211,2697
2211,2621
2211,2494
2211,2506
2211,2221
2211,2289
2211,2483
2211,2654
2211,2522
2211,2425
2211,2414
2211,2235
2211,2234
2211,2655
2211,2627
2211,2439
2211,2653
2211,2502
2211,2501
2211,2442
2211,2217
2211,2649
2212,2698
2212,2337
2212,2641
2212,2657
2212,2427
2212,2239
2212,2437
2212,2710
2212,2225
2212,2232
2212,2523
2212,2391
2212,2629
2212,2425
2212,2525
2213,2263
2213,2609
2213,2294
2213,2497
2213,2483
2213,2259
2213,2239
2213,2627
2213,2425
2213,2399
2213,2215
2213,2220
2213,2697
2213,2279
2214,2263
2214,2404
2214,2614
2214,2408
2214,2568
2214,2374
2214,2394
2214,2391
2214,2640
2214,2477
2214,2364
2214,2655
2214,2616
2215,2709
2215,2358
2215,2436
2215,2627
2215,2359
2215,2579
2215,2233
2215,2442
2215,2375
2215,2516
2215,2602
2215,2362
2215,2683
2215,2354
2216,2436
2216,2653
2216,2506
2216,2600
2216,2497
2216,2593
2216,2626
2216,2603
2216,2228
2216,2235
2216,2627
2216,2439
2216,2706
2216,2443
2216,2428
2216,2286
2217,2698
2217,2227
2217,2434
2217,2263
2217,2497
2217,2506
2217,2224
2217,2627
2217,2358
2217,2700
2218,2222
2218,2686
2218,2662
2218,2604
2218,2496
2218,2299
2218,2704
2218,2502
2218,2225
2218,2567
2218,2230
2218,2238
2218,2221
2218,2512
2218,2282
2218,2426
2218,2523
2218,2649
2218,2518
2218,2425
2218,2619
2218,2527
2218,2456
2218,2359
2218,2702
2218,2224
2218,2503
2219,2221
2219,2702
2219,2589
2219,2617
2219,2236
2219,2428
2219,2234
2219,2238
2219,2596
2219,2284
2219,2634
2219,2697
2219,2279
2220,2641
2220,2501
2220,2494
2220,2710
2220,2496
2220,2354
2220,2232
2220,2273
2220,2467
2220,2242
2220,2436
2220,2679
2220,2624
2220,2333
2220,2236
2220,2705
2220,2627
2220,2567
2220,2233
2220,2238
2220,2694
2220,2526
2220,2235
2220,2362
2220,2237
2221,2697
2221,2289
2221,2222
2221,2229
2221,2292
2221,2239
2221,2535
2221,2497
2221,2706
2221,2361
2221,2237
2221,2414
2221,2618
2221,2436
2221,2667
2221,2456
2222,2289
2222,2419
2222,2411
2222,2616
2222,2700
2222,2527
2222,2699
2222,2237
2222,2234
2222,2318
2222,2706
2222,2609
2222,2502
2222,2604
2222,2544
2222,2662
2222,2482
2222,2270
2222,2467
2222,2238
2222,2432
2223,2526
2223,2289
2223,2700
2223,2500
2223,2298
2223,2439
2223,2442
2223,2348
2223,2502
2223,2433
2223,2624
2223,2503
2224,2698
2224,2526
2224,2351
2224,2289
2224,2427
2224,2294
2224,2516
2224,2361
2224,2441
2224,2397
2224,2497
2224,2229
2224,2496
2224,2238
2224,2609
2224,2719
2224,2357
2224,2627
2224,2409
2224,2700
2225,2231
2225,2427
2225,2251
2225,2607
2225,2299
2225,2437
2225,2653
2225,2383
2225,2291
2225,2282
2225,2236
2225,2518
2225,2249
2225,2234
2225,2649
2225,2669
2225,2492
2226,2345
2226,2625
2226,2363
2226,2303
2226,2261
2226,2262
2226,2589
2226,2480
2226,2253
2226,2397
2226,2604
2226,2694
2226,2683
2226,2487
2226,2707
2226,2430
2226,2718
2226,2279
2226,2270
2226,2491
2227,2697
2227,2366
2227,2397
2227,2609
2227,2706
2227,2694
2227,2547
2227,2589
2227,2267
2227,2425
2227,2236
2227,2272
2228,2292
2228,2602
2228,2496
2228,2702
2228,2502
2228,2641
2228,2547
2228,2535
2228,2483
2228,2718
2228,2425
2228,2230
2228,2299
2228,2282
2228,2579
2228,2604
2228,2328
2228,2544
2229,2288
2229,2291
2229,2494
2229,2232
2229,2601
2229,2260
2229,2547
2229,2480
2229,2497
2229,2484
2229,2605
2229,2702
2229,2627
2229,2694
2229,2500
2229,2279
2229,2235
2229,2612
2229,2619
2229,2427
2229,2527
2229,2248
2229,2548
2229,2550
2230,2544
2230,2659
2230,2618
2230,2435
2230,2540
2230,2431
2230,2236
2230,2282
2230,2279
2230,2535
2230,2238
2230,2526
2230,2235
2230,2501
2230,2547
2230,2684
2230,2419
2230,2646
2231,2629
2231,2622
2231,2402
2231,2504
2231,2394
2231,2293
2231,2508
2231,2474
2231,2686
2231,2711
2231,2517
2231,2239
2231,2624
2231,2333
2231,2348
2231,2379
2231,2715
2232,2456
2232,2288
2232,2369
2232,2512
2232,2641
2232,2253
2232,2496
2232,2425
2232,2516
2232,2352
2232,2697
2232,2600
2232,2299
2232,2439
2232,2653
2232,2527
2232,2257
2232,2541
2232,2441
2232,2431
2232,2383
2233,2362
2233,2303
2233,2264
2233,2702
2233,2519
2233,2565
2233,2257
2233,2650
2233,2626
2233,2466
2233,2605
2233,2544
2233,2443
2233,2234
2233,2296
2233,2594
2234,2697
2234,2501
2234,2379
2234,2251
2234,2239
2234,2618
2234,2519
2234,2337
2234,2236
2234,2366
2234,2361
2234,2425
2234,2637
2234,2443
2234,2567
2234,2660
2234,2704
2234,2497
2235,2288
2235,2670
2235,2657
2235,2609
2235,2698
2235,2516
2235,2358
2235,2239
2235,2519
2235,2546
2235,2441
2235,2361
2235,2237
2235,2684
2235,2296
2235,2547
2235,2280
2235,2629
2236,2456
2236,2494
2236,2709
2236,2303
2236,2687
2236,2604
2236,2239
2236,2710
2236,2516
2236,2498
2236,2351
2236,2254
2236,2481
2236,2440
2236,2500
2236,2511
2236,2282
2236,2629
2236,2333
2236,2684
2236,2296
2237,2698
2237,2409
2237,2291
2237,2239
2237,2687
2237,2264
2237,2361
2237,2352
2237,2523
2237,2543
2237,2706
2237,2283
2237,2649
2237,2665
2238,2456
2238,2503
2238,2353
2238,2263
2238,2333
2238,2298
2238,2409
2238,2506
2238,2700
2238,2390
2238,2337
2238,2616
2238,2596
2238,2361
2238,2427
2238,2698
2238,2282
2238,2523
2238,2618
2238,2441
2239,2456
2239,2485
2239,2477
2239,2603
2239,2616
2239,2706
2239,2425
2239,2491
2239,2627
2239,2436
2239,2501
2239,2443
2240,2384
2240,2507
2240,2636
2240,2246
2240,2478
2240,2365
2240,2385
2240,2376
2240,2380
2240,2465
2240,2620
2240,2316
2240,2408
2240,2635
2240,2504
2240,2374
2240,2415
2241,2693
2241,2621
2241,2688
2241,2509
2241,2399
2241,2335
2241,2504
2241,2243
2241,2242
2241,2719
2241,2517
2241,2322
2241,2514
2241,2623
2241,2410
2241,2647
2241,2640
2241,2568
2241,2717
2241,2327
2241,2498
2242,2520
2242,2337
2242,2378
2242,2335
2242,2717
2242,2519
2242,2612
2242,2324
2242,2525
2242,2409
2242,2506
2242,2644
2242,2609
2242,2352
2242,2249
2242,2394
2242,2684
2242,2355
2243,2621
2243,2326
2243,2509
2243,2534
2243,2410
2243,2569
2243,2325
2243,2691
2243,2525
2243,2692
2243,2394
2243,2685
2243,2638
2244,2688
2244,2663
2244,2442
2244,2277
2244,2314
2244,2416
2244,2648
2244,2432
2245,2711
2245,2246
2245,2642
2245,2394
2245,2385
2245,2513
2245,2478
2245,2381
2245,2374
2245,2507
2245,2469
2245,2533
2245,2514
2246,2652
2246,2404
2246,2469
2246,2510
2246,2513
2246,2715
2246,2316
2246,2613
2246,2521
2246,2394
2246,2391
2246,2327
2247,2379
2247,2283
2247,2702
2247,2501
2247,2666
2248,2709
2248,2511
2248,2493
2248,2337
2248,2619
2248,2422
2248,2664
2248,2350
2248,2686
2248,2432
2248,2684
2248,2715
2249,2434
2249,2456
2249,2662
2249,2435
2249,2325
2249,2502
2249,2330
2249,2706
2249,2494
2249,2259
2249,2526
2249,2667
2249,2641
2249,2665
2250,2717
2250,2613
2250,2719
2250,2410
2250,2647
2250,2642
2250,2685
2250,2712
2250,2688
2250,2324
2250,2379
2251,2456
2251,2518
2251,2474
2251,2665
2251,2350
2251,2264
2251,2499
2251,2669
2251,2540
2251,2619
2252,2303
2252,2419
2252,2351
2252,2254
2252,2486
2252,2605
2252,2659
2252,2634
2252,2600
2252,2589
2252,2284
2252,2694
2252,2253
2252,2421
2253,2683
2253,2426
2253,2453
2253,2702
2253,2589
2253,2419
2253,2617
2253,2254
2253,2480
2253,2535
2253,2464
2253,2650
2253,2547
2253,2575
2253,2303
2253,2594
2253,2263
2253,2705
2253,2709
2253,2588
2253,2328
2253,2397
2253,2421
2254,2670
2254,2676
2254,2606
2254,2344
2254,2266
2254,2705
2254,2629
2254,2600
2254,2694
2254,2280
2254,2413
2255,2303
2255,2632
2255,2575
2256,2358
2256,2328
2256,2631
2256,2600
2256,2681
2256,2276
2256,2259
2256,2488
2256,2674
2256,2286
2257,2641
2257,2444
2257,2371
2257,2633
2257,2419
2257,2263
2257,2651
2257,2402
2257,2626
2257,2521
2257,2398
2257,2488
2257,2391
2257,2464
2257,2611
2257,2535
2257,2598
2257,2330
2257,2443
2257,2530
2257,2627
2257,2699
2258,2365
2259,2351
2259,2501
2259,2661
2259,2676
2259,2491
2259,2631
2259,2600
2259,2483
2259,2650
2259,2634
2259,2261
2259,2428
2259,2481
2259,2658
2259,2680
2259,2605
2259,2589
2260,2487
2260,2529
2260,2682
2260,2625
2260,2683
2260,2475
2260,2281
2260,2331
2260,2594
2260,2398
2260,2588
2261,2631
2261,2480
2261,2599
2261,2428
2261,2596
2261,2680
2261,2611
2261,2625
2261,2600
2262,2631
2262,2581
2262,2650
2262,2267
2262,2480
2262,2348
2262,2460
2262,2605
2262,2279
2262,2611
2263,2400
2263,2288
2263,2351
2263,2408
2263,2488
2263,2483
2263,2634
2263,2694
2263,2464
2263,2567
2263,2715
2264,2438
2264,2629
2264,2291
2264,2657
2264,2700
2264,2440
2264,2299
2264,2662
2264,2416
2264,2486
2264,2627
2264,2443
2264,2527
2264,2292
2264,2433
2264,2699
2265,2287
2265,2271
2265,2458
2265,2587
2265,2423
2265,2551
2265,2273
2265,2461
2266,2272
2266,2458
2266,2576
2266,2275
2266,2463
2266,2457
2266,2453
2267,2438
2267,2273
2267,2354
2267,2631
2267,2643
2267,2420
2267,2544
2267,2280
2267,2606
2268,2353
2268,2272
2268,2584
2268,2582
2268,2356
2269,2585
2269,2603
2269,2453
2269,2466
2269,2544
2269,2703
2269,2609
2269,2271
2269,2414
2269,2696
2269,2484
2269,2578
2269,2550
2269,2546
2269,2584
2270,2290
2270,2354
2270,2696
2270,2670
2270,2413
2270,2429
2270,2275
2271,2515
2271,2581
2272,2287
2272,2602
2272,2280
2272,2457
2272,2576
2272,2423
2272,2462
2272,2429
2273,2285
2273,2586
2273,2547
2273,2453
2273,2429
2274,2424
2274,2610
2274,2583
2275,2526
2275,2459
2275,2433
2275,2421
2275,2546
2275,2352
2275,2359
2275,2578
2275,2694
2275,2543
2275,2516
2275,2430
2275,2550
2275,2579
2276,2536
2276,2632
2276,2397
2276,2547
2276,2308
2276,2718
2276,2608
2277,2409
2277,2522
2277,2437
2277,2660
2277,2540
2277,2394
2277,2412
2278,2536
2278,2678
2278,2295
2278,2319
2278,2601
2278,2286
2279,2496
2279,2629
2279,2435
2279,2441
2279,2699
2279,2550
2279,2649
2279,2282
2279,2567
2279,2355
2279,2543
2279,2609
2280,2697
2280,2643
2281,2392
2281,2554
2281,2331
2281,2381
2281,2428
2282,2526
2282,2629
2282,2609
2282,2294
2282,2687
2282,2704
2282,2649
2282,2635
2282,2700
2282,2412
2282,2481
2282,2627
2282,2588
2282,2699
2282,2497
2282,2361
2283,2633
2283,2379
2283,2604
2283,2298
2283,2393
2283,2671
2283,2511
2283,2417
2283,2660
2283,2495
2283,2670
2284,2633
2284,2683
2284,2358
2284,2625
2284,2300
2284,2654
2284,2705
2284,2600
2284,2605
2284,2634
2285,2287
2285,2486
2285,2596
2285,2577
2285,2674
2285,2286
2285,2705
2285,2602
2285,2631
2285,2710
2285,2600
2285,2441
2286,2351
2286,2582
2286,2328
2286,2589
2286,2483
2286,2718
2286,2627
2287,2586
2287,2583
2287,2584
2288,2300
2288,2625
2288,2658
2288,2484
2288,2567
2288,2544
2288,2407
2288,2414
2288,2427
2289,2624
2289,2466
2289,2527
2289,2358
2289,2500
2289,2352
2289,2597
2289,2523
2289,2501
2289,2505
2289,2494
2289,2348
2289,2349
2289,2606
2289,2297
2289,2294
2290,2697
2290,2602
2290,2624
2290,2436
2290,2349
2290,2355
2290,2668
2290,2441
2290,2606
2290,2354
2290,2431
2290,2666
2291,2434
2291,2702
2291,2496
2291,2352
2291,2618
2291,2439
2291,2715
2291,2436
2291,2657
2291,2294
2292,2698
2292,2438
2292,2639
2292,2434
2292,2657
2292,2624
2292,2333
2292,2442
2292,2706
2292,2578
2292,2355
2292,2357
2292,2541
2292,2294
2293,2444
2293,2330
2293,2640
2293,2324
2293,2525
2293,2498
2293,2616
2293,2404
2293,2432
2294,2494
2294,2427
2294,2686
2294,2527
2294,2352
2294,2523
2294,2409
2294,2700
2294,2506
2294,2502
2294,2607
2294,2698
2294,2412
2294,2648
2295,2317
2295,2659
2295,2490
2295,2554
2295,2530
2295,2403
2295,2450
2295,2557
2295,2302
2295,2380
2296,2624
2296,2438
2296,2501
2296,2549
2296,2354
2296,2668
2296,2431
2296,2425
2297,2353
2297,2549
2297,2349
2297,2355
2297,2443
2297,2438
2298,2624
2298,2494
2298,2618
2298,2354
2298,2434
2298,2518
2298,2653
2298,2702
2298,2441
2299,2438
2299,2662
2299,2329
2299,2607
2299,2497
2299,2700
2299,2435
2299,2516
2299,2518
2299,2641
2299,2544
2299,2350
2299,2660
2299,2618
2299,2715
2299,2412
2300,2524
2300,2347
2300,2681
2300,2608
2301,2672
2301,2319
2301,2490
2301,2489
2301,2552
2301,2344
2301,2601
2301,2625
2302,2672
2302,2455
2302,2406
2302,2451
2302,2449
2302,2304
2302,2445
2303,2633
2303,2362
2303,2521
2303,2547
2303,2464
2303,2605
2303,2659
2303,2397
2303,2603
2303,2697
2303,2600
2303,2567
2303,2524
2303,2461
2303,2627
2304,2308
2304,2403
2304,2452
2304,2559
2304,2451
2304,2345
2304,2651
2304,2319
2305,2400
2305,2306
2305,2445
2305,2672
2305,2308
2305,2339
2305,2311
2306,2317
2306,2672
2306,2308
2306,2559
2306,2530
2306,2346
2306,2542
2306,2446
2307,2308
2307,2552
2307,2608
2307,2449
2307,2617
2308,2341
2308,2559
2308,2595
2308,2454
2309,2375
2309,2379
2309,2540
2309,2372
2309,2524
2309,2520
2309,2418
2309,2612
2309,2660
2309,2364
2309,2655
2309,2416
2309,2695
2310,2556
2310,2407
2310,2615
2310,2490
2310,2589
2310,2542
2310,2449
2310,2341
2310,2552
2310,2455
2310,2555
2310,2530
2310,2406
2311,2563
2311,2552
2311,2445
2311,2676
2311,2338
2311,2561
2312,2469
2312,2647
2312,2590
2312,2396
2312,2521
2312,2473
2312,2365
2312,2378
2312,2572
2312,2533
2312,2614
2312,2391
2313,2615
2313,2411
2313,2517
2313,2565
2313,2478
2313,2381
2313,2365
2313,2401
2313,2387
2314,2378
2314,2315
2314,2322
2314,2373
2314,2531
2314,2513
2314,2476
2314,2625
2314,2340
2314,2396
2314,2316
2315,2378
2315,2377
2315,2386
2315,2478
2315,2565
2315,2402
2315,2473
2315,2613
2315,2392
2315,2465
2315,2410
2316,2507
2316,2701
2316,2377
2316,2476
2316,2589
2316,2364
2316,2340
2316,2334
2316,2376
2316,2396
2317,2528
2317,2382
2317,2476
2317,2320
2318,2337
2318,2320
2318,2623
2318,2647
2318,2442
2318,2655
2318,2330
2318,2516
2318,2607
2318,2709
2318,2660
2318,2641
2318,2350
2318,2715
2319,2562
2319,2451
2319,2677
2319,2489
2319,2473
2320,2378
2320,2389
2320,2635
2320,2392
2320,2401
2320,2565
2320,2573
2320,2464
2320,2402
2320,2533
2320,2539
2320,2396
2320,2599
2321,2323
2321,2691
2321,2445
2321,2386
2321,2590
2322,2384
2322,2507
2322,2620
2322,2364
2322,2513
2322,2593
2322,2378
2322,2572
2322,2405
2322,2382
2322,2381
2322,2533
2322,2377
2322,2592
2322,2570
2322,2473
2323,2365
2323,2622
2323,2564
2323,2471
2323,2367
2323,2590
2323,2385
2323,2476
2323,2469
2323,2472
2323,2499
2324,2503
2324,2365
2324,2326
2324,2663
2324,2568
2324,2393
2324,2391
2324,2612
2324,2688
2324,2418
2324,2340
2324,2711
2324,2335
2324,2664
2324,2588
2324,2640
2325,2645
2325,2690
2325,2642
2325,2713
2325,2636
2325,2637
2325,2496
2326,2568
2326,2510
2326,2415
2326,2391
2326,2395
2326,2327
2326,2719
2326,2717
2326,2332
2326,2616
2326,2334
2327,2621
2327,2415
2327,2647
2327,2414
2327,2616
2327,2713
2327,2525
2327,2369
2327,2708
2327,2689
2327,2395
2328,2351
2328,2426
2328,2344
2328,2368
2328,2575
2328,2596
2328,2487
2328,2705
2328,2347
2328,2444
2328,2535
2328,2603
2328,2634
2328,2694
2328,2547
2329,2652
2329,2637
2329,2369
2329,2701
2329,2568
2329,2719
2329,2394
2329,2621
2329,2691
2329,2623
2329,2517
2329,2616
2330,2501
2330,2670
2330,2494
2330,2714
2330,2593
2330,2408
2330,2425
2330,2361
2330,2523
2330,2518
2330,2410
2330,2604
2330,2637
2330,2655
2330,2412
2330,2616
2330,2422
2331,2489
2331,2626
2331,2339
2331,2678
2332,2637
2332,2690
2332,2509
2332,2685
2332,2712
2333,2698
2333,2375
2333,2337
2333,2427
2333,2494
2333,2397
2333,2500
2333,2624
2333,2348
2333,2414
2333,2442
2333,2519
2333,2422
2333,2437
2334,2369
2334,2427
2334,2636
2334,2637
2334,2402
2334,2711
2334,2418
2334,2482
2335,2644
2335,2639
2335,2695
2335,2520
2335,2379
2335,2711
2335,2394
2335,2569
2335,2415
2335,2637
2335,2612
2335,2512
2335,2493
2335,2417
2335,2669
2336,2362
2336,2448
2336,2649
2336,2574
2336,2367
2336,2385
2336,2571
2336,2401
2337,2531
2337,2405
2337,2407
2337,2499
2337,2695
2337,2524
2337,2399
2337,2417
2337,2414
2337,2637
2337,2350
2337,2716
2337,2671
2337,2467
2338,2672
2338,2449
2338,2561
2338,2451
2338,2601
2338,2678
2338,2484
2338,2677
2339,2676
2339,2446
2339,2448
2339,2633
2339,2560
2340,2507
2340,2364
2340,2378
2340,2473
2340,2402
2340,2598
2340,2691
2340,2371
2340,2620
2340,2533
2340,2708
2340,2514
2340,2372
2340,2510
2340,2592
2340,2396
2340,2465
2340,2623
2340,2390
2341,2530
2341,2449
2341,2542
2341,2344
2341,2452
2341,2450
2342,2683
2342,2448
2342,2370
2342,2485
2342,2680
2342,2626
2342,2588
2342,2419
2342,2592
2342,2593
2342,2487
2343,2678
2343,2542
2343,2455
2343,2552
2343,2573
2344,2446
2344,2601
2344,2563
2344,2560
2344,2658
2344,2561
2344,2451
2344,2632
2344,2625
2345,2678
2345,2632
2345,2676
2345,2553
2345,2449
2345,2608
2345,2683
2345,2556
2345,2626
2345,2566
2345,2649
2346,2406
2346,2490
2347,2675
2347,2560
2347,2681
2347,2594
2347,2659
2348,2494
2348,2609
2348,2358
2348,2600
2348,2502
2348,2442
2348,2352
2348,2430
2348,2518
2348,2439
2349,2353
2349,2500
2349,2433
2349,2438
2349,2441
2349,2431
2350,2520
2350,2369
2350,2494
2350,2379
2350,2522
2350,2687
2350,2437
2350,2526
2350,2709
2350,2418
2350,2540
2350,2443
2350,2686
2351,2697
2351,2482
2351,2674
2351,2631
2351,2705
2351,2483
2351,2497
2351,2607
2351,2458
2352,2438
2352,2400
2352,2440
2352,2675
2352,2354
2352,2653
2352,2357
2352,2358
2352,2433
2352,2704
2353,2416
2353,2549
2353,2441
2353,2431
2354,2549
2354,2502
2354,2585
2354,2550
2354,2462
2354,2431
2354,2438
2355,2526
2355,2549
2355,2506
2355,2501
2355,2519
2355,2707
2355,2441
2355,2438
2355,2433
2356,2420
2356,2610
2356,2429
2356,2545
2356,2696
2357,2697
2357,2544
2357,2467
2357,2699
2357,2432
2357,2523
2357,2668
2358,2362
2358,2609
2358,2527
2358,2641
2358,2435
2358,2523
2358,2627
2359,2434
2359,2516
2359,2442
2359,2546
2359,2543
2360,2528
2360,2407
2360,2392
2360,2372
2360,2470
2360,2529
2360,2537
2360,2367
2360,2402
2361,2629
2361,2609
2361,2702
2361,2497
2361,2596
2361,2669
2361,2425
2361,2523
2361,2409
2361,2506
2361,2700
2361,2442
2361,2718
2362,2596
2362,2661
2362,2658
2362,2484
2362,2695
2362,2486
2362,2605
2362,2397
2362,2426
2362,2634
2362,2480
2362,2718
2362,2597
2362,2707
2362,2576
2363,2400
2363,2536
2363,2557
2363,2401
2363,2367
2363,2564
2363,2634
2364,2520
2364,2478
2364,2620
2364,2382
2364,2565
2364,2564
2364,2510
2364,2409
2364,2512
2364,2391
2364,2614
2364,2713
2364,2715
2365,2378
2365,2377
2365,2573
2365,2533
2365,2376
2365,2509
2365,2465
2365,2590
2365,2396
2365,2717
2365,2620
2365,2513
2365,2472
2365,2615
2366,2529
2366,2482
2366,2635
2366,2408
2366,2381
2366,2500
2366,2521
2366,2469
2367,2659
2367,2478
2367,2517
2367,2573
2367,2505
2367,2710
2367,2533
2368,2400
2368,2505
2368,2676
2368,2387
2368,2719
2368,2565
2368,2574
2368,2588
2368,2389
2369,2615
2369,2640
2369,2689
2369,2393
2370,2517
2370,2539
2370,2405
2370,2531
2370,2371
2370,2390
2370,2374
2371,2507
2371,2392
2371,2389
2371,2570
2371,2378
2371,2564
2371,2573
2371,2381
2371,2622
2371,2472
2371,2512
2371,2415
2372,2507
2372,2528
2372,2532
2372,2570
2372,2537
2372,2572
2372,2574
2372,2534
2372,2622
2372,2590
2372,2640
2373,2598
2373,2475
2373,2532
2373,2450
2373,2401
2373,2539
2373,2590
2374,2652
2374,2404
2374,2568
2374,2510
2374,2415
2374,2644
2374,2513
2375,2506
2375,2619
2375,2422
2375,2494
2375,2591
2375,2416
2375,2709
2375,2525
2375,2412
2375,2432
2375,2379
2375,2715
2375,2657
2375,2662
2375,2383
2375,2665
2376,2636
2376,2613
2376,2701
2376,2385
2376,2510
2376,2614
2376,2476
2377,2378
2377,2590
2377,2472
2377,2381
2377,2392
2377,2568
2377,2402
2377,2495
2378,2590
2378,2405
2378,2390
2378,2622
2378,2615
2378,2614
2378,2472
2378,2592
2379,2511
2379,2706
2379,2506
2379,2662
2379,2495
2379,2591
2379,2416
2379,2412
2379,2432
2379,2684
2379,2492
2379,2383
2380,2701
2380,2399
2380,2570
2380,2710
2380,2613
2380,2647
2381,2635
2381,2470
2381,2465
2381,2478
2381,2405
2381,2401
2381,2574
2381,2481
2381,2521
2381,2638
2382,2387
2382,2529
2382,2384
2382,2419
2383,2697
2383,2664
2383,2667
2383,2684
2383,2665
2384,2622
2384,2471
2384,2615
2384,2574
2385,2564
2385,2490
2385,2590
2385,2537
2385,2405
2385,2554
2385,2708
2385,2392
2386,2471
2386,2472
2386,2396
2386,2476
2386,2630
2387,2392
2387,2538
2387,2532
2387,2529
2387,2565
2387,2574
2387,2566
2387,2623
2389,2644
2389,2573
2389,2408
2389,2477
2389,2567
2389,2566
2390,2532
2390,2621
2390,2477
2391,2652
2391,2689
2391,2514
2391,2615
2392,2539
2392,2531
2392,2532
2392,2510
2392,2402
2392,2572
2392,2465
2392,2396
2392,2408
2392,2719
2392,2477
2393,2520
2393,2503
2393,2501
2393,2636
2393,2524
2393,2662
2393,2663
2393,2437
2393,2607
2393,2408
2393,2623
2393,2568
2393,2525
2393,2523
2393,2591
2393,2439
2393,2522
2393,2619
2393,2686
2393,2432
2393,2477
2394,2636
2394,2711
2394,2411
2394,2717
2394,2623
2394,2499
2394,2640
2394,2638
2394,2612
2394,2637
2394,2690
2394,2671
2395,2402
2395,2514
2395,2512
2395,2620
2396,2615
2396,2564
2396,2537
2396,2691
2396,2405
2396,2472
2396,2658
2396,2521
2397,2486
2397,2704
2397,2428
2397,2535
2397,2485
2397,2718
2397,2603
2397,2599
2397,2589
2398,2595
2398,2491
2398,2494
2398,2483
2398,2408
2398,2560
2398,2400
2398,2594
2398,2573
2398,2593
2398,2485
2398,2464
2398,2634
2398,2468
2398,2533
2398,2566
2399,2524
2399,2520
2399,2605
2399,2437
2399,2616
2399,2525
2399,2540
2399,2412
2399,2715
2400,2552
2400,2428
2400,2625
2400,2679
2401,2565
2401,2473
2401,2505
2401,2573
2401,2654
2401,2635
2402,2695
2402,2504
2402,2613
2402,2635
2402,2469
2402,2473
2402,2617
2403,2672
2403,2552
2403,2554
2403,2651
2403,2558
2404,2528
2404,2572
2404,2564
2404,2599
2404,2469
2404,2598
2404,2415
2404,2638
2404,2567
2404,2482
2404,2473
2404,2614
2404,2604
2405,2407
2405,2465
2405,2529
2405,2532
2405,2710
2405,2531
2406,2448
2406,2490
2406,2449
2407,2563
2407,2595
2407,2599
2407,2485
2407,2488
2407,2578
2408,2471
2408,2482
2408,2419
2408,2617
2408,2566
2408,2654
2408,2521
2409,2524
2409,2442
2409,2692
2409,2506
2409,2518
2409,2607
2409,2655
2409,2432
2409,2715
2409,2439
2409,2492
2409,2656
2409,2639
2410,2686
2410,2517
2410,2647
2410,2474
2410,2521
2410,2415
2410,2717
2410,2568
2411,2568
2411,2635
2411,2504
2411,2717
2411,2573
2411,2508
2411,2418
2411,2701
2411,2712
2411,2498
2411,2692
2412,2517
2412,2653
2412,2591
2412,2655
2412,2523
2412,2439
2412,2664
2412,2432
2413,2577
2413,2587
2413,2576
2413,2579
2414,2717
2414,2494
2414,2440
2414,2438
2414,2609
2414,2704
2414,2519
2414,2502
2414,2571
2414,2628
2414,2434
2414,2433
2414,2716
2414,2700
2414,2442
2414,2496
2414,2718
2415,2652
2415,2499
2415,2507
2415,2569
2416,2520
2416,2511
2416,2639
2416,2569
2416,2663
2416,2568
2416,2665
2416,2493
2416,2645
2416,2512
2416,2422
2416,2517
2417,2636
2417,2642
2417,2691
2417,2619
2417,2701
2417,2692
2417,2716
2417,2520
2418,2711
2418,2714
2418,2504
2418,2648
2418,2474
2418,2512
2418,2655
2418,2644
2418,2524
2418,2695
2418,2598
2419,2597
2419,2456
2419,2598
2419,2702
2419,2484
2419,2468
2419,2485
2419,2593
2419,2617
2419,2602
2420,2659
2420,2459
2420,2466
2420,2576
2420,2698
2420,2453
2421,2628
2421,2585
2421,2577
2421,2580
2421,2457
2421,2584
2421,2460
2422,2525
2422,2714
2422,2571
2422,2619
2422,2655
2422,2667
2422,2548
2423,2583
2423,2582
2423,2458
2423,2463
2423,2457
2424,2634
2425,2629
2425,2602
2425,2496
2425,2606
2425,2627
2425,2426
2425,2702
2425,2605
2425,2508
2425,2567
2425,2684
2426,2486
2426,2679
2426,2487
2426,2464
2426,2718
2426,2595
2426,2692
2426,2634
2426,2694
2426,2548
2426,2550
2427,2698
2427,2609
2427,2523
2427,2439
2427,2519
2427,2604
2427,2664
2428,2597
2428,2491
2428,2602
2428,2661
2428,2625
2428,2497
2428,2650
2428,2596
2428,2566
2428,2561
2429,2696
2429,2515
2429,2579
2429,2543
2429,2583
2430,2628
2430,2547
2430,2579
2430,2593
2430,2442
2430,2550
2430,2697
2430,2543
2430,2702
2430,2434
2430,2504
2431,2501
2431,2496
2431,2497
2431,2467
2431,2438
2432,2637
2432,2524
2432,2709
2432,2607
2432,2442
2432,2636
2432,2526
2432,2591
2432,2540
2432,2656
2432,2686
2433,2505
2433,2706
2433,2548
2433,2435
2434,2697
2434,2435
2434,2629
2434,2544
2434,2436
2434,2523
2434,2540
2434,2500
2434,2653
2434,2657
2435,2624
2435,2702
2435,2700
2435,2496
2435,2484
2436,2606
2436,2500
2436,2523
2436,2502
2436,2518
2436,2441
2437,2520
2437,2687
2437,2663
2437,2623
2437,2649
2437,2639
2437,2715
2438,2697
2438,2459
2438,2619
2439,2613
2439,2706
2439,2649
2439,2494
2439,2441
2439,2522
2439,2619
2439,2520
2439,2714
2439,2715
2439,2654
2439,2570
2439,2550
2439,2604
2440,2698
2440,2617
2440,2497
2440,2496
2440,2443
2440,2627
2440,2699
2440,2597
2440,2500
2440,2501
2440,2704
2440,2624
2440,2502
2440,2709
2440,2657
2441,2703
2441,2624
2441,2548
2441,2657
2441,2442
2441,2485
2442,2515
2442,2466
2442,2480
2442,2516
2442,2496
2442,2568
2442,2575
2442,2679
2442,2680
2442,2482
2442,2687
2442,2497
2442,2443
2442,2609
2442,2639
2442,2649
2442,2518
2442,2619
2442,2716
2442,2456
2442,2635
2443,2629
2443,2609
2443,2497
2443,2624
2443,2567
2443,2605
2443,2650
2444,2661
2444,2470
2444,2481
2444,2521
2444,2597
2445,2455
2445,2552
2445,2554
2445,2451
2445,2446
2446,2449
2447,2536
2448,2555
2448,2559
2448,2557
2448,2563
2448,2631
2449,2651
2449,2554
2449,2451
2449,2455
2450,2454
2450,2451
2450,2452
2450,2552
2450,2455
2450,2542
2450,2673
2451,2552
2451,2651
2451,2557
2451,2542
2452,2555
2453,2681
2453,2462
2454,2555
2454,2557
2454,2554
2454,2455
2454,2530
2454,2490
2454,2559
2455,2552
2455,2651
2455,2554
2455,2489
2455,2479
2455,2560
2456,2517
2456,2702
2456,2700
2456,2706
2456,2540
2457,2580
2457,2587
2457,2634
2457,2610
2458,2577
2458,2650
2458,2462
2459,2659
2459,2709
2459,2628
2459,2578
2459,2579
2460,2696
2460,2584
2460,2462
2460,2583
2460,2515
2461,2585
2461,2670
2461,2579
2461,2522
2462,2577
2462,2576
2463,2577
2463,2581
2463,2610
2463,2606
2464,2491
2464,2650
2464,2634
2464,2596
2464,2535
2464,2599
2464,2589
2464,2658
2464,2485
2464,2594
2465,2473
2465,2514
2465,2477
2465,2701
2466,2628
2466,2624
2466,2704
2466,2550
2467,2511
2467,2670
2467,2687
2467,2496
2467,2519
2467,2627
2467,2500
2467,2502
2467,2664
2468,2595
2468,2710
2468,2680
2468,2536
2468,2674
2468,2594
2468,2485
2469,2615
2469,2630
2469,2533
2469,2521
2469,2539
2470,2510
2470,2529
2470,2590
2470,2475
2470,2521
2471,2528
2471,2507
2471,2479
2471,2590
2471,2647
2472,2536
2472,2570
2472,2473
2472,2533
2472,2614
2473,2652
2473,2615
2473,2510
2473,2601
2473,2614
2473,2477
2473,2573
2473,2564
2474,2690
2474,2648
2474,2616
2474,2692
2474,2493
2475,2505
2475,2701
2475,2568
2475,2620
2475,2565
2475,2710
2476,2479
2477,2652
2477,2565
2477,2499
2478,2661
2478,2510
2478,2562
2478,2531
2478,2570
2478,2529
2478,2539
2478,2565
2478,2561
2478,2533
2478,2590
2478,2635
2478,2592
2478,2647
2478,2479
2479,2513
2479,2537
2480,2633
2480,2659
2480,2679
2480,2484
2480,2641
2480,2658
2480,2491
2480,2611
2480,2718
2480,2603
2480,2661
2480,2634
2480,2629
2481,2491
2481,2602
2481,2707
2481,2634
2481,2603
2481,2596
2481,2485
2481,2594
2481,2658
2482,2641
2482,2609
2483,2683
2483,2670
2483,2544
2483,2661
2483,2602
2483,2497
2483,2594
2483,2577
2483,2611
2483,2535
2483,2634
2483,2526
2484,2595
2484,2494
2484,2526
2484,2589
2484,2599
2484,2633
2484,2654
2484,2617
2484,2691
2484,2600
2485,2597
2485,2547
2485,2625
2485,2717
2485,2617
2485,2546
2485,2491
2485,2588
2485,2634
2485,2603
2486,2600
2486,2680
2486,2611
2486,2603
2486,2698
2487,2641
2487,2594
2487,2611
2487,2535
2487,2602
2488,2497
2488,2650
2488,2593
2488,2605
2488,2508
2488,2680
2488,2567
2489,2552
2490,2554
2490,2552
2491,2547
2491,2680
2491,2626
2491,2588
2491,2593
2491,2638
2491,2658
2491,2611
2491,2718
2491,2694
2492,2639
2492,2706
2492,2653
2492,2591
2492,2540
2492,2647
2492,2695
2492,2715
2492,2616
2492,2649
2493,2719
2493,2653
2493,2665
2493,2495
2493,2692
2493,2667
2493,2618
2493,2715
2494,2649
2494,2496
2494,2706
2494,2506
2494,2519
2494,2714
2494,2495
2494,2665
2495,2656
2495,2604
2495,2704
2495,2716
2495,2571
2495,2664
2495,2667
2495,2660
2495,2669
2495,2684
2495,2715
2495,2666
2496,2657
2496,2687
2496,2615
2496,2649
2496,2502
2497,2526
2497,2661
2497,2699
2497,2523
2497,2548
2498,2644
2498,2695
2498,2719
2498,2716
2498,2691
2498,2647
2498,2640
2498,2592
2498,2692
2499,2520
2499,2712
2499,2569
2499,2568
2499,2695
2500,2698
2500,2501
2500,2704
2500,2502
2500,2527
2500,2588
2500,2521
2500,2540
2500,2523
2501,2698
2501,2503
2501,2575
2501,2508
2501,2719
2501,2518
2501,2653
2502,2629
2502,2686
2502,2604
2502,2706
2502,2618
2503,2511
2503,2527
2503,2506
2503,2619
2503,2664
2503,2684
2503,2666
2504,2524
2504,2708
2504,2588
2504,2617
2504,2512
2504,2637
2504,2569
2504,2525
2505,2510
2505,2521
2505,2635
2505,2592
2505,2640
2506,2698
2506,2523
2506,2604
2506,2519
2506,2636
2506,2627
2506,2715
2507,2717
2507,2513
2507,2613
2507,2596
2507,2510
2508,2641
2508,2524
2508,2661
2508,2719
2508,2699
2508,2519
2508,2512
2508,2525
2509,2652
2509,2564
2509,2708
2509,2514
2510,2590
2511,2517
2511,2704
2511,2591
2511,2709
2511,2540
2511,2639
2511,2671
2511,2665
2512,2635
2513,2539
2514,2564
2514,2537
2514,2640
2514,2623
2514,2590
2515,2703
2515,2585
2515,2577
2515,2707
2515,2600
2516,2627
2516,2634
2516,2527
2516,2541
2516,2578
2517,2714
2517,2686
2517,2612
2517,2638
2517,2664
2517,2660
2518,2656
2518,2520
2518,2519
2518,2591
2518,2548
2518,2649
2519,2628
2519,2624
2519,2527
2519,2627
2519,2698
2520,2652
2520,2624
2520,2697
2520,2644
2520,2660
2521,2598
2521,2539
2521,2699
2521,2626
2521,2533
2521,2612
2521,2532
2522,2709
2522,2591
2522,2540
2522,2655
2523,2526
2523,2683
2523,2702
2523,2706
2523,2548
2523,2703
2523,2619
2524,2601
2524,2647
2524,2714
2524,2527
2524,2706
2524,2609
2524,2618
2524,2565
2524,2662
2525,2669
2525,2588
2525,2527
2525,2648
2525,2695
2526,2624
2526,2700
2526,2704
2526,2618
2526,2653
2526,2578
2526,2639
2527,2698
2527,2657
2527,2546
2528,2539
2528,2711
2528,2573
2528,2598
2529,2570
2529,2572
2530,2556
2530,2554
2531,2570
2532,2592
2532,2564
2532,2574
2532,2622
2532,2710
2532,2605
2533,2638
2533,2566
2534,2590
2535,2683
2535,2659
2535,2675
2535,2705
2535,2599
2535,2626
2535,2605
2535,2611
2536,2683
2536,2557
2536,2600
2537,2622
2538,2638
2538,2679
2539,2622
2539,2572
2540,2717
2540,2702
2540,2618
2540,2619
2540,2566
2540,2664
2540,2667
2540,2649
2541,2585
2541,2670
2541,2668
2541,2702
2542,2675
2543,2670
2543,2699
2543,2578
2543,2606
2543,2550
2544,2594
2544,2596
2544,2705
2544,2547
2544,2659
2544,2718
2544,2634
2545,2666
2546,2703
2546,2696
2546,2581
2546,2670
2547,2602
2547,2609
2548,2624
2548,2668
2548,2634
2549,2703
2549,2698
2549,2668
2550,2699
2550,2606
2550,2648
2551,2696
2551,2610
2551,2580
2551,2628
2552,2557
2553,2597
2553,2681
2554,2651
2554,2682
2555,2557
2556,2560
2557,2682
2557,2559
2558,2676
2559,2672
2559,2651
2560,2675
2560,2561
2560,2563
2561,2601
2561,2608
2561,2675
2561,2679
2562,2563
2563,2675
2563,2608
2563,2601
2564,2620
2564,2614
2564,2574
2564,2626
2564,2635
2565,2592
2565,2573
2565,2572
2566,2598
2566,2595
2566,2626
2567,2646
2567,2597
2567,2659
2567,2629
2567,2710
2568,2652
2569,2641
2569,2621
2569,2693
2569,2640
2569,2717
2569,2700
2570,2590
2570,2572
2571,2636
2571,2591
2571,2685
2572,2608
2572,2574
2572,2682
2572,2615
2572,2588
2573,2590
2573,2682
2573,2710
2574,2641
2574,2710
2574,2592
2575,2601
2575,2596
2575,2643
2575,2674
2576,2707
2576,2583
2577,2587
2578,2670
2578,2580
2578,2679
2579,2624
2580,2670
2580,2609
2581,2582
2582,2587
2582,2610
2582,2703
2582,2611
2585,2687
2586,2702
2588,2661
2588,2710
2588,2698
2588,2592
2588,2617
2588,2598
2588,2623
2588,2589
2589,2602
2589,2626
2589,2617
2589,2718
2589,2641
2590,2613
2590,2614
2591,2709
2591,2716
2591,2669
2592,2597
2592,2710
2593,2679
2593,2654
2594,2661
2594,2600
2594,2641
2594,2596
2594,2617
2595,2682
2595,2679
2595,2625
2596,2597
2596,2683
2596,2600
2596,2673
2596,2658
2596,2611
2596,2603
2597,2679
2597,2633
2597,2626
2597,2654
2597,2631
2597,2669
2598,2620
2598,2638
2598,2627
2598,2716
2599,2661
2599,2681
2599,2603
2600,2697
2600,2659
2600,2617
2600,2705
2600,2603
2600,2680
2601,2632
2601,2673
2601,2678
2602,2661
2602,2631
2602,2680
2602,2603
2603,2661
2603,2697
2603,2605
2604,2670
2604,2687
2604,2618
2604,2649
2604,2700
2604,2624
2605,2617
2605,2634
2605,2718
2605,2650
2605,2680
2605,2675
2606,2670
2607,2655
2607,2662
2607,2687
2608,2632
2608,2620
2608,2681
2608,2634
2609,2629
2609,2657
2609,2680
2609,2647
2611,2629
2611,2625
2611,2650
2611,2718
2611,2694
2612,2693
2612,2695
2612,2688
2612,2621
2612,2647
2612,2717
2612,2616
2614,2701
2614,2719
2615,2637
2616,2640
2616,2625
2616,2662
2616,2663
2617,2683
2617,2618
2617,2641
2617,2654
2617,2634
2618,2624
2618,2706
2618,2653
2619,2686
2619,2687
2619,2662
2619,2671
2619,2644
2619,2648
2621,2711
2621,2689
2621,2719
2621,2712
2622,2638
2623,2693
2623,2637
2624,2627
2624,2629
2624,2696
2625,2718
2625,2680
2626,2679
2626,2682
2626,2654
2627,2641
2627,2704
2627,2668
2627,2649
2627,2654
2627,2658
2629,2661
2629,2653
2629,2696
2631,2659
2631,2674
2631,2654
2631,2650
2632,2674
2632,2705
2632,2694
2633,2675
2633,2718
2634,2659
2634,2681
2634,2694
2635,2687
2635,2674
2636,2713
2636,2684
2637,2640
2637,2691
2637,2712
2637,2688
2638,2692
2639,2664
2639,2667
2639,2716
2639,2666
2639,2665
2640,2688
2640,2719
2640,2647
2640,2705
2641,2674
2642,2712
2642,2695
2642,2669
2643,2670
2644,2688
2645,2690
2645,2691
2645,2713
2646,2654
2647,2691
2647,2692
2647,2717
2648,2693
2648,2690
2648,2685
2649,2687
2649,2668
2649,2653
2649,2715
2649,2686
2650,2659
2650,2718
2651,2672
2651,2658
2652,2711
2653,2658
2655,2704
2655,2715
2655,2656
2655,2667
2656,2665
2658,2683
2658,2661
2658,2679
2659,2694
2660,2671
2660,2669
2660,2665
2660,2664
2660,2667
2660,2715
2661,2673
2661,2686
2662,2717
2662,2667
2663,2691
2663,2692
2663,2715
2664,2709
2664,2669
2665,2704
2665,2692
2665,2666
2667,2700
2667,2684
2667,2719
2667,2692
2667,2714
2668,2704
2669,2684
2670,2683
2671,2697
2671,2695
2671,2689
2673,2676
2673,2675
2673,2677
2673,2682
2675,2677
2677,2678
2679,2680
2680,2683
2683,2718
2684,2702
2684,2700
2685,2688
2687,2702
2688,2691
2688,2712
2690,2713
2690,2693
2691,2719
2695,2717
2695,2709
2695,2711
2696,2703
2696,2707
2697,2703
2697,2702
2697,2699
2699,2709
2700,2702
2703,2707
2706,2714
2706,2713
2712,2713
2715,2716
