u,v
0,90
0,136
0,120
0,154
0,85
0,144
0,117
0,142
0,58
0,37
0,51
0,129
0,94
0,191
0,183
0,175
0,75
0,172
0,162
0,46
0,143
0,119
0,88
0,33
0,130
0,180
0,83
0,179
0,82
0,159
0,62
0,44
0,38
0,186
0,89
0,42
0,113
0,116
0,19
0,60
0,103
0,176
0,105
0,108
0,10
0,121
0,74
0,195
0,98
0,101
0,4
0,5
0,189
0,163
0,170
0,73
0,150
1,53
1,179
1,61
1,156
1,165
1,80
1,41
1,126
1,123
1,37
1,112
1,137
1,188
1,91
1,181
1,172
1,171
1,170
1,162
1,58
1,155
1,151
1,147
1,127
1,115
1,104
1,199
1,102
1,100
1,197
1,3
1,95
1,89
1,56
1,48
1,145
1,195
1,98
1,4
1,148
1,135
1,38
1,88
1,132
1,35
1,32
1,70
1,93
1,19
1,66
1,114
1,20
1,174
1,157
1,60
1,131
1,72
1,49
1,146
1,97
2,188
2,77
2,192
2,90
2,48
2,136
2,168
2,78
2,120
2,45
2,135
2,85
2,80
2,160
2,127
2,123
2,112
2,137
2,195
2,193
2,176
2,169
2,166
2,152
2,151
2,146
2,143
2,113
2,109
2,184
2,87
2,64
2,60
2,186
2,89
2,139
2,42
2,32
2,28
2,125
2,128
2,31
2,5
2,52
2,76
2,126
2,29
2,25
2,114
2,164
2,20
2,22
2,10
2,154
2,57
2,178
2,131
2,108
2,65
2,118
2,21
2,181
2,84
2,167
2,70
3,128
3,173
3,79
3,48
3,120
3,100
3,45
3,160
3,40
3,49
3,34
3,99
3,196
3,187
3,86
3,183
3,177
3,172
3,161
3,132
3,107
3,149
3,5
3,102
3,148
3,188
3,91
3,141
3,69
3,65
3,33
3,26
3,15
3,178
3,105
3,106
3,9
3,39
3,155
3,111
3,29
3,190
3,12
3,92
3,195
4,71
4,53
4,48
4,45
4,85
4,55
4,30
4,40
4,100
4,197
4,123
4,108
4,51
4,96
4,193
4,186
4,69
4,166
4,161
4,147
4,109
4,104
4,149
4,199
4,5
4,102
4,35
4,132
4,177
4,163
4,66
4,83
4,36
4,27
4,76
4,126
4,29
4,190
4,9
4,116
4,16
4,136
4,39
4,162
4,165
4,68
4,46
4,141
5,173
5,111
5,48
5,154
5,135
5,30
5,41
5,40
5,96
5,63
5,195
5,185
5,184
5,181
5,177
5,75
5,172
5,167
5,148
5,143
5,133
5,130
5,125
5,117
5,20
5,19
5,116
5,115
5,107
5,196
5,92
5,176
5,158
5,54
5,114
5,67
5,164
5,42
5,16
5,113
5,66
5,62
5,112
5,15
5,9
5,106
5,156
5,59
5,12
5,102
5,55
5,152
5,29
5,93
5,190
5,150
5,6
5,27
5,170
5,73
5,197
5,72
5,25
5,131
5,105
5,108
6,53
6,48
6,136
6,43
6,135
6,117
6,23
6,63
6,11
6,108
6,67
6,122
6,129
6,187
6,183
6,181
6,177
6,79
6,176
6,175
6,172
6,170
6,167
6,166
6,162
6,159
6,34
6,131
6,125
6,124
6,115
6,10
6,107
6,195
6,98
6,182
6,72
6,58
6,155
6,111
6,51
6,148
6,198
6,54
6,197
6,46
6,33
6,130
6,83
6,36
6,123
6,26
6,154
6,57
6,9
6,56
6,22
6,37
6,134
6,161
6,64
6,105
6,12
7,173
7,75
7,192
7,90
7,79
7,61
7,100
7,135
7,85
7,80
7,194
7,181
7,67
7,78
7,175
7,170
7,159
7,155
7,122
7,141
7,139
7,13
7,110
7,134
7,131
7,160
7,63
7,125
7,124
7,108
7,115
7,113
7,137
7,94
7,106
7,98
7,92
7,88
7,83
7,69
7,68
7,60
7,59
7,52
7,96
7,150
7,26
7,107
7,10
7,163
7,198
7,103
7,50
7,120
7,23
7,126
7,45
7,142
8,179
8,48
8,136
8,61
8,156
8,78
8,120
8,94
8,150
8,134
8,37
8,98
8,195
8,86
8,183
8,152
8,140
8,28
8,125
8,20
8,107
8,104
8,102
8,97
8,83
8,76
8,122
8,25
8,72
8,19
8,116
8,22
8,69
8,47
8,133
8,74
8,33
8,21
8,63
8,16
8,109
8,15
8,52
8,190
9,53
9,128
9,24
9,75
9,90
9,43
9,165
9,135
9,174
9,158
9,118
9,55
9,41
9,63
9,123
9,94
9,37
9,195
9,186
9,79
9,176
9,36
9,133
9,124
9,57
9,107
9,102
9,101
9,92
9,184
9,87
9,84
9,82
9,76
9,20
9,70
9,44
9,141
9,47
9,143
9,46
9,164
9,113
9,66
9,19
9,190
9,103
9,15
9,73
9,130
9,83
9,100
9,197
10,71
10,136
10,156
10,101
10,30
10,40
10,63
10,58
10,49
10,91
10,67
10,37
10,110
10,129
10,195
10,185
10,82
10,167
10,139
10,33
10,130
10,124
10,116
10,105
10,79
10,176
10,115
10,68
10,57
10,60
10,103
10,150
10,183
10,89
10,66
10,178
10,181
10,56
10,99
10,190
10,141
11,199
11,179
11,168
11,180
11,100
11,81
11,55
11,30
11,195
11,193
11,90
11,187
11,183
11,175
11,171
11,167
11,166
11,153
11,141
11,110
11,37
11,115
11,114
11,113
11,107
11,104
11,131
11,34
11,194
11,97
11,88
11,87
11,72
11,68
11,99
11,159
11,62
11,59
11,151
11,54
11,52
11,145
11,91
11,53
11,150
11,123
11,26
11,22
11,20
11,138
11,15
11,112
12,156
12,78
12,120
12,81
12,80
12,41
12,40
12,94
12,150
12,195
12,183
12,75
12,172
12,166
12,162
12,63
12,155
12,149
12,141
12,132
12,13
12,110
12,106
12,199
12,102
12,185
12,88
12,87
12,84
12,83
12,174
12,70
12,165
12,68
12,161
12,64
12,60
12,151
12,54
12,24
12,121
12,171
12,74
12,27
12,119
12,25
12,15
12,42
12,19
12,123
12,26
12,136
12,39
12,190
12,147
12,148
12,28
12,146
13,71
13,199
13,173
13,192
13,61
13,156
13,154
13,45
13,77
13,174
13,144
13,117
13,30
13,63
13,123
13,94
13,187
13,181
13,177
13,151
13,122
13,140
13,132
13,134
13,37
13,137
13,105
13,104
13,197
13,98
13,180
13,83
13,74
13,70
13,166
13,69
13,162
13,65
13,64
13,60
13,155
13,53
13,150
13,129
13,146
13,145
13,44
13,38
13,31
13,28
13,121
13,116
13,19
13,189
13,81
13,178
13,29
13,120
13,23
13,112
14,123
14,75
14,175
14,167
14,166
14,162
14,159
14,153
14,151
14,146
14,130
14,108
14,37
14,121
14,179
14,114
14,137
14,94
14,106
14,105
14,34
14,89
14,80
14,187
14,90
14,145
14,48
14,53
14,171
14,74
14,77
14,165
14,68
14,168
14,57
14,96
14,38
14,129
14,32
14,29
14,27
14,119
14,22
14,15
14,182
14,103
14,73
14,30
14,147
14,50
15,128
15,90
15,61
15,156
15,120
15,45
15,135
15,144
15,160
15,118
15,67
15,150
15,122
15,37
15,71
15,168
15,195
15,194
15,185
15,177
15,170
15,147
15,35
15,132
15,115
15,114
15,16
15,113
15,107
15,191
15,131
15,84
15,196
15,199
15,102
15,149
15,52
15,87
15,137
15,36
15,33
15,24
15,121
15,74
15,27
15,159
15,62
15,198
15,182
15,116
15,69
15,55
15,152
15,82
15,153
15,93
15,189
15,197
16,188
16,53
16,17
16,48
16,120
16,160
16,126
16,67
16,137
16,129
16,194
16,191
16,187
16,170
16,167
16,166
16,132
16,131
16,106
16,95
16,83
16,82
16,77
16,174
16,161
16,113
16,163
16,66
16,65
16,146
16,118
16,21
16,93
16,27
16,50
16,62
16,183
16,86
16,39
16,41
16,138
16,139
16,155
16,151
16,57
16,108
17,188
17,157
17,194
17,185
17,184
17,67
17,158
17,170
17,169
17,167
17,144
17,41
17,180
17,151
17,148
17,147
17,145
17,140
17,110
17,134
17,133
17,132
17,63
17,121
17,107
17,81
17,34
17,95
17,86
17,84
17,165
17,76
17,99
17,58
17,159
17,62
17,168
17,146
17,49
17,153
17,56
17,52
17,46
17,42
17,96
17,38
17,29
17,122
17,25
17,119
17,22
17,20
17,118
17,190
17,189
17,182
17,55
17,30
18,2674
18,2027
18,1143
18,1320
18,2629
18,861
18,2680
18,1661
18,2681
18,2017
18,1749
18,850
18,1917
18,2553
18,1164
18,2037
18,803
18,895
18,1300
18,1591
18,2024
18,2036
18,2008
18,2000
18,1834
18,2028
18,1341
18,1369
18,2254
18,2535
18,983
18,1644
18,965
19,128
19,173
19,192
19,156
19,165
19,100
19,81
19,174
19,127
19,126
19,99
19,40
19,137
19,51
19,193
19,91
19,186
19,185
19,177
19,79
19,176
19,171
19,162
19,151
19,143
19,131
19,117
19,20
19,113
19,194
19,97
19,92
19,37
19,134
19,87
19,86
19,179
19,82
19,25
19,172
19,109
19,62
19,158
19,107
19,60
19,146
19,83
19,36
19,27
19,119
19,47
19,138
19,161
19,64
20,157
20,136
20,43
20,156
20,78
20,101
20,80
20,158
20,144
20,117
20,118
20,142
20,40
20,96
20,127
20,168
20,91
20,185
20,184
20,183
20,68
20,155
20,109
20,51
20,148
20,187
20,179
20,82
20,181
20,84
20,83
20,176
20,76
20,115
20,113
20,66
20,56
20,69
20,22
20,99
20,196
20,190
20,64
20,138
20,46
20,57
20,108
20,31
20,145
20,28
20,199
20,122
20,25
20,195
21,71
21,168
21,43
21,180
21,78
21,154
21,45
21,197
21,122
21,40
21,137
21,191
21,186
21,155
21,153
21,151
21,47
21,23
21,107
21,98
21,174
21,74
21,65
21,35
21,132
21,135
21,38
21,69
21,22
21,99
21,196
21,93
21,190
21,189
21,103
21,62
21,138
21,70
21,147
21,124
21,30
21,127
21,178
22,77
22,75
22,192
22,168
22,144
22,23
22,127
22,126
22,49
22,94
22,51
22,129
22,194
22,187
22,186
22,175
22,170
22,166
22,162
22,63
22,133
22,116
22,145
22,98
22,87
22,82
22,27
22,124
22,165
22,68
22,159
22,62
22,43
22,140
22,143
22,46
22,171
22,74
22,167
22,70
22,44
22,66
22,117
22,149
22,102
22,104
22,198
22,84
22,178
22,110
22,119
22,169
22,72
22,25
22,193
22,99
23,71
23,199
23,136
23,61
23,120
23,100
23,135
23,142
23,176
23,167
23,134
23,63
23,115
23,94
23,106
23,98
23,87
23,83
23,173
23,76
23,64
23,62
23,153
23,56
23,52
23,129
23,42
23,150
23,33
23,118
23,47
23,190
23,189
23,178
23,198
23,103
23,55
23,152
23,126
24,188
24,157
24,177
24,175
24,171
24,161
24,147
24,125
24,37
24,101
24,116
24,114
24,51
24,199
24,102
24,127
24,95
24,184
24,87
24,183
24,86
24,82
24,167
24,70
24,69
24,99
24,65
24,159
24,62
24,54
24,144
24,47
24,156
24,135
24,38
24,133
24,36
24,150
24,32
24,31
24,109
24,85
24,182
24,41
24,138
24,152
24,55
24,136
24,39
25,77
25,53
25,173
25,75
25,156
25,180
25,78
25,45
25,40
25,127
25,63
25,58
25,49
25,188
25,91
25,34
25,129
25,96
25,193
25,90
25,187
25,181
25,80
25,177
25,171
25,162
25,152
25,145
25,139
25,110
25,97
25,191
25,86
25,125
25,198
25,154
25,57
25,147
25,138
25,44
25,169
25,29
25,46
25,116
25,163
25,99
25,114
25,159
25,179
25,82
25,199
25,153
26,188
26,156
26,165
26,101
26,135
26,144
26,142
26,40
26,112
26,184
26,177
26,167
26,67
26,161
26,151
26,149
26,98
26,195
26,148
26,111
26,94
26,191
26,97
26,74
26,166
26,69
26,86
26,183
26,39
26,89
26,66
26,152
26,108
26,34
26,175
26,153
26,56
26,103
26,133
26,124
26,95
26,72
26,58
26,155
27,188
27,77
27,53
27,157
27,180
27,120
27,154
27,80
27,142
27,41
27,58
27,94
27,34
27,137
27,51
27,82
27,187
27,140
27,139
27,134
27,133
27,115
27,105
27,104
27,101
27,89
27,72
27,64
27,153
27,56
27,144
27,47
27,29
27,32
27,85
27,182
27,73
27,97
27,50
27,65
27,63
27,62
27,196
28,188
28,157
28,48
28,136
28,156
28,101
28,80
28,160
28,49
28,123
28,108
28,37
28,195
28,194
28,170
28,162
28,161
28,125
28,121
28,117
28,115
28,105
28,183
28,86
28,82
28,119
28,169
28,72
28,135
28,38
28,33
28,140
28,46
28,138
28,66
28,149
28,139
28,95
28,189
29,71
29,77
29,111
29,43
29,120
29,45
29,135
29,85
29,55
29,41
29,126
29,63
29,58
29,123
29,34
29,37
29,40
29,137
29,51
29,194
29,193
29,191
29,186
29,184
29,177
29,78
29,175
29,70
29,167
29,159
29,59
29,149
29,116
29,113
29,101
29,183
29,86
29,164
29,165
29,68
29,60
29,42
29,33
29,130
29,36
29,82
29,35
29,195
29,98
29,197
29,50
29,171
29,103
29,95
29,189
29,196
29,166
29,72
29,122
30,188
30,71
30,136
30,120
30,61
30,158
30,55
30,196
30,191
30,90
30,187
30,177
30,175
30,164
30,159
30,153
30,146
30,141
30,134
30,119
30,113
30,137
30,148
30,51
30,109
30,106
30,104
30,34
30,194
30,97
30,92
30,87
30,83
30,70
30,69
30,66
30,65
30,59
30,151
30,54
30,197
30,43
30,140
30,38
30,132
30,35
30,33
30,107
30,199
30,103
30,73
30,101
31,188
31,199
31,136
31,174
31,160
31,55
31,40
31,96
31,126
31,123
31,122
31,37
31,51
31,75
31,172
31,69
31,166
31,162
31,153
31,146
31,48
31,145
31,133
31,124
31,71
31,168
31,121
31,111
31,105
31,34
31,131
31,81
31,178
31,84
31,70
31,138
31,60
31,151
31,101
31,198
31,116
31,140
31,143
31,46
31,66
31,73
31,95
31,189
32,188
32,75
32,192
32,101
32,100
32,160
32,71
32,118
32,63
32,197
32,167
32,164
32,151
32,134
32,131
32,162
32,115
32,107
32,199
32,58
32,152
32,105
32,52
32,74
32,108
32,82
32,59
32,184
32,102
32,33
32,144
32,50
32,46
33,188
33,77
33,179
33,168
33,78
33,144
33,117
33,118
33,55
33,142
33,40
33,123
33,51
33,193
33,183
33,75
33,172
33,170
33,166
33,162
33,155
33,153
33,145
33,131
33,121
33,196
33,95
33,139
33,92
33,186
33,89
33,161
33,44
33,37
33,134
33,87
33,130
33,133
33,36
33,57
33,126
33,70
33,190
33,93
33,143
33,50
33,147
33,135
33,38
33,100
33,136
33,39
33,102
33,194
34,157
34,136
34,71
34,168
34,120
34,101
34,85
34,144
34,117
34,118
34,45
34,142
34,99
34,90
34,187
34,184
34,181
34,172
34,166
34,146
34,131
34,37
34,121
34,119
34,116
34,113
34,137
34,98
34,95
34,191
34,89
34,78
34,175
34,70
34,67
34,164
34,52
34,129
34,44
34,140
34,35
34,128
34,122
34,115
34,189
34,81
34,178
34,103
34,112
35,157
35,111
35,61
35,71
35,168
35,165
35,77
35,174
35,118
35,41
35,112
35,196
35,94
35,185
35,87
35,184
35,126
35,183
35,133
35,130
35,75
35,172
35,74
35,171
35,92
35,189
35,95
35,72
35,134
35,64
35,62
35,45
35,46
35,115
35,154
35,57
35,198
35,145
35,108
35,155
35,148
35,70
36,199
36,53
36,128
36,173
36,168
36,165
36,120
36,45
36,40
36,49
36,94
36,171
36,164
36,161
36,152
36,149
36,139
36,125
36,107
36,101
36,198
36,134
36,87
36,82
36,72
36,66
36,156
36,59
36,145
36,98
36,95
36,47
36,44
36,57
36,84
36,56
36,147
36,88
36,109
37,71
37,53
37,111
37,90
37,61
37,180
37,78
37,165
37,120
37,100
37,142
37,127
37,49
37,123
37,67
37,122
37,196
37,185
37,177
37,159
37,153
37,43
37,140
37,134
37,133
37,132
37,131
37,124
37,121
37,114
37,109
37,192
37,95
37,89
37,87
37,86
37,174
37,173
37,76
37,171
37,74
37,169
37,72
37,167
37,70
37,66
37,57
37,149
37,52
37,46
37,137
37,38
37,128
37,116
37,110
37,107
37,105
37,195
37,194
37,97
37,198
37,189
37,103
37,50
37,112
38,128
38,61
38,43
38,180
38,165
38,120
38,117
38,45
38,142
38,96
38,129
38,185
38,183
38,175
38,161
38,63
38,155
38,143
38,139
38,132
38,130
38,106
38,102
38,187
38,76
38,72
38,114
38,67
38,164
38,109
38,62
38,151
38,54
38,57
38,60
38,134
38,138
38,44
38,147
38,50
38,51
38,148
38,75
38,172
38,137
38,93
38,95
38,56
39,188
39,199
39,157
39,128
39,79
39,168
39,156
39,81
39,174
39,123
39,99
39,40
39,137
39,149
39,83
39,133
39,121
39,115
39,114
39,109
39,195
39,198
39,88
39,58
39,155
39,144
39,47
39,140
39,46
39,153
39,106
39,177
39,103
39,190
39,95
39,51
40,188
40,192
40,48
40,168
40,180
40,120
40,135
40,85
40,174
40,61
40,158
40,144
40,194
40,186
40,166
40,164
40,161
40,149
40,147
40,110
40,132
40,131
40,63
40,124
40,108
40,121
40,137
40,104
40,84
40,76
40,70
40,165
40,68
40,62
40,59
40,57
40,56
40,143
40,46
40,96
40,150
40,128
40,122
40,109
40,107
40,92
40,189
40,103
40,55
40,152
40,198
41,53
41,174
41,158
41,160
41,55
41,196
41,187
41,183
41,177
41,176
41,148
41,145
41,122
41,140
41,134
41,119
41,127
41,181
41,84
41,179
41,82
41,74
41,166
41,69
41,68
41,65
41,58
41,159
41,62
41,60
41,54
41,100
41,197
41,46
41,96
41,113
41,106
41,98
41,126
41,163
41,198
41,93
41,50
42,157
42,61
42,43
42,165
42,144
42,142
42,127
42,58
42,91
42,122
42,110
42,51
42,129
42,168
42,96
42,193
42,186
42,185
42,184
42,177
42,151
42,147
42,146
42,134
42,131
42,115
42,113
42,132
42,182
42,130
42,83
42,82
42,125
42,72
42,64
42,159
42,62
42,106
42,156
42,59
42,138
42,44
42,199
42,52
42,143
42,46
42,194
42,55
42,152
42,57
42,145
42,98
43,77
43,191
43,175
43,158
43,169
43,166
43,120
43,162
43,148
43,124
43,121
43,114
43,137
43,104
43,102
43,81
43,91
43,88
43,184
43,87
43,80
43,83
43,179
43,82
43,70
43,99
43,64
43,60
43,59
43,52
43,141
43,44
43,135
43,119
43,85
43,106
43,189
43,163
43,138
43,198
43,103
44,199
44,53
44,111
44,90
44,48
44,136
44,101
44,45
44,77
44,174
44,160
44,96
44,126
44,123
44,108
44,112
44,129
44,195
44,184
44,175
44,167
44,166
44,159
44,153
44,148
44,143
44,125
44,109
44,133
44,183
44,86
44,179
44,82
44,173
44,76
44,165
44,68
44,113
44,66
44,107
44,157
44,60
44,57
44,52
44,178
44,140
44,93
44,119
44,139
44,106
44,59
44,65
45,188
45,136
45,156
45,154
45,81
45,67
45,176
45,166
45,161
45,153
45,152
45,145
45,139
45,187
45,130
45,125
45,124
45,115
45,94
45,107
45,102
45,88
45,180
45,83
45,70
45,155
45,58
45,60
45,52
45,129
45,140
45,133
45,142
45,196
45,118
45,92
45,189
45,163
46,61
46,154
46,118
46,127
46,126
46,63
46,94
46,99
46,53
46,150
46,193
46,177
46,164
46,162
46,155
46,148
46,147
46,146
46,115
46,199
46,102
46,97
46,171
46,74
46,70
46,60
46,59
46,149
46,52
46,89
46,139
46,88
46,136
46,82
46,72
46,84
46,178
46,119
46,108
46,125
46,161
46,64
46,100
46,197
46,153
46,56
46,73
46,98
47,53
47,157
47,128
47,165
47,101
47,81
47,80
47,142
47,58
47,197
47,108
47,91
47,184
47,172
47,147
47,139
47,116
47,98
47,95
47,191
47,186
47,89
47,82
47,121
47,74
47,64
47,190
47,73
47,130
47,57
47,63
47,113
47,66
47,88
47,182
47,115
47,72
47,65
48,53
48,173
48,90
48,194
48,193
48,181
48,176
48,75
48,172
48,167
48,164
48,155
48,145
48,134
48,94
48,91
48,78
48,186
48,89
48,88
48,86
48,165
48,74
48,72
48,64
48,60
48,57
48,156
48,125
48,121
48,113
48,85
48,142
48,197
48,99
48,196
48,163
48,152
48,55
48,93
48,101
49,53
49,128
49,179
49,136
49,180
49,81
49,158
49,126
49,181
49,176
49,166
49,162
49,147
49,145
49,132
49,131
49,168
49,124
49,121
49,51
49,106
49,91
49,76
49,156
49,59
49,155
49,153
49,56
49,133
49,197
49,198
49,138
49,73
50,71
50,173
50,79
50,158
50,118
50,194
50,185
50,86
50,183
50,172
50,166
50,162
50,147
50,134
50,159
50,191
50,189
50,92
50,169
50,167
50,70
50,155
50,148
50,54
50,95
50,138
50,66
50,127
50,126
50,132
50,135
50,73
50,121
50,178
50,57
51,71
51,53
51,157
51,90
51,180
51,154
51,142
51,127
51,160
51,63
51,58
51,137
51,96
51,193
51,191
51,80
51,177
51,176
51,172
51,171
51,167
51,152
51,147
51,146
51,141
51,140
51,132
51,131
51,121
51,109
51,95
51,89
51,88
51,72
51,64
51,62
51,156
51,59
51,135
51,130
51,124
51,119
51,115
51,85
51,182
51,93
51,73
51,136
52,188
52,71
52,53
52,173
52,192
52,156
52,154
52,81
52,135
52,126
52,123
52,195
52,193
52,181
52,177
52,169
52,166
52,164
52,155
52,145
52,132
52,130
52,120
52,119
52,116
52,115
52,114
52,191
52,187
52,82
52,74
52,70
52,66
52,60
52,151
52,104
52,101
52,198
52,143
52,112
52,65
52,89
52,87
52,105
52,175
52,129
52,161
52,64
52,88
52,182
52,102
52,99
53,71
53,174
53,185
53,183
53,181
53,176
53,75
53,172
53,170
53,173
53,167
53,67
53,164
53,159
53,180
53,140
53,61
53,131
53,116
53,137
53,191
53,94
53,199
53,102
53,97
53,95
53,91
53,82
53,65
53,56
53,157
53,149
53,144
53,143
53,141
53,156
53,133
53,196
53,85
53,98
53,190
53,101
53,112
54,157
54,179
54,180
54,78
54,165
54,144
54,55
54,142
54,96
54,150
54,112
54,110
54,191
54,177
54,166
54,159
54,130
54,172
54,125
54,169
54,121
54,115
54,145
54,98
54,138
54,91
54,173
54,76
54,164
54,70
54,113
54,163
54,66
54,134
54,87
54,64
54,56
54,104
54,101
54,198
54,95
54,116
54,194
54,97
54,73
54,146
54,181
54,84
54,92
55,71
55,75
55,180
55,165
55,135
55,85
55,144
55,195
55,194
55,193
55,184
55,183
55,171
55,164
55,153
55,147
55,140
55,110
55,121
55,115
55,114
55,189
55,92
55,185
55,88
55,178
55,176
55,199
55,65
55,158
55,60
55,59
55,129
55,94
55,91
55,125
55,175
55,76
55,113
55,109
55,99
55,190
55,142
55,138
55,124
55,70
55,101
56,168
56,81
56,158
56,118
56,112
56,194
56,174
56,164
56,159
56,125
56,105
56,199
56,102
56,145
56,98
56,86
56,171
56,170
56,76
56,165
56,68
56,64
56,107
56,60
56,147
56,197
56,150
56,134
56,87
56,59
56,80
56,177
56,135
56,123
56,69
56,113
56,66
56,117
56,190
57,188
57,199
57,179
57,136
57,101
57,81
57,158
57,126
57,58
57,94
57,112
57,110
57,195
57,185
57,183
57,80
57,177
57,162
57,161
57,153
57,148
57,145
57,140
57,134
57,92
57,79
57,176
57,125
57,72
57,103
57,73
57,147
57,117
57,135
57,182
57,60
57,83
58,71
58,157
58,128
58,173
58,111
58,61
58,156
58,78
58,81
58,85
58,160
58,142
58,193
58,186
58,181
58,80
58,177
58,169
58,167
58,166
58,159
58,155
58,152
58,151
58,146
58,143
58,134
58,133
58,131
58,125
58,116
58,114
58,94
58,105
58,104
58,192
58,95
58,88
58,86
58,74
58,99
58,65
58,154
58,150
58,107
59,156
59,120
59,81
59,135
59,77
59,174
59,61
59,158
59,197
59,123
59,94
59,91
59,196
59,193
59,172
59,166
59,162
59,155
59,151
59,148
59,147
59,119
59,106
59,104
59,199
59,102
59,97
59,95
59,92
59,187
59,87
59,86
59,129
59,82
59,168
59,161
59,64
59,109
59,159
59,62
59,103
59,153
59,150
59,146
59,139
59,125
59,143
59,70
59,60
59,83
60,157
60,173
60,179
60,75
60,90
60,168
60,120
60,85
60,174
60,96
60,94
60,188
60,91
60,112
60,185
60,166
60,155
60,124
60,107
60,86
60,81
60,178
60,169
60,72
60,114
60,65
60,73
60,198
60,92
60,132
60,125
60,163
60,66
60,116
60,184
60,87
60,111
60,195
61,128
61,179
61,136
61,187
61,170
61,67
61,164
61,100
61,153
61,122
61,141
61,140
61,101
61,115
61,114
61,191
61,94
61,91
61,175
61,78
61,87
61,181
61,84
61,165
61,171
61,74
61,169
61,72
61,161
61,64
61,117
61,196
61,111
61,85
61,81
61,178
61,138
61,103
61,120
61,112
62,71
62,77
62,90
62,78
62,165
62,96
62,126
62,160
62,63
62,108
62,91
62,110
62,196
62,184
62,183
62,177
62,170
62,159
62,149
62,133
62,120
62,107
62,105
62,76
62,72
62,140
62,93
62,156
62,82
62,141
62,194
62,182
62,162
62,65
62,64
62,95
62,189
62,145
62,195
62,98
62,135
62,69
63,188
63,157
63,128
63,173
63,75
63,180
63,165
63,154
63,127
63,194
63,191
63,181
63,79
63,176
63,171
63,161
63,152
63,151
63,149
63,146
63,139
63,134
63,130
63,120
63,113
63,148
63,98
63,87
63,86
63,169
63,72
63,70
63,196
63,99
63,158
63,122
63,104
63,199
63,92
63,189
63,138
63,103
64,192
64,136
64,101
64,142
64,96
64,123
64,112
64,137
64,110
64,91
64,184
64,170
64,166
64,67
64,164
64,145
64,144
64,149
64,102
64,88
64,86
64,130
64,180
64,83
64,80
64,177
64,72
64,162
64,115
64,68
64,159
64,103
64,191
64,74
64,161
64,114
64,113
64,99
64,196
64,190
65,128
65,173
65,111
65,120
65,85
65,77
65,174
65,158
65,160
65,123
65,94
65,91
65,184
65,181
65,170
65,169
65,164
65,155
65,153
65,143
65,140
65,132
65,131
65,114
65,89
65,86
65,82
65,69
65,102
65,98
65,68
65,142
65,137
65,121
65,74
65,109
65,97
65,100
66,179
66,156
66,165
66,154
66,80
66,174
66,158
66,160
66,142
66,108
66,112
66,137
66,110
66,67
66,164
66,161
66,159
66,152
66,131
66,124
66,119
66,113
66,106
66,186
66,89
66,88
66,87
66,107
66,105
66,83
66,133
66,151
66,175
66,170
66,73
66,69
66,111
66,101
66,125
66,153
66,144
67,173
67,75
67,156
67,180
67,120
67,85
67,174
67,158
67,144
67,197
67,186
67,185
67,162
67,149
67,147
67,141
67,110
67,124
67,134
67,137
67,195
67,98
67,97
67,95
67,94
67,191
67,87
67,179
67,82
67,70
67,129
67,135
67,150
67,108
67,190
67,92
67,189
67,152
68,188
68,199
68,120
68,135
68,160
68,123
68,99
68,185
68,167
68,159
68,151
68,148
68,139
68,133
68,125
68,115
68,109
68,197
68,189
68,92
68,87
68,86
68,83
68,171
68,74
68,103
68,146
68,85
68,182
68,76
68,126
68,116
68,69
68,155
68,114
68,131
68,84
68,98
69,188
69,75
69,192
69,90
69,168
69,156
69,154
69,135
69,142
69,96
69,108
69,129
69,186
69,184
69,183
69,181
69,171
69,161
69,155
69,139
69,134
69,132
69,191
69,180
69,83
69,82
69,174
69,72
69,93
69,190
69,81
69,178
69,70
69,140
69,112
69,88
69,85
69,182
69,150
69,194
69,97
69,73
69,145
70,199
70,168
70,154
70,80
70,160
70,91
70,150
70,110
70,129
70,191
70,78
70,175
70,171
70,139
70,113
70,104
70,89
70,181
70,84
70,83
70,106
70,156
70,98
70,97
70,116
70,163
70,146
70,196
70,76
70,126
70,85
70,182
70,189
71,186
71,185
71,183
71,176
71,158
71,170
71,164
71,162
71,153
71,133
71,136
71,124
71,134
71,106
71,194
71,97
71,95
71,78
71,80
71,84
71,83
71,90
71,165
71,72
71,77
71,156
71,193
71,96
71,117
71,196
71,102
71,199
71,107
71,118
71,85
71,182
71,138
71,120
71,101
71,198
71,112
72,188
72,77
72,173
72,90
72,156
72,165
72,81
72,158
72,99
72,186
72,175
72,169
72,164
72,152
72,149
72,148
72,147
72,124
72,119
72,114
72,105
72,98
72,86
72,96
72,193
72,93
72,190
72,79
72,176
72,159
72,104
72,189
72,116
72,166
72,180
72,83
72,73
72,199
72,102
72,121
72,172
72,191
73,111
73,90
73,168
73,156
73,180
73,165
73,160
73,117
73,108
73,122
73,112
73,110
73,196
73,193
73,191
73,185
73,183
73,181
73,177
73,132
73,167
73,164
73,162
73,115
73,106
73,105
73,147
73,176
73,179
73,82
73,119
73,146
73,92
73,124
73,194
73,103
74,188
74,157
74,173
74,192
74,90
74,180
74,85
74,77
74,174
74,100
74,197
74,122
74,196
74,181
74,175
74,169
74,167
74,166
74,164
74,148
74,147
74,146
74,125
74,124
74,107
74,105
74,104
74,98
74,189
74,92
74,88
74,86
74,81
74,178
74,140
74,165
74,118
74,123
74,102
74,143
74,106
75,179
75,187
75,185
75,184
75,158
75,172
75,170
75,144
75,155
75,100
75,151
75,148
75,147
75,146
75,141
75,140
75,136
75,137
75,105
75,98
75,177
75,80
75,84
75,145
75,165
75,76
75,157
75,129
75,119
75,117
75,196
75,109
75,106
75,118
75,152
75,103
75,190
75,93
76,136
76,156
76,154
76,100
76,123
76,172
76,169
76,153
76,146
76,119
76,92
76,135
76,88
76,129
76,176
76,82
76,117
76,120
76,196
76,148
76,91
76,181
76,85
76,124
76,96
76,143
77,188
77,193
77,187
77,183
77,158
77,120
77,155
77,122
77,141
77,131
77,172
77,125
77,124
77,161
77,114
77,113
77,105
77,199
77,102
77,128
77,81
77,95
77,181
77,87
77,83
77,135
77,99
77,159
77,156
77,150
77,121
77,116
77,85
77,198
78,111
78,179
78,90
78,79
78,156
78,195
78,174
78,183
78,164
78,161
78,144
78,140
78,110
78,133
78,132
78,168
78,124
78,108
78,134
78,121
78,107
78,106
78,131
78,88
78,87
78,180
78,83
78,159
78,197
78,188
78,91
78,130
78,85
78,99
78,103
78,112
79,188
79,157
79,90
79,195
79,185
79,183
79,171
79,170
79,167
79,166
79,120
79,161
79,149
79,148
79,141
79,131
79,114
79,113
79,94
79,105
79,102
79,95
79,175
79,89
79,165
79,154
79,129
79,116
79,196
79,85
79,100
79,178
79,138
79,103
79,147
80,128
80,179
80,168
80,85
80,191
80,90
80,187
80,166
80,159
80,152
80,151
80,146
80,140
80,108
80,102
80,127
80,92
80,186
80,89
80,185
80,88
80,86
80,181
80,84
80,91
80,125
80,122
80,142
80,196
80,81
80,178
80,112
81,199
81,111
81,192
81,180
81,100
81,186
81,184
81,158
81,170
81,161
81,145
81,122
81,143
81,110
81,187
81,133
81,132
81,130
81,108
81,114
81,137
81,94
81,105
81,188
81,91
81,86
81,177
81,181
81,84
81,176
81,175
81,172
81,156
81,154
81,149
81,96
81,116
81,196
81,109
81,118
81,101
81,198
82,99
82,193
82,185
82,184
82,183
82,164
82,153
82,151
82,147
82,134
82,132
82,115
82,181
82,84
82,190
82,175
82,155
82,98
82,148
82,138
82,126
82,172
82,125
82,113
82,109
82,140
82,127
82,104
82,119
82,191
83,188
83,199
83,179
83,127
83,123
83,112
83,137
83,110
83,129
83,186
83,183
83,175
83,172
83,159
83,147
83,146
83,143
83,105
83,101
83,198
83,97
83,95
83,187
83,88
83,131
83,181
83,84
83,138
83,140
83,93
83,114
83,154
83,165
83,139
83,136
83,166
84,199
84,192
84,136
84,101
84,154
84,144
84,99
84,196
84,194
84,193
84,185
84,170
84,112
84,159
84,151
84,180
84,133
84,132
84,131
84,121
84,98
84,87
84,184
84,189
84,169
84,162
84,165
84,130
84,125
85,199
85,128
85,111
85,156
85,100
85,187
85,158
85,172
85,164
85,149
85,133
85,130
85,108
85,121
85,116
85,115
85,114
85,113
85,94
85,105
85,131
85,127
85,104
85,89
85,87
85,86
85,166
85,162
85,155
85,145
85,137
85,96
85,91
85,142
85,99
85,190
85,138
85,126
85,101
86,199
86,128
86,111
86,179
86,180
86,174
86,118
86,112
86,129
86,168
86,172
86,166
86,132
86,131
86,130
86,109
86,92
86,89
86,184
86,87
86,190
86,110
86,147
86,161
86,156
86,145
87,144
87,142
87,123
87,194
87,170
87,166
87,147
87,102
87,197
87,95
87,138
87,196
87,133
87,103
87,116
87,124
87,105
87,190
88,128
88,179
88,154
88,100
88,135
88,117
88,142
88,123
88,108
88,122
88,183
88,177
88,167
88,161
88,109
88,104
88,148
88,195
88,98
88,97
88,131
88,178
88,130
88,133
88,121
88,163
88,146
88,138
88,141
88,140
88,93
88,95
88,189
89,173
89,90
89,136
89,156
89,165
89,174
89,142
89,197
89,191
89,181
89,177
89,170
89,159
89,153
89,151
89,146
89,130
89,125
89,114
89,92
89,131
89,178
89,163
89,138
89,103
89,133
89,113
89,145
89,121
89,95
89,143
89,167
89,141
89,194
89,140
89,93
90,188
90,173
90,193
90,174
90,123
90,184
90,181
90,164
90,180
90,143
90,133
90,132
90,130
90,136
90,125
90,101
90,148
90,94
90,98
90,192
90,95
90,92
90,145
90,165
90,171
90,168
90,157
90,100
90,197
90,97
90,190
91,128
91,192
91,136
91,180
91,165
91,120
91,101
91,135
91,108
91,94
91,186
91,171
91,153
91,148
91,110
91,134
91,130
91,125
91,124
91,119
91,114
91,113
91,109
91,105
91,97
91,167
91,157
91,151
91,139
91,150
91,122
91,189
91,182
91,178
92,136
92,135
92,127
92,94
92,129
92,196
92,167
92,164
92,162
92,161
92,155
92,143
92,131
92,178
92,186
92,133
92,132
92,104
92,97
92,197
92,95
92,189
92,139
92,142
92,154
92,134
92,148
93,128
93,101
93,118
93,108
93,184
93,151
93,143
93,140
93,170
93,107
93,166
93,161
93,114
93,173
93,126
93,131
93,156
93,197
93,150
93,103
93,163
94,128
94,117
94,142
94,108
94,96
94,193
94,191
94,184
94,171
94,170
94,169
94,164
94,161
94,155
94,147
94,141
94,110
94,134
94,114
94,113
94,107
94,104
94,98
94,192
94,95
94,188
94,196
94,99
94,150
94,124
94,123
94,119
94,105
94,189
94,163
94,138
94,103
94,152
94,112
95,173
95,192
95,120
95,101
95,117
95,96
95,112
95,137
95,168
95,194
95,171
95,115
95,104
95,102
95,147
95,100
95,197
95,176
95,174
95,109
95,142
95,106
95,133
95,152
95,128
95,123
95,144
95,195
96,188
96,111
96,174
96,195
96,185
96,164
96,146
96,145
96,133
96,124
96,108
96,121
96,113
96,109
96,194
96,97
96,192
96,187
96,173
96,129
96,197
96,137
96,128
96,114
96,104
96,199
96,102
96,189
96,163
96,198
97,199
97,157
97,173
97,192
97,168
97,165
97,120
97,160
97,99
97,137
97,110
97,129
97,181
97,177
97,170
97,132
97,131
97,115
97,109
97,107
97,104
97,146
97,175
97,106
97,156
97,140
97,143
97,121
97,124
97,151
97,149
97,113
97,189
97,142
97,195
98,188
98,199
98,168
98,156
98,142
98,100
98,197
98,122
98,129
98,184
98,176
98,166
98,155
98,134
98,114
98,185
98,178
98,181
98,179
98,171
98,119
98,159
98,103
98,153
98,190
98,105
98,124
98,191
98,144
98,195
98,116
98,108
98,143
99,188
99,173
99,120
99,154
99,135
99,127
99,160
99,196
99,191
99,172
99,171
99,110
99,133
99,130
99,121
99,109
99,102
99,194
99,181
99,169
99,165
99,150
99,119
99,117
99,107
99,190
99,163
100,188
100,168
100,123
100,159
100,151
100,147
100,146
100,122
100,139
100,110
100,132
100,131
100,125
100,108
100,137
100,192
100,135
100,158
100,150
100,130
100,116
100,197
100,101
101,111
101,179
101,136
101,156
101,165
101,174
101,186
101,185
101,177
101,176
101,158
101,166
101,164
101,162
101,155
101,122
101,130
101,114
101,137
101,109
101,105
101,181
101,102
101,154
101,149
101,197
101,145
101,144
101,133
101,129
101,125
101,121
101,142
101,178
101,126
101,112
102,188
102,157
102,128
102,173
102,154
102,118
102,127
102,126
102,123
102,150
102,181
102,151
102,141
102,140
102,178
102,121
102,169
102,164
102,149
102,177
102,130
102,116
102,105
102,109
102,156
103,157
103,128
103,180
103,135
103,144
103,120
103,122
103,183
103,181
103,176
103,172
103,169
103,148
103,132
103,119
103,113
103,109
103,178
103,138
103,145
103,167
103,106
103,151
103,136
103,137
103,111
103,124
104,180
104,165
104,120
104,174
104,158
104,118
104,123
104,129
104,186
104,172
104,159
104,124
104,107
104,198
104,131
104,178
104,185
104,171
104,119
104,152
104,149
104,137
104,167
105,173
105,179
105,192
105,136
105,120
105,158
105,160
105,123
105,122
105,186
105,185
105,181
105,167
105,161
105,140
105,133
105,124
105,106
105,145
105,134
105,184
105,132
105,130
105,177
105,109
105,155
105,176
105,128
105,107
105,146
106,180
106,165
106,174
106,117
106,120
106,127
106,126
106,108
106,196
106,184
106,181
106,177
106,162
106,151
106,172
106,125
106,190
106,178
106,116
106,163
106,152
106,147
106,156
106,138
106,133
106,192
106,135
106,193
107,188
107,173
107,111
107,179
107,156
107,165
107,120
107,135
107,144
107,117
107,126
107,110
107,196
107,193
107,185
107,170
107,161
107,155
107,152
107,148
107,145
107,143
107,129
107,182
107,116
107,163
107,177
107,109
107,159
107,157
107,147
107,150
107,127
107,114
107,115
107,194
108,179
108,168
108,180
108,135
108,160
108,193
108,167
108,152
108,146
108,145
108,110
108,133
108,131
108,185
108,174
108,172
108,166
108,159
108,196
108,138
108,127
109,173
109,168
109,180
109,174
109,144
109,118
109,142
109,129
109,193
109,184
109,169
109,167
109,164
109,147
109,134
109,124
109,163
109,125
109,155
109,132
109,130
109,149
109,199
109,190
110,157
110,128
110,179
110,156
110,120
110,160
110,117
110,118
110,126
110,150
110,181
110,177
110,171
110,169
110,164
110,153
110,149
110,147
110,143
110,140
110,134
110,125
110,116
110,115
110,113
110,197
110,183
110,175
110,167
110,151
110,129
110,119
110,178
111,173
111,174
111,191
111,185
111,167
111,166
111,152
111,146
111,140
111,130
111,115
111,154
111,183
111,155
111,168
111,132
111,196
111,142
111,118
111,198
112,136
112,120
112,144
112,117
112,127
112,194
112,187
112,171
112,169
112,164
112,159
112,145
112,139
112,134
112,131
112,116
112,192
112,129
112,196
112,195
113,136
113,156
113,180
113,165
113,118
113,142
113,188
113,195
113,181
113,171
113,169
113,166
113,164
113,149
113,147
113,140
113,139
113,134
113,131
113,127
113,125
113,119
113,116
113,194
113,132
113,179
113,176
113,153
113,138
113,141
113,161
113,167
114,173
114,192
114,193
114,185
114,184
114,181
114,171
114,170
114,161
114,147
114,125
114,164
114,187
114,136
114,124
114,174
114,166
114,165
114,132
114,196
114,180
114,157
114,155
115,188
115,128
115,180
115,154
115,174
115,160
115,122
115,191
115,177
115,171
115,155
115,152
115,130
115,125
115,119
115,165
115,146
115,139
115,136
115,137
115,134
115,151
115,144
115,189
115,192
115,195
116,188
116,179
116,120
116,154
116,129
116,186
116,185
116,176
116,171
116,159
116,152
116,139
116,131
116,189
116,138
116,172
116,144
116,122
116,126
116,124
116,127
116,125
116,128
116,145
117,188
117,157
117,156
117,144
117,160
117,195
117,193
117,184
117,169
117,162
117,155
117,151
117,141
117,133
117,132
117,137
117,191
117,131
117,153
117,129
117,140
117,150
117,130
117,125
117,119
117,187
117,163
117,170
118,193
118,191
118,152
118,146
118,133
118,168
118,197
118,143
118,130
118,196
118,138
118,147
118,120
119,120
119,135
119,127
119,197
119,122
119,193
119,187
119,185
119,184
119,183
119,172
119,171
119,166
119,155
119,146
119,134
119,133
119,130
119,121
119,198
119,131
119,145
119,141
119,194
119,140
119,156
119,138
119,177
120,168
120,193
120,174
120,123
120,170
120,161
120,144
120,155
120,152
120,146
120,122
120,143
120,139
120,125
120,162
120,157
120,156
120,149
120,135
120,133
120,196
120,163
121,188
121,157
121,173
121,179
121,192
121,156
121,165
121,154
121,174
121,126
121,197
121,122
121,195
121,191
121,184
121,183
121,175
121,170
121,167
121,161
121,151
121,163
121,155
121,178
121,169
121,147
121,189
121,141
121,142
121,134
121,137
121,127
122,199
122,135
122,158
122,150
122,193
122,187
122,186
122,183
122,181
122,177
122,175
122,164
122,161
122,153
122,151
122,133
122,132
122,125
122,197
122,129
122,138
123,135
123,144
123,187
123,186
123,181
123,177
123,172
123,170
123,166
123,159
123,146
123,134
123,191
123,193
123,184
123,180
123,174
123,149
123,150
123,126
123,125
123,195
123,190
123,189
124,160
124,142
124,197
124,196
124,193
124,186
124,183
124,177
124,172
124,167
124,155
124,151
124,147
124,143
124,131
124,141
124,184
124,168
124,125
125,135
125,158
125,195
125,194
125,185
125,184
125,166
125,162
125,152
125,147
125,132
125,190
125,178
125,171
125,164
125,138
125,141
125,186
125,193
125,196
125,151
126,136
126,180
126,174
126,194
126,169
126,164
126,162
126,161
126,152
126,151
126,139
126,133
126,137
126,165
126,158
126,140
126,163
126,138
126,190
126,198
127,157
127,128
127,192
127,156
127,154
127,158
127,186
127,184
127,172
127,169
127,166
127,153
127,151
127,149
127,130
127,160
127,176
127,129
127,143
127,196
127,182
127,178
128,194
128,181
128,173
128,148
128,147
128,141
128,158
128,162
128,146
128,129
128,144
128,193
128,188
128,142
128,196
128,198
129,192
129,136
129,174
129,158
129,144
129,197
129,137
129,196
129,184
129,175
129,164
129,159
129,140
129,134
129,133
129,132
129,130
129,195
129,166
129,156
129,139
129,163
130,192
130,136
130,174
130,193
130,184
130,172
130,140
130,178
130,148
130,190
130,146
130,186
130,132
130,176
131,188
131,179
131,158
131,144
131,150
131,172
131,170
131,169
131,167
131,145
131,165
131,186
131,147
132,173
132,136
132,168
132,180
132,165
132,154
132,174
132,142
132,137
132,196
132,193
132,191
132,186
132,177
132,175
132,171
132,161
132,152
132,190
132,189
132,133
132,183
132,166
132,182
132,170
132,194
133,156
133,154
133,144
133,150
133,137
133,172
133,171
133,161
133,153
133,147
133,197
133,178
133,158
133,163
133,136
133,165
133,174
133,149
133,152
133,199
134,199
134,156
134,180
134,197
134,187
134,181
134,170
134,167
134,164
134,162
134,161
134,146
134,145
134,154
134,149
135,179
135,192
135,136
135,194
135,191
135,183
135,155
135,145
135,188
135,175
135,173
135,158
135,149
135,197
135,199
135,190
135,178
135,198
135,152
136,199
136,157
136,191
136,177
136,166
136,159
136,144
136,139
136,158
136,186
136,180
136,161
136,146
136,197
136,143
136,141
136,178
136,163
136,138
136,198
137,188
137,199
137,179
137,165
137,142
137,197
137,150
137,187
137,184
137,172
137,169
137,166
137,151
137,149
137,146
137,148
137,180
137,161
137,158
137,195
137,198
137,182
138,199
138,173
138,156
138,197
138,193
138,176
138,155
138,140
138,198
138,153
138,180
138,145
138,169
138,172
139,199
139,157
139,173
139,168
139,158
139,197
139,194
139,191
139,187
139,184
139,152
139,149
139,176
139,174
139,165
139,151
139,198
139,153
139,180
139,190
139,169
140,173
140,156
140,174
140,158
140,184
140,183
140,181
140,177
140,175
140,170
140,155
140,153
140,143
140,141
140,186
140,179
140,178
140,172
140,162
140,151
140,150
140,149
140,161
141,188
141,157
141,179
141,156
141,180
141,160
141,183
141,170
141,162
141,148
141,169
141,166
141,186
141,182
141,161
141,164
141,158
141,177
141,152
141,198
141,196
141,145
142,165
142,196
142,193
142,177
142,176
142,170
142,167
142,164
142,149
142,147
142,143
142,148
142,155
142,158
142,151
142,197
142,190
143,165
143,154
143,197
143,187
143,184
143,164
143,149
143,182
143,145
143,199
143,170
143,173
143,171
143,163
143,191
144,168
144,154
144,183
144,170
144,169
144,162
144,153
144,149
144,146
144,192
144,187
144,190
144,178
145,156
145,180
145,158
145,191
145,185
145,181
145,172
145,170
145,164
145,161
145,146
145,177
145,148
146,188
146,179
146,193
146,161
146,155
146,198
146,182
146,172
146,162
146,165
146,177
146,189
147,157
147,191
147,187
147,186
147,176
147,166
147,162
147,155
147,151
147,163
147,183
147,152
147,156
147,180
147,169
147,198
147,154
148,192
148,168
148,186
148,183
148,162
148,153
148,149
148,178
148,163
148,198
148,189
148,165
148,179
148,154
149,157
149,173
149,179
149,165
149,154
149,158
149,150
149,186
149,171
149,168
149,164
149,162
149,199
149,166
149,167
149,153
150,157
150,165
150,186
150,177
150,172
150,170
150,159
150,193
150,188
150,167
150,151
150,199
151,154
151,160
151,188
151,191
151,185
151,183
151,177
151,175
151,155
151,152
151,171
151,194
151,162
151,172
152,157
152,173
152,174
152,160
152,197
152,168
152,170
152,161
152,153
152,198
152,155
152,183
152,167
153,192
153,165
153,158
153,177
153,195
153,187
153,162
153,176
153,179
153,185
153,172
153,167
153,170
154,192
154,191
154,184
154,158
154,169
154,164
154,174
154,173
154,167
154,155
154,160
154,189
154,198
155,196
155,194
155,193
155,183
155,163
155,189
155,162
155,197
155,165
156,192
156,193
156,191
156,185
156,176
156,162
156,180
156,165
156,173
156,167
156,166
156,160
156,195
156,198
157,193
157,186
157,184
157,175
157,161
157,159
157,194
157,165
157,192
157,171
157,188
157,160
157,195
157,198
158,188
158,179
158,192
158,165
158,194
158,191
158,184
158,175
158,164
158,177
158,172
158,162
158,189
158,182
158,178
158,163
159,173
159,160
159,197
159,196
159,185
159,184
159,176
159,161
159,181
159,180
159,169
159,191
159,165
160,188
160,179
160,168
160,180
160,181
160,177
160,171
160,197
160,196
160,190
160,170
161,199
161,173
161,180
161,195
161,191
161,187
161,177
161,170
161,198
162,188
162,174
162,186
162,185
162,183
162,176
162,166
162,164
162,163
162,189
162,187
162,198
162,197
162,195
163,197
163,191
163,184
163,181
163,169
163,189
163,178
163,194
163,182
163,171
164,180
164,194
164,191
164,185
164,181
164,175
164,166
164,178
164,177
164,169
164,196
165,199
165,173
165,168
165,193
165,191
165,177
165,194
165,186
165,171
165,196
166,188
166,192
166,168
166,170
166,176
166,169
166,196
167,173
167,194
167,187
167,184
167,183
167,169
167,198
167,185
167,171
168,199
168,179
168,191
168,187
168,181
168,180
168,195
168,197
168,182
169,180
169,195
169,187
169,196
169,171
170,179
170,187
170,186
170,184
170,176
170,195
171,179
171,183
171,198
171,189
171,192
171,181
172,186
172,182
172,183
172,197
172,198
172,175
173,174
173,184
173,175
173,187
173,193
173,178
174,199
174,194
174,191
174,187
174,185
174,184
174,181
174,186
175,191
175,177
175,176
176,180
176,187
176,186
176,189
176,199
177,180
177,193
177,185
177,186
177,194
178,188
178,194
178,189
178,186
178,199
178,181
179,188
179,187
179,184
179,185
179,183
179,197
179,189
179,182
180,192
180,184
180,194
180,190
181,192
181,184
181,189
181,195
181,194
181,186
181,182
181,196
181,197
182,199
182,185
182,198
182,183
182,188
182,193
183,199
183,187
183,185
183,197
183,191
184,188
184,192
184,197
184,193
184,198
184,195
184,190
184,199
185,188
185,193
185,187
185,189
186,192
186,188
186,195
186,190
186,196
187,196
187,190
188,191
188,196
189,199
189,193
189,191
190,193
191,197
191,194
192,193
193,194
194,199
194,197
195,196
196,198
196,199
196,197
197,199
200,354
200,310
200,245
200,332
200,366
200,307
200,236
200,281
200,358
200,243
200,327
200,321
200,335
200,238
200,374
200,367
200,365
200,318
200,316
200,216
200,214
200,311
200,304
200,398
200,204
200,299
200,292
200,212
200,356
200,303
200,256
200,349
200,255
200,336
200,239
200,260
200,357
200,392
200,345
200,344
200,247
200,383
200,240
200,283
200,375
200,372
200,253
200,276
200,328
200,231
200,249
200,300
201,259
201,278
201,310
201,296
201,328
201,397
201,381
201,380
201,379
201,374
201,367
201,395
201,334
201,351
201,350
201,252
201,349
201,345
201,331
201,306
201,304
201,303
201,389
201,292
201,295
201,392
201,279
201,271
201,246
201,242
201,235
201,366
201,327
201,230
201,326
201,229
201,301
201,398
201,204
201,299
201,202
201,388
201,333
201,382
201,377
201,361
201,353
201,352
201,325
201,324
201,314
201,319
201,322
202,378
202,264
202,301
202,263
202,233
202,363
202,261
202,342
202,269
202,366
202,355
202,386
202,293
202,236
202,397
202,300
202,290
202,215
202,238
202,392
202,287
202,380
202,350
202,345
202,344
202,234
202,331
202,226
202,323
202,305
202,294
202,262
202,242
202,365
202,318
202,271
202,224
202,317
202,223
202,206
202,299
202,346
202,205
202,288
202,382
202,313
202,216
202,377
202,225
202,214
202,278
202,375
202,265
202,218
202,240
202,207
202,349
202,255
202,277
202,227
202,324
202,291
203,264
203,281
203,321
203,387
203,379
203,285
203,367
203,293
203,349
203,339
203,315
203,311
203,309
203,303
203,295
203,391
203,294
203,236
203,289
203,385
203,288
203,332
203,274
203,371
203,271
203,266
203,265
203,253
203,250
203,239
203,366
203,230
203,229
203,296
203,301
203,398
203,204
203,377
203,255
203,352
203,324
203,298
203,217
203,314
203,245
203,342
203,287
203,272
203,254
203,228
203,225
203,220
203,267
204,384
204,274
204,310
204,279
204,395
204,333
204,378
204,281
204,368
204,227
204,389
204,268
204,365
204,248
204,345
204,231
204,326
204,309
204,340
204,390
204,383
204,286
204,219
204,316
204,349
204,352
204,255
204,250
204,289
204,242
204,253
204,394
204,206
204,385
204,288
204,285
204,382
204,323
204,370
204,294
204,220
204,314
204,264
204,361
204,337
204,362
204,329
204,372
204,353
204,307
204,210
205,278
205,296
205,233
205,322
205,279
205,366
205,261
205,358
205,302
205,378
205,281
205,321
205,389
205,379
205,369
205,345
205,365
205,221
205,318
205,214
205,311
205,309
205,306
205,239
205,336
205,289
205,283
205,270
205,223
205,347
205,394
205,206
205,346
205,287
205,337
205,256
205,304
205,210
205,372
205,325
205,331
205,334
205,237
205,305
205,355
205,258
205,255
205,352
205,349
205,324
205,381
205,343
206,378
206,354
206,213
206,263
206,313
206,221
206,376
206,293
206,300
206,290
206,251
206,241
206,327
206,238
206,388
206,369
206,365
206,351
206,349
206,343
206,339
206,305
206,207
206,304
206,391
206,294
206,256
206,250
206,235
206,368
206,271
206,224
206,357
206,212
206,394
206,229
206,370
206,283
206,377
206,289
206,286
206,383
206,364
206,317
206,220
206,314
206,214
206,308
206,375
206,396
206,225
206,399
206,226
206,239
206,362
206,265
206,218
206,315
207,284
207,278
207,213
207,296
207,322
207,279
207,267
207,364
207,391
207,373
207,290
207,281
207,211
207,238
207,253
207,350
207,239
207,336
207,214
207,311
207,243
207,340
207,382
207,262
207,371
207,277
207,230
207,321
207,224
207,320
207,223
207,349
207,396
207,283
207,377
207,263
207,360
207,357
207,209
207,306
207,353
207,240
207,352
207,394
207,297
207,220
207,273
207,370
207,232
207,347
207,351
207,210
207,372
207,325
207,226
208,396
208,384
208,264
208,333
208,300
208,397
208,348
208,399
208,211
208,312
208,215
208,259
208,356
208,385
208,243
208,351
208,336
208,246
208,261
208,358
208,214
208,311
208,346
208,249
208,293
208,390
208,231
208,360
208,237
208,377
208,283
208,281
208,375
208,230
208,226
208,323
208,276
208,326
208,232
208,265
208,218
208,271
208,224
209,259
209,354
209,310
209,296
209,267
209,233
209,322
209,334
209,391
209,397
209,302
209,387
209,290
209,348
209,251
209,241
209,388
209,285
209,372
209,349
209,343
209,335
209,331
209,326
209,306
209,303
209,392
209,376
209,273
209,262
209,327
209,230
209,309
209,212
209,342
209,314
209,211
209,308
209,395
209,384
209,287
209,283
209,276
209,254
209,244
209,232
210,384
210,278
210,269
210,342
210,330
210,285
210,300
210,243
210,327
210,234
210,389
210,274
210,371
210,347
210,356
210,309
210,286
210,379
210,368
210,271
210,265
210,257
210,280
210,377
210,333
210,246
210,270
210,317
210,223
210,361
210,319
210,222
210,360
210,306
210,256
210,353
210,352
210,258
210,244
210,373
210,276
210,273
210,370
210,326
210,232
210,392
210,398
210,226
210,240
210,396
210,299
210,302
210,237
211,354
211,387
211,313
211,233
211,298
211,319
211,301
211,398
211,320
211,334
211,236
211,261
211,358
211,348
211,302
211,397
211,300
211,281
211,215
211,270
211,321
211,324
211,227
211,389
211,388
211,374
211,372
211,351
211,347
211,344
211,288
211,385
211,338
211,331
211,350
211,303
211,266
211,316
211,343
211,249
211,280
211,377
211,283
211,286
211,383
211,335
211,265
211,357
211,255
211,232
211,311
211,214
211,299
211,287
211,240
212,284
212,264
212,278
212,354
212,263
212,328
212,320
212,275
212,302
212,290
212,252
212,251
212,243
212,215
212,230
212,327
212,335
212,238
212,379
212,345
212,339
212,234
212,225
212,317
212,326
212,268
212,273
212,250
212,219
212,235
212,255
212,353
212,371
212,373
212,276
212,254
212,350
212,303
212,214
212,283
212,343
212,390
212,271
212,244
212,388
212,294
213,259
213,278
213,310
213,358
213,399
213,302
213,300
213,215
213,376
213,327
213,270
213,393
213,293
213,345
213,243
213,340
213,389
213,315
213,398
213,309
213,306
213,305
213,295
213,236
213,289
213,275
213,373
213,262
213,313
213,255
213,350
213,253
213,250
213,344
213,247
213,239
213,332
213,235
213,366
213,229
213,311
213,214
213,303
213,267
213,396
213,299
213,383
213,377
213,263
213,360
213,395
213,298
213,308
213,291
213,369
213,272
213,244
214,264
214,278
214,354
214,260
214,221
214,332
214,269
214,285
214,397
214,252
214,241
214,321
214,227
214,380
214,369
214,268
214,365
214,323
214,304
214,303
214,381
214,372
214,266
214,265
214,248
214,339
214,242
214,239
214,377
214,222
214,240
214,337
214,282
214,329
214,287
214,255
214,253
214,374
214,277
214,230
214,249
214,299
214,341
214,244
214,223
214,294
215,301
215,310
215,263
215,328
215,233
215,298
215,261
215,376
215,245
215,342
215,366
215,236
215,275
215,397
215,281
215,252
215,338
215,241
215,259
215,356
215,230
215,327
215,321
215,238
215,389
215,341
215,388
215,359
215,339
215,385
215,326
215,350
215,303
215,256
215,237
215,282
215,223
215,290
215,337
215,336
215,383
215,357
215,345
215,384
215,287
215,362
215,304
215,271
215,343
215,396
216,264
216,354
216,263
216,328
216,363
216,261
216,364
216,236
216,333
216,302
216,251
216,270
216,365
216,243
216,340
216,326
216,322
216,225
216,316
216,309
216,304
216,371
216,265
216,350
216,353
216,256
216,342
216,289
216,242
216,233
216,330
216,352
216,255
216,385
216,288
216,382
216,306
216,325
216,230
216,324
216,308
216,329
216,283
216,249
216,390
216,298
216,395
216,373
216,276
216,337
216,338
216,388
216,291
216,250
217,278
217,301
217,296
217,328
217,245
217,355
217,358
217,374
217,372
217,274
217,371
217,365
217,359
217,350
217,349
217,345
217,344
217,343
217,338
217,326
217,318
217,317
217,315
217,309
217,306
217,294
217,292
217,288
217,392
217,266
217,256
217,347
217,250
217,239
217,316
217,219
217,394
217,280
217,377
217,360
217,325
217,222
217,319
217,373
217,276
217,225
217,300
218,354
218,310
218,267
218,332
218,342
218,386
218,236
218,290
218,378
218,281
218,243
218,356
218,389
218,369
218,345
218,225
218,304
218,301
218,398
218,295
218,382
218,278
218,375
218,309
218,262
218,343
218,246
218,284
218,381
218,334
218,237
218,327
218,230
218,224
218,220
218,317
218,223
218,308
218,238
218,335
218,288
218,311
218,240
218,287
218,323
218,370
218,232
218,299
218,258
218,390
218,346
219,396
219,384
219,264
219,319
219,334
219,236
219,285
219,348
219,302
219,252
219,356
219,321
219,385
219,284
219,381
219,335
219,229
219,326
219,225
219,294
219,318
219,271
219,268
219,266
219,256
219,293
219,390
219,249
219,336
219,289
219,339
219,242
219,290
219,246
219,317
219,320
219,223
219,250
219,269
219,366
219,278
219,375
219,273
219,323
219,276
219,230
219,262
219,377
219,314
220,259
220,328
220,245
220,261
220,355
220,386
220,333
220,399
220,302
220,290
220,252
220,251
220,241
220,389
220,277
220,374
220,340
220,339
220,335
220,238
220,379
220,234
220,326
220,311
220,393
220,299
220,288
220,222
220,239
220,283
220,377
220,276
220,370
220,365
220,271
220,224
220,265
220,362
220,357
220,306
220,353
220,244
220,381
220,240
220,384
220,287
220,310
220,272
220,228
221,264
221,301
221,387
221,260
221,267
221,245
221,358
221,241
221,321
221,380
221,285
221,372
221,371
221,393
221,365
221,343
221,323
221,316
221,309
221,294
221,288
221,277
221,373
221,356
221,334
221,237
221,230
221,223
221,303
221,399
221,307
221,280
221,377
221,265
221,362
221,263
221,360
221,227
221,324
221,314
221,308
221,394
221,297
221,287
221,244
221,337
221,240
221,325
221,228
222,384
222,274
222,278
222,301
222,354
222,267
222,332
222,269
222,397
222,341
222,280
222,251
222,368
222,296
222,393
222,387
222,290
222,270
222,367
222,365
222,247
222,344
222,237
222,328
222,231
222,311
222,385
222,288
222,286
222,357
222,343
222,293
222,390
222,249
222,339
222,292
222,362
222,234
222,331
222,305
222,258
222,255
222,352
222,283
222,230
222,370
222,373
222,276
222,351
223,354
223,310
223,387
223,260
223,267
223,298
223,334
223,376
223,342
223,330
223,341
223,241
223,321
223,238
223,385
223,374
223,367
223,252
223,349
223,340
223,326
223,317
223,316
223,392
223,295
223,284
223,381
223,371
223,268
223,365
223,318
223,271
223,315
223,283
223,282
223,332
223,235
223,370
223,337
223,312
223,262
223,308
223,299
223,369
223,325
223,228
223,386
223,289
223,242
223,256
223,353
223,398
223,254
223,350
223,303
223,375
223,397
224,384
224,378
224,264
224,267
224,398
224,320
224,279
224,261
224,391
224,243
224,259
224,356
224,381
224,350
224,239
224,336
224,305
224,389
224,392
224,295
224,282
224,274
224,371
224,277
224,365
224,271
224,349
224,255
224,347
224,250
224,343
224,249
224,388
224,247
224,353
224,231
224,325
224,310
224,283
224,254
224,238
224,335
224,382
224,338
224,244
224,225
224,345
224,298
224,395
225,284
225,322
225,298
225,398
225,366
225,373
225,330
225,300
225,290
225,327
225,393
225,380
225,369
225,349
225,309
225,386
225,289
225,316
225,268
225,254
225,351
225,257
225,248
225,246
225,360
225,306
225,353
225,297
225,346
225,285
225,382
225,341
225,244
225,229
225,273
225,370
225,232
225,367
225,226
225,240
225,239
225,265
225,258
225,318
225,396
226,259
226,278
226,260
226,313
226,334
226,261
226,312
226,366
226,399
226,241
226,327
226,324
226,227
226,234
226,270
226,317
226,303
226,392
226,295
226,273
226,271
226,266
226,359
226,265
226,235
226,396
226,288
226,382
226,377
226,361
226,274
226,371
226,342
226,336
226,383
226,291
226,346
226,249
226,293
226,390
226,272
226,304
226,276
226,307
226,393
226,240
227,378
227,274
227,313
227,322
227,363
227,312
227,293
227,358
227,280
227,356
227,327
227,270
227,380
227,340
227,315
227,254
227,351
227,304
227,335
227,238
227,285
227,382
227,350
227,256
227,392
227,395
227,372
227,231
227,370
227,232
227,291
227,341
227,244
227,383
227,234
227,375
227,344
227,250
227,271
228,384
228,284
228,354
228,260
228,245
228,233
228,319
228,334
228,269
228,355
228,236
228,333
228,358
228,368
228,327
228,321
228,385
228,367
228,268
228,365
228,276
228,326
228,316
228,294
228,293
228,390
228,282
228,361
228,362
228,265
228,289
228,242
228,374
228,377
228,349
228,352
228,255
228,323
228,370
228,360
228,306
228,353
228,317
228,300
228,297
228,392
228,345
228,253
228,320
228,346
229,274
229,301
229,387
229,267
229,245
229,233
229,319
229,320
229,334
229,269
229,366
229,285
229,399
229,302
229,378
229,281
229,321
229,392
229,359
229,339
229,318
229,317
229,303
229,294
229,289
229,331
229,282
229,376
229,375
229,354
229,257
229,390
229,249
229,246
229,324
229,230
229,374
229,394
229,297
229,385
229,338
229,341
229,244
229,370
229,306
229,353
229,357
229,380
229,287
229,395
230,378
230,259
230,354
230,263
230,332
230,363
230,279
230,366
230,341
230,302
230,280
230,321
230,393
230,392
230,385
230,351
230,238
230,335
230,326
230,315
230,294
230,340
230,293
230,390
230,286
230,271
230,250
230,347
230,394
230,388
230,291
230,316
230,319
230,289
230,242
230,260
230,357
230,308
230,309
230,256
230,265
230,398
230,283
230,272
230,397
230,300
230,395
231,396
231,274
231,278
231,354
231,260
231,267
231,233
231,332
231,320
231,342
231,312
231,280
231,358
231,252
231,251
231,243
231,259
231,356
231,234
231,277
231,374
231,270
231,367
231,351
231,317
231,288
231,363
231,266
231,265
231,246
231,390
231,398
231,298
231,395
231,283
231,276
231,370
231,324
231,232
231,244
231,389
231,365
231,346
231,255
231,247
231,344
231,383
231,316
232,263
232,260
232,233
232,363
232,279
232,355
232,395
232,391
232,236
232,300
232,251
232,345
232,317
232,316
232,311
232,295
232,292
232,277
232,365
232,368
232,271
232,350
232,353
232,256
232,249
232,247
232,334
232,237
232,347
232,297
232,394
232,286
232,383
232,308
232,352
232,235
232,329
232,380
232,283
232,272
232,254
232,325
232,288
232,382
232,244
232,307
232,240
233,264
233,259
233,278
233,310
233,296
233,391
233,397
233,358
233,280
233,243
233,376
233,327
233,388
233,385
233,381
233,371
233,359
233,323
233,318
233,398
233,309
233,303
233,392
233,277
233,332
233,273
233,271
233,373
233,268
233,255
233,253
233,247
233,339
233,242
233,326
233,313
233,399
233,299
233,320
233,394
233,362
233,360
233,308
233,319
233,258
233,254
234,332
234,312
234,395
234,333
234,399
234,261
234,358
234,281
234,252
234,270
234,238
234,392
234,389
234,340
234,331
234,301
234,398
234,289
234,262
234,250
234,347
234,253
234,396
234,390
234,375
234,256
234,353
234,297
234,287
234,321
234,273
234,314
234,241
234,288
234,382
234,315
234,268
234,346
234,303
235,396
235,384
235,274
235,313
235,328
235,334
235,279
235,269
235,261
235,285
235,300
235,290
235,281
235,251
235,393
235,381
235,339
235,311
235,309
235,305
235,295
235,335
235,288
235,363
235,266
235,359
235,265
235,344
235,297
235,347
235,250
235,268
235,337
235,314
235,283
235,380
235,239
235,308
235,270
235,326
235,253
235,276
235,398
235,254
236,384
236,378
236,264
236,278
236,301
236,398
236,269
236,376
236,348
236,290
236,241
236,312
236,296
236,393
236,381
236,372
236,369
236,351
236,350
236,345
236,344
236,340
236,336
236,335
236,323
236,317
236,311
236,306
236,304
236,295
236,292
236,282
236,268
236,262
236,249
236,316
236,313
236,299
236,394
236,390
236,337
236,308
237,396
237,354
237,263
237,334
237,342
237,366
237,358
237,348
237,300
237,290
237,241
237,238
237,392
237,369
237,351
237,345
237,243
237,340
237,336
237,398
237,339
237,389
237,292
237,286
237,331
237,275
237,372
237,274
237,371
237,318
237,271
237,365
237,268
237,353
237,256
237,250
237,293
237,390
237,249
237,294
237,247
237,382
237,333
237,283
237,280
237,377
237,308
237,305
237,258
237,291
237,316
237,319
237,240
237,255
237,309
237,359
237,262
237,394
237,325
238,274
238,301
238,263
238,260
238,322
238,319
238,376
238,364
238,293
238,290
238,296
238,393
238,388
238,385
238,379
238,270
238,367
238,359
238,254
238,351
238,340
238,335
238,295
238,292
238,273
238,239
238,346
238,329
238,244
238,380
238,283
238,331
238,334
238,318
238,321
238,361
238,353
238,253
238,397
238,323
238,276
239,378
239,274
239,301
239,310
239,296
239,387
239,313
239,261
239,395
239,275
239,348
239,241
239,327
239,270
239,389
239,388
239,365
239,248
239,345
239,247
239,344
239,243
239,340
239,331
239,262
239,359
239,383
239,286
239,326
239,279
239,376
239,363
239,266
239,309
239,342
239,336
239,377
239,325
239,255
239,324
239,369
239,272
239,364
239,305
239,258
239,282
239,294
239,318
239,373
239,276
239,306
239,353
240,284
240,296
240,328
240,319
240,320
240,363
240,279
240,269
240,391
240,333
240,281
240,368
240,270
240,388
240,380
240,379
240,275
240,372
240,371
240,369
240,365
240,350
240,323
240,318
240,311
240,386
240,289
240,277
240,357
240,246
240,394
240,335
240,288
240,382
240,377
240,353
240,346
240,361
240,314
240,248
240,345
240,305
240,258
240,293
240,390
240,278
240,375
240,362
240,265
240,304
240,295
240,325
240,307
241,384
241,378
241,274
241,354
241,263
241,296
241,260
241,328
241,307
241,293
241,358
241,348
241,341
241,302
241,280
241,243
241,388
241,290
241,381
241,365
241,351
241,252
241,349
241,335
241,375
241,262
241,359
241,312
241,362
241,265
241,256
241,242
241,299
241,346
241,276
241,361
241,364
241,347
241,253
241,394
241,272
241,300
241,367
242,278
242,387
242,267
242,334
242,269
242,312
242,348
242,251
242,321
242,296
242,393
242,379
242,374
242,367
242,351
242,350
242,252
242,349
242,323
242,309
242,396
242,299
242,339
242,389
242,292
242,274
242,371
242,247
242,293
242,390
242,246
242,394
242,325
242,383
242,313
242,360
242,291
242,305
242,258
242,384
242,287
242,357
242,283
242,320
242,315
242,365
242,268
242,362
242,295
242,298
242,395
243,396
243,384
243,267
243,398
243,320
243,269
243,312
243,373
243,330
243,399
243,261
243,358
243,378
243,281
243,270
243,385
243,338
243,326
243,317
243,316
243,295
243,282
243,250
243,249
243,389
243,292
243,289
243,383
243,375
243,361
243,360
243,337
243,307
243,283
243,313
243,352
243,258
243,306
243,259
243,356
243,353
243,371
243,277
243,324
243,325
243,354
243,257
244,396
244,264
244,313
244,301
244,398
244,364
244,397
244,300
244,387
244,290
244,252
244,367
244,270
244,348
244,277
244,374
244,266
244,292
244,287
244,326
244,373
244,276
244,353
244,345
244,324
244,283
244,375
244,329
244,372
244,325
244,255
244,371
244,351
244,307
245,396
245,284
245,278
245,301
245,354
245,263
245,364
245,397
245,300
245,290
245,280
245,251
245,356
245,385
245,380
245,395
245,334
245,293
245,351
245,339
245,363
245,316
245,305
245,304
245,295
245,289
245,286
245,275
245,277
245,332
245,271
245,365
245,268
245,262
245,345
245,248
245,322
245,320
245,333
245,382
245,370
245,353
245,249
245,346
245,330
245,329
245,308
245,342
245,394
245,297
245,291
245,384
245,287
246,274
246,264
246,296
246,387
246,313
246,301
246,398
246,320
246,363
246,279
246,342
246,395
246,285
246,399
246,280
246,345
246,340
246,317
246,309
246,295
246,291
246,388
246,294
246,286
246,282
246,253
246,268
246,362
246,353
246,338
246,351
246,370
246,284
246,381
246,346
246,255
246,260
246,357
246,289
246,339
246,389
246,292
246,344
247,264
247,278
247,260
247,313
247,267
247,298
247,366
247,391
247,399
247,302
247,281
247,270
247,393
247,385
247,379
247,359
247,351
247,349
247,347
247,343
247,338
247,317
247,309
247,306
247,362
247,265
247,255
247,344
247,297
247,287
247,382
247,329
247,370
247,336
247,289
247,383
247,396
247,299
247,346
247,328
247,268
247,360
247,337
247,319
247,311
247,305
247,258
248,312
248,280
248,327
248,274
248,368
248,321
248,388
248,369
248,367
248,339
248,281
248,342
248,295
248,266
248,257
248,314
248,361
248,288
248,357
248,300
248,253
248,276
248,334
248,380
248,324
248,261
248,271
248,319
248,282
248,260
248,315
248,268
248,392
249,384
249,278
249,260
249,320
249,279
249,312
249,366
249,298
249,395
249,386
249,275
249,302
249,300
249,290
249,271
249,368
249,392
249,379
249,371
249,286
249,309
249,262
249,257
249,250
249,394
249,297
249,326
249,276
249,288
249,382
249,329
249,367
249,273
249,283
249,308
249,292
249,266
249,252
249,349
250,396
250,259
250,354
250,328
250,322
250,363
250,269
250,342
250,312
250,307
250,391
250,302
250,290
250,281
250,393
250,351
250,252
250,349
250,340
250,335
250,326
250,317
250,315
250,292
250,273
250,265
250,361
250,260
250,357
250,256
250,394
250,314
250,289
250,383
250,360
250,291
250,343
250,329
250,306
250,365
250,301
250,398
250,313
250,276
250,277
251,378
251,274
251,320
251,267
251,364
251,327
251,381
251,369
251,253
251,350
251,343
251,338
251,331
251,270
251,317
251,311
251,393
251,299
251,300
251,394
251,375
251,377
251,283
251,355
251,258
251,282
251,255
251,376
251,263
251,360
251,314
251,275
251,372
251,295
251,308
252,396
252,264
252,301
252,354
252,310
252,263
252,319
252,279
252,342
252,355
252,391
252,327
252,296
252,393
252,290
252,276
252,371
252,302
252,349
252,331
252,295
252,383
252,286
252,315
252,268
252,309
252,353
252,394
252,370
252,338
252,341
252,375
252,254
253,378
253,354
253,313
253,320
253,307
253,399
253,321
253,296
253,393
253,372
253,365
253,359
253,351
253,349
253,340
253,339
253,306
253,326
253,277
253,352
253,255
253,293
253,390
253,361
253,363
253,266
253,360
253,305
253,337
253,286
253,298
253,395
253,295
253,287
253,288
253,338
253,335
253,273
253,300
253,297
253,276
254,378
254,296
254,260
254,363
254,334
254,355
254,307
254,368
254,287
254,374
254,371
254,272
254,369
254,350
254,304
254,386
254,289
254,255
254,390
254,360
254,282
254,329
254,308
254,300
254,297
254,373
254,276
254,264
254,361
254,338
254,291
254,342
254,326
254,322
254,353
254,321
254,280
254,377
254,333
255,259
255,376
255,355
255,293
255,281
255,368
255,327
255,393
255,388
255,290
255,380
255,374
255,367
255,257
255,323
255,379
255,282
255,304
255,280
255,377
255,375
255,268
255,362
255,360
255,337
255,287
255,347
255,328
255,306
255,395
255,348
255,301
255,398
255,334
255,369
255,272
255,343
255,299
255,357
255,313
255,399
255,339
255,342
256,310
256,328
256,322
256,319
256,398
256,342
256,333
256,373
256,275
256,296
256,393
256,367
256,365
256,349
256,344
256,323
256,315
256,392
256,295
256,339
256,292
256,273
256,357
256,343
256,390
256,383
256,377
256,346
256,337
256,288
256,375
256,297
256,374
256,277
256,327
256,363
256,266
256,360
256,353
256,309
256,312
256,300
256,308
257,384
257,264
257,278
257,298
257,320
257,334
257,342
257,293
257,330
257,261
257,358
257,341
257,281
257,392
257,276
257,268
257,365
257,311
257,306
257,305
257,398
257,299
257,290
257,389
257,292
257,282
257,362
257,265
257,333
257,322
257,262
257,308
257,337
257,338
257,291
257,303
257,349
257,344
257,304
257,307
258,396
258,354
258,363
258,342
258,312
258,366
258,285
258,397
258,300
258,358
258,393
258,389
258,388
258,326
258,295
258,371
258,309
258,262
258,306
258,280
258,377
258,265
258,362
258,324
258,345
258,370
258,276
258,294
258,337
258,260
258,357
258,386
258,289
258,286
258,383
258,282
258,329
258,287
258,351
259,384
259,391
259,348
259,302
259,290
259,378
259,281
259,368
259,278
259,372
259,371
259,369
259,270
259,367
259,334
259,359
259,340
259,339
259,315
259,309
259,304
259,292
259,379
259,282
259,332
259,363
259,266
259,301
259,347
259,320
259,299
259,273
259,370
259,395
259,298
259,319
259,373
259,276
259,322
259,323
259,317
260,378
260,301
260,354
260,387
260,261
260,364
260,341
260,397
260,300
260,280
260,321
260,371
260,365
260,349
260,331
260,317
260,299
260,288
260,275
260,279
260,266
260,262
260,313
260,311
260,388
260,286
260,383
260,375
260,362
260,264
260,361
260,346
260,330
260,289
260,386
260,394
260,297
260,287
260,369
260,272
260,328
260,325
261,264
261,322
261,398
261,279
261,358
261,348
261,341
261,378
261,281
261,356
261,327
261,381
261,351
261,316
261,315
261,392
261,268
261,266
261,354
261,336
261,366
261,321
261,390
261,377
261,278
261,375
261,370
261,324
262,378
262,274
262,301
262,322
262,312
262,366
262,296
262,393
262,388
262,381
262,347
262,345
262,340
262,338
262,326
262,315
262,277
262,369
262,335
262,288
262,382
262,323
262,370
262,310
262,305
262,355
262,343
262,278
262,375
262,304
262,264
262,361
262,270
262,357
263,378
263,301
263,354
263,355
263,341
263,302
263,348
263,387
263,369
263,270
263,367
263,393
263,347
263,345
263,343
263,312
263,326
263,318
263,315
263,306
263,295
263,294
263,286
263,332
263,273
263,356
263,327
263,388
263,390
263,377
263,375
263,381
263,308
263,319
263,373
263,276
264,378
264,310
264,355
264,399
264,376
264,327
264,270
264,385
264,374
264,371
264,393
264,334
264,350
264,335
264,317
264,305
264,289
264,286
264,392
264,387
264,271
264,266
264,316
264,311
264,396
264,390
264,382
264,375
264,370
264,298
264,297
264,291
264,287
265,387
265,319
265,398
265,320
265,363
265,376
265,364
265,386
265,393
265,389
265,381
265,374
265,359
265,345
265,331
265,311
265,350
265,303
265,315
265,268
265,362
265,360
265,377
265,354
265,361
265,314
265,388
265,291
265,335
265,305
265,352
265,329
265,327
265,357
265,313
265,293
265,390
265,396
265,372
266,384
266,301
266,313
266,319
266,376
266,342
266,355
266,395
266,333
266,275
266,348
266,381
266,374
266,392
266,345
266,359
266,304
266,331
266,390
266,324
266,325
266,303
266,394
266,380
266,339
266,389
266,292
266,272
266,278
266,375
266,285
266,382
266,268
266,338
267,354
267,399
267,281
267,280
267,270
267,381
267,374
267,365
267,334
267,343
267,323
267,301
267,398
267,294
267,295
267,392
267,344
267,366
267,382
267,357
267,325
267,324
267,308
267,291
267,283
267,373
267,276
267,272
267,322
268,278
268,319
268,307
268,293
268,285
268,397
268,348
268,368
268,380
268,374
268,367
268,359
268,351
268,343
268,338
268,335
268,323
268,309
268,305
268,326
268,376
268,297
268,394
268,377
268,396
268,299
268,389
268,292
268,289
268,336
268,354
268,340
268,295
268,332
268,272
268,334
269,274
269,298
269,398
269,399
269,358
269,290
269,369
269,367
269,393
269,365
269,359
269,293
269,323
269,304
269,294
269,275
269,282
269,347
269,319
269,394
269,286
269,383
269,278
269,375
269,357
269,352
269,314
269,373
269,276
269,325
269,307
270,396
270,310
270,387
270,322
270,398
270,275
270,378
270,281
270,356
270,321
270,389
270,373
270,276
270,350
270,339
270,331
270,318
270,306
270,295
270,383
270,288
270,382
270,362
270,324
270,308
270,377
270,380
270,283
270,323
270,338
270,341
270,352
270,375
270,346
270,330
271,319
271,363
271,373
271,285
271,399
271,348
271,368
271,388
271,381
271,380
271,374
271,371
271,367
271,347
271,315
271,305
271,391
271,294
271,289
271,335
271,385
271,288
271,395
271,357
271,360
271,327
271,316
271,306
271,353
271,356
271,343
271,390
271,273
271,344
271,392
271,295
271,345
272,278
272,354
272,298
272,398
272,363
272,293
272,330
272,290
272,374
272,312
272,359
272,336
272,364
272,317
272,396
272,302
272,329
272,324
272,385
272,338
272,291
272,315
272,301
272,348
272,320
272,287
272,308
273,319
273,398
273,332
273,342
273,366
273,348
273,387
273,290
273,378
273,281
273,321
273,296
273,393
273,388
273,288
273,385
273,349
273,331
273,359
273,305
273,295
273,289
273,379
273,282
273,377
273,375
273,360
273,324
273,308
273,345
273,344
273,353
273,325
273,351
273,365
273,322
273,394
274,396
274,378
274,381
274,374
274,371
274,367
274,293
274,350
274,349
274,344
274,363
274,318
274,316
274,311
274,389
274,292
274,288
274,286
274,282
274,290
274,387
274,313
274,339
274,334
274,393
274,296
274,398
274,382
274,346
274,330
274,314
274,342
274,319
274,394
274,297
274,287
274,373
274,276
274,322
275,398
275,376
275,358
275,341
275,302
275,348
275,374
275,371
275,369
275,367
275,365
275,345
275,335
275,326
275,323
275,318
275,317
275,316
275,305
275,304
275,303
275,392
275,295
275,294
275,286
275,282
275,310
275,309
275,299
275,375
275,353
275,346
275,308
275,394
275,297
275,388
275,291
275,276
275,300
276,396
276,384
276,301
276,296
276,298
276,395
276,333
276,348
276,290
276,281
276,280
276,389
276,388
276,379
276,315
276,309
276,375
276,362
276,337
276,311
276,358
276,305
276,300
276,382
276,353
276,354
277,278
277,301
277,354
277,320
277,395
277,330
277,285
277,358
277,388
277,349
277,336
277,288
277,380
277,377
277,344
277,297
277,372
277,356
277,325
277,350
277,364
277,329
277,338
277,318
277,390
277,396
278,378
278,358
278,321
278,380
278,379
278,285
278,372
278,293
278,349
278,347
278,343
278,340
278,336
278,389
278,331
278,305
278,385
278,288
278,286
278,359
278,311
278,393
278,296
278,399
278,302
278,396
278,377
278,370
278,362
278,346
278,329
278,284
278,381
278,287
278,369
279,313
279,398
279,384
279,290
279,285
279,369
279,359
279,336
279,284
279,331
279,323
279,317
279,316
279,311
279,309
279,306
279,303
279,366
279,393
279,390
279,375
279,362
279,371
279,324
279,342
279,291
279,334
279,381
279,326
279,348
280,384
280,310
280,296
280,301
280,398
280,332
280,399
280,300
280,281
280,388
280,385
280,367
280,345
280,343
280,318
280,317
280,292
280,360
280,357
280,368
280,321
280,324
280,371
280,305
280,355
280,327
280,340
280,329
280,328
280,325
280,316
280,319
280,373
281,328
281,355
281,348
281,341
281,397
281,300
281,327
281,296
281,393
281,340
281,339
281,292
281,383
281,286
281,336
281,361
281,324
281,291
281,371
281,345
281,317
281,344
281,287
281,380
281,283
281,315
281,362
281,373
281,301
281,346
281,399
282,378
282,332
282,334
282,391
282,285
282,302
282,392
282,284
282,381
282,379
282,338
282,326
282,336
282,289
282,335
282,385
282,288
282,361
282,346
282,325
282,324
282,311
282,352
282,337
282,374
282,345
282,298
282,395
282,323
282,344
282,297
282,358
282,309
282,312
282,318
282,377
282,380
282,283
283,384
283,301
283,298
283,366
283,391
283,296
283,393
283,359
283,351
283,350
283,349
283,338
283,336
283,331
283,295
283,385
283,288
283,285
283,382
283,286
283,371
283,348
283,291
283,340
283,339
283,377
283,321
283,317
283,379
283,356
283,328
283,305
283,304
283,297
283,357
283,313
283,302
284,396
284,355
284,358
284,290
284,368
284,327
284,381
284,365
284,293
284,351
284,349
284,340
284,318
284,389
284,292
284,288
284,376
284,366
284,296
284,388
284,286
284,383
284,362
284,361
284,298
284,342
284,297
284,287
285,313
285,366
285,290
285,327
285,392
285,369
285,344
285,339
285,309
285,306
285,305
285,303
285,289
285,288
285,379
285,376
285,363
285,311
285,310
285,382
285,362
285,357
285,353
285,329
285,324
285,314
285,355
286,384
286,310
286,387
286,320
286,363
286,395
286,386
286,333
286,348
286,296
286,393
286,392
286,379
286,334
286,317
286,311
286,306
286,335
286,385
286,288
286,383
286,323
286,370
286,315
286,362
286,337
286,329
286,305
286,350
286,324
286,292
286,342
286,319
286,349
286,377
286,345
286,344
286,397
287,354
287,296
287,387
287,328
287,301
287,398
287,376
287,373
287,348
287,389
287,381
287,379
287,367
287,345
287,331
287,326
287,304
287,353
287,337
287,305
287,308
287,330
287,338
287,388
287,291
287,315
287,361
287,364
287,359
287,309
287,302
287,343
288,354
288,334
288,355
288,330
288,399
288,381
288,371
288,349
288,340
288,339
288,326
288,398
288,299
288,391
288,294
288,386
288,289
288,383
288,382
288,362
288,353
288,291
288,368
288,332
288,357
288,313
288,314
288,333
288,375
288,305
288,352
289,384
289,387
289,298
289,332
289,363
289,342
289,364
289,374
289,336
289,303
289,291
289,376
289,356
289,340
289,393
289,346
289,371
289,324
290,301
290,313
290,376
290,395
290,391
290,386
290,302
290,327
290,393
290,388
290,379
290,365
290,343
290,340
290,323
290,311
290,377
290,375
290,352
290,325
290,324
290,373
290,357
290,396
290,299
290,397
290,381
290,330
290,316
290,341
290,314
290,364
290,346
290,394
291,301
291,364
291,333
291,399
291,389
291,381
291,374
291,365
291,345
291,338
291,309
291,347
291,394
291,362
291,352
291,346
291,329
291,358
291,324
291,359
291,396
291,377
291,357
291,313
291,295
292,328
292,332
292,320
292,342
292,366
292,364
292,395
292,333
292,373
292,399
292,302
292,327
292,381
292,365
292,335
292,310
292,301
292,398
292,295
292,323
292,370
292,380
292,372
292,325
292,350
292,294
292,305
292,352
292,334
292,363
292,340
292,326
292,338
293,378
293,387
293,322
293,332
293,363
293,386
293,348
293,300
293,358
293,393
293,388
293,385
293,379
293,374
293,359
293,345
293,338
293,335
293,331
293,326
293,295
293,398
293,350
293,339
293,334
293,354
293,319
293,303
293,333
293,390
293,361
293,352
293,346
293,369
293,364
294,354
294,319
294,393
294,341
294,388
294,320
294,367
294,359
294,377
294,315
294,362
294,314
294,373
294,326
294,372
294,298
294,345
294,322
294,344
294,399
294,296
295,301
295,354
295,387
295,319
295,366
295,386
295,341
295,300
295,392
295,381
295,372
295,369
295,336
295,331
295,309
295,299
295,370
295,353
295,325
295,324
295,388
295,371
295,362
295,365
295,303
295,394
295,350
295,337
295,340
295,383
295,308
295,358
295,335
296,364
296,358
296,397
296,300
296,368
296,385
296,393
296,365
296,334
296,340
296,338
296,389
296,331
296,323
296,363
296,318
296,317
296,316
296,315
296,398
296,392
296,371
296,359
296,350
296,366
296,383
296,370
296,360
296,346
296,325
296,324
296,380
296,373
296,351
297,313
297,332
297,363
297,312
297,364
297,327
297,365
297,338
297,335
297,381
297,309
297,305
297,310
297,357
297,325
297,308
297,330
297,377
297,373
297,328
297,375
297,341
297,323
298,396
298,301
298,364
298,376
298,368
298,374
298,372
298,359
298,351
298,349
298,347
298,345
298,340
298,335
298,317
298,316
298,304
298,392
298,332
298,354
298,350
298,390
298,377
298,375
298,370
298,361
298,360
298,346
298,325
298,324
298,314
298,308
298,380
299,313
299,363
299,366
299,358
299,356
299,367
299,351
299,347
299,338
299,331
299,370
299,360
299,357
299,353
299,346
299,329
299,324
299,337
299,387
299,372
299,362
299,365
299,345
299,348
299,317
299,304
299,305
299,397
299,396
300,354
300,328
300,363
300,397
300,399
300,302
300,381
300,371
300,365
300,344
300,339
300,317
300,315
300,309
300,360
300,306
300,341
300,331
300,334
300,345
300,350
300,324
300,398
301,310
301,355
301,358
301,378
301,327
301,356
301,387
301,372
301,371
301,367
301,393
301,334
301,351
301,349
301,335
301,311
301,306
301,304
301,389
301,332
301,363
301,326
301,320
301,383
301,375
301,362
301,361
301,346
301,337
301,386
301,369
302,328
302,398
302,364
302,355
302,341
302,392
302,371
302,365
302,345
302,340
302,326
302,315
302,339
302,316
302,357
302,393
302,335
302,382
302,399
302,323
302,370
302,314
302,329
302,379
303,396
303,322
303,334
303,366
303,373
303,368
303,327
303,393
303,389
303,385
303,379
303,374
303,372
303,350
303,344
303,335
303,390
303,329
303,398
303,340
303,336
303,383
303,360
303,362
303,315
303,306
303,309
303,351
303,375
303,316
304,310
304,387
304,328
304,319
304,332
304,366
304,355
304,397
304,392
304,379
304,371
304,367
304,365
304,350
304,344
304,317
304,305
304,335
304,382
304,370
304,362
304,329
304,361
304,353
304,359
304,312
304,380
304,399
305,310
305,363
305,386
305,348
305,341
305,356
305,327
305,393
305,392
305,374
305,369
305,367
305,351
305,349
305,347
305,345
305,306
305,396
305,357
305,325
305,339
305,389
305,335
305,385
305,373
305,319
305,358
305,362
305,336
305,331
305,334
305,332
305,321
305,344
305,359
305,372
305,346
305,365
306,384
306,378
306,387
306,334
306,391
306,333
306,373
306,358
306,341
306,356
306,392
306,359
306,351
306,349
306,345
306,339
306,316
306,382
306,377
306,393
306,326
306,318
306,368
306,317
306,367
306,357
306,352
306,399
307,354
307,387
307,322
307,319
307,342
307,364
307,397
307,356
307,374
307,372
307,365
307,318
307,390
307,362
307,357
307,384
307,337
307,329
307,308
307,392
307,344
308,322
308,319
308,342
308,366
308,373
308,399
308,341
308,327
308,321
308,393
308,372
308,369
308,349
308,336
308,309
308,335
308,382
308,377
308,352
308,337
308,343
308,390
308,354
308,397
308,350
308,334
308,326
309,320
309,342
309,364
309,391
309,348
309,385
309,372
309,371
309,367
309,359
309,347
309,345
309,338
309,331
309,317
309,316
309,360
309,337
309,325
309,394
309,388
309,384
309,362
309,346
309,399
309,344
309,343
309,383
309,339
309,334
309,329
309,315
309,311
309,398
309,322
310,384
310,354
310,355
310,364
310,348
310,341
310,367
310,344
310,343
310,339
310,331
310,395
310,311
310,389
310,336
310,366
310,388
310,390
310,346
310,386
310,394
311,384
311,313
311,328
311,320
311,376
311,355
311,333
311,368
311,327
311,393
311,389
311,367
311,365
311,347
311,317
311,377
311,375
311,315
311,362
311,314
311,358
311,344
311,379
311,398
311,349
311,397
311,346
311,316
311,354
311,352
312,396
312,313
312,332
312,351
312,340
312,338
312,326
312,315
312,379
312,373
312,356
312,320
312,383
312,361
312,357
312,323
313,384
313,354
313,328
313,371
313,393
313,395
313,334
313,345
313,335
313,317
313,315
313,373
313,350
313,336
313,332
313,396
313,390
313,382
313,375
313,362
313,360
313,329
313,325
313,381
313,314
313,342
313,319
313,388
314,396
314,319
314,334
314,364
314,355
314,395
314,366
314,397
314,393
314,374
314,369
314,351
314,386
314,339
314,338
314,383
314,361
314,371
314,324
314,376
314,325
314,381
314,377
314,347
314,341
314,388
315,354
315,319
315,363
315,330
315,348
315,321
315,393
315,392
315,389
315,380
315,379
315,374
315,366
315,339
315,338
315,343
315,390
315,382
315,361
315,325
315,349
315,384
315,358
315,391
315,318
315,394
315,370
316,396
316,378
316,366
316,373
316,392
316,385
316,380
316,342
316,338
316,335
316,394
316,343
316,390
316,377
316,375
316,323
316,370
316,361
316,346
316,399
316,340
316,369
316,325
316,372
316,339
316,320
317,384
317,363
317,376
317,355
317,391
317,393
317,392
317,389
317,385
317,374
317,351
317,349
317,338
317,331
317,318
317,362
317,324
317,371
317,369
317,397
317,340
317,372
317,360
317,326
317,380
317,370
318,358
318,392
318,389
318,385
318,369
318,350
318,336
318,327
318,374
318,372
318,324
318,378
318,370
318,341
318,343
318,391
318,332
319,328
319,397
319,341
319,388
319,381
319,393
319,350
319,343
319,339
319,323
319,368
319,373
319,365
319,363
319,345
319,366
319,327
319,326
319,390
319,383
319,362
319,361
319,360
319,357
319,330
319,329
319,325
320,399
320,341
320,338
320,335
320,374
320,380
320,351
320,347
320,365
320,346
320,390
320,377
320,361
320,357
320,353
320,393
320,324
320,328
321,396
321,354
321,376
321,366
321,333
321,368
321,385
321,340
321,337
321,330
321,348
321,389
321,358
321,394
321,371
322,397
322,368
322,380
322,395
322,343
322,335
322,331
322,391
322,392
322,354
322,394
322,333
322,352
323,384
323,354
323,366
323,386
323,373
323,358
323,385
323,372
323,340
323,331
323,326
323,382
323,371
323,324
323,389
323,379
323,350
323,374
323,330
323,383
323,381
324,384
324,332
324,391
324,373
324,358
324,348
324,393
324,381
324,380
324,365
324,351
324,347
324,375
324,362
324,361
324,370
324,360
324,388
324,341
324,337
324,336
324,353
324,369
324,371
324,346
325,384
325,376
325,372
325,351
325,350
325,345
325,340
325,394
325,390
325,389
325,387
325,336
325,383
325,357
325,395
325,344
325,397
326,396
326,354
326,366
326,392
326,374
326,369
326,344
326,343
326,338
326,394
326,390
326,383
326,375
326,360
326,357
326,352
326,385
326,384
326,381
326,355
326,327
326,329
326,340
326,395
327,354
327,332
327,334
327,355
327,373
327,399
327,356
327,388
327,367
327,365
327,390
327,382
327,377
327,362
327,329
327,398
327,394
327,337
327,375
327,345
327,348
327,349
328,399
328,376
328,388
328,372
328,371
328,395
328,334
328,351
328,349
328,345
328,340
328,336
328,389
328,375
328,357
328,329
328,394
329,389
329,365
329,337
329,375
329,349
329,346
329,359
329,399
329,352
329,392
329,395
329,373
330,396
330,395
330,333
330,389
330,371
330,359
330,335
330,383
330,382
330,370
330,360
330,352
330,337
330,384
331,376
331,385
331,369
331,349
331,382
331,392
331,377
331,380
331,352
331,375
331,399
331,343
332,387
332,358
332,381
332,393
332,359
332,351
332,339
332,338
332,335
332,385
332,379
332,365
332,383
332,361
332,353
332,346
332,386
332,394
333,396
333,342
333,364
333,399
333,393
333,374
333,372
333,369
333,350
333,349
333,347
333,336
333,363
333,356
333,382
333,362
333,357
333,373
334,396
334,378
334,358
334,368
334,374
334,372
334,359
334,350
334,344
334,338
334,389
334,379
334,376
334,394
334,375
334,360
334,352
334,337
334,386
334,351
335,398
335,391
335,348
335,341
335,393
335,388
335,381
335,380
335,369
335,345
335,337
335,389
335,368
335,362
335,365
335,361
335,364
335,347
335,350
335,360
335,382
335,352
336,396
336,384
336,354
336,387
336,363
336,364
336,373
336,351
336,394
336,370
336,337
336,372
336,392
336,340
336,376
336,357
336,379
336,358
336,350
336,349
337,363
337,397
337,341
337,393
337,388
337,369
337,365
337,351
337,390
337,340
337,381
337,349
337,352
337,339
337,342
337,355
337,379
337,396
337,399
337,377
338,378
338,387
338,342
338,364
338,373
338,399
338,341
338,381
338,371
338,343
338,344
338,394
338,389
338,379
338,369
338,398
338,370
338,349
338,345
338,340
338,360
339,387
339,364
339,373
339,358
339,348
339,393
339,388
339,371
339,369
339,390
339,361
339,353
339,362
339,360
340,354
340,342
340,391
340,373
340,394
340,361
340,352
340,346
340,365
340,347
340,395
340,377
341,396
341,373
341,348
341,369
341,343
341,360
341,365
341,353
341,399
341,375
341,378
341,354
341,393
341,358
341,356
342,378
342,387
342,391
342,388
342,385
342,381
342,374
342,393
342,350
342,344
342,389
342,363
342,394
342,382
342,377
342,360
342,357
342,386
342,395
343,378
343,398
343,355
343,356
343,371
343,369
343,379
343,359
343,372
343,347
343,374
343,395
343,358
343,399
344,387
344,364
344,366
344,381
344,369
344,350
344,390
344,351
345,376
345,348
345,381
345,380
345,369
345,347
345,390
345,352
345,399
345,378
345,370
345,362
345,383
345,391
345,394
346,395
346,373
346,397
346,348
346,356
346,393
346,392
346,374
346,370
346,352
346,383
346,379
346,382
346,378
346,361
346,359
347,387
347,376
347,389
347,369
347,394
347,362
347,392
347,381
347,366
347,365
347,375
347,393
347,399
347,371
347,353
347,350
348,354
348,376
348,356
348,393
348,389
348,371
348,370
348,373
348,367
348,349
349,378
349,387
349,376
349,355
349,393
349,389
349,351
349,375
349,361
349,374
349,364
349,357
349,354
349,380
349,396
349,395
350,386
350,372
350,369
350,365
350,359
350,377
350,360
350,389
350,383
350,382
350,361
350,374
350,362
350,353
350,396
351,384
351,378
351,364
351,373
351,368
351,369
351,380
351,365
351,361
351,360
351,397
351,357
352,384
352,378
352,363
352,376
352,366
352,397
352,383
352,361
352,358
352,369
352,372
352,385
352,359
352,393
352,399
353,354
353,387
353,388
353,381
353,374
353,369
353,394
353,377
353,392
353,370
353,372
353,357
353,362
354,396
354,378
354,358
354,368
354,398
354,391
354,385
354,356
354,366
354,388
354,364
354,383
354,375
354,361
354,357
354,384
355,388
355,376
355,371
355,373
355,363
355,396
355,382
355,375
355,370
355,357
356,391
356,381
356,382
356,370
356,390
356,396
356,383
356,371
356,362
357,384
357,376
357,373
357,374
357,372
357,369
357,375
357,396
357,359
357,399
357,383
357,380
358,384
358,376
358,361
358,383
358,365
358,382
358,370
358,396
359,387
359,392
359,385
359,371
359,367
359,361
359,375
359,376
360,398
360,363
360,386
360,393
360,388
360,385
360,381
360,380
360,374
360,394
360,390
360,362
360,361
361,373
361,367
361,370
361,382
361,398
362,366
362,386
362,397
362,379
362,369
362,394
362,377
362,383
362,373
362,371
363,385
363,381
363,380
363,379
363,392
363,383
363,377
363,369
364,368
364,381
364,393
364,390
364,377
365,384
365,386
365,373
365,393
365,374
365,383
365,377
365,375
365,399
365,392
365,387
365,370
365,397
365,394
365,381
365,398
365,372
366,387
366,379
366,372
366,389
366,371
366,394
366,380
367,371
367,394
367,381
367,382
367,369
367,373
367,388
367,391
368,384
368,378
368,390
369,398
369,373
369,393
369,380
369,371
369,394
369,383
369,382
370,378
370,380
370,374
370,394
370,375
370,398
371,381
371,394
371,390
371,385
371,382
371,377
371,375
371,398
372,384
372,378
372,388
372,376
372,394
372,396
372,399
373,378
373,388
373,385
373,374
373,377
374,396
374,378
374,387
374,399
374,392
374,380
374,382
374,377
374,388
374,386
374,394
375,378
375,388
375,381
375,390
375,383
375,382
375,394
375,397
376,388
376,385
376,395
376,382
377,399
377,393
377,385
377,381
377,382
377,391
377,390
377,388
377,380
377,379
377,397
377,396
378,385
378,395
378,383
378,386
379,391
379,397
379,393
379,392
379,383
379,390
380,384
380,395
380,399
380,381
381,395
381,391
381,383
381,387
381,384
381,399
382,387
382,392
382,389
382,388
382,399
383,388
384,399
384,389
384,398
385,396
385,387
385,391
385,399
385,394
385,390
386,398
386,391
386,387
386,397
387,399
387,393
387,389
387,398
388,398
388,391
389,394
389,390
390,391
390,393
390,394
391,392
392,396
393,395
393,399
395,398
397,398
397,399
398,399
400,511
400,432
400,502
400,544
400,459
400,527
400,409
400,506
400,503
400,482
400,579
400,578
400,561
400,433
400,587
400,572
400,562
400,586
400,442
400,539
400,440
400,537
400,528
400,526
400,473
400,570
400,426
400,522
400,425
400,557
400,460
400,413
400,510
400,593
400,596
400,499
400,585
400,491
400,555
400,411
400,508
400,582
400,485
400,568
400,521
400,474
400,566
400,469
400,550
400,581
400,472
400,403
400,436
400,444
400,494
400,512
400,420
400,552
401,582
401,548
401,423
401,432
401,482
401,522
401,523
401,459
401,527
401,541
401,595
401,477
401,447
401,584
401,554
401,496
401,565
401,463
401,560
401,480
401,438
401,433
401,424
401,518
401,421
401,417
401,567
401,552
401,549
401,442
401,539
401,437
401,534
401,431
401,528
401,418
401,515
401,559
401,512
401,525
401,478
401,591
401,494
401,545
401,448
401,446
401,434
401,547
401,406
401,570
401,526
401,429
401,585
401,588
401,491
401,419
401,516
401,422
401,410
401,504
401,412
401,536
401,420
401,476
401,573
401,479
401,449
401,403
402,463
402,511
402,432
402,522
402,598
402,488
402,595
402,535
402,451
402,531
402,551
402,487
402,419
402,592
402,493
402,590
402,581
402,577
402,443
402,540
402,569
402,465
402,562
402,418
402,515
402,555
402,411
402,508
402,532
402,485
402,576
402,579
402,525
402,478
402,564
402,467
402,426
402,429
402,547
402,406
402,2388
402,448
402,567
402,470
402,449
402,546
402,405
402,412
402,574
402,408
402,445
402,422
402,552
402,410
403,591
403,409
403,502
403,598
403,523
403,441
403,544
403,490
403,557
403,580
403,428
403,482
403,579
403,561
403,584
403,487
403,468
403,438
403,527
403,430
403,418
403,496
403,593
403,592
403,493
403,590
403,484
403,581
403,577
403,456
403,553
403,586
403,442
403,539
403,533
403,532
403,485
403,528
403,578
403,478
403,474
403,469
403,566
403,472
403,454
403,564
403,420
403,517
403,470
403,545
403,448
403,588
403,450
403,547
403,406
403,429
403,504
403,554
403,457
403,411
403,471
403,509
404,591
404,575
404,511
404,415
404,441
404,488
404,452
404,489
404,595
404,476
404,543
404,594
404,583
404,560
404,551
404,500
404,430
404,596
404,588
404,559
404,458
404,555
404,507
404,539
404,436
404,533
404,558
404,579
404,582
404,485
404,564
404,470
404,502
404,405
404,450
404,471
404,542
404,448
404,440
404,412
404,577
404,526
404,411
404,516
404,422
404,420
404,449
405,548
405,599
405,522
405,544
405,490
405,595
405,554
405,439
405,531
405,496
405,557
405,514
405,561
405,500
405,535
405,438
405,424
405,421
405,506
405,592
405,585
405,570
405,465
405,562
405,555
405,549
405,539
405,534
405,436
405,533
405,431
405,528
405,513
405,497
405,475
405,512
405,576
405,579
405,577
405,525
405,575
405,478
405,426
405,427
405,501
405,516
405,469
405,443
405,540
405,446
405,564
405,487
405,526
405,550
405,410
405,591
405,494
405,542
405,448
405,596
406,482
406,441
406,459
406,527
406,452
406,541
406,506
406,476
406,447
406,557
406,514
406,501
406,578
406,565
406,545
406,520
406,487
406,480
406,461
406,419
406,496
406,593
406,493
406,590
406,589
406,588
406,586
406,585
406,562
406,526
406,519
406,513
406,462
406,559
406,512
406,455
406,552
406,408
406,505
406,504
406,494
406,435
406,532
406,485
406,469
406,543
406,446
406,454
406,572
406,431
406,567
406,568
406,427
406,484
406,553
406,483
406,436
406,449
406,594
406,497
406,555
406,508
406,511
406,414
406,539
406,445
407,423
407,463
407,511
407,453
407,459
407,456
407,538
407,490
407,489
407,506
407,473
407,584
407,451
407,518
407,501
407,477
407,574
407,530
407,580
407,486
407,579
407,438
407,581
407,573
407,569
407,469
407,566
407,467
407,564
407,562
407,514
407,417
407,558
407,461
407,555
407,549
407,446
407,540
407,415
407,512
407,510
407,411
407,505
407,521
407,498
407,422
407,442
407,536
407,529
407,507
407,557
407,460
407,495
407,590
407,449
407,499
408,423
408,453
408,432
408,482
408,544
408,456
408,595
408,535
408,584
408,481
408,530
408,507
408,468
408,514
408,417
408,416
408,593
408,591
408,494
408,564
408,581
408,534
408,526
408,425
408,465
408,562
408,418
408,515
408,558
408,504
408,588
408,537
408,431
408,528
408,455
408,552
408,411
408,458
408,503
408,563
408,466
408,516
408,422
408,445
408,571
408,454
408,567
408,427
408,506
408,413
408,436
408,540
408,446
409,575
409,432
409,439
409,579
409,578
409,574
409,503
409,452
409,423
409,520
409,487
409,486
409,480
409,468
409,438
409,598
409,527
409,567
409,559
409,558
409,459
409,556
409,524
409,542
409,540
409,539
409,502
409,526
409,521
409,516
409,596
409,499
409,498
409,592
409,495
409,494
409,557
409,491
409,428
409,572
409,475
409,568
409,471
409,454
409,553
409,456
409,449
409,440
409,425
409,420
409,597
409,500
410,548
410,591
410,423
410,432
410,524
410,441
410,527
410,541
410,473
410,447
410,496
410,543
410,466
410,579
410,574
410,560
410,545
410,577
410,480
410,419
410,515
410,418
410,456
410,553
410,540
410,484
410,581
410,437
410,534
410,533
410,572
410,525
410,521
410,467
410,564
410,517
410,562
410,509
410,414
410,411
410,508
410,472
410,450
410,547
410,539
410,442
410,483
410,435
410,471
410,493
410,590
410,552
410,445
410,595
411,463
411,453
411,482
411,415
411,523
411,476
411,531
411,518
411,428
411,565
411,462
411,433
411,419
411,416
411,590
411,488
411,585
411,576
411,570
411,568
411,567
411,558
411,422
411,519
411,562
411,515
411,495
411,529
411,528
411,575
411,478
411,474
411,440
411,537
411,443
411,460
411,455
411,429
411,526
411,553
411,412
411,598
411,413
411,555
411,508
411,414
411,596
411,449
411,483
411,436
411,445
412,482
412,506
412,439
412,481
412,466
412,594
412,583
412,551
412,524
412,427
412,520
412,424
412,585
412,577
412,473
412,570
412,515
412,418
412,559
412,546
412,555
412,508
412,505
412,566
412,472
412,467
412,510
412,417
412,464
412,484
412,581
412,440
412,554
412,460
412,451
412,540
412,517
412,590
412,2388
412,448
412,531
412,556
413,591
413,502
413,490
413,476
413,544
413,447
413,451
413,493
413,514
413,501
413,583
413,481
413,578
413,545
413,487
413,424
413,516
413,419
413,589
413,576
413,478
413,569
413,559
413,558
413,416
413,510
413,459
413,556
413,509
413,498
413,532
413,582
413,485
413,484
413,572
413,467
413,555
413,458
413,427
413,450
413,445
413,443
413,536
413,442
413,567
413,426
413,517
413,566
413,522
413,425
413,414
413,421
413,562
413,515
413,588
414,582
414,482
414,598
414,563
414,527
414,452
414,506
414,477
414,496
414,541
414,444
414,597
414,480
414,462
414,438
414,418
414,416
414,586
414,474
414,571
414,459
414,556
414,431
414,528
414,458
414,555
414,508
414,596
414,494
414,469
414,505
414,427
414,498
414,443
414,510
414,534
414,440
414,512
414,465
414,536
414,442
414,497
414,450
414,523
414,426
414,436
414,448
414,425
414,504
414,475
414,503
415,463
415,599
415,522
415,594
415,444
415,530
415,520
415,514
415,461
415,466
415,424
415,576
415,571
415,567
415,562
415,459
415,556
415,555
415,553
415,547
415,506
415,540
415,536
415,525
415,515
415,476
415,499
415,592
415,495
415,589
415,492
415,580
415,485
415,478
415,472
415,449
415,584
415,445
415,528
415,431
415,429
415,422
415,508
415,504
415,501
416,463
416,599
416,522
416,524
416,441
416,452
416,473
416,439
416,531
416,496
416,493
416,580
416,597
416,487
416,579
416,438
416,433
416,573
416,542
416,444
416,537
416,470
416,517
416,555
416,508
416,475
416,558
416,464
416,453
416,550
416,520
416,426
416,449
416,418
416,465
416,583
416,442
416,450
416,556
416,460
416,505
416,587
416,540
416,446
416,576
417,453
417,523
417,456
417,563
417,452
417,584
417,493
417,514
417,598
417,501
417,545
417,433
417,530
417,500
417,586
417,556
417,555
417,457
417,537
417,536
417,581
417,437
417,534
417,574
417,430
417,582
417,485
417,505
417,432
417,529
417,579
417,568
417,474
417,522
417,425
417,422
417,519
417,465
417,551
417,481
417,578
417,469
417,478
417,515
418,548
418,591
418,453
418,599
418,538
418,535
418,477
418,584
418,518
418,496
418,444
418,583
418,561
418,551
418,2388
418,545
418,500
418,433
418,430
418,467
418,564
418,556
418,439
418,536
418,533
418,432
418,529
418,596
418,499
418,525
418,478
418,475
418,440
418,577
418,483
418,507
418,460
418,458
418,555
418,511
418,437
418,510
418,526
418,479
418,472
418,449
418,424
418,471
418,539
418,445
419,423
419,575
419,463
419,511
419,598
419,523
419,459
419,456
419,506
419,473
419,496
419,466
419,561
419,530
419,587
419,568
419,562
419,559
419,558
419,548
419,451
419,576
419,529
419,480
419,430
419,467
419,564
419,420
419,517
419,508
419,492
419,485
419,425
419,472
419,507
419,460
419,498
419,442
419,494
419,574
419,431
419,509
419,526
419,453
419,550
419,503
420,482
420,544
420,535
420,477
420,451
420,439
420,493
420,514
420,578
420,561
420,545
420,461
420,596
420,586
420,585
420,576
420,564
420,550
420,546
420,540
420,533
420,531
420,434
420,431
420,528
420,526
420,556
420,509
420,458
420,555
420,508
420,537
420,490
420,587
420,471
420,510
420,460
420,553
420,505
420,525
420,575
420,478
420,455
420,474
420,465
420,513
420,539
420,442
420,497
420,542
420,445
420,469
420,495
421,423
421,575
421,522
421,598
421,523
421,544
421,531
421,518
421,493
421,594
421,583
421,477
421,574
421,530
421,480
421,582
421,485
421,570
421,558
421,455
421,552
421,581
421,534
421,508
421,498
421,545
421,448
421,495
421,438
421,528
421,567
421,510
421,460
421,549
421,499
421,502
421,494
421,443
421,547
421,442
421,422
421,469
421,517
421,529
422,548
422,591
422,575
422,463
422,599
422,482
422,544
422,452
422,535
422,473
422,496
422,493
422,543
422,520
422,565
422,468
422,592
422,467
422,564
422,536
422,525
422,513
422,459
422,556
422,509
422,553
422,440
422,537
422,585
422,573
422,479
422,563
422,466
422,516
422,469
422,559
422,562
422,465
422,561
422,464
422,552
422,455
422,498
422,445
422,472
422,426
422,450
422,435
422,596
423,594
423,583
423,481
423,578
423,565
423,561
423,551
423,520
423,514
423,462
423,433
423,575
423,527
423,564
423,556
423,590
423,493
423,502
423,536
423,528
423,531
423,517
423,516
423,513
423,509
423,476
423,592
423,495
423,494
423,444
423,541
423,582
423,485
423,576
423,479
423,473
423,470
423,555
423,458
423,455
423,553
423,456
423,457
423,554
423,450
423,449
423,545
423,448
423,446
423,442
423,534
423,437
423,435
423,488
423,523
423,504
423,595
423,498
424,544
424,456
424,543
424,466
424,551
424,438
424,433
424,451
424,592
424,582
424,488
424,535
424,487
424,581
424,476
424,570
424,552
424,539
424,528
424,526
424,555
424,508
424,495
424,531
424,437
424,484
424,517
424,471
424,467
424,455
424,475
424,436
424,483
424,507
424,460
424,431
424,427
425,463
425,599
425,598
425,544
425,441
425,538
425,554
425,518
425,563
425,466
425,597
425,583
425,579
425,481
425,578
425,477
425,574
425,561
425,565
425,468
425,462
425,531
425,434
425,433
425,596
425,496
425,593
425,493
425,590
425,587
425,585
425,571
425,569
425,562
425,556
425,546
425,536
425,533
425,529
425,521
425,566
425,519
425,516
425,553
425,498
425,440
425,537
425,443
425,582
425,485
425,458
425,479
425,550
425,558
425,534
425,572
425,478
425,450
425,513
426,582
426,522
426,441
426,544
426,456
426,563
426,452
426,489
426,541
426,503
426,451
426,554
426,496
426,493
426,597
426,579
426,480
426,461
426,438
426,531
426,434
426,564
426,559
426,536
426,532
426,529
426,430
426,573
426,526
426,525
426,570
426,515
426,513
426,542
426,592
426,495
426,510
426,528
426,458
426,454
426,502
426,596
426,449
426,498
426,569
426,436
426,580
426,483
426,539
426,492
426,494
426,594
426,540
426,446
426,471
427,591
427,453
427,482
427,522
427,441
427,527
427,476
427,477
427,447
427,518
427,493
427,501
427,466
427,561
427,560
427,507
427,597
427,500
427,589
427,488
427,585
427,474
427,571
427,564
427,445
427,542
427,531
427,434
427,528
427,510
427,529
427,475
427,472
427,516
427,469
427,559
427,465
427,457
427,534
427,440
427,546
427,499
427,429
427,556
427,509
427,557
427,460
427,511
427,471
427,454
428,502
428,522
428,598
428,541
428,595
428,584
428,574
428,560
428,480
428,535
428,438
428,433
428,506
428,593
428,590
428,589
428,586
428,570
428,569
428,568
428,558
428,542
428,529
428,526
428,525
428,521
428,516
428,505
428,499
428,497
428,592
428,495
428,576
428,479
428,475
428,474
428,566
428,469
428,458
428,442
428,436
428,435
429,591
429,511
429,599
429,456
429,490
429,489
429,541
429,477
429,473
429,451
429,514
429,501
429,583
429,561
429,496
429,593
429,592
429,588
429,581
429,571
429,568
429,533
429,532
429,527
429,430
429,519
429,515
429,559
429,512
429,508
429,498
429,537
429,585
429,483
429,525
429,475
429,564
429,467
429,554
429,457
429,557
429,460
429,556
429,431
429,575
429,478
429,454
429,500
429,450
429,521
429,449
429,448
429,552
429,539
429,492
429,445
429,543
429,446
430,582
430,548
430,453
430,432
430,522
430,441
430,544
430,541
430,595
430,503
430,439
430,502
430,496
430,580
430,466
430,579
430,507
430,583
430,486
430,434
430,585
430,484
430,581
430,459
430,556
430,555
430,547
430,573
430,526
430,472
430,569
430,521
430,516
430,505
430,504
430,537
430,587
430,431
430,528
430,460
430,489
430,586
430,492
430,445
430,513
430,558
430,477
430,574
430,572
430,525
430,452
430,549
430,455
430,506
430,594
430,497
430,597
430,500
430,517
430,470
431,582
431,432
431,523
431,477
431,501
431,563
431,466
431,583
431,565
431,561
431,597
431,500
431,487
431,438
431,530
431,433
431,593
431,592
431,589
431,562
431,559
431,558
431,536
431,528
431,509
431,525
431,478
431,521
431,474
431,472
431,467
431,550
431,469
431,540
431,446
431,483
431,436
431,435
431,455
431,573
431,546
431,596
431,499
431,570
431,471
431,508
431,527
432,463
432,560
432,597
432,500
432,583
432,486
432,480
432,462
432,461
432,438
432,527
432,589
432,588
432,587
432,586
432,572
432,564
432,562
432,553
432,549
432,502
432,496
432,519
432,516
432,515
432,512
432,576
432,479
432,478
432,474
432,544
432,447
432,472
432,471
432,567
432,470
432,464
432,557
432,460
432,598
432,501
432,551
432,454
432,450
432,448
432,445
432,443
432,442
432,534
432,437
432,435
432,523
432,505
432,499
433,463
433,599
433,482
433,598
433,523
433,544
433,456
433,452
433,2388
433,489
433,535
433,503
433,476
433,473
433,451
433,554
433,518
433,493
433,444
433,466
433,583
433,561
433,594
433,500
433,468
433,585
433,461
433,458
433,555
433,526
433,521
433,516
433,509
433,504
433,449
433,546
433,499
433,484
433,595
433,498
433,475
433,557
433,460
433,453
433,550
433,455
433,571
433,436
433,519
433,435
433,542
433,487
433,440
433,514
434,582
434,548
434,511
434,453
434,544
434,452
434,476
434,439
434,531
434,481
434,565
434,500
434,584
434,487
434,535
434,438
434,585
434,564
434,562
434,555
434,456
434,553
434,527
434,558
434,510
434,498
434,504
434,457
434,576
434,479
434,587
434,543
434,446
434,442
434,539
434,445
434,581
434,534
434,440
434,435
434,570
434,566
434,449
434,523
434,588
434,589
435,502
435,522
435,523
435,459
435,563
435,527
435,2388
435,541
435,476
435,493
435,579
435,477
435,574
435,561
435,520
435,500
435,487
435,438
435,589
435,586
435,577
435,571
435,562
435,555
435,552
435,550
435,593
435,546
435,540
435,440
435,537
435,536
435,533
435,526
435,568
435,521
435,513
435,510
435,451
435,454
435,591
435,494
435,507
435,504
435,528
435,531
435,578
435,516
435,469
435,553
435,525
435,592
435,595
435,498
435,581
435,450
436,441
436,538
436,490
436,541
436,473
436,584
436,531
436,496
436,493
436,557
436,583
436,500
436,462
436,438
436,480
436,577
436,474
436,571
436,564
436,556
436,445
436,542
436,484
436,581
436,534
436,558
436,497
436,578
436,512
436,465
436,510
436,456
436,553
436,539
436,476
436,573
436,479
436,550
436,555
436,596
436,547
436,598
436,552
437,575
437,482
437,599
437,502
437,598
437,523
437,524
437,456
437,527
437,541
437,447
437,554
437,481
437,578
437,561
437,545
437,530
437,593
437,474
437,571
437,559
437,462
437,556
437,555
437,443
437,540
437,534
437,533
437,438
437,532
437,472
437,569
437,465
437,562
437,515
437,513
437,504
437,473
437,570
437,495
437,494
437,471
437,479
437,455
437,514
437,439
437,536
437,442
438,544
438,459
438,456
438,538
438,489
438,548
438,451
438,554
438,557
438,444
438,598
438,501
438,574
438,462
438,563
438,466
438,442
438,539
438,581
438,534
438,513
438,479
438,599
438,500
438,547
438,450
438,495
438,498
438,545
438,448
438,490
438,587
438,543
438,446
438,439
438,536
438,529
438,528
438,578
438,475
438,572
438,518
438,555
439,548
439,598
439,523
439,2388
439,489
439,595
439,477
439,584
439,514
439,486
439,461
439,580
439,587
439,581
439,573
439,568
439,566
439,564
439,556
439,555
439,549
439,539
439,532
439,496
439,515
439,510
439,596
439,499
439,495
439,591
439,494
439,492
439,588
439,491
439,475
439,463
439,560
439,534
439,599
439,502
440,582
440,523
440,506
440,557
440,477
440,574
440,463
440,560
440,507
440,584
440,487
440,486
440,468
440,581
440,577
440,474
440,571
440,567
440,564
440,558
440,550
440,549
440,541
440,444
440,536
440,533
440,532
440,531
440,515
440,501
440,595
440,498
440,478
440,512
440,465
440,556
440,551
440,454
440,569
440,504
440,446
440,588
440,508
440,448
440,522
441,535
441,579
441,530
441,518
441,544
441,588
441,577
441,576
441,459
441,556
441,552
441,508
441,504
441,499
441,557
441,492
441,473
441,543
441,471
441,457
441,563
441,584
441,443
441,533
441,529
441,524
441,507
442,591
442,599
442,522
442,488
442,527
442,490
442,2388
442,503
442,493
442,514
442,501
442,578
442,574
442,463
442,560
442,551
442,530
442,487
442,593
442,577
442,571
442,547
442,534
442,526
442,519
442,512
442,558
442,509
442,575
442,478
442,455
442,451
442,528
442,513
442,533
442,570
442,541
442,444
442,594
442,589
442,542
442,595
442,562
442,550
442,543
442,446
443,544
443,506
443,476
443,554
443,531
443,557
443,514
443,541
443,444
443,466
443,579
443,530
443,520
443,507
443,500
443,480
443,593
443,586
443,585
443,576
443,562
443,559
443,553
443,453
443,550
443,513
443,510
443,509
443,502
443,594
443,497
443,491
443,587
443,532
443,485
443,578
443,508
443,458
443,475
443,546
443,596
443,499
443,494
443,581
443,484
443,564
443,467
443,515
443,495
443,2388
443,448
443,516
443,469
443,540
443,446
444,582
444,453
444,599
444,488
444,538
444,527
444,490
444,506
444,595
444,476
444,584
444,531
444,518
444,579
444,574
444,500
444,486
444,462
444,586
444,577
444,568
444,461
444,558
444,534
444,532
444,529
444,528
444,526
444,516
444,515
444,593
444,499
444,483
444,472
444,469
444,561
444,464
444,457
444,455
444,446
444,539
444,511
445,582
445,591
445,488
445,490
445,2388
445,595
445,473
445,557
445,597
445,579
445,578
445,561
445,530
445,583
445,486
445,593
445,589
445,586
445,581
445,576
445,572
445,567
445,566
445,462
445,559
445,461
445,558
445,556
445,451
445,540
445,536
445,529
445,526
445,513
445,510
445,509
445,508
445,501
445,588
445,491
445,525
445,478
445,564
445,467
445,458
445,552
445,455
445,569
445,472
445,596
445,499
445,449
445,547
445,453
445,550
445,521
445,474
445,452
445,549
445,507
445,531
445,580
445,483
446,582
446,591
446,524
446,459
446,538
446,554
446,518
446,496
446,557
446,580
446,594
446,583
446,530
446,507
446,597
446,500
446,468
446,462
446,461
446,596
446,592
446,587
446,581
446,572
446,562
446,526
446,516
446,513
446,509
446,508
446,552
446,505
446,540
446,590
446,589
446,492
446,579
446,470
446,467
446,561
446,464
446,506
446,595
446,498
446,545
446,448
446,536
446,560
446,535
446,502
446,525
446,575
446,478
446,547
446,573
447,575
447,502
447,522
447,598
447,488
447,456
447,563
447,490
447,452
447,535
447,481
447,565
447,560
447,530
447,538
447,580
447,451
447,480
447,577
447,576
447,571
447,542
447,540
447,539
447,537
447,532
447,517
447,509
447,504
447,499
447,492
447,588
447,491
447,464
447,554
447,584
447,524
447,507
448,463
448,453
448,541
448,473
448,584
448,554
448,557
448,580
448,594
448,482
448,579
448,545
448,565
448,468
448,590
448,586
448,567
448,525
448,569
448,504
448,578
448,526
448,576
448,479
448,477
448,574
448,465
448,561
448,464
448,553
448,552
448,455
448,454
448,537
448,488
448,585
448,538
448,449
448,546
448,458
448,555
448,508
448,500
448,505
448,592
448,495
449,582
449,599
449,482
449,563
449,452
449,506
449,473
449,584
449,451
449,514
449,580
449,561
449,507
449,461
449,593
449,577
449,572
449,474
449,571
449,566
449,564
449,562
449,553
449,533
449,526
449,516
449,508
449,499
449,497
449,537
449,460
449,568
449,498
449,598
449,501
449,539
449,542
449,550
449,591
449,494
449,495
449,545
450,591
450,502
450,523
450,524
450,544
450,459
450,488
450,595
450,481
450,594
450,565
450,560
450,520
450,487
450,480
450,461
450,593
450,592
450,589
450,462
450,559
450,587
450,540
450,586
450,539
450,536
450,526
450,467
450,564
450,517
450,511
450,505
450,521
450,474
450,571
450,477
450,574
450,451
450,454
450,547
450,588
450,491
450,519
450,533
450,504
450,522
450,598
450,501
450,528
451,575
451,599
451,482
451,459
451,563
451,538
451,503
451,584
451,481
451,574
451,561
451,551
451,520
451,597
451,535
451,501
451,590
451,587
451,488
451,585
451,577
451,573
451,568
451,462
451,559
451,533
451,531
451,521
451,505
451,497
451,494
451,589
451,492
451,485
451,484
451,580
451,483
451,570
451,472
451,552
451,455
451,549
451,554
451,542
451,539
451,532
451,517
451,512
451,510
451,504
452,463
452,563
452,597
452,595
452,574
452,477
452,583
452,486
452,462
452,527
452,514
452,587
452,576
452,573
452,570
452,568
452,562
452,525
452,513
452,510
452,504
452,499
452,494
452,485
452,544
452,470
452,561
452,464
452,460
452,555
452,458
452,454
452,585
452,487
452,584
452,519
452,511
452,503
452,598
452,501
453,574
453,463
453,560
453,597
453,500
453,468
453,461
453,466
453,530
453,514
453,598
453,592
453,576
453,573
453,571
453,567
453,566
453,564
453,538
453,462
453,559
453,522
453,549
453,493
453,506
453,539
453,502
453,536
453,533
453,529
453,528
453,531
453,521
453,519
453,517
453,509
453,498
453,492
453,485
453,465
453,557
453,460
453,458
453,554
453,545
453,487
453,584
453,482
453,490
453,504
454,548
454,591
454,463
454,511
454,544
454,527
454,506
454,476
454,584
454,554
454,514
454,598
454,501
454,583
454,481
454,578
454,574
454,551
454,586
454,493
454,590
454,585
454,558
454,461
454,555
454,455
454,552
454,539
454,537
454,513
454,499
454,474
454,464
454,557
454,460
454,475
454,572
454,525
454,478
454,549
454,576
454,520
454,471
454,589
454,2388
454,495
454,469
455,591
455,522
455,523
455,476
455,473
455,531
455,543
455,481
455,466
455,501
455,594
455,574
455,561
455,507
455,487
455,461
455,596
455,593
455,589
455,587
455,480
455,577
455,576
455,566
455,559
455,537
455,529
455,509
455,540
455,485
455,458
455,545
455,536
455,533
455,550
455,517
455,470
455,525
455,526
455,491
455,562
455,516
455,475
456,548
456,511
456,488
456,481
456,579
456,574
456,551
456,503
456,461
456,535
456,530
456,501
456,592
456,577
456,576
456,462
456,559
456,493
456,540
456,536
456,532
456,496
456,529
456,528
456,476
456,498
456,492
456,478
456,475
456,544
456,471
456,560
456,555
456,458
456,457
456,584
456,533
456,526
456,507
456,504
457,582
457,548
457,511
457,482
457,544
457,556
457,459
457,520
457,527
457,535
457,490
457,487
457,584
457,554
457,565
457,466
457,560
457,473
457,543
457,562
457,2388
457,461
457,555
457,549
457,542
457,484
457,526
457,505
457,551
457,504
457,541
457,494
457,539
457,492
457,491
457,497
457,474
457,478
457,550
457,481
457,577
457,483
457,532
458,582
458,463
458,459
458,563
458,527
458,541
458,584
458,518
458,496
458,493
458,543
458,580
458,579
458,481
458,578
458,462
458,461
458,473
458,570
458,557
458,460
458,550
458,540
458,534
458,576
458,529
458,573
458,526
458,521
458,516
458,509
458,505
458,501
458,546
458,497
458,495
458,592
458,542
458,467
458,519
458,523
459,582
459,502
459,522
459,598
459,523
459,551
459,500
459,514
459,487
459,486
459,565
459,468
459,462
459,527
459,589
459,581
459,576
459,568
459,558
459,553
459,549
459,546
459,540
459,529
459,513
459,508
459,476
459,494
459,473
459,572
459,475
459,474
459,472
459,566
459,469
459,465
459,460
459,547
459,532
459,587
459,490
459,488
459,511
459,510
459,497
460,502
460,598
460,544
460,490
460,506
460,476
460,554
460,493
460,514
460,561
460,545
460,520
460,487
460,486
460,461
460,588
460,489
460,586
460,577
460,576
460,547
460,540
460,536
460,533
460,526
460,516
460,555
460,508
460,497
460,484
460,483
460,529
460,481
460,578
460,571
460,527
460,551
460,517
460,470
460,467
460,465
460,524
460,510
461,511
461,482
461,524
461,488
461,563
461,489
461,477
461,473
461,493
461,514
461,2388
461,545
461,480
461,468
461,462
461,593
461,592
461,487
461,569
461,568
461,556
461,555
461,529
461,525
461,516
461,515
461,513
461,546
461,499
461,494
461,582
461,485
461,484
461,483
461,561
461,464
461,552
461,505
461,498
461,567
461,576
461,479
461,539
461,547
461,572
461,475
462,582
462,523
462,524
462,538
462,489
462,476
462,554
462,502
462,514
462,597
462,578
462,574
462,520
462,507
462,486
462,590
462,478
462,562
462,558
462,548
462,536
462,517
462,504
462,592
462,495
462,552
462,555
462,567
462,497
462,547
462,539
462,492
462,543
462,491
462,535
462,576
462,480
462,577
462,525
462,596
462,499
463,548
463,599
463,574
463,520
463,514
463,468
463,518
463,466
463,544
463,530
463,588
463,587
463,586
463,569
463,568
463,538
463,562
463,549
463,493
463,546
463,528
463,525
463,510
463,509
463,594
463,497
463,492
463,484
463,478
463,571
463,474
463,469
463,555
463,529
464,599
464,488
464,490
464,481
464,563
464,466
464,590
464,571
464,472
464,569
464,547
464,533
464,482
464,579
464,532
464,528
464,526
464,517
464,515
464,509
464,596
464,567
464,467
464,465
464,484
464,555
464,598
464,501
464,592
464,539
464,492
464,491
464,504
464,550
464,506
465,591
465,522
465,598
465,488
465,563
465,565
465,592
465,588
465,517
465,515
465,504
465,537
465,485
465,525
465,478
465,569
465,475
465,514
465,529
465,593
465,581
465,534
465,511
465,571
465,477
465,574
465,510
465,590
466,548
466,599
466,488
466,541
466,506
466,500
466,584
466,487
466,480
466,468
466,530
466,490
466,587
466,576
466,570
466,569
466,566
466,562
466,558
466,539
466,532
466,525
466,516
466,515
466,499
466,498
466,594
466,497
466,590
466,483
466,482
466,579
466,573
466,561
466,552
466,509
467,575
467,482
467,502
467,527
467,2388
467,535
467,476
467,518
467,594
467,578
467,477
467,574
467,583
467,486
467,468
467,590
467,487
467,576
467,571
467,471
467,568
467,562
467,555
467,528
467,519
467,510
467,542
467,495
467,484
467,577
467,580
467,483
467,543
467,550
467,505
467,561
468,548
468,523
468,544
468,488
468,595
468,477
468,473
468,518
468,493
468,557
468,501
468,579
468,578
468,561
468,560
468,520
468,486
468,495
468,592
468,562
468,597
468,500
468,547
468,532
468,529
468,525
468,559
468,512
468,577
468,483
468,587
468,555
468,522
468,475
468,546
468,499
468,517
468,470
468,471
468,542
469,482
469,522
469,563
469,538
469,489
469,506
469,578
469,574
469,565
469,561
469,530
469,507
469,487
469,496
469,593
469,493
469,590
469,587
469,577
469,473
469,570
469,549
469,542
469,540
469,526
469,517
469,539
469,492
469,488
469,585
469,491
469,553
469,556
469,576
469,529
469,474
469,515
469,518
469,558
469,546
469,499
469,519
469,472
469,597
469,498
469,594
470,548
470,511
470,523
470,524
470,488
470,563
470,489
470,535
470,476
470,473
470,584
470,518
470,493
470,514
470,583
470,520
470,574
470,480
470,496
470,593
470,555
470,588
470,529
470,528
470,516
470,556
470,509
470,598
470,501
470,498
470,580
470,483
470,572
470,575
470,478
470,549
470,547
470,533
470,538
470,587
470,540
470,472
470,471
471,582
471,511
471,2388
471,535
471,477
471,557
471,594
471,596
471,570
471,546
471,540
471,533
471,576
471,529
471,519
471,513
471,555
471,508
471,495
471,475
471,585
471,491
471,530
471,577
471,483
471,501
471,521
471,504
472,582
472,575
472,523
472,488
472,489
472,535
472,503
472,473
472,598
472,501
472,578
472,2388
472,545
472,530
472,486
472,566
472,562
472,556
472,548
472,540
472,536
472,508
472,549
472,495
472,564
472,533
472,483
472,568
472,571
472,527
472,516
472,553
472,561
472,512
472,497
472,500
472,479
472,504
472,491
472,539
473,522
473,523
473,563
473,527
473,541
473,535
473,476
473,578
473,561
473,560
473,551
473,500
473,518
473,598
473,501
473,493
473,590
473,581
473,570
473,556
473,553
473,549
473,539
473,531
473,521
473,517
473,516
473,513
473,510
473,593
473,495
473,483
473,479
473,571
473,474
473,546
473,534
473,526
473,520
473,497
474,582
474,591
474,482
474,502
474,522
474,544
474,538
474,535
474,503
474,477
474,531
474,518
474,543
474,481
474,565
474,530
474,487
474,486
474,480
474,596
474,593
474,588
474,586
474,585
474,476
474,573
474,567
474,556
474,510
474,542
474,495
474,571
474,546
474,539
474,497
474,568
474,516
474,517
474,498
474,534
474,580
474,483
474,555
474,508
474,511
474,505
475,522
475,544
475,563
475,490
475,541
475,503
475,531
475,496
475,543
475,501
475,481
475,583
475,520
475,507
475,500
475,588
475,567
475,566
475,559
475,556
475,550
475,517
475,505
475,504
475,595
475,498
475,497
475,495
475,540
475,492
475,484
475,483
475,529
475,528
475,560
475,526
475,479
475,537
475,511
475,570
476,582
476,548
476,511
476,502
476,523
476,544
476,563
476,490
476,2388
476,506
476,535
476,579
476,578
476,500
476,480
476,530
476,586
476,488
476,585
476,573
476,558
476,555
476,493
476,536
476,521
476,513
476,509
476,499
476,492
476,483
476,570
476,543
476,554
476,584
476,520
476,510
476,503
476,501
476,595
476,498
477,575
477,599
477,523
477,538
477,489
477,541
477,535
477,503
477,594
477,481
477,579
477,561
477,560
477,551
477,530
477,500
477,487
477,565
477,493
477,598
477,501
477,581
477,576
477,559
477,558
477,555
477,549
477,534
477,533
477,496
477,525
477,573
477,505
477,495
477,543
477,2388
477,517
478,582
478,541
478,535
478,531
478,565
478,545
478,520
478,593
478,585
478,577
478,570
478,568
478,562
478,555
478,521
478,513
478,576
478,479
478,510
478,509
478,590
478,492
478,546
478,599
478,558
478,519
478,597
478,495
479,582
479,523
479,541
479,518
479,496
479,514
479,579
479,565
479,560
479,500
479,487
479,596
479,592
479,589
479,490
479,587
479,571
479,568
479,558
479,550
479,549
479,546
479,537
479,536
479,534
479,533
479,529
479,526
479,562
479,515
479,513
479,509
479,553
479,531
479,566
479,519
479,569
479,494
479,483
479,552
479,505
479,491
479,516
479,497
479,493
479,590
480,482
480,522
480,490
480,541
480,506
480,531
480,557
480,561
480,560
480,593
480,493
480,590
480,534
480,528
480,525
480,499
480,586
480,492
480,585
480,484
480,555
480,508
480,497
480,513
480,577
480,518
480,485
480,556
480,517
480,520
480,495
481,591
481,523
481,527
481,541
481,518
481,493
481,543
481,580
481,578
481,560
481,487
481,592
481,489
481,586
481,585
481,576
481,566
481,564
481,549
481,542
481,539
481,533
481,528
481,525
481,519
481,515
481,513
481,512
481,492
481,582
481,485
481,581
481,484
481,557
481,556
481,554
481,534
482,575
482,578
482,560
482,507
482,514
482,518
482,544
482,592
482,527
482,573
482,562
482,558
482,522
482,555
482,549
482,590
482,493
482,506
482,532
482,528
482,515
482,593
482,492
482,580
482,541
482,485
482,571
482,566
482,564
482,534
482,488
482,511
482,509
482,508
482,505
482,597
482,595
482,498
483,591
483,502
483,544
483,488
483,538
483,527
483,518
483,496
483,493
483,543
483,541
483,561
483,487
483,484
483,581
483,577
483,571
483,553
483,542
483,596
483,499
483,491
483,490
483,587
483,485
483,526
483,521
483,560
483,589
483,492
483,520
483,570
483,512
483,519
483,508
483,556
483,554
484,575
484,584
484,548
484,514
484,560
484,586
484,566
484,559
484,556
484,596
484,549
484,588
484,521
484,515
484,510
484,498
484,508
484,504
484,490
484,587
484,529
484,528
484,553
484,569
484,594
484,497
485,591
485,511
485,523
485,544
485,527
485,535
485,493
485,557
485,574
485,545
485,530
485,520
485,507
485,592
485,587
485,573
485,568
485,556
485,548
485,540
485,534
485,526
485,569
485,522
485,552
485,505
485,559
485,512
485,549
485,550
485,506
485,510
485,560
485,595
485,498
485,501
485,566
485,519
485,594
485,497
485,597
485,500
485,529
485,553
485,589
485,492
486,544
486,531
486,578
486,574
486,551
486,520
486,592
486,558
486,542
486,562
486,515
486,492
486,566
486,536
486,588
487,591
487,511
487,544
487,488
487,2388
487,595
487,561
487,551
487,520
487,586
487,567
487,559
487,533
487,519
487,564
487,517
487,513
487,493
487,590
487,492
487,526
487,536
487,504
487,531
487,525
487,556
487,503
487,499
488,582
488,591
488,575
488,599
488,502
488,523
488,578
488,530
488,597
488,500
488,589
488,586
488,585
488,548
488,581
488,577
488,576
488,568
488,559
488,558
488,550
488,590
488,493
488,537
488,528
488,531
488,517
488,516
488,513
488,512
488,543
488,567
488,566
488,554
488,2388
488,584
488,499
489,583
489,597
489,595
489,574
489,518
489,538
489,530
489,585
489,573
489,559
489,558
489,555
489,549
489,547
489,546
489,536
489,534
489,529
489,528
489,519
489,509
489,593
489,550
489,554
489,527
489,504
490,548
490,522
490,503
490,595
490,514
490,588
490,587
490,586
490,577
490,570
490,568
490,566
490,559
490,558
490,555
490,553
490,547
490,537
490,531
490,505
490,496
490,593
490,499
490,495
490,581
490,576
490,533
490,526
490,517
490,502
490,597
491,527
491,506
491,544
491,584
491,531
491,493
491,557
491,543
491,579
491,561
491,576
491,572
491,571
491,546
491,540
491,534
491,553
491,556
491,588
491,591
491,494
491,558
491,551
491,596
491,515
491,586
491,539
491,589
491,492
492,599
492,598
492,595
492,544
492,560
492,507
492,500
492,592
492,590
492,589
492,586
492,581
492,571
492,562
492,553
492,546
492,536
492,526
492,521
492,566
492,519
492,512
492,510
492,533
492,525
492,567
492,556
492,577
492,550
492,561
493,591
493,544
493,563
493,527
493,554
493,496
493,578
493,561
493,560
493,545
493,530
493,590
493,589
493,577
493,570
493,569
493,559
493,556
493,546
493,536
493,525
493,513
493,512
493,498
493,495
493,579
493,574
493,567
493,555
493,533
493,532
493,523
493,522
493,499
494,582
494,563
494,527
494,557
494,501
494,579
494,565
494,589
494,577
494,570
494,566
494,559
494,556
494,552
494,550
494,539
494,536
494,534
494,517
494,516
494,553
494,497
494,510
494,560
494,537
494,533
494,546
494,562
494,518
494,499
495,582
495,591
495,511
495,522
495,544
495,506
495,557
495,543
495,580
495,501
495,579
495,561
495,560
495,596
495,496
495,593
495,588
495,586
495,581
495,566
495,562
495,547
495,536
495,529
495,517
495,516
495,512
495,555
495,508
495,549
495,521
495,569
495,565
495,509
495,542
495,538
495,572
496,575
496,598
496,563
496,538
496,541
496,535
496,531
496,579
496,578
496,565
496,570
496,564
496,537
496,532
496,529
496,528
496,593
496,580
496,566
496,556
496,555
496,522
496,512
496,502
496,498
497,522
497,541
497,583
497,520
497,592
497,576
497,563
497,586
497,539
497,528
497,532
497,582
497,556
497,505
497,555
497,554
497,507
497,557
497,508
497,503
497,546
498,502
498,544
498,527
498,506
498,557
498,514
498,598
498,501
498,594
498,583
498,565
498,507
498,592
498,588
498,587
498,576
498,556
498,504
498,574
498,568
498,521
498,528
498,578
498,523
498,564
498,519
498,562
498,515
498,547
499,582
499,548
499,575
499,527
499,2388
499,531
499,543
499,541
499,579
499,507
499,589
499,576
499,567
499,550
499,538
499,519
499,510
499,530
499,592
499,515
499,518
499,572
499,521
499,570
499,555
499,508
500,523
500,595
500,503
500,557
500,578
500,535
500,507
500,581
500,531
500,516
500,510
500,508
500,505
500,504
500,589
500,519
500,562
500,543
500,577
500,528
500,558
500,514
501,511
501,544
501,563
501,538
501,557
501,597
501,583
501,530
501,520
501,565
501,514
501,589
501,586
501,558
501,540
501,533
501,521
501,517
501,516
501,515
501,513
501,592
501,591
501,569
501,561
501,552
501,551
501,539
501,537
501,526
501,524
501,504
502,575
502,561
502,527
502,572
502,566
502,556
502,555
502,553
502,549
502,506
502,537
502,536
502,521
502,519
502,505
502,541
502,525
502,571
502,544
502,563
502,554
502,532
502,529
502,598
502,597
503,575
503,599
503,598
503,595
503,583
503,2388
503,545
503,507
503,574
503,570
503,568
503,562
503,559
503,558
503,556
503,552
503,550
503,542
503,534
503,533
503,532
503,528
503,596
503,512
503,593
503,572
503,584
503,539
503,520
503,594
504,524
504,541
504,548
504,580
504,583
504,587
504,586
504,566
504,555
504,539
504,525
504,515
504,595
504,519
504,569
504,561
504,556
504,545
504,550
504,549
504,508
504,572
504,546
505,522
505,598
505,523
505,544
505,535
505,531
505,557
505,578
505,530
505,507
505,596
505,592
505,587
505,586
505,581
505,577
505,566
505,554
505,539
505,517
505,562
505,515
505,550
505,582
505,521
505,567
505,547
505,597
506,524
506,544
506,2388
506,535
506,574
506,560
506,520
506,563
506,580
506,589
506,587
506,567
506,559
506,558
506,553
506,549
506,536
506,596
506,593
506,588
506,556
506,540
506,527
506,599
507,548
507,544
507,554
507,557
507,514
507,580
507,583
507,560
507,520
507,564
507,562
507,555
507,533
507,525
507,517
507,508
507,597
507,532
507,582
507,572
507,570
507,550
507,596
507,540
507,539
507,589
507,512
508,582
508,544
508,535
508,584
508,583
508,561
508,530
508,590
508,588
508,586
508,567
508,562
508,558
508,550
508,539
508,533
508,525
508,517
508,581
508,580
508,557
508,596
508,545
508,540
508,526
508,546
508,543
509,582
509,548
509,591
509,584
509,563
509,574
509,551
509,596
509,593
509,590
509,588
509,581
509,577
509,566
509,559
509,585
509,542
509,529
509,564
509,517
509,558
509,550
509,569
509,521
509,586
509,536
509,556
509,597
510,527
510,535
510,543
510,574
510,560
510,530
510,520
510,593
510,571
510,569
510,552
510,526
510,519
510,546
510,596
510,582
510,572
510,515
510,539
510,589
510,528
510,537
510,557
510,529
511,599
511,561
511,560
511,545
511,527
511,585
511,570
511,559
511,522
511,555
511,536
511,534
511,533
511,529
511,516
511,512
511,573
511,593
511,557
511,543
511,568
511,562
511,584
512,591
512,598
512,563
512,527
512,541
512,557
512,597
512,545
512,530
512,586
512,585
512,576
512,573
512,572
512,568
512,556
512,549
512,537
512,533
512,516
512,550
512,566
512,553
512,555
512,560
512,581
512,542
512,589
512,594
513,591
513,563
513,541
513,597
513,545
513,590
513,558
513,552
513,526
513,576
513,572
513,539
513,529
513,532
513,565
513,547
513,561
513,593
514,548
514,575
514,524
514,2388
514,594
514,561
514,590
514,587
514,577
514,573
514,558
514,542
514,519
514,581
514,562
514,557
514,549
514,526
515,599
515,524
515,544
515,527
515,535
515,584
515,557
515,597
515,594
515,551
515,545
515,530
515,520
515,556
515,539
515,521
515,517
515,596
515,592
515,547
515,537
515,553
515,589
516,582
516,523
516,544
516,531
516,563
516,594
516,579
516,565
516,520
516,590
516,586
516,577
516,534
516,559
516,526
516,549
516,543
516,537
516,550
516,530
516,527
516,568
516,595
517,582
517,575
517,522
517,523
517,524
517,2388
517,541
517,530
517,587
517,576
517,569
517,567
517,532
517,525
517,519
517,555
517,542
517,592
517,590
517,534
517,579
517,578
517,561
517,562
517,559
517,526
518,582
518,538
518,527
518,554
518,579
518,560
518,597
518,590
518,577
518,573
518,569
518,568
518,540
518,539
518,537
518,557
518,580
518,576
518,556
518,555
518,595
519,548
519,591
519,563
519,2388
519,554
519,557
519,579
519,551
519,581
519,572
519,569
519,567
519,562
519,553
519,549
519,533
519,529
519,521
519,537
519,584
519,582
519,556
519,575
519,576
520,591
520,522
520,563
520,531
520,597
520,578
520,2388
520,545
520,593
520,589
520,581
520,555
520,552
520,542
520,558
520,582
520,553
520,547
520,575
520,569
521,523
521,524
521,544
521,531
521,543
521,583
521,565
521,581
521,569
521,568
521,558
521,547
521,589
521,580
521,586
521,529
521,527
521,566
521,522
521,546
521,596
522,551
522,545
522,530
522,586
522,585
522,581
522,577
522,573
522,556
522,555
522,549
522,536
522,534
522,580
522,582
522,543
522,572
522,584
522,587
522,599
523,548
523,599
523,535
523,583
523,592
523,527
523,588
523,587
523,586
523,568
523,562
523,559
523,558
523,556
523,550
523,533
523,529
523,596
523,593
523,557
523,584
524,582
524,599
524,535
524,2388
524,545
524,592
524,590
524,589
524,585
524,568
524,566
524,538
524,552
524,549
524,539
524,532
524,596
524,531
524,563
524,554
525,598
525,544
525,531
525,580
525,563
525,593
525,590
525,577
525,552
525,584
525,527
525,543
525,576
525,539
525,589
525,555
525,545
526,548
526,591
526,544
526,541
526,579
526,596
526,588
526,587
526,586
526,569
526,567
526,564
526,559
526,553
526,550
526,534
526,533
526,582
526,561
526,557
526,543
527,599
527,2388
527,579
527,530
527,589
527,586
527,581
527,573
527,571
527,568
527,566
527,558
527,546
527,542
527,540
527,537
527,536
527,531
527,596
527,588
527,570
527,569
527,564
527,551
527,529
528,548
528,598
528,2388
528,584
528,531
528,557
528,580
528,551
528,593
528,590
528,568
528,559
528,555
528,550
528,534
528,547
528,595
528,577
528,546
528,549
528,536
528,586
528,594
528,535
528,564
529,544
529,538
529,599
529,597
529,594
529,583
529,545
529,596
529,577
529,573
529,570
529,569
529,556
529,537
529,586
529,581
529,576
529,549
529,565
529,532
529,535
529,560
530,575
530,538
530,595
530,584
530,594
530,583
530,579
530,578
530,551
530,545
530,585
530,556
530,555
530,540
530,536
530,586
530,564
530,562
530,558
531,582
531,535
531,554
531,594
531,574
531,551
531,2388
531,545
531,597
531,580
531,589
531,586
531,585
531,570
531,569
531,556
531,555
531,550
531,539
531,536
531,534
531,573
531,593
531,557
531,588
531,571
531,537
532,599
532,598
532,557
532,561
532,596
532,592
532,590
532,587
532,542
532,586
532,539
532,574
532,537
532,583
532,581
532,553
532,543
533,582
533,595
533,554
533,543
533,579
533,565
533,551
533,545
533,592
533,564
533,555
533,537
533,585
533,536
533,534
533,599
533,546
534,575
534,2388
534,554
534,580
534,597
534,561
534,560
534,596
534,589
534,581
534,569
534,547
534,539
534,553
534,590
534,587
534,552
534,535
534,588
534,571
535,541
535,595
535,594
535,565
535,590
535,589
535,588
535,548
535,577
535,576
535,572
535,558
535,550
535,547
535,546
535,573
535,582
535,575
535,570
535,569
535,568
535,543
535,599
536,548
536,538
536,554
536,565
536,561
536,545
536,590
536,588
536,581
536,572
536,570
536,569
536,562
536,550
536,578
536,576
536,556
536,553
536,584
537,563
537,554
537,560
537,592
537,581
537,553
537,547
537,562
537,590
537,2388
538,582
538,594
538,583
538,578
538,551
538,597
538,587
538,573
538,558
538,556
538,546
538,593
538,592
538,585
538,545
539,582
539,575
539,544
539,584
539,543
539,563
539,589
539,587
539,572
539,564
539,556
539,553
539,550
539,549
539,579
539,571
539,569
539,588
539,559
539,594
539,547
539,598
539,546
539,591
540,541
540,584
540,594
540,578
540,545
540,593
540,589
540,577
540,576
540,562
540,559
540,547
540,542
540,588
540,586
540,564
540,549
540,599
540,553
541,597
541,574
541,563
541,587
541,573
541,571
541,569
541,568
541,566
541,559
541,549
541,546
541,542
541,593
541,557
541,575
541,584
541,595
542,591
542,584
542,543
542,597
542,596
542,572
542,553
542,578
542,589
542,577
542,562
542,561
542,574
543,591
543,595
543,594
543,578
543,574
543,565
543,545
543,597
543,587
543,577
543,576
543,546
543,588
543,585
543,580
543,579
543,570
543,564
543,560
543,555
543,598
544,561
544,560
544,545
544,565
544,585
544,570
544,559
544,558
544,549
544,573
544,593
544,580
544,571
544,563
544,547
544,597
545,598
545,584
545,551
545,593
545,589
545,587
545,577
545,566
545,559
545,553
545,550
545,547
545,569
545,558
545,560
546,563
546,584
546,574
546,593
546,572
546,567
546,564
546,559
546,547
546,594
546,556
546,575
547,582
547,591
547,575
547,584
547,578
547,590
547,587
547,576
547,571
547,566
547,559
547,553
547,552
547,558
547,561
547,555
547,592
547,567
548,2388
548,583
548,592
548,590
548,568
548,562
548,558
548,557
548,569
548,553
548,599
549,591
549,563
549,557
549,597
549,596
549,590
549,589
549,588
549,568
549,567
549,570
549,559
549,551
549,593
549,576
549,592
549,566
549,564
550,575
550,595
550,584
550,557
550,570
550,569
550,568
550,567
550,556
550,554
550,589
550,596
550,594
551,591
551,575
551,594
551,589
551,564
551,555
551,588
551,577
551,562
551,557
551,584
551,560
551,553
552,575
552,599
552,584
552,580
552,598
552,583
552,569
552,560
552,558
552,587
553,575
553,599
553,595
553,594
553,560
553,573
553,572
553,559
553,555
553,579
553,587
553,576
553,580
553,2388
553,569
553,593
554,561
554,560
554,581
554,571
554,569
554,562
554,596
554,580
554,557
554,599
555,584
555,579
555,593
555,588
555,576
555,573
555,571
555,592
555,2388
556,575
556,599
556,579
556,578
556,565
556,561
556,593
556,587
556,559
556,591
556,571
556,569
556,580
557,563
557,598
557,573
557,596
557,588
557,576
557,567
557,592
558,591
558,599
558,579
558,561
558,596
558,593
558,589
558,587
558,586
558,573
558,569
558,568
558,585
558,576
558,566
558,560
559,563
559,580
559,594
559,583
559,573
559,570
559,569
559,566
559,564
559,584
559,585
559,581
559,562
559,579
560,597
560,561
560,569
560,564
560,580
560,562
560,577
560,581
561,582
561,595
561,587
561,576
561,568
561,574
561,2388
561,597
561,566
561,590
561,594
562,582
562,584
562,579
562,593
562,572
562,571
562,595
562,589
562,576
562,565
562,564
562,596
562,586
562,590
562,594
563,599
563,579
563,565
563,589
563,586
563,568
563,590
563,573
563,584
564,2388
564,580
564,583
564,593
564,592
564,590
564,587
564,586
564,585
564,581
564,576
564,571
564,569
565,584
565,598
565,579
565,578
565,574
565,581
565,569
565,566
565,597
565,580
566,595
566,584
566,599
566,580
566,587
566,577
566,567
566,576
566,578
566,594
566,597
567,582
567,598
567,587
567,577
567,576
567,578
567,596
567,590
567,581
567,569
568,580
568,578
568,581
568,585
568,579
568,582
568,587
568,594
569,584
569,580
569,589
569,588
569,586
569,571
569,582
570,580
570,571
570,597
570,576
570,588
570,591
570,575
570,592
571,599
571,598
571,592
571,587
571,586
571,585
571,577
572,573
572,586
573,2388
573,593
573,586
573,592
573,587
573,577
573,585
573,588
574,575
574,584
574,597
574,594
574,579
574,583
574,589
574,581
575,589
575,596
575,584
575,579
575,585
576,591
576,597
576,583
576,579
576,578
576,589
576,581
576,577
576,590
576,586
576,2388
577,582
577,587
577,579
577,596
578,591
578,580
578,592
578,581
578,595
578,2388
579,584
579,583
579,581
579,597
579,599
579,594
580,598
580,595
580,584
580,2388
581,582
581,595
581,587
581,586
581,585
581,596
582,599
582,597
582,590
582,589
582,587
582,592
582,591
582,584
582,594
583,584
583,596
583,592
583,589
583,588
583,595
584,594
584,586
584,588
585,589
585,587
586,591
586,587
586,594
586,589
587,591
587,599
587,598
587,597
587,589
587,588
587,2388
587,595
588,2388
588,589
588,595
589,599
589,598
589,591
590,599
590,598
591,597
592,598
592,597
592,599
594,597
594,598
596,2388
598,2388
598,599
600,626
600,606
600,616
600,794
600,637
600,685
600,758
600,672
600,769
600,759
600,693
600,754
600,726
600,779
600,755
600,710
600,691
600,676
600,670
600,666
600,763
600,644
600,736
600,631
600,702
600,799
600,787
600,777
600,730
600,675
600,722
600,601
600,698
600,795
600,654
600,798
600,701
600,624
600,721
600,663
600,753
600,727
600,771
600,747
600,650
600,791
600,797
600,700
600,603
600,602
600,621
601,709
601,746
601,692
601,743
601,744
601,637
601,641
601,738
601,685
601,758
601,693
601,754
601,679
601,636
601,726
601,792
601,788
601,786
601,778
601,764
601,760
601,725
601,714
601,686
601,664
601,752
601,653
601,741
601,644
601,642
601,699
601,602
601,796
601,780
601,680
601,777
601,674
601,771
601,763
601,659
601,756
601,607
601,651
601,748
601,727
601,723
601,722
601,604
601,698
601,684
601,678
601,609
601,676
601,773
601,632
601,621
601,619
601,618
601,732
601,713
601,740
601,643
601,620
601,717
601,751
601,799
601,658
602,757
602,695
602,652
602,709
602,672
602,615
602,744
602,637
602,613
602,759
602,737
602,622
602,677
602,774
602,765
602,760
602,691
602,690
602,761
602,664
602,650
602,644
602,708
602,611
602,762
602,780
602,636
602,733
602,732
602,627
602,721
602,657
602,707
602,795
602,698
602,689
602,684
602,678
602,775
602,634
602,681
602,632
602,659
602,784
602,643
602,798
602,676
602,773
602,625
602,790
602,618
602,617
602,614
602,716
602,619
602,654
602,699
602,796
602,608
602,720
602,763
603,623
603,704
603,677
603,692
603,672
603,718
603,782
603,685
603,647
603,729
603,649
603,778
603,667
603,764
603,716
603,666
603,713
603,710
603,702
603,788
603,691
603,676
603,661
603,645
603,705
603,611
603,699
603,793
603,754
603,610
603,707
603,761
603,612
603,659
603,771
603,741
603,794
603,624
603,643
603,767
603,617
603,656
603,703
603,728
603,634
604,757
604,706
604,785
604,677
604,672
604,696
604,633
604,738
604,685
604,759
604,742
604,693
604,741
604,636
604,668
604,765
604,761
604,760
604,716
604,669
604,605
604,772
604,756
604,748
604,684
604,781
604,734
604,732
604,606
604,703
604,791
604,697
604,787
604,739
604,789
604,783
604,689
604,779
604,670
604,767
604,625
604,775
604,634
604,729
604,632
604,624
604,763
604,784
604,740
604,643
604,616
604,713
604,683
604,614
604,623
604,720
604,612
604,621
604,751
604,610
604,796
604,608
605,704
605,677
605,615
605,708
605,641
605,794
605,718
605,655
605,728
605,693
605,729
605,682
605,788
605,760
605,725
605,716
605,761
605,617
605,714
605,702
605,787
605,690
605,680
605,668
605,765
605,768
605,671
605,715
605,662
605,665
605,656
605,686
605,793
605,771
605,629
605,767
605,646
605,657
605,707
605,684
605,766
605,773
605,778
605,681
605,745
605,651
606,626
606,726
606,778
606,766
606,755
606,752
606,736
606,725
606,702
606,691
606,676
606,666
606,734
606,645
606,642
606,794
606,787
606,679
606,776
606,770
606,685
606,797
606,718
606,732
606,724
606,712
606,694
606,758
606,781
606,684
606,648
606,634
607,757
607,652
607,630
607,708
607,637
607,734
607,693
607,677
607,774
607,687
607,766
607,761
607,719
607,713
607,700
607,768
607,671
607,670
607,650
607,646
607,793
607,686
607,783
607,770
607,666
607,763
607,780
607,733
607,724
607,627
607,721
607,698
607,782
607,684
607,740
607,643
607,750
607,703
607,609
607,773
607,632
607,789
607,712
607,715
607,618
607,722
607,628
607,663
607,714
607,617
607,754
607,657
607,634
607,681
607,776
607,612
607,661
607,711
607,614
607,705
607,608
608,785
608,744
608,673
608,666
608,622
608,719
608,718
608,671
608,669
608,773
608,676
608,629
608,799
608,699
608,793
608,738
608,644
608,784
608,660
608,707
608,627
608,721
608,795
608,698
608,789
608,692
608,739
608,646
608,703
608,704
608,657
608,681
608,634
608,632
608,661
608,711
608,614
608,685
608,732
608,617
608,615
608,662
608,759
608,618
608,748
609,623
609,709
609,785
609,688
609,615
609,674
609,718
609,685
609,613
609,655
609,649
609,687
609,726
609,747
609,713
609,630
609,727
609,758
609,661
609,799
609,702
609,745
609,651
609,645
609,798
609,787
609,763
609,779
609,776
609,753
609,767
609,768
609,624
609,721
609,617
609,703
609,790
609,791
609,697
609,795
609,654
609,692
609,789
609,719
609,635
609,732
609,778
609,731
609,662
610,704
610,630
610,688
610,672
610,743
610,616
610,637
610,738
610,673
610,742
610,728
610,699
610,726
610,768
610,761
610,755
610,725
610,705
610,669
610,753
610,656
610,638
610,799
610,789
610,780
610,775
610,771
610,752
610,749
610,722
610,707
610,632
610,682
610,779
610,797
610,697
610,627
610,721
610,798
610,709
610,612
610,719
610,712
610,642
610,689
610,643
610,773
610,667
610,718
610,621
610,787
610,647
610,711
610,614
610,651
611,639
611,652
611,709
611,677
611,708
611,641
611,758
611,673
611,672
611,769
611,728
611,693
611,649
611,726
611,786
611,768
611,764
611,761
611,755
611,747
611,720
611,799
611,702
611,691
611,670
611,765
611,646
611,705
611,789
611,678
611,775
611,771
611,797
611,750
611,732
611,657
611,707
611,698
611,680
611,777
611,683
611,627
611,729
611,632
611,669
611,784
611,643
611,618
611,713
611,716
611,619
611,625
611,727
612,706
612,630
612,692
612,615
612,696
612,660
612,769
612,754
612,729
612,741
612,726
612,786
612,764
612,761
612,645
612,700
612,671
612,669
612,665
612,749
612,750
612,796
612,724
612,770
612,626
612,723
612,661
612,711
612,614
612,798
612,651
612,698
612,735
612,663
612,781
612,640
612,775
612,634
612,675
612,625
612,722
612,619
612,650
612,720
613,695
613,652
613,704
613,785
613,746
613,672
613,641
613,633
613,685
613,758
613,768
613,761
613,755
613,747
613,740
613,693
613,717
613,705
613,702
613,700
613,675
613,734
613,728
613,631
613,793
613,776
613,775
613,770
613,756
613,750
613,748
613,635
613,626
613,723
613,721
613,660
613,707
613,779
613,682
613,681
613,667
613,662
613,751
613,654
613,729
613,632
613,725
613,628
613,621
613,619
613,617
613,614
613,699
614,639
614,692
614,708
614,696
614,637
614,635
614,769
614,759
614,742
614,728
614,754
614,682
614,649
614,741
614,788
614,768
614,655
614,752
614,747
614,622
614,719
614,717
614,702
614,797
614,700
614,762
614,665
614,664
614,743
614,646
614,780
614,669
614,666
614,763
614,738
614,724
614,723
614,721
614,707
614,684
614,764
614,667
614,784
614,643
614,616
614,713
614,760
614,663
614,640
614,659
614,633
614,730
614,782
614,720
614,778
614,681
614,796
614,652
614,749
614,670
614,767
614,698
614,694
614,745
614,648
614,790
615,760
615,745
615,714
615,687
615,680
615,668
615,650
615,645
615,638
615,631
615,655
615,790
615,787
615,783
615,679
615,776
615,775
615,711
615,772
615,767
615,763
615,756
615,751
615,749
615,732
615,731
615,724
615,723
615,757
615,660
615,696
615,707
615,701
615,698
615,791
615,694
615,758
615,683
615,764
615,667
615,755
615,658
615,782
615,674
615,722
615,625
615,624
615,618
615,641
615,706
615,705
615,636
616,757
616,706
616,639
616,695
616,709
616,620
616,743
616,710
616,687
616,690
616,668
616,669
616,666
616,661
616,734
616,653
616,645
616,629
616,795
616,696
616,793
616,777
616,776
616,772
616,771
616,665
616,762
616,753
616,731
616,722
616,786
616,689
616,780
616,683
616,764
616,667
616,659
616,654
616,741
616,745
616,648
616,647
616,738
616,622
616,718
616,621
616,618
616,617
616,636
616,798
616,701
617,626
617,652
617,620
617,743
617,744
617,685
617,758
617,693
617,785
617,688
617,622
617,774
617,687
617,778
617,764
617,747
617,767
617,670
617,763
617,639
617,736
617,642
617,676
617,629
617,623
617,720
617,669
617,751
617,691
617,733
617,771
617,724
617,706
617,703
617,735
617,710
617,663
617,781
617,640
617,701
617,632
617,712
617,702
617,793
617,789
617,648
617,722
617,625
617,769
618,639
618,695
618,630
618,696
618,637
618,633
618,718
618,666
618,728
618,688
618,711
618,679
618,682
618,741
618,768
618,765
618,752
618,747
618,725
618,720
618,717
618,716
618,715
618,710
618,700
618,676
618,664
618,661
618,642
618,762
618,647
618,754
618,657
618,707
618,743
618,646
618,735
618,635
618,732
618,681
618,724
618,627
618,667
618,663
618,699
618,740
618,643
618,659
618,772
618,678
618,632
618,684
618,798
618,701
618,749
619,757
619,623
619,674
619,794
619,637
619,718
619,729
619,741
619,788
619,766
619,760
619,747
619,719
619,716
619,714
619,700
619,675
619,671
619,665
619,656
619,646
619,638
619,631
619,627
619,694
619,791
619,687
619,784
619,676
619,773
619,749
619,739
619,634
619,731
619,625
619,722
619,712
619,786
619,689
619,699
619,667
619,776
619,659
619,698
619,795
619,748
619,798
619,701
619,654
619,737
619,640
619,662
619,754
619,657
619,789
620,626
620,652
620,695
620,792
620,747
620,725
620,699
620,668
620,665
620,645
620,790
620,784
620,780
620,776
620,670
620,767
620,763
620,753
620,793
620,731
620,722
620,757
620,660
620,697
620,730
620,633
620,694
620,781
620,684
620,769
620,764
620,667
620,663
620,662
620,644
620,741
620,647
620,643
620,782
620,632
620,714
620,743
621,626
621,639
621,692
621,708
621,744
621,633
621,635
621,673
621,734
621,666
621,672
621,769
621,737
621,711
621,729
621,682
621,636
621,792
621,725
621,719
621,716
621,715
621,797
621,700
621,788
621,691
621,690
621,671
621,670
621,741
621,644
621,796
621,795
621,739
621,642
621,686
621,783
621,684
621,781
621,765
621,762
621,627
621,721
621,650
621,694
621,791
621,697
621,735
621,731
621,777
621,683
621,663
621,662
621,657
621,658
621,745
621,648
621,774
621,771
621,740
621,643
622,695
622,709
622,630
622,688
622,728
622,792
622,760
622,713
622,680
622,668
622,670
622,652
622,699
622,650
622,645
622,780
622,776
622,770
622,753
622,750
622,779
622,732
622,752
622,799
622,694
622,684
622,667
622,660
622,754
622,654
622,643
622,672
622,766
622,719
622,625
622,765
622,671
622,624
622,664
622,708
622,743
623,726
623,792
623,779
623,766
623,725
623,720
623,715
623,691
623,666
623,661
623,734
623,709
623,627
623,789
623,781
623,776
623,775
623,711
623,773
623,685
623,749
623,748
623,635
623,793
623,642
623,739
623,718
623,735
623,799
623,626
623,723
623,712
623,703
623,697
623,795
623,730
623,633
623,694
623,688
623,683
623,681
623,667
623,760
623,663
623,756
623,659
623,658
623,751
623,654
623,741
623,634
623,674
623,625
623,746
623,641
623,646
623,743
623,701
624,652
624,709
624,785
624,672
624,708
624,744
624,637
624,738
624,718
624,660
624,635
624,679
624,726
624,682
624,779
624,778
624,766
624,765
624,747
624,725
624,714
624,772
624,675
624,646
624,645
624,693
624,790
624,780
624,661
624,656
624,753
624,751
624,723
624,703
624,701
624,795
624,698
624,684
624,794
624,697
624,644
624,662
624,748
624,625
624,767
625,626
625,785
625,672
625,743
625,641
625,637
625,633
625,635
625,782
625,693
625,754
625,668
625,636
625,786
625,682
625,779
625,764
625,760
625,725
625,719
625,714
625,783
625,686
625,774
625,676
625,656
625,655
625,752
625,653
625,798
625,650
625,791
625,789
625,777
625,729
625,632
625,735
625,712
625,627
625,654
625,631
625,772
625,775
625,678
625,716
625,634
625,651
625,739
626,706
626,726
626,761
626,740
626,728
626,725
626,716
626,713
626,702
626,669
626,661
626,645
626,644
626,720
626,627
626,794
626,686
626,783
626,777
626,775
626,773
626,675
626,772
626,770
626,767
626,750
626,749
626,635
626,731
626,712
626,789
626,692
626,703
626,798
626,701
626,791
626,694
626,689
626,684
626,780
626,683
626,778
626,681
626,659
626,746
626,636
627,639
627,709
627,630
627,637
627,758
627,655
627,673
627,666
627,754
627,774
627,668
627,768
627,761
627,720
627,717
627,714
627,702
627,784
627,670
627,669
627,750
627,653
627,651
627,650
627,631
627,788
627,691
627,741
627,644
627,723
627,721
627,638
627,732
627,751
627,704
627,778
627,681
627,789
627,792
627,647
627,694
627,722
627,708
627,667
627,718
627,665
627,795
628,688
628,708
628,674
628,794
628,685
628,655
628,734
628,693
628,754
628,774
628,649
628,741
628,636
628,779
628,778
628,720
628,716
628,714
628,705
628,787
628,690
628,670
628,661
628,631
628,702
628,796
628,793
628,788
628,691
628,750
628,650
628,791
628,724
628,727
628,689
628,795
628,654
628,683
628,730
628,634
628,731
628,684
628,759
628,662
628,722
629,706
629,704
629,630
629,744
629,641
629,738
629,718
629,782
629,734
629,672
629,769
629,728
629,754
629,682
629,768
629,765
629,663
629,760
629,720
629,700
629,670
629,792
629,651
629,739
629,642
629,686
629,789
629,750
629,763
629,741
629,788
629,694
629,770
629,678
629,632
629,735
629,761
629,742
629,766
629,793
629,784
630,695
630,785
630,637
630,778
630,768
630,747
630,737
630,639
630,736
630,717
630,691
630,668
630,670
630,766
630,669
630,666
630,759
630,651
630,742
630,645
630,644
630,655
630,791
630,690
630,787
630,687
630,784
630,783
630,780
630,777
630,711
630,762
630,753
630,750
630,732
630,731
630,724
630,793
630,696
630,703
630,698
630,781
630,684
630,678
630,764
630,667
630,663
630,657
630,647
630,643
630,632
630,674
630,641
630,646
630,743
630,636
631,709
631,785
631,688
631,641
631,637
631,679
631,792
631,766
631,761
631,760
631,755
631,745
631,720
631,715
631,788
631,691
631,686
631,768
631,671
631,646
631,642
631,656
631,700
631,685
631,782
631,683
631,780
631,673
631,770
631,763
631,712
631,684
631,771
631,724
631,678
631,764
631,667
631,659
631,730
631,640
631,798
631,754
631,657
631,681
631,732
631,716
631,713
631,791
631,794
631,697
631,675
631,725
632,757
632,706
632,639
632,709
632,641
632,744
632,633
632,718
632,666
632,769
632,693
632,797
632,711
632,679
632,766
632,713
632,686
632,747
632,650
632,702
632,799
632,791
632,787
632,781
632,780
632,753
632,653
632,750
632,642
632,739
632,727
632,708
632,697
632,779
632,772
632,678
632,767
632,654
632,751
632,657
632,634
632,704
632,652
632,749
632,705
632,712
632,795
632,698
632,715
632,771
632,724
632,648
632,793
632,699
633,757
633,695
633,704
633,641
633,674
633,778
633,768
633,766
633,765
633,747
633,728
633,725
633,713
633,700
633,788
633,691
633,680
633,656
633,742
633,645
633,736
633,734
633,693
633,790
633,787
633,784
633,673
633,781
633,775
633,796
633,666
633,763
633,652
633,749
633,646
633,735
633,730
633,727
633,724
633,721
633,707
633,785
633,688
633,682
633,758
633,649
633,662
633,659
633,745
633,648
633,737
633,640
633,729
633,722
633,774
633,733
633,636
633,798
633,701
634,706
634,695
634,652
634,785
634,743
634,708
634,674
634,685
634,666
634,693
634,711
634,668
634,687
634,747
634,761
634,714
634,686
634,783
634,777
634,770
634,659
634,756
634,739
634,733
634,703
634,684
634,753
634,772
634,775
634,678
634,773
634,768
634,727
634,798
634,681
634,658
634,745
634,651
634,699
634,719
634,795
635,785
635,672
635,743
635,708
635,696
635,744
635,758
635,655
635,788
635,745
635,728
635,720
635,719
635,687
635,686
635,668
635,675
635,671
635,665
635,747
635,650
635,789
635,773
635,770
635,699
635,796
635,666
635,763
635,797
635,656
635,753
635,749
635,651
635,748
635,731
635,723
635,729
635,707
635,791
635,694
635,684
635,678
635,754
635,657
635,654
635,741
635,640
635,782
635,722
635,721
635,715
635,711
635,706
636,706
636,704
636,785
636,794
636,738
636,758
636,660
636,655
636,782
636,769
636,797
636,729
636,746
636,649
636,792
636,779
636,768
636,766
636,764
636,761
636,719
636,715
636,714
636,691
636,686
636,680
636,675
636,670
636,665
636,650
636,646
636,710
636,693
636,790
636,789
636,687
636,784
636,773
636,763
636,753
636,653
636,750
636,652
636,749
636,748
636,799
636,723
636,791
636,694
636,781
636,684
636,663
636,658
636,648
636,740
636,643
636,722
636,796
637,652
637,672
637,679
637,778
637,768
637,765
637,764
637,747
637,745
637,736
637,719
637,713
637,766
637,669
637,665
637,761
637,664
637,645
637,642
637,728
637,794
637,793
637,791
637,690
637,787
637,686
637,783
637,673
637,781
637,775
637,772
637,771
637,685
637,653
637,750
637,638
637,735
637,733
637,732
637,727
637,702
637,799
637,724
637,689
637,682
637,746
637,649
637,760
637,663
637,759
637,662
637,741
637,721
637,707
637,699
637,698
638,706
638,785
638,677
638,660
638,655
638,673
638,759
638,742
638,754
638,729
638,741
638,788
638,702
638,675
638,670
638,715
638,651
638,739
638,642
638,696
638,793
638,787
638,784
638,776
638,725
638,775
638,678
638,707
638,681
638,705
638,755
638,658
638,756
638,710
638,663
638,737
638,640
638,789
638,745
638,648
638,792
638,721
638,713
638,700
639,704
639,794
639,679
639,792
639,760
639,742
639,693
639,705
639,702
639,788
639,691
639,699
639,676
639,671
639,766
639,669
639,666
639,661
639,656
639,651
639,646
639,644
639,642
639,708
639,789
639,680
639,777
639,767
639,665
639,762
639,797
639,750
639,791
639,732
639,672
639,707
639,795
639,682
639,681
639,764
639,667
639,662
639,652
639,756
639,659
639,658
639,654
639,745
639,648
639,713
639,640
639,714
640,746
640,677
640,692
640,672
640,685
640,782
640,759
640,679
640,668
640,695
640,792
640,682
640,779
640,760
640,747
640,719
640,716
640,710
640,691
640,686
640,753
640,656
640,796
640,787
640,784
640,762
640,731
640,701
640,717
640,667
640,680
640,727
640,770
640,723
640,728
640,712
640,756
640,709
640,713
640,711
640,761
640,664
641,706
641,785
641,746
641,737
641,740
641,699
641,759
641,708
641,783
641,772
641,770
641,763
641,762
641,656
641,753
641,750
641,749
641,748
641,735
641,794
641,697
641,694
641,758
641,684
641,678
641,764
641,667
641,663
641,782
641,738
641,729
641,712
642,652
642,709
642,743
642,794
642,673
642,769
642,649
642,755
642,716
642,650
642,799
642,644
642,784
642,683
642,780
642,776
642,680
642,727
642,732
642,778
642,681
642,790
642,694
642,695
642,792
642,648
642,654
642,653
642,676
642,665
642,663
642,798
643,706
643,652
643,746
643,688
643,696
643,744
643,679
643,682
643,761
643,655
643,752
643,691
643,671
643,646
643,796
643,777
643,773
643,670
643,767
643,656
643,653
643,750
643,739
643,732
643,723
643,722
643,707
643,797
643,697
643,772
643,678
643,663
643,759
643,662
643,681
643,762
643,798
643,735
643,712
643,704
643,731
643,711
644,652
644,704
644,785
644,677
644,692
644,696
644,655
644,672
644,769
644,728
644,693
644,711
644,679
644,682
644,687
644,786
644,778
644,668
644,765
644,664
644,761
644,710
644,686
644,675
644,670
644,716
644,669
644,758
644,661
644,747
644,653
644,795
644,791
644,787
644,773
644,691
644,732
644,724
644,718
644,707
644,734
644,699
644,720
644,727
644,751
644,659
645,704
645,785
645,688
645,674
645,660
645,782
645,737
645,754
645,679
645,668
645,729
645,786
645,766
645,761
645,736
645,713
645,691
645,773
645,676
645,665
645,661
645,702
645,646
645,690
645,687
645,784
645,767
645,763
645,735
645,721
645,753
645,709
645,759
645,662
645,654
645,748
645,727
645,750
645,678
645,775
645,681
645,705
645,658
645,772
645,692
645,789
645,792
645,650
645,791
646,709
646,785
646,794
646,685
646,673
646,759
646,737
646,693
646,768
646,761
646,747
646,740
646,720
646,719
646,710
646,691
646,686
646,680
646,777
646,775
646,762
646,755
646,658
646,648
646,753
646,661
646,716
646,657
646,713
646,702
646,793
647,695
647,743
647,673
647,711
647,729
647,649
647,741
647,788
647,786
647,725
647,714
647,702
647,690
647,772
647,675
647,661
647,752
647,790
647,692
647,789
647,664
647,656
647,750
647,739
647,733
647,773
647,724
647,721
647,748
647,651
647,795
647,698
647,791
647,694
647,667
647,663
647,734
647,776
647,767
647,723
647,654
647,715
647,777
647,672
647,769
648,708
648,660
648,673
648,734
648,769
648,728
648,786
648,768
648,752
648,745
648,716
648,715
648,702
648,670
648,650
648,793
648,693
648,790
648,687
648,784
648,680
648,777
648,749
648,727
648,722
648,712
648,751
648,703
648,743
648,707
648,731
648,684
648,732
648,748
648,701
648,678
648,686
648,783
648,717
648,698
648,661
649,785
649,746
649,743
649,734
649,737
649,764
649,655
649,752
649,740
649,705
649,686
649,765
649,758
649,661
649,796
649,791
649,679
649,776
649,675
649,772
649,771
649,770
649,753
649,751
649,652
649,749
649,798
649,727
649,723
649,712
649,698
649,697
649,685
649,782
649,683
649,778
649,681
649,657
649,741
649,711
650,677
650,708
650,685
650,782
650,737
650,679
650,668
650,682
650,726
650,792
650,786
650,755
650,720
650,715
650,705
650,788
650,691
650,690
650,686
650,768
650,671
650,670
650,656
650,653
650,651
650,799
650,793
650,791
650,684
650,781
650,777
650,659
650,756
650,727
650,724
650,723
650,709
650,731
650,654
650,751
650,657
650,795
650,722
650,745
650,729
651,652
651,785
651,688
651,794
651,685
651,782
651,728
651,682
651,741
651,699
651,788
651,766
651,765
651,745
651,725
651,720
651,717
651,705
651,686
651,676
651,670
651,653
651,798
651,787
651,784
651,684
651,781
651,771
651,712
651,795
651,698
651,739
651,789
651,689
651,748
651,654
651,662
651,727
651,723
651,726
651,678
651,775
651,776
651,753
651,772
651,721
651,793
652,716
652,715
652,713
652,700
652,687
652,691
652,686
652,768
652,671
652,665
652,664
652,655
652,708
652,704
652,690
652,787
652,754
652,676
652,773
652,770
652,756
652,751
652,793
652,798
652,723
652,703
652,697
652,730
652,780
652,683
652,663
652,662
652,755
652,658
652,717
652,782
652,731
652,719
652,720
652,746
652,743
652,711
653,706
653,695
653,672
653,743
653,718
653,782
653,666
653,737
653,788
653,764
653,752
653,720
653,715
653,669
653,702
653,798
653,780
653,678
653,775
653,750
653,684
653,755
653,756
653,662
653,654
653,724
653,791
653,741
653,735
653,736
653,690
653,784
653,771
653,727
653,679
653,776
654,785
654,677
654,672
654,743
654,660
654,782
654,734
654,728
654,711
654,788
654,752
654,710
654,665
654,784
654,776
654,670
654,767
654,749
654,733
654,723
654,721
654,664
654,678
654,775
654,778
654,681
654,750
654,694
654,794
654,744
654,753
654,659
654,727
654,772
654,773
654,725
654,686
654,783
654,716
654,742
654,669
655,757
655,704
655,785
655,743
655,708
655,758
655,788
655,778
655,765
655,761
655,747
655,728
655,720
655,717
655,715
655,714
655,713
655,686
655,675
655,790
655,690
655,787
655,673
655,781
655,777
655,771
655,699
655,796
655,797
655,751
655,749
655,735
655,702
655,799
655,723
655,721
655,729
655,697
655,694
655,682
655,683
655,769
655,658
655,657
655,740
655,738
655,703
655,711
656,695
656,677
656,672
656,696
656,718
656,685
656,734
656,742
656,688
656,679
656,788
656,682
656,779
656,765
656,761
656,719
656,714
656,705
656,669
656,665
656,789
656,690
656,787
656,753
656,735
656,727
656,721
656,703
656,701
656,775
656,681
656,658
656,797
656,747
656,759
656,662
656,772
656,694
656,751
656,670
656,777
656,790
657,738
657,685
657,757
657,660
657,734
657,688
657,797
657,679
657,741
657,788
657,761
657,760
657,745
657,719
657,710
657,661
657,696
657,793
657,784
657,783
657,781
657,775
657,739
657,735
657,732
657,727
657,673
657,770
657,723
657,791
657,694
657,786
657,689
657,670
657,767
657,747
657,729
657,659
657,730
657,790
657,762
657,717
657,708
657,675
657,772
657,759
657,662
657,713
657,724
657,748
657,798
657,701
657,796
658,704
658,744
658,660
658,782
658,666
658,711
658,679
658,687
658,786
658,700
658,796
658,716
658,669
658,701
658,798
658,702
658,777
658,790
658,732
658,779
658,748
658,769
658,663
658,756
658,662
658,780
658,733
658,740
658,727
658,765
659,757
659,706
659,695
659,672
659,743
659,794
659,718
659,759
659,693
659,785
659,688
659,682
659,726
659,768
659,765
659,761
659,725
659,720
659,680
659,669
659,796
659,793
659,784
659,776
659,773
659,770
659,753
659,741
659,739
659,780
659,733
659,711
659,786
659,689
659,732
659,782
659,772
659,678
659,663
659,667
659,798
659,701
659,716
660,785
660,692
660,726
660,786
660,714
660,713
660,766
660,669
660,665
660,791
660,787
660,673
660,772
660,796
660,756
660,750
660,739
660,724
660,703
660,684
660,678
660,663
660,662
660,755
660,754
660,782
660,721
660,733
661,674
661,685
661,782
661,728
661,679
661,699
661,726
661,788
661,766
661,747
661,714
661,710
661,705
661,761
661,664
661,781
661,770
661,790
661,732
661,777
661,730
661,721
661,786
661,689
661,760
661,663
661,754
661,698
661,793
661,749
661,692
661,789
661,745
661,667
661,756
661,709
661,662
661,686
661,780
661,736
661,768
661,671
661,715
662,704
662,688
662,674
662,794
662,666
662,729
662,786
662,779
662,765
662,760
662,752
662,736
662,714
662,713
662,787
662,686
662,783
662,676
662,773
662,724
662,798
662,701
662,790
662,732
662,681
662,751
662,750
662,683
662,762
662,738
662,698
662,799
662,722
662,725
663,706
663,757
663,673
663,759
663,693
663,754
663,687
663,695
663,792
663,745
663,740
663,787
663,775
663,680
663,772
663,756
663,751
663,735
663,722
663,721
663,732
663,749
663,752
663,694
663,783
663,734
663,684
663,755
663,711
663,674
663,771
663,715
663,718
664,757
664,704
664,785
664,677
664,743
664,718
664,782
664,759
664,728
664,797
664,779
664,671
664,768
664,766
664,760
664,747
664,772
664,675
664,765
664,799
664,787
664,665
664,762
664,758
664,753
664,749
664,745
664,698
664,735
664,711
664,764
664,667
664,691
664,786
664,689
664,694
664,693
664,790
664,699
665,704
665,743
665,696
665,668
665,765
665,794
665,747
665,710
665,791
665,781
665,780
665,773
665,767
665,763
665,753
665,749
665,741
665,694
665,797
665,771
665,724
665,711
665,666
665,713
665,736
665,681
665,729
665,674
666,692
666,747
666,737
666,693
666,719
666,717
666,716
666,687
666,788
666,691
666,680
666,676
666,675
666,768
666,671
666,670
666,704
666,795
666,754
666,783
666,796
666,756
666,735
666,722
666,707
666,694
666,782
666,681
666,764
666,667
666,755
666,715
666,711
667,704
667,746
667,782
667,779
667,778
667,747
667,725
667,719
667,799
667,796
667,795
667,690
667,784
667,783
667,773
667,767
667,710
667,750
667,723
667,722
667,697
667,780
667,724
667,674
667,771
667,738
667,716
667,730
667,798
668,677
668,688
668,708
668,794
668,673
668,728
668,797
668,711
668,768
668,752
668,740
668,725
668,713
668,710
668,705
668,687
668,699
668,742
668,734
668,690
668,787
668,777
668,772
668,763
668,753
668,739
668,730
668,682
668,737
669,695
669,743
669,674
669,718
669,685
669,758
669,757
669,734
669,759
669,728
669,693
669,786
669,779
669,766
669,761
669,747
669,745
669,719
669,715
669,676
669,793
669,678
669,775
669,733
669,675
669,722
669,789
669,735
669,700
669,703
669,750
669,709
669,701
669,714
669,702
669,799
670,706
670,709
670,677
670,696
670,685
670,758
670,759
670,728
670,797
670,679
670,729
670,682
670,779
670,714
670,713
670,784
670,671
670,783
670,777
670,771
670,720
670,767
670,763
670,735
670,727
670,676
670,773
670,748
670,721
670,675
670,722
670,705
670,731
671,757
671,785
671,746
671,743
671,744
671,782
671,737
671,677
671,774
671,699
671,788
671,768
671,766
671,765
671,736
671,728
671,781
671,773
671,770
671,751
671,732
671,680
671,727
671,724
671,703
671,745
671,698
671,789
671,792
671,739
671,702
671,791
671,719
671,779
671,683
671,718
671,713
671,731
671,758
672,706
672,695
672,709
672,785
672,746
672,679
672,786
672,779
672,778
672,760
672,747
672,745
672,720
672,713
672,702
672,675
672,734
672,710
672,791
672,787
672,784
672,771
672,763
672,762
672,753
672,750
672,793
672,739
672,735
672,732
672,730
672,698
672,795
672,758
672,683
672,678
672,751
672,738
672,774
672,718
672,707
672,699
673,709
673,746
673,692
673,785
673,688
673,696
673,766
673,761
673,747
673,737
673,720
673,715
673,686
673,759
673,795
673,687
673,784
673,777
673,775
673,674
673,771
673,797
673,748
673,798
673,732
673,723
673,778
673,681
673,769
673,760
673,754
673,745
673,718
674,757
674,695
674,708
674,779
674,761
674,714
674,691
674,793
674,711
674,772
674,796
674,767
674,762
674,748
674,724
674,722
674,721
674,707
674,701
674,794
674,697
674,694
674,758
674,684
674,678
674,782
674,738
674,725
674,720
674,712
674,706
675,708
675,782
675,737
675,693
675,688
675,711
675,729
675,746
675,726
675,792
675,778
675,768
675,765
675,740
675,714
675,700
675,791
675,687
675,784
675,783
675,781
675,679
675,776
675,771
675,762
675,795
675,748
675,770
675,723
675,712
675,754
675,764
675,780
675,707
675,678
675,713
675,763
676,709
676,785
676,746
676,696
676,685
676,734
676,728
676,711
676,682
676,778
676,764
676,755
676,747
676,717
676,680
676,687
676,784
676,773
676,751
676,780
676,733
676,721
676,750
676,703
676,701
676,684
676,714
676,783
676,716
676,705
676,697
676,700
676,710
676,789
676,694
677,709
677,746
677,786
677,766
677,755
677,740
677,736
677,693
677,713
677,690
677,761
677,747
677,708
677,704
677,791
677,754
677,777
677,776
677,772
677,732
677,730
677,721
677,703
677,795
677,684
677,769
677,727
677,738
677,743
677,798
677,699
678,706
678,738
678,759
678,774
678,711
678,741
678,779
678,768
678,747
678,719
678,713
678,710
678,799
678,789
678,690
678,787
678,783
678,767
678,762
678,751
678,750
678,749
678,733
678,730
678,708
678,697
678,771
678,748
678,769
678,701
678,795
678,712
679,709
679,738
679,734
679,759
679,711
679,726
679,786
679,778
679,761
679,714
679,713
679,717
679,752
679,750
679,696
679,793
679,783
679,780
679,777
679,775
679,725
679,772
679,769
679,762
679,739
679,756
679,682
679,799
679,754
679,781
679,737
679,773
679,792
680,785
680,692
680,743
680,758
680,711
680,778
680,719
680,737
680,690
680,744
680,791
680,780
680,775
680,773
680,709
680,756
680,751
680,683
680,765
680,699
680,703
680,747
681,709
681,744
681,718
681,729
681,741
681,779
681,778
681,764
681,761
681,747
681,725
681,713
681,710
681,798
681,790
681,784
681,783
681,756
681,727
681,694
681,730
681,780
681,683
681,724
681,753
681,740
681,689
681,733
681,731
681,771
681,720
681,685
681,782
681,735
681,759
681,712
681,711
681,705
681,715
682,695
682,744
682,759
682,779
682,760
682,745
682,714
682,705
682,700
682,796
682,780
682,775
682,772
682,751
682,712
682,698
682,770
682,741
682,738
682,715
682,711
683,746
683,688
683,738
683,685
683,760
683,740
683,700
683,704
683,798
683,795
683,696
683,790
683,731
683,776
683,789
683,723
683,769
683,786
683,774
683,703
683,705
684,709
684,688
684,743
684,685
684,729
684,766
684,752
684,740
684,716
684,705
684,691
684,686
684,797
684,700
684,790
684,753
684,751
684,780
684,733
684,732
684,731
684,689
684,771
684,721
684,698
684,701
684,725
684,793
684,767
684,712
684,747
684,735
684,745
685,738
685,726
685,788
685,768
685,761
685,742
685,740
685,713
685,759
685,793
685,686
685,783
685,770
685,767
685,751
685,727
685,702
685,799
685,724
685,722
685,729
685,780
685,778
685,737
685,782
685,774
685,701
685,700
686,706
686,692
686,688
686,708
686,794
686,744
686,738
686,734
686,693
686,711
686,764
686,761
686,760
686,720
686,717
686,716
686,710
686,705
686,701
686,798
686,753
686,739
686,732
686,722
686,712
686,776
686,758
686,773
686,704
686,725
686,723
686,788
686,691
686,741
687,692
687,743
687,794
687,744
687,734
687,769
687,728
687,786
687,778
687,768
687,765
687,761
687,719
687,717
687,710
687,705
687,700
687,788
687,691
687,742
687,796
687,767
687,762
687,748
687,732
687,799
687,723
687,703
687,771
687,745
687,738
687,720
688,692
688,726
688,792
688,779
688,737
688,716
688,700
688,691
688,765
688,734
688,742
688,728
688,772
688,796
688,749
688,793
688,733
688,799
688,723
688,712
688,798
688,701
688,698
688,694
688,758
688,780
688,769
688,759
688,754
688,740
688,743
689,695
689,704
689,708
689,744
689,782
689,728
689,741
689,726
689,786
689,736
689,693
689,790
689,780
689,749
689,735
689,732
689,798
689,701
689,697
689,791
689,694
689,781
689,769
689,756
689,722
689,765
689,713
689,770
689,796
690,785
690,696
690,758
690,737
690,774
690,755
690,736
690,705
690,784
690,775
690,767
690,751
690,698
690,695
690,792
690,786
690,727
690,749
690,700
690,738
690,778
690,731
690,761
691,706
691,704
691,785
691,758
691,759
691,729
691,786
691,764
691,755
691,752
691,736
691,720
691,798
691,789
691,777
691,775
691,756
691,749
691,748
691,718
691,712
691,751
691,703
691,698
691,780
691,731
691,781
691,714
691,771
691,700
691,741
691,762
691,725
691,794
691,707
691,710
692,794
692,792
692,737
692,719
692,710
692,699
692,713
692,790
692,787
692,780
692,711
692,772
692,739
692,730
692,729
692,709
692,756
692,707
692,741
692,782
692,774
692,706
692,744
693,709
693,785
693,758
693,734
693,759
693,788
693,768
693,716
693,713
693,705
693,743
693,796
693,793
693,787
693,780
693,771
693,763
693,751
693,750
693,749
693,799
693,724
693,712
693,792
693,694
693,727
693,729
693,725
693,722
693,733
693,701
693,795
694,757
694,706
694,704
694,782
694,737
694,741
694,764
694,714
694,796
694,789
694,787
694,781
694,777
694,772
694,771
694,767
694,763
694,733
694,731
694,722
694,756
694,698
694,770
694,723
694,748
694,717
694,761
694,712
694,716
694,707
695,706
695,794
695,768
695,765
695,728
695,790
695,789
695,784
695,781
695,777
695,767
695,749
695,748
695,733
695,732
695,723
695,721
695,712
695,793
695,696
695,798
695,701
695,769
695,760
695,756
695,713
695,731
695,738
695,746
695,796
696,757
696,706
696,704
696,785
696,746
696,743
696,788
696,778
696,761
696,755
696,752
696,745
696,737
696,725
696,717
696,716
696,714
696,702
696,791
696,784
696,777
696,751
696,750
696,749
696,721
696,712
696,729
696,707
696,703
696,697
696,758
696,744
696,792
696,741
696,782
696,709
697,743
697,758
697,782
697,742
697,754
697,745
697,795
697,789
697,780
697,775
697,791
697,732
697,730
697,790
697,783
697,784
697,734
697,773
697,763
697,798
697,715
697,762
697,718
697,703
698,785
698,728
698,726
698,792
698,786
698,766
698,736
698,725
698,700
698,790
698,775
698,770
698,730
698,788
698,787
698,781
698,779
698,748
698,729
698,767
698,759
698,707
698,796
698,794
699,706
699,746
699,708
699,794
699,769
699,759
699,728
699,726
699,755
699,747
699,734
699,784
699,771
699,767
699,756
699,724
699,715
699,796
699,795
700,743
700,708
700,754
700,747
700,740
700,725
700,714
700,799
700,798
700,791
700,784
700,767
700,703
700,796
700,788
700,787
700,777
700,726
700,771
700,721
700,763
700,752
700,732
700,781
700,734
700,711
700,722
700,712
700,704
701,709
701,785
701,708
701,718
701,758
701,711
701,726
701,788
701,736
701,725
701,705
701,793
701,769
701,790
701,732
701,786
701,776
701,756
701,759
701,798
701,751
701,763
701,719
701,723
701,724
701,716
701,737
701,712
701,703
702,757
702,758
702,782
702,759
702,774
702,741
702,792
702,788
702,764
702,714
702,710
702,777
702,770
702,723
702,712
702,766
702,719
702,765
702,705
702,794
702,762
702,703
702,729
702,721
703,785
703,708
703,744
703,718
703,758
703,769
703,728
703,711
703,729
703,726
703,786
703,778
703,761
703,760
703,796
703,781
703,773
703,751
703,731
703,721
703,738
703,777
703,750
703,727
703,775
703,723
703,705
703,767
704,709
704,794
704,760
704,737
704,720
704,719
704,715
704,788
704,736
704,790
704,789
704,787
704,754
704,784
704,781
704,777
704,775
704,772
704,753
704,751
704,749
704,739
704,735
704,798
704,727
704,799
704,724
704,795
704,780
704,705
704,733
705,757
705,738
705,788
705,786
705,768
705,764
705,787
705,783
705,799
705,784
705,758
705,722
705,798
705,751
705,727
705,762
705,742
706,794
706,766
706,752
706,726
706,784
706,777
706,772
706,753
706,751
706,718
706,732
706,721
706,789
706,793
706,791
706,769
706,760
706,756
706,782
706,774
706,738
706,798
707,757
707,746
707,738
707,734
707,728
707,768
707,764
707,783
707,781
707,772
707,750
707,748
707,731
707,771
707,724
707,795
707,741
707,791
707,779
707,762
707,765
707,715
707,756
707,727
707,780
707,745
707,796
708,757
708,779
708,768
708,737
708,740
708,716
708,759
708,734
708,793
708,756
708,750
708,739
708,735
708,730
708,727
708,723
708,741
708,725
708,738
708,796
709,788
709,786
709,768
709,765
709,720
709,716
709,759
709,742
709,784
709,783
709,780
709,776
709,767
709,762
709,797
709,753
709,748
709,739
709,731
709,722
709,712
709,778
709,769
709,741
709,782
709,738
709,719
709,721
709,796
710,757
710,718
710,769
710,759
710,728
710,754
710,794
710,760
710,745
710,736
710,720
710,719
710,715
710,790
710,753
710,721
710,775
710,793
710,755
710,756
710,779
710,743
710,729
710,714
711,785
711,743
711,794
711,782
711,726
711,725
711,767
711,744
711,735
711,771
711,724
711,723
711,722
711,792
711,729
711,790
711,746
711,795
711,748
711,798
711,784
711,762
711,717
711,753
712,757
712,794
712,718
712,759
712,792
712,786
712,760
712,725
712,720
712,713
712,791
712,783
712,739
712,732
712,723
712,749
712,780
712,733
712,731
712,778
712,762
712,721
712,738
712,728
712,777
712,745
712,714
713,758
713,741
713,792
713,714
713,784
713,780
713,731
713,753
713,786
713,778
713,768
713,756
713,735
713,737
713,779
713,771
713,751
713,754
713,789
714,718
714,757
714,782
714,734
714,728
714,729
714,741
714,792
714,778
714,765
714,761
714,760
714,747
714,740
714,798
714,783
714,773
714,739
714,796
714,722
714,725
714,767
714,789
714,777
715,742
715,754
715,726
715,779
715,764
715,740
715,736
715,799
715,790
715,777
715,730
715,773
715,729
715,765
715,731
715,734
715,724
715,772
715,728
715,732
716,757
716,758
716,754
716,729
716,761
716,752
716,793
716,790
716,775
716,718
716,751
716,782
716,776
716,798
716,728
716,771
716,722
716,762
716,792
716,745
717,757
717,797
717,766
717,765
717,764
717,752
717,736
717,720
717,776
717,775
717,762
717,753
717,748
717,791
717,773
717,722
717,723
717,798
717,754
717,789
717,745
717,755
717,731
718,757
718,764
718,742
718,755
718,768
718,761
718,734
718,795
718,790
718,754
718,784
718,780
718,776
718,772
718,771
718,770
718,735
718,732
718,731
718,727
718,799
718,724
718,722
718,778
718,769
718,792
718,756
718,741
718,738
718,729
718,721
719,794
719,782
719,769
719,741
719,778
719,752
719,799
719,791
719,789
719,783
719,786
719,739
719,790
719,787
719,737
719,780
719,798
719,751
719,754
719,762
719,725
720,746
720,769
720,742
720,737
720,786
720,779
720,766
720,764
720,761
720,760
720,745
720,791
720,789
720,784
720,781
720,780
720,771
720,763
720,750
720,735
720,751
720,732
720,788
720,770
720,734
721,785
721,746
721,743
721,757
721,734
721,759
721,754
721,741
721,726
721,792
721,768
721,766
721,761
721,745
721,740
721,725
721,791
721,787
721,772
721,771
721,763
721,735
721,797
721,781
721,773
721,765
721,756
721,799
721,793
722,757
722,746
722,744
722,738
722,734
722,728
722,754
722,755
722,799
722,798
722,777
722,776
722,772
722,771
722,770
722,750
722,769
722,732
722,756
722,795
722,740
722,783
723,757
723,758
723,782
723,728
723,729
723,741
723,778
723,761
723,752
723,745
723,725
723,773
723,772
723,738
723,732
723,727
723,799
723,796
723,771
723,774
723,798
723,735
723,733
723,747
723,791
723,792
723,795
723,777
723,780
723,753
724,743
724,758
724,742
724,786
724,765
724,761
724,760
724,799
724,796
724,789
724,787
724,784
724,777
724,770
724,749
724,762
724,790
724,782
724,729
724,778
724,764
724,754
724,747
724,793
724,772
724,748
725,794
725,758
725,782
725,742
725,774
725,768
725,760
725,752
725,745
725,796
725,784
725,773
725,738
725,788
725,759
725,780
725,736
725,798
725,751
725,732
725,792
725,799
726,743
726,738
726,737
726,729
726,760
726,740
726,747
726,746
726,741
726,796
726,773
726,770
726,735
726,727
727,738
727,782
727,769
727,788
727,779
727,760
727,799
727,798
727,796
727,789
727,781
727,780
727,777
727,756
727,735
727,733
727,732
727,793
727,754
727,750
727,749
727,747
727,731
727,755
727,778
728,746
728,769
728,792
728,788
728,740
728,765
728,761
728,734
728,796
728,791
728,775
728,773
728,767
728,731
728,730
728,774
729,785
729,746
729,758
729,774
729,779
729,761
729,760
729,745
729,747
729,796
729,787
729,783
729,775
729,772
729,756
729,751
729,749
729,735
729,732
729,731
729,792
729,781
729,754
729,733
730,785
730,758
730,737
730,760
730,795
730,743
730,790
730,787
730,780
730,776
730,770
730,798
730,751
730,761
730,766
730,741
730,754
731,746
731,797
731,774
731,761
731,799
731,795
731,793
731,780
731,767
731,732
731,778
731,765
731,789
731,796
732,746
732,782
732,742
732,766
732,747
732,736
732,799
732,791
732,789
732,787
732,777
732,776
732,771
732,753
732,750
732,748
732,739
732,798
732,768
732,786
732,756
732,745
732,797
733,785
733,754
733,766
733,764
733,755
733,747
733,736
733,798
733,791
733,789
733,790
733,787
733,737
733,784
733,762
733,750
733,739
733,735
733,758
733,778
733,772
733,767
733,776
734,757
734,785
734,743
734,788
734,778
734,742
734,737
734,740
734,765
734,789
734,787
734,784
734,775
734,749
734,748
734,739
734,735
735,746
735,782
735,769
735,737
735,792
735,788
735,768
735,789
735,777
735,776
735,791
735,796
735,754
735,751
735,740
735,761
735,760
736,754
736,778
736,761
736,752
736,793
736,787
736,777
736,773
736,749
736,779
736,748
736,780
736,776
736,755
736,745
736,741
737,786
737,764
737,768
737,752
737,783
737,777
737,773
737,749
737,748
737,792
737,791
737,738
738,785
738,743
738,786
738,778
738,745
738,793
738,784
738,773
738,771
738,796
738,763
738,756
738,748
738,799
738,780
738,775
738,764
738,792
738,741
738,774
738,795
739,782
739,769
739,797
739,740
739,791
739,763
739,756
739,759
739,754
739,784
739,798
739,751
740,744
740,758
740,788
740,765
740,755
740,749
740,775
740,759
741,785
741,769
741,759
741,760
741,745
741,765
741,790
741,784
741,751
741,782
741,779
741,775
741,795
742,785
742,768
742,766
742,761
742,760
742,795
742,793
742,790
742,784
742,775
742,772
742,763
742,762
742,799
742,794
742,751
743,786
743,764
743,789
743,776
743,775
743,767
743,763
743,762
743,750
743,799
743,794
743,785
743,781
743,745
743,744
743,782
743,795
744,785
744,745
744,768
744,784
744,783
744,770
744,762
744,748
744,799
744,789
744,778
744,769
745,759
745,752
745,795
745,780
745,771
745,770
745,753
745,748
745,782
745,751
745,754
745,766
745,758
745,750
745,781
746,788
746,761
746,755
746,759
746,790
746,787
746,754
746,773
746,772
746,771
746,796
746,756
746,749
746,764
746,782
746,774
747,759
747,792
747,765
747,798
747,796
747,795
747,793
747,791
747,787
747,767
747,756
747,777
747,769
747,758
747,752
747,763
747,778
748,758
748,768
748,761
748,783
748,769
748,789
748,777
748,782
748,749
749,774
749,768
749,765
749,796
749,793
749,791
749,780
749,763
749,750
749,760
749,751
749,798
749,783
749,781
749,761
749,758
749,772
750,754
750,774
750,792
750,788
750,786
750,765
750,799
750,789
750,783
750,775
750,766
750,759
750,784
751,794
751,774
751,778
751,766
751,761
751,793
751,772
751,771
751,762
751,753
751,777
751,756
751,768
751,788
751,769
752,757
752,794
752,769
752,764
752,790
752,775
752,772
752,770
752,789
752,771
752,760
752,759
752,763
752,781
753,782
753,797
753,774
753,786
753,766
753,799
753,795
753,784
753,767
753,763
753,770
753,780
753,781
753,794
754,785
754,759
754,793
754,790
754,789
754,787
754,784
754,776
754,772
754,767
754,771
754,769
754,774
755,768
755,765
755,761
755,781
755,757
755,790
755,783
755,799
756,794
756,764
756,761
756,789
756,780
756,777
756,771
756,798
756,791
756,779
756,760
756,781
756,762
756,792
757,794
757,768
757,790
757,783
757,780
757,775
757,767
757,785
757,760
758,792
758,786
758,779
758,778
758,765
758,790
758,787
758,776
758,772
758,767
758,799
758,785
758,769
758,782
758,795
759,785
759,765
759,761
759,794
759,791
759,780
759,773
759,772
759,770
760,794
760,765
760,764
760,787
760,784
760,767
760,761
760,777
760,793
761,790
761,780
761,777
761,773
761,762
761,784
761,797
761,793
762,769
762,766
762,790
762,776
762,773
762,771
762,784
763,785
763,769
763,789
763,787
763,780
763,773
763,767
763,794
763,782
763,796
763,772
763,771
763,770
764,766
764,796
764,782
764,784
764,767
764,799
764,791
764,773
764,772
764,780
764,775
765,794
765,788
765,778
765,780
765,771
765,799
765,786
765,774
765,796
766,794
766,788
766,771
766,778
766,786
766,782
766,796
767,794
767,769
767,790
767,787
767,775
767,781
767,772
767,797
767,773
767,799
767,777
768,788
768,791
768,789
768,780
768,771
768,772
768,779
768,799
769,779
769,794
769,789
769,787
769,781
769,799
769,770
769,774
770,785
770,797
770,793
770,784
770,792
770,786
770,781
771,792
771,793
771,784
771,788
771,779
771,799
771,791
771,794
772,797
772,788
772,799
772,795
772,781
772,790
772,784
772,798
772,791
773,778
773,798
773,791
773,780
773,779
773,796
774,785
774,797
774,786
774,795
774,793
774,791
774,787
774,784
774,781
774,777
774,776
775,786
775,791
775,783
775,781
775,780
775,788
775,787
775,793
776,785
776,786
776,782
776,780
776,779
776,797
777,785
777,781
777,788
777,794
778,788
778,786
778,791
778,790
778,789
778,784
778,783
778,787
778,793
779,785
779,792
779,786
779,791
779,790
779,795
780,792
780,799
780,791
780,796
781,785
781,787
781,784
781,792
781,786
782,788
782,784
782,783
782,796
782,799
783,786
783,799
783,790
783,789
783,792
784,785
784,788
784,793
784,790
785,792
785,788
785,789
785,799
785,793
786,794
786,797
787,788
787,796
787,789
787,799
788,794
788,797
788,795
789,797
789,799
789,795
789,794
789,792
790,791
791,799
791,795
792,794
792,798
792,796
793,799
795,797
795,799
796,798
797,798
800,1732
800,1290
800,2323
800,2308
800,2278
800,889
800,872
800,847
800,1817
800,1187
800,2448
800,2445
800,854
800,1539
800,813
800,1749
800,1652
800,1359
800,905
800,1721
800,856
800,2505
800,851
800,877
800,892
800,881
800,864
800,814
800,1143
800,852
800,825
800,1102
800,819
800,845
800,1328
800,1608
800,832
801,2557
801,2099
801,2481
801,2593
801,847
801,1884
801,2560
801,1811
801,2362
801,2305
801,1335
801,850
801,2311
801,856
801,816
801,884
801,855
801,2120
801,853
801,812
801,880
801,860
801,857
801,828
801,802
801,879
801,1849
801,2004
801,1359
801,829
801,905
801,864
801,834
801,1115
801,824
801,2678
801,1598
801,1721
801,1527
801,1897
801,1904
801,1354
801,2480
802,2561
802,2556
802,2311
802,1815
802,1863
802,1110
802,861
802,2213
802,855
802,2153
802,2120
802,2566
802,820
802,898
802,1125
802,1804
802,817
802,1167
802,890
802,866
802,848
802,2400
802,1721
802,2097
802,2338
802,1165
802,849
802,1916
802,1175
802,877
802,831
802,1752
802,1143
802,2307
802,852
802,843
802,839
802,2560
802,821
802,895
802,1179
802,2343
802,888
802,803
802,889
802,2344
802,871
802,825
803,2601
803,2561
803,2556
803,1187
803,2032
803,822
803,2083
803,2490
803,844
803,898
803,1674
803,2308
803,2599
803,2331
803,820
803,1820
803,854
803,836
803,2661
803,2480
803,2343
803,2152
803,987
803,2563
803,1721
803,874
803,829
803,805
803,2678
803,835
803,2025
803,1734
803,2253
803,895
803,2338
803,883
803,871
803,2120
803,859
803,856
803,886
803,2682
803,839
803,821
803,863
803,1192
803,804
803,1815
803,2106
803,2463
803,2560
803,1881
803,814
803,2666
803,823
804,2601
804,879
804,2561
804,2136
804,1815
804,889
804,1103
804,878
804,1126
804,890
804,2675
804,1740
804,1726
804,2305
804,850
804,813
804,2556
804,810
804,899
804,896
804,866
804,2553
804,1197
804,809
804,829
804,2147
804,1177
804,868
804,1916
804,842
804,833
804,818
804,811
804,883
804,859
804,2307
804,852
804,891
804,1596
804,2004
804,840
804,2682
804,2003
804,839
804,834
804,2083
804,825
804,863
804,860
804,847
804,1720
804,1526
804,841
804,895
804,897
804,2617
804,871
804,824
804,827
805,2694
805,1667
805,848
805,1507
805,1179
805,855
805,1880
805,1125
805,1892
805,1738
805,1835
805,2147
805,2018
805,861
805,1540
805,2129
805,1729
805,2331
805,2481
805,1123
805,1375
805,1758
805,1134
805,877
805,1723
805,811
805,846
805,2553
805,1359
805,897
805,895
805,883
805,817
805,2617
805,1744
805,871
805,827
805,824
805,821
805,808
805,809
805,1563
805,1654
805,2139
805,2009
805,1902
805,2593
805,1720
805,815
805,2658
805,2674
805,2480
805,960
806,2561
806,2140
806,2455
806,1143
806,2136
806,2594
806,2083
806,1144
806,2308
806,1751
806,2560
806,861
806,872
806,1720
806,2018
806,2446
806,889
806,820
806,2678
806,2605
806,1188
806,2038
806,2651
806,1119
806,2087
806,857
806,1917
806,1306
806,1112
806,846
806,895
806,829
806,871
806,870
806,2227
806,869
806,1740
806,867
806,845
806,1894
806,827
806,823
806,807
806,1181
806,2565
806,1891
806,1794
806,2705
807,2463
807,2561
807,2345
807,2152
807,1815
807,2682
807,2481
807,2641
807,2447
807,837
807,898
807,855
807,878
807,1835
807,2593
807,1720
807,850
807,1141
807,2446
807,2153
807,1385
807,1967
807,880
807,2141
807,856
807,854
807,810
807,2553
807,1915
807,1721
807,2559
807,879
807,1752
807,893
807,851
807,2138
807,877
807,831
807,1197
807,818
807,811
807,840
807,883
807,1272
807,1916
807,835
807,834
807,1190
807,899
807,1275
807,852
807,819
807,824
807,888
807,1828
807,869
808,1736
808,2666
808,1821
808,2464
808,1670
808,2447
808,2083
808,847
808,2560
808,884
808,1272
808,2661
808,2344
808,846
808,1884
808,2563
808,1221
808,1395
808,2400
808,1721
808,2480
808,1362
808,2102
808,2144
808,2338
808,1902
808,853
808,811
808,1373
808,859
808,837
808,2001
808,1807
808,2122
808,852
808,1112
808,2498
808,2595
808,2485
808,1321
809,879
809,822
809,2311
809,2562
809,2308
809,1737
809,861
809,2463
809,1105
809,872
809,890
809,1162
809,2448
809,1177
809,2141
809,2498
809,849
809,836
809,2480
809,2344
809,2138
809,1359
809,1721
809,1169
809,2601
809,855
809,1146
809,1149
809,1134
809,828
809,1199
809,811
809,1125
809,1167
809,895
809,868
809,883
809,870
809,839
809,835
809,823
809,1965
809,850
809,866
809,825
809,821
809,998
809,815
810,2601
810,2491
810,822
810,2556
810,2306
810,1753
810,2481
810,2447
810,1110
810,898
810,1125
810,847
810,1720
810,1253
810,1740
810,2448
810,2120
810,1727
810,1197
810,1167
810,1153
810,1169
810,1154
810,826
810,1117
810,1115
810,812
810,894
810,2149
810,888
810,877
810,857
810,811
810,890
810,1741
810,868
810,881
810,821
810,1108
810,814
810,1523
810,845
810,2300
810,2003
811,2593
811,1753
811,2682
811,844
811,2560
811,872
811,850
811,1162
811,2153
811,2120
811,2428
811,1749
811,2004
811,854
811,2556
811,896
811,890
811,2128
811,1158
811,906
811,1100
811,2574
811,893
811,829
811,905
811,1140
811,2126
811,1175
811,894
811,877
811,860
811,883
811,861
811,1152
811,852
811,1173
811,834
811,863
811,1153
811,2553
811,945
811,857
811,819
811,2447
811,895
811,2450
812,2311
812,1122
812,2593
812,2124
812,2308
812,2623
812,1747
812,835
812,853
812,2343
813,2631
813,2311
813,2035
813,2447
813,2307
813,2083
813,1303
813,898
813,1125
813,2498
813,1720
813,1749
813,2141
813,2004
813,1910
813,1733
813,1120
813,896
813,2153
813,892
813,2553
813,2344
813,883
813,832
813,827
813,825
813,819
813,897
813,2260
813,2036
813,1156
813,1379
813,958
813,2561
813,912
813,911
814,2311
814,2213
814,1199
814,1815
814,2481
814,2593
814,847
814,898
814,889
814,1803
814,1306
814,1831
814,861
814,1892
814,2680
814,816
814,1740
814,820
814,2141
814,2004
814,894
814,1910
814,1918
814,2678
814,2096
814,2126
814,1897
814,2650
814,2343
814,905
814,829
814,1916
814,1391
814,1115
814,1272
814,2281
814,871
814,827
814,2451
814,899
814,1510
814,2125
814,2028
814,869
814,1188
814,2338
814,1304
814,1901
814,834
814,842
815,2345
815,2015
815,1187
815,2674
815,2136
815,2672
815,2676
815,1900
815,2144
815,1306
815,861
815,2560
815,850
815,2601
815,855
815,1167
815,2311
815,856
815,1147
815,1135
815,2139
815,866
815,884
815,1272
815,1350
815,897
815,2002
815,1154
815,864
815,936
815,839
815,877
815,824
815,1903
815,1109
815,859
815,1740
815,1352
815,860
816,1196
816,2561
816,2083
816,889
816,1901
816,2362
816,2593
816,847
816,1720
816,2311
816,856
816,2555
816,2121
816,1151
816,1129
816,1156
816,1306
816,1112
816,2448
816,880
816,888
816,2343
816,2674
816,831
816,1109
816,818
816,2004
816,2213
816,855
816,846
816,892
816,2338
816,1727
816,854
816,893
816,2451
816,899
816,894
816,897
816,895
816,1162
816,871
816,1740
816,867
816,884
816,2120
816,859
816,2080
816,819
816,2463
816,2594
816,2109
816,2400
816,1928
816,1815
816,845
816,2106
816,2094
816,1569
816,2481
816,2675
816,2030
816,960
817,2601
817,2491
817,2345
817,2311
817,2011
817,2205
817,2447
817,2278
817,1103
817,861
817,1740
817,838
817,820
817,1744
817,2004
817,888
817,2339
817,1272
817,880
817,865
817,860
817,874
817,2338
817,1722
817,1916
817,892
817,2344
817,891
817,886
817,905
817,827
817,825
817,1298
817,897
817,2255
817,1904
818,2463
818,1178
818,2080
818,1731
818,847
818,1126
818,2561
818,2464
818,1106
818,884
818,2153
818,2030
818,1107
818,2115
818,1967
818,2595
818,1167
818,899
818,1758
818,2344
818,862
818,2123
818,1721
818,893
818,905
818,1258
818,1161
818,826
818,1117
818,2149
818,888
818,2092
818,831
818,851
818,881
818,827
818,874
818,871
818,843
818,1158
818,867
818,1815
818,845
818,840
818,2138
818,823
818,2120
818,859
818,1596
819,2561
819,2152
819,2447
819,2339
819,2011
819,847
819,2278
819,1603
819,844
819,1674
819,2483
819,1125
819,890
819,2451
819,1744
819,2141
819,2300
819,1362
819,1290
819,2260
819,1344
819,874
819,1199
819,2338
819,1915
819,1721
819,833
819,1801
819,831
819,867
819,843
819,886
819,839
819,835
819,1188
819,2601
819,855
819,2552
819,860
819,2307
819,852
819,1111
819,905
819,840
820,822
820,2345
820,2593
820,2562
820,2566
820,844
820,872
820,2675
820,1306
820,2470
820,2120
820,1115
820,1167
820,1362
820,2343
820,865
820,857
820,2004
820,2553
820,893
820,1272
820,874
820,1359
820,2037
820,889
820,2344
820,1185
820,894
820,895
820,1120
820,829
820,905
820,871
820,852
820,1621
820,845
820,2278
820,823
820,2141
820,2560
820,1105
820,836
820,2678
820,2115
820,1566
820,2305
820,850
820,1146
820,1311
820,1367
820,898
820,1674
820,1965
821,2601
821,2631
821,2561
821,2311
821,2447
821,2083
821,837
821,844
821,2560
821,1125
821,850
821,2302
821,1740
821,2617
821,2153
821,2120
821,872
821,1745
821,2149
821,2566
821,1887
821,1123
821,2112
821,1272
821,2480
821,2139
821,846
821,2563
821,2553
821,1721
821,893
821,2140
821,1170
821,1112
821,853
821,1734
821,2344
821,2138
821,877
821,883
821,2615
821,869
821,864
821,2304
821,2595
821,1107
821,1371
821,897
821,1967
821,899
821,827
821,824
822,2601
822,2295
822,1754
822,1124
822,1141
822,1734
822,2147
822,1362
822,877
822,2343
822,2126
822,2083
822,1306
822,1914
822,2593
822,889
822,866
822,854
822,2553
822,897
822,895
822,868
822,1101
822,2153
822,869
822,884
822,826
822,849
822,1125
822,2278
822,2113
822,2106
822,1591
822,1122
822,2674
822,2308
822,2599
822,1126
822,891
822,2152
822,1161
822,2131
822,915
823,1742
823,2562
823,2136
823,939
823,1125
823,861
823,2560
823,1729
823,2345
823,890
823,1122
823,2480
823,2344
823,2126
823,1359
823,1362
823,893
823,826
823,2281
823,2310
823,846
823,1525
823,1724
823,895
823,872
823,1842
823,843
823,1325
823,840
823,871
823,824
823,857
823,1520
823,2083
823,1598
823,852
823,1144
823,1338
824,1093
824,2080
824,2481
824,862
824,847
824,1900
824,1125
824,1157
824,1881
824,1747
824,1150
824,872
824,2445
824,2149
824,850
824,1758
824,894
824,1272
824,2344
824,846
824,1721
824,2554
824,829
824,851
824,868
824,1186
824,1321
824,855
824,2121
824,860
824,828
824,897
824,2338
824,883
824,1754
824,2416
824,864
824,2124
824,863
824,1815
824,845
824,2037
824,2005
824,1329
824,2553
824,898
825,2295
825,2556
825,2132
825,1831
825,2666
825,2278
825,898
825,2601
825,855
825,2147
825,2011
825,2302
825,856
825,2120
825,836
825,2661
825,2343
825,866
825,2003
825,1359
825,1170
825,1117
825,833
825,854
825,1630
825,1180
825,1172
825,881
825,870
825,1916
825,832
825,1733
825,852
825,1592
826,1725
826,2136
826,1136
826,1815
826,2606
826,2308
826,2017
826,1884
826,855
826,861
826,850
826,1182
826,1156
826,1123
826,1197
826,828
826,1582
826,894
826,883
826,2556
826,2153
826,2554
826,905
826,869
826,864
826,863
826,859
826,841
826,840
826,839
826,827
826,2141
826,2038
826,1902
826,1125
826,1513
826,1740
826,867
826,2031
826,1352
826,1818
826,2036
826,1357
826,2230
827,1742
827,848
827,2593
827,1732
827,1731
827,855
827,844
827,1815
827,2675
827,2678
827,2141
827,898
827,1577
827,2343
827,1167
827,889
827,2344
827,1359
827,862
827,1153
827,905
827,1916
827,851
827,1300
827,2658
827,839
827,892
827,860
827,857
827,2676
827,833
827,2674
827,1316
827,831
827,1754
827,873
827,1164
827,2037
827,1111
827,2113
827,852
827,886
827,893
827,1184
827,868
827,2140
827,866
827,2563
827,864
827,2463
828,2311
828,2305
828,1529
828,1190
828,2557
828,2447
828,2307
828,1306
828,890
828,884
828,2153
828,2446
828,894
828,866
828,2661
828,1167
828,1749
828,1187
828,896
828,905
828,851
828,1892
828,1116
828,2338
828,2553
828,1560
828,1754
828,1324
828,854
828,846
828,938
828,1887
828,853
828,877
828,1608
828,1123
828,861
828,1734
828,1884
828,2563
828,898
828,1741
828,1018
828,843
828,867
828,1557
829,2485
829,2140
829,2562
829,2124
829,1179
829,889
829,855
829,861
829,2674
829,1898
829,915
829,850
829,890
829,838
829,1116
829,2678
829,2141
829,854
829,2339
829,1272
829,899
829,2003
829,1359
829,905
829,846
829,865
829,860
829,892
829,898
829,895
829,883
829,871
829,843
829,1192
829,2475
829,1893
829,946
829,832
830,2694
830,1655
830,1381
830,1347
830,2634
830,1320
830,2632
830,2314
830,1378
830,1863
830,2606
830,1335
830,1632
830,2561
830,1106
830,1813
830,1621
830,2675
830,2707
830,2033
830,1887
830,1393
830,2169
830,975
830,1838
830,2303
830,876
830,2039
830,939
830,1812
830,1965
830,2198
830,1810
830,2650
830,2551
830,988
830,1391
830,1367
830,964
830,1352
830,1350
830,1331
830,1801
830,1316
830,1828
830,1377
830,960
830,1348
830,1321
830,1806
830,1329
830,1340
830,984
830,887
830,1372
830,1392
830,2168
830,2183
830,2230
830,1302
830,1772
830,1314
830,2617
830,903
830,1388
830,2191
831,1290
831,2113
831,837
831,1762
831,2481
831,1608
831,2445
831,2678
831,1175
831,1104
831,846
831,2554
831,1721
831,2451
831,868
831,880
831,857
831,833
831,2308
831,2017
831,853
831,845
831,2008
831,2470
831,1112
831,838
831,2122
831,1167
831,2124
831,863
831,871
832,2491
832,879
832,2666
832,2345
832,2452
832,848
832,2447
832,889
832,2560
832,1125
832,1306
832,2153
832,1749
832,1177
832,2678
832,1727
832,836
832,899
832,896
832,2126
832,1129
832,2554
832,1359
832,874
832,1168
832,877
832,833
832,2037
832,870
832,859
832,2682
832,839
832,2343
832,888
832,841
832,1741
832,1576
832,897
832,1116
832,840
832,857
832,845
832,2338
832,883
832,869
833,2304
833,2116
833,848
833,2562
833,2099
833,2339
833,2307
833,1863
833,1306
833,861
833,915
833,872
833,1745
833,2120
833,1185
833,2141
833,1758
833,2485
833,836
833,1128
833,837
833,1187
833,896
833,866
833,2126
833,1395
833,1359
833,846
833,1167
833,856
833,1147
833,1132
833,1125
833,834
833,877
833,2149
833,888
833,883
833,897
833,886
833,1595
833,1740
833,867
833,881
833,870
833,864
833,845
833,879
833,2625
833,2481
833,853
834,2601
834,2556
834,2305
834,2014
834,848
834,2481
834,2308
834,2561
834,2367
834,2129
834,838
834,2120
834,2451
834,2678
834,2092
834,2563
834,2126
834,2338
834,1400
834,1112
834,2557
834,891
834,890
834,1181
834,2228
834,1161
834,870
834,895
834,863
834,1202
834,2122
834,1916
834,860
834,2280
834,880
835,2676
835,2601
835,2561
835,2556
835,1891
835,1187
835,848
835,2136
835,837
835,2278
835,1179
835,1873
835,1880
835,1306
835,872
835,2593
835,2302
835,2308
835,1726
835,884
835,2617
835,2153
835,1749
835,894
835,854
835,836
835,1311
835,1884
835,2563
835,2126
835,1965
835,1359
835,874
835,2348
835,2338
835,851
835,877
835,860
835,891
835,869
835,1740
835,1158
835,867
835,864
835,852
835,840
835,839
835,1598
835,881
835,1815
835,2397
835,845
835,2009
835,2021
835,857
835,2646
836,1780
836,2311
836,1891
836,1541
836,1136
836,2307
836,847
836,844
836,2092
836,2446
836,2033
836,1168
836,1173
836,1117
836,860
836,857
836,842
836,2126
836,2482
836,896
836,2553
836,897
836,895
836,1916
836,841
836,1126
836,886
836,1559
836,850
836,866
836,2444
836,2285
837,2666
837,1757
837,1667
837,2136
837,2447
837,2151
837,2200
837,2305
837,1723
837,1140
837,1168
837,2451
837,860
837,1187
837,896
837,872
837,2344
837,883
837,2120
837,859
837,2563
837,1337
837,1752
837,1817
837,2001
837,1815
837,845
837,2300
837,2534
837,885
837,2259
837,1171
837,841
837,2005
837,1350
837,1310
837,2362
837,1305
837,2488
837,1312
837,921
837,2224
838,2107
838,1725
838,1178
838,2455
838,2082
838,1136
838,1753
838,2419
838,1751
838,1159
838,1103
838,2599
838,2449
838,2319
838,1745
838,1747
838,1165
838,1130
838,2651
838,1100
838,2555
838,1111
838,1198
838,1107
838,2454
838,1173
838,1133
838,1142
838,1104
838,1132
838,2109
838,1139
838,2542
838,1185
838,1122
838,1853
838,2672
838,1120
839,2557
839,2447
839,2278
839,1863
839,855
839,1306
839,2092
839,1124
839,2120
839,1375
839,1758
839,2597
839,2633
839,2344
839,866
839,2400
839,1721
839,2136
839,1942
839,2105
839,1400
839,1815
839,2300
839,2308
839,853
839,1753
839,880
839,2024
839,1345
839,860
839,2103
839,842
839,1237
839,1958
839,891
839,864
839,2027
839,863
839,1119
839,2089
839,843
839,869
839,2083
839,897
840,2345
840,1093
840,2035
840,1815
840,2308
840,2560
840,1306
840,847
840,1720
840,1817
840,2120
840,1753
840,2141
840,1272
840,866
840,2426
840,1359
840,1362
840,905
840,1863
840,893
840,2595
840,1916
840,2136
840,1166
840,883
840,896
840,897
840,869
840,2447
840,895
840,1608
840,2083
840,843
841,2345
841,848
841,2136
841,2447
841,1122
841,2156
841,1880
841,872
841,2154
841,873
841,1672
841,952
841,2683
841,1967
841,2152
841,2557
841,2651
841,2333
841,1628
841,878
841,1818
841,2331
841,894
841,2149
841,1115
841,880
841,2300
841,879
841,863
841,877
841,2553
841,881
841,870
841,2153
841,1307
841,898
842,1196
842,2556
842,2390
842,2080
842,1667
842,2124
842,2083
842,2308
842,2278
842,2490
842,1884
842,861
842,1126
842,1720
842,890
842,2451
842,1967
842,2141
842,1758
842,870
842,2344
842,1359
842,884
842,1272
842,872
842,1163
842,1812
842,854
842,857
842,1730
842,1192
842,1173
842,1916
842,1112
842,877
842,865
842,2126
842,2447
842,895
842,2559
842,867
842,912
842,859
842,886
843,879
843,2082
843,2017
843,2601
843,855
843,1492
843,858
843,850
843,884
843,856
843,2149
843,854
843,2553
843,1576
843,897
843,2338
843,874
843,1720
843,849
843,1916
843,869
843,2451
843,899
843,1118
843,1310
843,859
843,2278
843,1148
843,871
843,892
843,860
844,879
844,2556
844,2345
844,882
844,2307
844,1672
844,2308
844,2017
844,1184
844,1160
844,1109
844,1124
844,1608
844,2126
844,855
844,854
844,859
844,2120
844,899
844,891
844,2153
844,871
844,1740
844,867
844,864
844,2149
844,866
844,1882
844,846
844,1395
844,1880
844,883
844,2000
844,2311
844,1729
844,868
844,2560
844,1897
844,1928
844,2633
844,2228
844,1762
844,889
844,2344
844,1730
844,1827
844,1830
845,2463
845,1178
845,2557
845,2152
845,1815
845,2339
845,2083
845,2666
845,2278
845,1737
845,1884
845,1306
845,2561
845,2367
845,1150
845,890
845,2454
845,2446
845,2149
845,2556
845,1187
845,896
845,2553
845,1721
845,1359
845,905
845,893
845,1745
845,1357
845,851
845,2147
845,1733
845,860
845,2323
845,965
845,868
845,895
845,892
845,847
845,1720
845,871
845,2008
845,866
845,2097
846,2561
846,2311
846,2107
846,1821
846,2306
846,2027
846,2593
846,2323
846,2490
846,1834
846,1125
846,861
846,872
846,890
846,2446
846,1190
846,2451
846,2678
846,2004
846,2331
846,876
846,1387
846,1272
846,896
846,2344
846,866
846,1118
846,853
846,1362
846,1851
846,1139
846,1721
846,2553
846,2447
846,895
846,891
846,871
846,867
846,2120
846,859
846,855
846,2559
846,2259
846,1307
847,2666
847,2561
847,1093
847,2121
847,1753
847,2481
847,862
847,1820
847,1723
847,2593
847,1720
847,865
847,2126
847,856
847,874
847,889
847,855
847,2553
847,1740
847,895
847,886
847,2338
847,883
847,2556
847,881
847,2153
847,863
847,2562
847,859
847,2343
847,2149
847,2295
847,2083
847,848
847,1721
847,2560
847,1385
847,2345
847,1375
847,2339
847,2145
848,2666
848,2311
848,1889
848,1731
848,2419
848,1164
848,880
848,1167
848,2343
848,2126
848,2114
848,889
848,892
848,2601
848,855
848,2553
848,899
848,850
848,897
848,2447
848,895
848,886
848,868
848,2338
848,883
848,881
848,2136
848,859
848,2560
848,1132
848,1106
848,2595
848,1860
848,2470
848,2139
848,1898
848,1904
848,2682
848,1906
848,2254
848,2159
848,2644
848,1830
848,1428
849,2561
849,1178
849,882
849,1122
849,1874
849,2447
849,2307
849,2278
849,2197
849,898
849,2560
849,856
849,2675
849,1720
849,2120
849,2445
849,2651
849,1131
849,2308
849,853
849,880
849,2149
849,888
849,2343
849,866
849,2338
849,886
849,868
849,870
849,867
849,864
849,1815
849,2300
849,1903
849,1807
849,2678
849,2426
850,972
850,2666
850,2132
850,2121
850,1898
850,2018
850,872
850,1758
850,2126
850,874
850,896
850,1272
850,2108
850,894
850,898
850,905
850,863
850,1398
850,1117
850,899
850,2307
850,852
850,1396
850,2470
850,869
850,1386
850,2089
850,1523
850,2141
850,883
850,856
850,1729
850,879
850,2140
850,2403
850,2112
850,2253
850,2308
851,2561
851,2556
851,1759
851,2557
851,2339
851,1144
851,2308
851,2125
851,1737
851,861
851,2109
851,2593
851,1720
851,2446
851,1758
851,2343
851,896
851,2563
851,1362
851,874
851,1916
851,880
851,1147
851,2037
851,870
851,2120
851,859
851,2083
851,2553
851,2575
851,1120
851,1863
851,893
851,863
852,1667
852,2136
852,1306
852,1125
852,2133
852,2124
852,2675
852,2153
852,894
852,1671
852,2344
852,1362
852,893
852,2338
852,1808
852,888
852,897
852,864
852,2573
852,2001
852,2451
852,899
853,2491
853,2152
853,2634
853,2083
853,906
853,855
853,1740
853,880
853,1559
853,2141
853,873
853,2037
853,1733
853,2344
853,1504
853,861
853,1152
853,866
853,1109
853,884
853,1272
853,2003
853,886
853,1191
853,864
853,2255
853,2109
853,1139
853,857
853,1122
853,2259
854,879
854,873
854,1820
854,2136
854,1815
854,1919
854,2307
854,2308
854,1603
854,889
854,1306
854,872
854,2153
854,2120
854,2149
854,2141
854,2597
854,1153
854,1169
854,1129
854,1362
854,860
854,2157
854,896
854,899
854,886
854,2338
854,883
854,1196
854,905
854,2553
854,1758
854,2146
854,2678
854,1902
854,1397
855,1182
855,1142
855,1831
855,1152
855,1733
855,2445
855,888
855,1749
855,2331
855,2004
855,874
855,896
855,866
855,2338
855,1721
855,2593
855,2302
855,1272
855,890
855,872
855,899
855,897
855,856
855,2641
855,895
855,2672
855,898
855,869
855,867
855,863
855,886
855,1170
855,2676
855,1512
855,2470
855,1136
855,2591
855,2009
855,1119
855,2679
855,1892
855,2464
855,1397
855,2328
856,1636
856,2557
856,2136
856,2682
856,2307
856,889
856,861
856,890
856,1738
856,2126
856,2004
856,2448
856,896
856,2447
856,895
856,883
856,1196
856,905
856,867
856,863
856,1916
856,2149
856,2563
856,1272
856,2553
856,897
856,1742
856,1160
856,1744
856,2153
856,1551
856,2006
856,952
856,2259
856,880
856,1365
857,879
857,2107
857,1190
857,2339
857,2307
857,862
857,889
857,1880
857,1740
857,2001
857,2445
857,1758
857,2426
857,866
857,1362
857,1749
857,883
857,2338
857,1916
857,2308
857,1125
857,886
857,1147
857,1120
857,1164
857,2666
857,1114
857,1192
857,2124
857,863
857,1608
858,1128
858,2107
858,2455
858,1145
858,1737
858,1674
858,1159
858,1745
858,1100
858,1109
858,1142
858,1104
858,1138
858,898
858,1160
858,2147
858,2448
858,1122
858,2344
858,1736
859,2556
859,862
859,2629
859,2483
859,2308
859,2278
859,1179
859,1306
859,1159
859,1720
859,2120
859,2001
859,2451
859,2428
859,1167
859,884
859,1272
859,896
859,2344
859,2002
859,2553
859,1721
859,1158
859,2381
859,1359
859,874
859,2255
859,1307
859,871
859,863
859,987
859,1763
859,892
859,2447
859,895
859,2126
859,2611
859,865
859,886
859,2651
859,905
860,2601
860,2556
860,2345
860,882
860,2307
860,1306
860,861
860,1100
860,1729
860,2302
860,1720
860,1732
860,1538
860,2141
860,2149
860,2343
860,1167
860,899
860,2623
860,1168
860,1362
860,2682
860,893
860,866
860,891
860,1325
860,905
860,1125
860,897
860,2543
860,2595
860,1916
860,871
860,892
860,1815
861,2134
861,2682
861,2566
861,2307
861,2083
861,1306
861,1172
861,1129
861,1104
861,1121
861,2308
861,1167
861,1734
861,2623
861,888
861,2343
861,2205
861,1720
861,2126
861,1428
861,2553
861,893
861,2120
861,2344
861,895
861,2125
861,864
861,2278
861,1114
861,2561
861,2261
861,2228
861,2131
861,2056
862,2452
862,2080
862,2481
862,2450
862,1102
862,1177
862,1734
862,2126
862,870
862,1141
862,2140
862,1743
862,1367
862,2676
862,2488
863,879
863,1997
863,1815
863,889
863,2601
863,2018
863,1106
863,2675
863,1740
863,884
863,2681
863,2114
863,890
863,2415
863,2563
863,2109
863,1721
863,1359
863,874
863,868
863,1135
863,2037
863,895
863,869
863,864
863,899
863,1287
863,905
863,1584
863,888
863,886
863,881
863,1128
863,1807
863,2020
863,2480
863,1140
864,2311
864,2557
864,2562
864,2672
864,2566
864,2278
864,1880
864,1103
864,1815
864,2397
864,1185
864,1513
864,2346
864,1167
864,2344
864,1740
864,2553
864,2260
864,2109
864,1721
864,2682
864,2153
864,892
864,905
864,1173
864,897
864,883
864,2338
864,881
864,898
864,1331
864,2447
864,895
864,2406
864,2307
864,1306
864,874
864,2626
864,2141
864,880
865,2601
865,2567
865,2307
865,2080
865,1892
865,2575
865,2147
865,1105
865,1100
865,1125
865,890
865,1740
865,1608
865,1185
865,2141
865,1114
865,1167
865,2450
865,899
865,2002
865,1190
865,2553
865,1192
865,1135
865,2016
865,1734
865,893
865,1397
865,880
865,886
865,2623
865,884
865,1354
865,1178
865,1742
865,1131
866,2311
866,1187
866,1905
866,2113
866,1125
866,2601
866,890
866,2339
866,884
866,2120
866,2678
866,2141
866,2595
866,2651
866,1741
866,1723
866,1120
866,1306
866,1112
866,2308
866,1362
866,888
866,2126
866,2631
866,1176
866,892
866,1815
866,2489
866,1752
866,2259
866,1368
867,2305
867,1736
867,882
867,1742
867,2593
867,2136
867,1300
867,2481
867,2307
867,1721
867,1135
867,2147
867,2339
867,884
867,892
867,2153
867,1326
867,2562
867,2555
867,2092
867,2139
867,2126
867,2552
867,2120
867,2491
867,1133
867,889
867,2150
867,2338
867,2278
867,868
867,2451
867,2082
867,1306
867,1118
867,1504
867,905
867,2198
867,1101
867,1359
868,2601
868,879
868,2545
868,2345
868,2311
868,1202
868,2481
868,2447
868,2083
868,2606
868,2125
868,1834
868,1125
868,1579
868,2646
868,2449
868,2593
868,1720
868,884
868,2120
868,1185
868,2633
868,1722
868,2301
868,2599
868,2114
868,2556
868,2444
868,2038
868,1359
868,2000
868,2552
868,893
868,2611
868,1112
868,888
868,2623
868,877
868,883
868,871
868,2594
868,2109
868,1794
868,2122
868,1336
869,2561
869,2485
869,2324
869,2447
869,2339
869,1330
869,1815
869,2680
869,2081
869,2445
869,1185
869,1749
869,2301
869,2344
869,1187
869,896
869,1738
869,2126
869,874
869,2629
869,2338
869,1721
869,2230
869,1301
869,891
869,2035
869,871
869,2093
869,1105
869,2595
869,1916
869,2015
869,1724
869,2083
869,1537
869,1736
870,879
870,2561
870,2152
870,1199
870,2121
870,1815
870,2566
870,2339
870,1884
870,2674
870,1898
870,2154
870,2012
870,2678
870,2141
870,1214
870,894
870,896
870,2553
870,2552
870,2331
870,1167
870,935
870,874
870,905
870,2338
870,1176
870,1523
870,1135
870,877
870,892
870,2595
870,1576
870,1251
870,1350
870,1131
870,1515
870,1177
870,886
870,2343
870,888
870,2083
870,1729
870,1147
871,2601
871,2428
871,2682
871,2483
871,2308
871,2017
871,2556
871,2362
871,1162
871,2141
871,2131
871,1758
871,2096
871,2204
871,2153
871,892
871,2147
871,2341
871,2226
871,1164
871,899
871,2339
871,1272
871,2338
871,2227
871,2098
871,2563
871,2120
871,1898
871,2591
871,2468
871,2260
871,897
871,1967
871,1733
872,2489
872,2631
872,2556
872,2562
872,2124
872,1125
872,1754
872,1121
872,1093
872,2451
872,1362
872,1720
872,2114
872,2406
872,1916
872,893
872,890
872,1359
872,894
872,891
872,886
872,2153
872,2149
872,1115
872,2481
872,2675
872,2094
873,2264
873,1754
873,1192
873,1193
873,1148
873,882
873,2295
873,2305
873,1141
873,2323
873,2343
873,2339
873,893
873,2120
873,1905
874,2304
874,879
874,2666
874,1187
874,1815
874,2644
874,1603
874,1803
874,2018
874,1105
874,1820
874,1808
874,1185
874,2141
874,1671
874,1272
874,1733
874,2003
874,1359
874,1362
874,1135
874,2015
874,2147
874,886
874,883
874,905
874,1160
874,2120
874,2593
874,1720
874,2563
874,2336
874,1532
874,1857
874,1388
875,2670
875,1944
875,2013
875,1938
875,2604
875,2540
875,1996
875,1952
875,1775
875,1600
875,2698
875,1936
875,2518
875,1784
875,2186
875,1333
875,1533
875,2233
875,1426
875,1621
875,1622
875,2436
875,2412
875,1980
875,2350
875,1962
875,2420
875,2435
875,1950
875,1937
875,1712
875,1945
875,2527
875,2161
875,2355
875,1639
875,2432
875,1947
875,1923
875,1959
875,1760
875,2404
876,2491
876,2229
876,2631
876,2485
876,1821
876,1644
876,1672
876,2629
876,1905
876,2487
876,1603
876,1947
876,2683
876,2198
876,2548
876,1801
876,2470
876,2646
876,1094
876,2447
876,1186
876,1596
876,2678
876,1902
876,2644
876,2256
876,1807
876,1447
876,1527
876,945
876,1110
876,1304
876,2650
876,2603
876,2488
876,1906
876,2627
876,1335
876,1917
876,2208
877,2601
877,879
877,1891
877,2455
877,1143
877,1145
877,2308
877,2278
877,2560
877,890
877,884
877,2153
877,2091
877,1185
877,1150
877,2301
877,1613
877,2001
877,896
877,2126
877,1359
877,2300
877,1167
877,905
877,1357
877,1730
877,2323
877,1198
877,2311
877,1147
877,1314
877,1540
877,1734
877,1916
877,1171
877,880
877,2447
877,895
878,1330
878,1178
878,1093
878,2315
878,2099
878,2594
878,2113
878,1896
878,2323
878,1836
878,1674
878,1242
878,1118
878,2098
878,1362
878,1847
878,2371
878,1036
878,1290
878,2260
878,2122
878,2020
878,2101
878,1788
878,1594
878,1592
878,1199
878,2363
878,2094
878,1523
878,1590
878,1584
878,1569
878,1525
878,1558
878,1245
878,1126
878,1513
879,2011
879,2651
879,1164
879,1105
879,1117
879,2557
879,2445
879,1362
879,2098
879,2311
879,1815
879,896
879,1359
879,899
879,1723
879,1740
879,2344
879,2447
879,895
879,891
879,883
879,2153
879,2149
879,1608
879,2308
879,2556
879,2553
879,2140
879,2260
879,1685
879,1361
879,2131
879,898
879,2644
880,2021
880,2486
880,2157
880,1507
880,2339
880,2487
880,2278
880,1303
880,2591
880,2560
880,2367
880,1608
880,890
880,2311
880,2331
880,1740
880,2153
880,2120
880,2344
880,1359
880,2000
880,2596
880,905
880,1916
880,2451
880,899
880,2147
880,1953
880,1146
880,883
880,2593
880,2674
880,1898
880,1112
880,888
880,2308
881,2305
881,2561
881,2674
881,2562
881,2593
881,885
881,889
881,1880
881,2599
881,2147
881,1743
881,1608
881,2307
881,2016
881,2448
881,2362
881,2343
881,888
881,2345
881,890
881,1354
881,1348
881,1213
881,1806
881,2311
881,1147
881,891
882,2489
882,2305
882,1743
882,2016
882,1133
882,1884
882,1724
882,1187
882,2448
882,1733
882,1815
882,2128
883,2601
883,2561
883,2306
883,1560
883,1815
883,1732
883,2682
883,2151
883,2307
883,2278
883,889
883,2560
883,2147
883,2153
883,2445
883,1185
883,2678
883,2339
883,1272
883,2480
883,2323
883,888
883,899
883,895
883,1733
883,957
883,2563
883,2553
883,2005
883,1115
883,2481
883,2489
883,1141
884,2676
884,2601
884,2428
884,2035
884,2682
884,1306
884,1201
884,2302
884,2675
884,1184
884,2491
884,891
884,1150
884,2120
884,2149
884,2316
884,2141
884,2561
884,2674
884,2092
884,1391
885,2011
885,1780
885,1738
885,1821
885,2027
885,1300
885,901
885,2606
885,886
885,2380
885,2039
885,2017
885,1729
885,2470
885,2276
885,2003
885,1330
885,2300
885,2006
885,2103
885,2680
885,1319
885,1366
885,2031
885,1837
885,1390
885,1367
885,2005
885,1326
885,915
885,1310
885,1305
885,1302
885,2603
885,1913
885,1379
885,2252
885,1312
885,903
885,902
885,900
885,949
885,927
885,2145
885,908
885,1383
886,2561
886,2311
886,1093
886,2557
886,2152
886,2121
886,2035
886,1815
886,2481
886,2278
886,2631
886,2144
886,2589
886,890
886,2542
886,1749
886,2304
886,2344
886,2553
886,1721
886,2426
886,905
886,2269
886,1754
886,1732
886,2120
886,2308
886,2083
886,897
887,1919
887,2054
887,2257
887,1991
887,1889
887,2711
887,2086
887,2150
887,2084
887,1157
887,2498
887,2154
887,2679
887,1827
887,1549
887,894
887,2400
887,2200
887,1521
887,2139
887,2256
887,1887
887,1911
887,1408
887,1576
887,1479
887,1451
887,2617
887,1453
887,1432
887,2213
887,1534
887,1340
887,2659
887,2262
887,2650
887,2219
887,2076
887,1436
887,2641
887,1477
887,1913
888,2447
888,2623
888,1720
888,890
888,2445
888,991
888,2052
888,2481
888,1608
888,2454
888,2595
888,2323
888,1359
888,905
888,2490
888,892
888,1721
888,896
888,2468
888,2307
888,1191
889,2601
889,2666
889,2561
889,2345
889,2557
889,2682
889,2339
889,1149
889,2307
889,1822
889,2451
889,2311
889,892
889,1721
889,1140
889,1916
889,2651
889,905
889,2124
889,1153
889,1307
889,894
889,1188
889,1378
889,1863
889,2154
889,893
889,1880
889,1762
889,2344
889,2028
889,2301
889,891
889,1126
889,2136
889,1360
889,1138
889,1623
890,2676
890,1742
890,1530
890,2205
890,2593
890,2682
890,2307
890,2560
890,1306
890,2304
890,2498
890,1608
890,1184
890,2445
890,1507
890,1119
890,2557
890,1203
890,892
890,2338
890,1359
890,2556
890,1754
890,1152
890,2278
890,2080
890,2141
890,1740
890,1546
890,1136
890,1815
890,2397
891,2305
891,2311
891,1093
891,2447
891,2278
891,2481
891,1306
891,1125
891,2147
891,1827
891,2463
891,1758
891,1326
891,2563
891,1740
891,1129
891,2307
891,2260
891,2403
891,2553
891,1112
891,1167
891,1120
891,1721
891,2294
891,1916
891,1819
891,2345
891,1734
891,1175
891,916
892,2557
892,2080
892,2304
892,1722
892,2447
892,1306
892,2680
892,2092
892,2675
892,1908
892,1727
892,1324
892,1130
892,2344
892,2553
892,1735
892,1153
892,2651
892,905
892,1111
892,1149
892,2343
892,2153
892,1183
892,1367
892,2120
892,897
892,1553
892,2397
893,2561
893,2556
893,2345
893,2311
893,2140
893,2674
893,2136
893,2682
893,2481
893,2447
893,2632
893,2158
893,2560
893,1739
893,2261
893,1740
893,2482
893,2150
893,2344
893,2139
893,2563
893,2594
893,1721
893,1362
893,952
893,1167
893,2141
893,2485
893,1321
893,899
893,905
893,2606
893,1141
893,2363
893,1183
893,2129
893,2307
893,2553
893,1359
893,1566
893,1179
893,2149
893,1567
893,1398
893,1144
893,2308
893,1338
893,1325
893,927
894,2082
894,1382
894,2308
894,2530
894,2092
894,2311
894,2214
894,2120
894,1668
894,1177
894,2094
894,1197
894,2126
894,896
894,1272
894,1734
894,2307
894,2560
894,2468
894,1820
894,2596
894,1885
894,1312
895,2463
895,2136
895,1753
895,2447
895,2307
895,1811
895,1892
895,2562
895,1162
895,2593
895,1720
895,2680
895,2542
895,2012
895,2444
895,2553
895,1916
895,1115
895,1341
895,1362
895,2122
895,1566
895,1305
895,2278
895,2260
895,897
895,2120
895,943
895,1093
896,2021
896,2556
896,2345
896,2594
896,2307
896,1306
896,1125
896,1157
896,2092
896,1162
896,2593
896,1720
896,2445
896,2141
896,2317
896,1671
896,1749
896,1167
896,1812
896,1118
896,2126
896,2553
896,2149
896,2344
896,905
896,1742
896,1916
896,2093
896,2102
896,2000
896,1311
896,1344
897,2011
897,2593
897,2099
897,1394
897,2339
897,2314
897,1823
897,2308
897,2560
897,1836
897,1125
897,2129
897,2331
897,1740
897,991
897,2678
897,2624
897,899
897,1161
897,979
897,2035
897,2682
897,2147
897,1892
897,1310
897,2481
897,2083
897,1192
898,1919
898,2311
898,2015
898,1300
898,1674
898,1162
898,2406
898,2562
898,1107
898,1362
898,2343
898,2308
898,2114
898,2338
898,2601
898,1747
898,1359
898,2566
898,905
898,1834
898,2563
898,2141
898,2678
898,2498
898,2595
898,2553
898,1583
898,1500
898,1880
898,1815
898,2300
898,2009
898,1885
898,2661
898,1776
899,2694
899,2666
899,2561
899,2119
899,2593
899,2136
899,1136
899,1815
899,2682
899,2447
899,1672
899,2017
899,1735
899,1894
899,2261
899,2129
899,1729
899,1648
899,2153
899,1150
899,2120
899,1179
899,2149
899,2451
899,2594
899,2012
899,2346
899,2301
899,2562
899,1107
899,1167
899,1193
899,1117
899,2141
899,1151
899,2344
899,1734
899,2563
899,2560
899,2138
899,1181
899,2018
900,1631
900,2578
900,1356
900,1370
900,2144
900,923
900,2137
900,2583
900,1761
900,978
900,2182
900,1606
900,981
900,964
900,2187
900,2255
900,993
900,998
900,1656
900,977
900,970
900,965
900,960
900,959
900,949
900,941
900,1658
900,922
900,912
900,911
900,907
900,967
900,1641
900,1678
901,924
901,1655
901,963
901,1380
901,974
901,957
901,946
901,936
901,950
901,1726
901,2023
901,1335
901,1316
901,1305
901,2262
901,1348
901,995
901,933
901,937
901,1648
901,980
901,923
901,977
901,2037
901,970
901,968
901,967
901,949
901,948
901,935
901,1314
901,926
901,922
901,996
901,930
901,927
901,1606
901,2430
901,2279
901,1632
901,1634
902,1997
902,2144
902,928
902,1647
902,1366
902,2257
902,988
902,974
902,2028
902,1810
902,995
902,1363
902,987
902,961
902,2643
902,2096
902,968
902,1389
902,965
902,962
902,982
902,1358
902,949
902,1355
902,1336
902,1469
902,924
902,985
902,2004
902,970
902,1346
902,1628
902,1638
902,907
902,1612
902,2459
902,1655
902,903
903,2287
903,1888
903,963
903,1308
903,2273
903,1303
903,928
903,2270
903,2137
903,1880
903,2172
903,971
903,2018
903,996
903,987
903,1319
903,1821
903,1918
903,2003
903,974
903,1818
903,1391
903,1360
903,1618
903,1325
903,934
903,933
903,2280
903,961
903,967
903,2421
903,966
903,2033
903,944
903,935
903,927
903,913
903,2088
903,2185
903,1399
903,2551
903,1633
903,1997
903,930
903,2579
903,2009
904,1650
904,1631
904,984
904,1355
904,2549
904,1800
904,982
904,1640
904,1363
904,987
904,964
904,966
904,1812
904,938
904,923
904,2145
904,957
904,1367
904,1304
904,1651
904,993
904,983
904,1357
904,933
904,980
904,2142
904,967
904,961
904,2137
904,962
904,913
904,2694
904,1378
904,908
904,1372
904,2191
904,1663
904,2227
904,958
904,948
904,930
904,977
905,2666
905,1686
905,2641
905,1300
905,2481
905,2307
905,2083
905,2109
905,1125
905,2498
905,2593
905,1720
905,2311
905,2678
905,2346
905,1167
905,2563
905,2038
905,2310
905,2123
905,1724
905,2343
905,1141
905,2338
905,1740
905,1158
905,1815
905,2080
905,2198
905,1314
906,972
906,950
906,951
906,2008
906,946
906,993
906,919
906,966
906,1318
906,989
906,917
906,964
906,965
906,962
906,1833
906,987
906,1941
906,954
906,979
906,2028
906,947
906,944
906,941
906,1376
906,1658
906,971
906,929
906,913
906,1381
906,911
906,908
906,996
906,1372
906,2707
906,973
906,2628
907,999
907,950
907,1602
907,1334
907,1308
907,973
907,930
907,2026
907,966
907,2262
907,978
907,1395
907,934
907,2643
907,1656
907,951
907,989
907,983
907,933
907,980
907,1338
907,962
907,949
907,947
907,2424
907,967
907,918
907,1371
907,964
907,917
907,990
907,953
907,2551
907,961
908,2021
908,1941
908,2683
908,2677
908,1997
908,1816
908,1303
908,2142
908,2706
908,973
908,1666
908,914
908,1308
908,953
908,910
908,1617
908,1664
908,2018
908,1642
908,2000
908,2164
908,1318
908,977
908,946
908,1399
908,1806
908,1334
908,958
908,2144
908,969
908,965
908,996
908,949
908,917
908,1669
908,947
908,921
908,1630
908,933
908,1629
909,994
909,924
909,2050
909,2351
909,1624
909,2235
909,2578
909,2045
909,2703
909,1651
909,989
909,1621
909,1623
909,2495
909,1640
909,2229
909,1618
909,2127
909,1469
909,1610
909,1611
909,2269
909,1655
909,1326
909,2548
909,2010
909,1634
909,2359
910,2287
910,924
910,2458
910,2272
910,2127
910,1355
910,2429
910,1654
910,2577
910,972
910,1651
910,2268
910,2462
910,960
910,941
910,922
910,918
910,2586
910,970
910,1649
910,1346
910,2019
910,2266
910,2184
910,1612
910,2585
911,2021
911,1883
911,982
911,1889
911,2127
911,963
911,1601
911,1356
911,2703
911,1334
911,2144
911,1602
911,923
911,2198
911,966
911,987
911,978
911,2643
911,914
911,1606
911,953
911,2426
911,2284
911,950
911,1823
911,2145
911,961
911,974
911,1367
911,1824
911,1350
911,990
911,949
911,918
911,1336
911,1638
911,964
911,1643
911,2168
911,972
911,1360
911,2549
911,2355
911,1388
911,989
911,1376
912,999
912,950
912,982
912,1334
912,1308
912,2144
912,1648
912,978
912,2643
912,1656
912,1606
912,1396
912,953
912,966
912,2423
912,937
912,993
912,934
912,921
912,1363
912,1300
912,967
912,1641
912,983
912,925
912,1665
912,960
912,2413
912,956
912,996
912,955
913,972
913,982
913,2127
913,963
913,1816
913,923
913,966
913,985
913,1769
913,1663
913,978
913,1606
913,964
913,986
913,2707
913,1640
913,1304
913,1679
913,1393
913,2266
913,919
913,1392
913,918
913,990
913,989
913,999
913,1678
913,949
913,944
913,998
913,940
913,935
913,1804
913,929
913,988
913,941
913,937
913,1902
913,983
914,1049
914,950
914,1381
914,2173
914,1356
914,2022
914,2164
914,2144
914,1335
914,971
914,1640
914,985
914,1326
914,1671
914,1319
914,1398
914,1328
914,933
914,1334
914,946
914,977
914,960
914,944
914,1658
914,1881
914,927
914,1606
914,978
914,1965
914,1383
914,2420
914,1353
914,1838
915,2491
915,2237
915,1393
915,1381
915,2027
915,1809
915,2632
915,2435
915,2629
915,2631
915,1628
915,1822
915,1396
915,1881
915,1821
915,1336
915,1918
915,2617
915,1652
915,1361
915,1355
915,2131
915,1303
915,2008
915,1350
915,1387
915,1340
915,1331
915,1903
915,1339
915,1341
915,2602
915,1313
915,2253
915,2362
915,1392
915,2426
915,2328
915,1367
915,1354
915,1965
915,1648
915,1606
915,1304
915,2088
915,2183
915,1883
915,2174
916,2441
916,2222
916,1941
916,1796
916,1771
916,2228
916,2171
916,1830
916,2487
916,1606
916,2191
916,2215
916,2700
916,2249
916,1936
916,2484
916,2358
916,2177
916,1533
916,2697
916,2263
916,1321
916,2291
916,1137
916,2592
916,2204
916,2502
916,1920
916,2282
916,1797
916,1793
916,1659
916,2187
916,2189
916,2326
916,2361
916,1779
916,2239
916,2433
916,1948
916,2333
916,2042
916,2527
916,1833
916,2706
916,1639
916,1923
916,1955
916,1653
916,2526
916,1926
916,1933
916,1457
916,1942
917,1883
917,999
917,2127
917,1997
917,963
917,1308
917,971
917,2605
917,1656
917,964
917,1344
917,937
917,2603
917,2025
917,969
917,957
917,961
917,992
917,989
917,959
917,956
917,1640
917,935
917,996
917,949
917,1307
917,931
917,927
917,970
917,967
917,918
917,2028
917,953
917,1658
917,1376
918,924
918,1393
918,1676
918,2165
918,2164
918,2144
918,2413
918,2707
918,1949
918,1656
918,2284
918,2096
918,935
918,2424
918,1357
918,2275
918,946
918,1369
918,943
918,1372
918,936
918,983
918,1310
918,1606
918,927
918,1822
918,949
918,1633
918,1396
919,2273
919,963
919,1816
919,2249
919,1334
919,2268
919,930
919,1648
919,2420
919,966
919,2033
919,2643
919,1346
919,953
919,977
919,1606
919,2285
919,1628
919,2270
919,974
919,957
919,951
919,945
919,2009
919,1385
919,1305
919,933
919,992
919,1377
919,989
919,980
919,1658
919,979
919,970
919,959
919,940
919,1325
919,931
919,929
919,2368
919,1301
919,2356
919,998
920,2670
920,1355
920,1624
920,2274
920,1380
920,1320
920,2156
920,1322
920,1369
920,2464
920,1900
920,1303
920,1816
920,970
920,948
920,940
920,975
920,1660
920,2173
920,2549
920,2267
920,1673
920,1127
920,1396
920,1678
920,2586
920,1643
920,2174
920,2551
920,2035
920,1659
920,1612
920,1340
920,2703
920,933
920,2418
920,1634
921,1997
921,2157
921,1356
921,2577
921,971
921,1363
921,975
921,1341
921,1643
921,976
921,1399
921,934
921,992
921,1642
921,925
921,968
921,2144
921,922
921,958
921,1335
921,1372
922,2631
922,1334
922,2144
922,1603
922,2137
922,930
922,1366
922,2033
922,1808
922,964
922,1607
922,2480
922,977
922,974
922,933
922,998
922,990
922,936
922,983
922,981
922,2145
922,1658
922,979
922,1342
922,954
922,1372
922,993
922,2168
922,1347
922,2026
922,959
922,1935
922,965
922,2262
922,1389
922,1383
922,947
922,1308
922,2182
922,967
922,1678
923,1650
923,1631
923,972
923,982
923,2273
923,1997
923,963
923,2022
923,2144
923,2259
923,2666
923,974
923,1965
923,1213
923,993
923,2470
923,966
923,2045
923,964
923,1308
923,979
923,2526
923,1304
923,2142
923,967
923,965
923,962
923,1654
923,949
923,947
923,1393
923,2145
923,960
923,1888
923,948
923,1606
923,1663
923,985
923,2019
923,1658
923,2269
924,972
924,2307
924,2256
924,946
924,1393
924,1824
924,993
924,2643
924,977
924,967
924,999
924,965
924,1816
924,962
924,2144
924,948
924,944
924,940
924,1658
924,978
924,2145
924,996
924,1606
924,2453
924,1372
924,2183
924,969
924,2618
924,929
924,1802
924,2272
924,934
924,2583
924,2127
924,954
924,1633
924,2311
924,953
924,1632
925,1631
925,999
925,963
925,2606
925,1803
925,1445
925,2453
925,1808
925,2459
925,964
925,1646
925,976
925,935
925,1641
925,1829
925,2028
925,1367
925,958
925,970
925,1606
925,948
925,978
925,1213
925,940
925,953
925,1658
925,968
926,1380
926,1334
926,1308
926,1673
926,1648
926,2643
926,1656
926,928
926,1351
926,953
926,981
926,1665
926,1641
926,966
926,1671
926,2705
926,974
926,969
926,1369
926,1367
926,2209
926,940
926,965
926,961
926,931
926,967
926,1338
926,992
927,1356
927,2103
927,2675
927,1929
927,1656
927,2544
927,1361
927,2254
927,935
927,1752
927,1810
927,937
927,2275
927,2008
927,1536
927,969
927,1839
927,931
927,986
927,1374
927,2027
927,2221
927,960
927,955
927,938
927,1353
927,2579
927,1398
927,2131
927,967
927,2707
927,961
927,1349
927,2024
927,995
927,951
928,972
928,2464
928,1644
928,1370
928,2144
928,2006
928,2198
928,2633
928,974
928,1389
928,1341
928,1316
928,1307
928,2600
928,1830
928,1825
928,943
928,933
928,1354
928,966
928,2164
928,1388
928,970
928,1387
928,959
928,956
928,944
928,2145
928,2354
928,996
928,1997
928,930
928,1621
928,2183
928,1647
928,1652
928,998
929,2287
929,1617
929,2670
929,982
929,1997
929,963
929,1308
929,966
929,978
929,1631
929,2019
929,2178
929,1658
929,937
929,2707
929,1640
929,961
929,1591
929,936
929,1625
929,946
929,993
929,958
929,998
929,968
929,1646
929,967
929,965
929,988
929,941
929,989
929,970
929,960
929,1363
929,2430
929,931
930,2287
930,982
930,1997
930,1370
930,1308
930,2577
930,2137
930,2149
930,2001
930,1357
930,1316
930,993
930,980
930,965
930,1918
930,931
930,970
930,2285
930,1800
930,1656
930,2267
930,2190
930,2331
930,2707
930,1349
930,1611
930,1665
930,1641
930,2024
930,990
930,1365
930,1635
931,1049
931,999
931,1355
931,2413
931,985
931,978
931,1656
931,1351
931,1646
931,2187
931,2266
931,966
931,2144
931,969
931,2011
931,1322
931,993
931,1428
931,958
931,989
931,1356
931,933
931,980
931,967
931,1678
931,976
931,947
931,1726
931,1662
931,962
931,1997
931,963
931,959
931,943
932,1430
932,1270
932,2695
932,2645
932,1433
932,2078
932,2671
932,1486
932,1220
932,2536
932,2052
932,1045
932,1589
932,2513
932,2386
932,1446
932,2293
932,1434
932,2322
932,1241
932,1979
932,1999
932,2250
932,2391
932,1516
933,2287
933,1394
933,1199
933,1308
933,996
933,2021
933,1363
933,987
933,976
933,984
933,937
933,945
933,2254
933,943
933,934
933,947
933,944
933,983
933,960
933,1330
933,954
933,1633
933,2549
934,1738
934,982
934,2453
934,1363
934,1346
934,1649
934,2019
934,964
934,950
934,2576
934,1658
934,1656
934,951
934,968
934,1328
934,947
934,976
934,1634
934,1352
934,1356
935,2670
935,2287
935,982
935,1835
935,1363
935,2023
935,2643
935,1319
935,938
935,976
935,1656
935,977
935,1658
935,957
935,946
935,945
935,2585
935,936
935,1399
935,1385
935,1356
935,968
935,1652
935,961
935,966
935,944
935,941
935,974
935,1606
935,2145
935,1665
935,2266
935,1937
935,1646
936,1347
936,2511
936,2602
936,1648
936,1837
936,1366
936,987
936,1395
936,2579
936,950
936,1338
936,2603
936,2276
936,940
936,962
936,1818
936,951
936,1314
936,1321
936,992
936,993
936,1669
936,938
937,950
937,1997
937,1676
937,1394
937,2144
937,1891
937,1656
937,981
937,966
937,2188
937,1658
937,957
937,995
937,993
937,958
937,961
937,2280
937,2634
937,989
937,2255
937,983
937,977
937,1391
937,968
937,2178
937,956
937,1822
937,1352
937,959
938,1631
938,972
938,950
938,2273
938,2549
938,2261
938,2226
938,981
938,1649
938,2424
938,969
938,945
938,1379
938,1302
938,1812
938,2547
938,995
938,992
938,980
938,959
938,954
938,947
938,1365
938,2265
938,2397
938,2009
938,1800
938,2576
938,1616
939,1757
939,1636
939,1889
939,2342
939,1394
939,2511
939,1303
939,2316
939,2363
939,2205
939,2103
939,1909
939,2259
939,1893
939,2617
939,2005
939,2096
939,2131
939,1368
939,2358
939,1388
939,1374
939,2285
939,1800
939,1344
939,1825
939,1340
939,1898
939,1801
939,2286
939,2488
939,1324
939,1329
939,1907
939,1325
939,1323
939,1397
939,1389
939,2611
939,2253
939,1304
939,1821
939,1918
939,1804
939,2208
939,2027
939,1348
939,1833
939,2397
939,1645
939,1839
939,1354
939,1301
939,2288
939,1317
939,2718
939,2216
939,2022
939,1828
939,2486
939,2125
939,1349
939,2430
940,984
940,2287
940,1355
940,2226
940,2144
940,2584
940,1656
940,1387
940,964
940,953
940,977
940,1628
940,1624
940,988
940,945
940,1338
940,980
940,976
940,1352
940,1305
940,944
940,1664
940,959
940,1396
940,1678
940,983
940,961
940,1679
940,963
941,1883
941,2029
941,1644
941,1355
941,1308
941,2268
941,1651
941,2680
941,2643
941,971
941,2144
941,2285
941,1965
941,1641
941,2429
941,956
941,955
941,1605
941,947
941,2142
941,967
941,960
941,1336
941,2137
941,962
941,2175
942,2631
942,1686
942,1530
942,1570
942,2711
942,1668
942,1248
942,1526
942,2684
942,2102
942,1554
942,1597
942,1598
942,1525
942,1253
942,1292
942,1228
942,1857
942,2259
942,2132
942,2617
942,2588
942,2407
942,1619
942,1890
942,1287
942,1472
942,2214
942,1459
942,2717
942,1455
942,1574
942,2544
942,1840
942,1960
943,1602
943,1644
943,2144
943,1656
943,981
943,996
943,2423
943,1816
943,2145
943,961
943,1386
943,1903
943,974
943,2355
943,945
943,995
943,958
943,990
943,947
943,959
943,1662
943,980
943,1638
943,979
943,956
943,1387
943,2280
943,1669
943,1341
943,965
943,977
943,989
943,2269
944,999
944,1355
944,1997
944,2137
944,1673
944,1648
944,996
944,2584
944,1663
944,2582
944,961
944,1726
944,974
944,972
944,1348
944,1656
944,998
944,2355
944,992
944,2145
944,970
944,965
944,1606
944,948
944,982
944,1363
944,2266
944,2226
944,2696
944,1356
944,2343
945,972
945,2429
945,2226
945,1306
945,973
945,2413
945,964
945,1891
945,2643
945,2126
945,1642
945,2031
945,988
945,969
945,968
945,1335
945,959
945,954
945,1658
945,2687
945,994
945,1605
945,1334
945,1663
945,958
945,1372
945,1638
945,2276
945,960
945,970
946,1738
946,963
946,2682
946,1356
946,2703
946,2156
946,1335
946,1673
946,996
946,2256
946,951
946,1365
946,2658
946,1348
946,1359
946,1312
946,993
946,2285
946,965
946,1822
946,1396
946,1349
946,970
946,956
946,957
947,984
947,2169
947,1334
947,1179
947,973
947,2549
947,2643
947,1606
947,996
947,976
947,2019
947,1380
947,957
947,993
947,989
947,983
947,1308
947,979
947,970
947,1667
947,962
947,981
947,2022
947,988
947,2424
947,1661
947,956
947,980
947,2426
948,982
948,1661
948,963
948,2420
948,2426
948,1665
948,988
948,974
948,1398
948,1352
948,1354
948,1307
948,995
948,993
948,989
948,2256
948,959
948,955
948,954
948,1667
948,962
948,957
948,1344
948,968
948,979
948,1656
948,998
948,1348
948,1658
948,1329
948,983
948,2359
949,984
949,950
949,1997
949,1816
949,1334
949,2383
949,2583
949,2103
949,2262
949,2544
949,996
949,2643
949,1385
949,1678
949,1642
949,2030
949,1392
949,2265
949,962
949,1641
949,1643
949,961
949,958
949,2025
949,2597
949,2703
949,957
949,1305
949,1386
949,2453
949,998
949,990
949,1344
949,968
949,2036
949,955
949,1383
949,970
950,2287
950,972
950,957
950,2418
950,963
950,1351
950,1391
950,1379
950,1370
950,1340
950,2032
950,2226
950,990
950,989
950,1371
950,983
950,1314
950,2587
950,1308
950,979
950,977
950,962
950,1997
950,1352
950,976
950,2576
950,1606
950,2618
950,2235
950,1664
950,2453
950,998
950,2643
950,1625
950,1640
950,1675
950,2000
950,2582
950,2359
951,1602
951,1393
951,2511
951,1126
951,1830
951,1355
951,2131
951,987
951,1375
951,978
951,2643
951,975
951,2303
951,964
951,1918
951,2017
951,976
951,1658
951,1656
951,1365
951,2174
951,1301
951,958
951,968
951,2170
951,1372
951,2188
951,980
951,993
951,1660
951,2021
951,1342
951,1906
951,1836
952,1985
952,1919
952,2140
952,2205
952,2125
952,1125
952,1603
952,1894
952,2261
952,1863
952,1744
952,1231
952,2039
952,2300
952,1902
952,2256
952,2597
952,2679
952,1426
952,1911
952,1909
952,1311
952,2661
952,1807
952,1188
952,1827
952,1459
952,1451
952,1344
952,1352
952,1309
952,1397
952,2535
952,2253
952,2488
952,2650
952,1838
952,1913
952,2480
952,1335
952,1917
953,982
953,1347
953,1607
953,996
953,964
953,2039
953,1818
953,1325
953,1317
953,1302
953,961
953,992
953,989
953,2255
953,983
953,965
953,956
953,1646
953,1367
953,1658
953,1308
953,962
953,1641
953,2036
953,2576
954,982
954,1308
954,2172
954,1335
954,966
954,1646
954,964
954,1810
954,2024
954,1377
954,1334
954,958
954,989
954,965
954,963
954,1339
954,955
954,995
954,998
954,970
954,968
954,2167
954,2014
954,2253
955,2118
955,2273
955,1891
955,2032
955,2577
955,1363
955,1351
955,981
955,976
955,1665
955,2543
955,993
955,2280
955,1816
955,1675
955,1832
955,1343
955,2424
955,1664
956,1922
956,1997
956,1356
956,1661
956,2033
956,987
956,2267
956,2643
956,1326
956,2006
956,2423
956,1663
956,977
956,2579
956,1824
956,2421
956,2233
956,2681
956,989
956,983
956,2184
956,962
956,2707
956,968
956,984
956,2629
956,2535
956,2351
956,1646
956,988
956,1648
956,1370
956,1393
956,2145
956,970
957,1738
957,987
957,1646
957,976
957,1344
957,984
957,966
957,1303
957,974
957,1302
957,962
957,959
957,999
957,2174
957,995
957,1300
957,971
957,2643
957,1374
957,998
957,2154
957,979
957,1333
957,2144
957,969
957,2191
957,985
957,1361
957,1821
957,1398
957,977
958,984
958,973
958,971
958,1729
958,1726
958,1648
958,1817
958,1363
958,966
958,978
958,1661
958,2193
958,1641
958,1679
958,1388
958,1304
958,970
958,959
958,2551
958,992
958,1816
958,964
958,2031
958,968
958,1377
958,2461
958,995
959,2599
959,1656
959,1628
959,1641
959,1308
959,979
959,962
959,960
959,1653
959,2026
959,1321
959,969
959,989
959,978
959,1625
959,1658
959,1356
959,1638
960,2546
960,2222
960,984
960,1888
960,1600
960,2022
960,1308
960,2144
960,2137
960,2460
960,996
960,1326
960,975
960,2039
960,2344
960,2173
960,989
960,983
960,968
960,1373
960,2215
960,2191
960,2705
960,967
960,979
960,1317
960,2429
960,1653
960,974
960,1606
960,962
960,970
960,1628
961,2127
961,2083
961,1505
961,985
961,1906
961,1665
961,1816
961,2145
961,1648
961,967
961,2285
961,1352
961,1350
961,1381
961,1656
961,998
961,1308
961,979
962,2421
962,1602
962,1670
962,1666
962,973
962,1801
962,966
962,981
962,1658
962,2024
962,969
962,1321
962,1363
962,987
962,1338
962,979
962,2273
962,1662
962,980
962,1638
962,988
962,1641
962,970
962,1656
963,2272
963,1300
963,1726
963,2023
963,993
963,1387
963,990
963,1648
963,979
963,969
963,2144
963,1880
963,987
963,1656
963,1658
963,1305
963,1818
963,1393
963,970
963,2145
963,1360
963,2453
963,1372
963,2584
963,981
963,1639
964,999
964,984
964,982
964,1991
964,2035
964,1356
964,2500
964,1602
964,1386
964,2453
964,2017
964,1726
964,966
964,2397
964,978
964,1656
964,2643
964,1333
964,1606
964,2285
964,1305
964,990
964,1659
964,980
964,1342
964,1604
964,1601
964,2183
964,967
964,1640
964,1622
964,1346
964,1652
965,1922
965,1394
965,2458
965,2103
965,2707
965,2262
965,987
965,2144
965,2047
965,2643
965,1832
965,1396
965,2303
965,2549
965,2141
965,977
965,1658
965,1628
965,1342
965,1314
965,1383
965,995
965,968
965,2184
965,989
965,1376
965,1800
965,1606
965,1393
965,2266
966,984
966,2032
966,1334
966,1308
966,2592
966,1335
966,993
966,992
966,980
966,979
966,2643
966,1356
966,968
966,982
966,1661
966,1300
966,1396
966,1800
966,1606
966,2262
966,2707
966,1610
967,972
967,2345
967,1997
967,1644
967,1816
967,2644
967,2022
967,2643
967,1646
967,1640
967,1388
967,970
967,998
967,2629
967,1659
967,980
967,1638
967,1818
967,1630
967,988
967,1620
967,2165
967,1653
967,974
967,1606
967,990
968,1657
968,994
968,1997
968,1334
968,971
968,1363
968,2033
968,2019
968,1355
968,1646
968,2423
968,2551
968,2028
968,1301
968,983
968,2144
968,1659
968,980
968,1679
968,2036
968,969
968,1610
968,1605
968,2266
968,1629
968,2287
968,1833
968,1309
968,1308
969,999
969,2127
969,1381
969,982
969,2154
969,1832
969,1646
969,1823
969,977
969,2088
969,1818
969,1356
969,1309
969,1345
969,1322
969,993
969,1656
969,998
969,983
969,1372
969,1667
969,2137
969,1662
969,1726
969,1997
970,984
970,982
970,2167
970,1356
970,2666
970,2022
970,2144
970,1997
970,2707
970,2286
970,985
970,2659
970,978
970,2643
970,1326
970,1344
970,2254
970,2551
970,2266
970,1363
970,2139
970,981
970,2145
970,1646
970,2036
970,974
970,1353
970,1389
970,2019
970,1738
970,2253
970,2481
971,999
971,2458
971,982
971,1366
971,1357
971,1307
971,991
971,1810
971,1363
971,1321
971,992
971,1353
971,984
971,1399
971,976
971,998
971,1656
971,2267
971,2687
971,1752
971,1658
971,2551
971,2696
972,1891
972,1313
972,1323
972,1648
972,979
972,977
972,2144
972,2707
972,2351
972,978
972,2435
972,1650
972,2286
972,1628
972,2268
972,2127
972,1666
972,2551
972,1632
973,2287
973,1602
973,2032
973,2577
973,988
973,1650
973,2424
973,2271
973,2268
973,2610
973,1640
973,1652
973,2164
973,1662
973,1628
973,2272
973,1661
973,2583
973,1643
973,2019
973,981
973,2579
973,2266
973,1638
974,984
974,1997
974,1394
974,1320
974,1308
974,2420
974,987
974,2006
974,1656
974,977
974,1905
974,2145
974,1352
974,1381
974,993
974,2182
974,1115
974,1309
974,980
974,979
974,2183
974,2707
974,1349
974,1325
974,1376
974,1355
974,1646
975,1358
975,1300
975,2625
975,1819
975,2164
975,2516
975,1621
975,2470
975,1335
975,1533
975,1368
975,1660
975,1369
975,1833
975,2677
975,1610
975,1390
975,1607
975,2230
975,1937
975,2420
975,1353
975,2220
975,1662
975,1360
975,2118
975,1924
975,2582
975,2175
975,1829
975,1629
975,1657
975,1366
975,978
975,2659
975,2174
975,2548
975,2546
975,1673
975,1677
975,2254
975,2191
976,2021
976,984
976,2549
976,1320
976,2632
976,2165
976,1363
976,1640
976,985
976,987
976,1606
976,2606
976,1818
976,1377
976,993
976,992
976,1335
976,2017
976,2483
976,1656
976,1365
976,1665
976,2275
977,984
977,982
977,1997
977,2195
977,2167
977,1380
977,2602
977,1647
977,2516
977,2453
977,1363
977,2707
977,987
977,2188
977,1388
977,1357
977,1360
977,1965
977,995
977,993
977,980
977,979
977,1353
977,2023
977,2266
977,981
977,2145
977,1638
978,2421
978,999
978,2032
978,1816
978,1356
978,1334
978,1308
978,2496
978,2144
978,2137
978,996
978,987
978,988
978,998
978,992
978,990
978,2643
978,2705
978,2145
978,1654
978,984
978,1372
978,2050
978,1371
978,2694
978,1336
978,1641
978,2028
978,2586
978,1643
979,984
979,1997
979,2167
979,1387
979,1344
979,1816
979,1628
979,988
979,1640
979,1352
979,1824
979,980
979,2168
979,1629
979,2182
979,2275
979,2273
979,995
979,2470
979,1389
979,1367
979,2033
980,2205
980,1997
980,1356
980,1326
980,1646
980,1917
980,1658
980,1810
980,1341
980,2005
980,2145
980,995
980,2167
980,992
980,1631
980,1349
980,993
980,1344
980,2165
980,2576
981,2421
981,999
981,2631
981,1997
981,1356
981,2460
981,2707
981,2064
981,1663
981,2235
981,2000
981,1341
981,984
981,1816
981,1646
981,1396
981,2144
981,2560
981,2137
981,1376
981,2643
981,1656
981,998
981,1606
981,1371
981,1318
981,1333
981,1662
981,2696
981,996
981,1372
982,984
982,1891
982,2566
982,2028
982,1368
982,1335
982,2421
982,2033
982,2643
982,999
982,1816
982,1650
982,996
982,2285
982,1606
982,1334
982,1623
982,1647
982,1665
982,1620
983,2167
983,2271
983,1651
983,985
983,2274
983,1642
983,2286
983,2145
983,1385
983,1338
983,1307
983,2183
983,2718
983,1661
983,1356
983,1363
983,1335
983,1678
984,2021
984,2567
984,1376
984,2285
984,1393
984,1313
984,2480
984,1312
984,998
984,1363
984,2643
984,1816
984,1656
984,2145
984,1356
984,996
984,2280
984,1336
984,2164
984,992
984,1768
984,1949
984,1346
984,1610
985,2287
985,2458
985,1381
985,1997
985,1664
985,1355
985,2577
985,2144
985,2137
985,2583
985,2453
985,1323
985,1366
985,990
985,1656
985,2145
985,1618
985,1371
985,1364
985,2581
985,1641
985,1679
985,1662
985,2582
985,2280
986,2694
986,2486
986,2171
986,1393
986,1381
986,2452
986,1670
986,1370
986,2235
986,2629
986,2483
986,2591
986,1303
986,1206
986,1784
986,1881
986,1830
986,1387
986,1930
986,2131
986,1375
986,2632
986,2535
986,1608
986,1673
986,2008
986,2259
986,1818
986,1397
986,2618
986,1357
986,1374
986,1369
986,1360
986,1810
986,1354
986,2226
986,1353
986,1350
986,1997
986,1900
986,1318
986,1321
986,2110
986,2592
986,1331
986,1314
986,2022
986,1828
986,1826
986,2697
986,2600
986,1339
986,1824
986,2705
986,1312
986,1402
986,990
986,1800
986,2285
986,2605
986,2217
986,1631
986,1825
986,2603
986,1633
987,2287
987,1631
987,999
987,2029
987,2035
987,2632
987,1726
987,1380
987,1344
987,1329
987,1310
987,1360
987,998
987,1656
987,2030
987,2480
987,988
987,2026
987,992
987,1346
987,1605
988,2666
988,1602
988,1908
988,1646
988,1658
988,995
988,1349
988,2037
989,2247
989,1355
989,1997
989,1386
989,1380
989,1356
989,1653
989,1394
989,1648
989,1949
989,1640
989,1625
989,1656
989,1606
989,1641
989,2266
989,1317
989,1903
989,993
989,2587
989,2296
989,2032
989,2659
989,1445
989,1629
989,1816
989,2014
989,995
989,2694
990,1370
990,2167
990,1837
990,2420
990,2577
990,2421
990,2610
990,1658
990,2584
990,1647
990,1364
990,1346
990,2145
990,2267
990,998
990,1678
990,1629
990,1363
990,996
990,2270
990,1356
990,1638
990,1334
991,1796
991,1780
991,2132
991,1905
991,1428
991,2327
991,2150
991,2017
991,1957
991,1836
991,1892
991,2261
991,1378
991,2154
991,1837
991,2702
991,1757
991,1563
991,1172
991,1231
991,1910
991,1809
991,1324
991,2003
991,2096
991,1397
991,1894
991,2088
991,1891
991,1309
991,1304
991,1812
991,2486
991,2680
991,2253
991,2650
991,2603
991,1624
991,2303
991,2328
991,1533
991,2600
991,1339
991,1824
991,2286
991,2480
991,1826
991,1806
991,1373
991,1381
991,2254
992,2666
992,1820
992,2027
992,1644
992,2144
992,2272
992,2131
992,1213
992,2185
992,1665
992,1398
992,998
992,1658
992,1356
992,1349
992,1334
992,2096
992,1647
992,2423
992,1206
993,1738
993,1997
993,1640
993,1326
993,2145
993,2586
993,2280
993,1658
993,1893
993,1318
993,1949
994,2670
994,1049
994,1566
994,2464
994,1377
994,1309
994,1757
994,1617
994,1811
994,2280
994,1371
994,2694
994,1821
994,1336
994,1985
994,1888
994,1315
994,2618
994,2686
994,1813
994,1358
994,1622
994,2543
994,2220
994,2195
994,1829
994,2215
994,1633
994,2191
994,2579
994,2253
994,1380
994,2065
994,2356
994,2178
994,2461
994,2440
994,1761
994,2176
994,2142
994,1948
994,2297
994,2247
995,2144
995,2198
995,1656
995,1660
995,1810
995,1806
995,2230
995,1308
995,1898
995,1647
995,1605
996,1997
996,2144
996,2003
996,1810
996,1363
996,1648
996,2173
996,1656
996,1918
996,999
996,1375
996,1338
996,1049
996,1331
996,1658
996,1346
997,2162
997,1430
997,2640
997,1989
997,1795
997,2612
997,1220
997,2325
997,2713
997,2689
997,2688
997,1409
997,2243
997,2521
997,2493
997,1086
997,1433
997,1045
997,1297
997,2369
997,1481
997,1457
997,1451
997,2693
997,1432
997,1415
997,1401
997,2332
997,1994
997,2293
997,1420
997,1970
997,1458
997,2665
998,1393
998,1670
998,2632
998,2039
998,1834
998,1646
998,1369
998,1679
998,2226
998,1638
998,1606
998,2024
998,1390
998,1837
998,2025
998,1650
998,1321
998,1392
999,1902
999,1351
999,2643
999,2659
999,1606
999,1653
999,2168
999,1372
999,1664
999,2577
1000,1870
1000,1028
1000,1332
1000,1710
1000,1073
1000,1053
1000,1030
1000,1037
1000,1034
1000,1020
1000,1876
1000,2382
1000,1844
1000,1081
1000,1155
1000,2510
1000,1057
1000,1021
1000,1687
1000,1440
1000,1089
1000,1080
1000,1009
1000,1099
1000,1002
1000,1036
1000,1064
1000,1011
1000,1056
1000,1016
1000,1694
1000,1032
1000,1708
1000,1029
1000,1702
1000,1019
1000,1573
1000,1201
1000,1588
1000,1074
1000,1850
1000,1076
1000,2531
1000,2240
1000,1013
1000,1692
1000,1401
1001,1870
1001,1867
1001,1698
1001,1688
1001,1689
1001,1018
1001,1684
1001,1099
1001,1052
1001,2532
1001,1696
1001,1035
1001,2395
1001,1079
1001,1020
1001,1054
1001,1713
1001,1008
1001,1707
1001,1096
1001,1687
1001,1750
1001,1703
1001,1045
1001,1092
1001,1074
1001,1027
1001,1683
1001,1871
1001,1714
1001,2100
1001,1019
1001,2476
1001,1697
1001,1086
1001,1060
1001,1953
1001,1050
1002,1076
1002,2385
1002,1084
1002,2536
1002,1062
1002,1043
1002,1681
1002,1694
1002,2100
1002,1872
1002,1719
1002,1288
1002,1011
1002,1690
1002,2376
1002,2340
1002,1098
1002,1030
1002,1042
1002,1931
1002,1235
1002,1077
1002,1039
1002,1034
1002,1025
1002,1699
1002,1020
1002,1004
1002,1877
1002,1280
1002,1274
1002,1692
1002,1013
1002,2371
1002,1203
1002,1700
1002,1092
1002,1750
1002,1071
1002,1068
1002,1056
1002,1050
1002,2390
1002,1032
1002,1225
1002,1031
1002,1023
1002,1022
1002,1873
1002,1554
1002,1074
1002,1268
1003,1028
1003,1706
1003,1006
1003,1688
1003,1689
1003,1043
1003,1701
1003,1052
1003,1719
1003,1332
1003,1711
1003,1542
1003,1072
1003,1931
1003,1051
1003,1042
1003,1236
1003,1050
1003,1708
1003,1714
1003,1700
1003,1047
1003,1083
1003,1054
1003,1039
1003,1060
1003,1013
1003,1005
1003,1064
1003,1693
1003,1596
1003,1703
1003,1024
1003,1092
1003,1687
1003,1018
1003,1406
1004,1865
1004,1705
1004,1076
1004,2385
1004,1750
1004,1062
1004,1046
1004,1701
1004,1706
1004,1095
1004,2111
1004,1030
1004,1073
1004,1060
1004,1058
1004,1040
1004,1038
1004,1037
1004,1289
1004,1195
1004,1682
1004,1719
1004,1155
1004,1055
1004,1008
1004,1440
1004,1091
1004,1034
1004,1237
1004,1332
1004,1050
1004,1710
1004,1873
1004,1262
1004,1032
1004,1714
1004,1506
1004,1036
1004,2258
1004,1879
1004,1691
1004,2396
1004,1683
1004,1260
1004,2391
1005,1705
1005,1080
1005,1099
1005,1009
1005,1006
1005,1698
1005,1707
1005,1689
1005,1046
1005,1043
1005,1681
1005,1021
1005,1248
1005,1201
1005,1682
1005,2630
1005,1690
1005,1010
1005,1703
1005,2377
1005,1699
1005,1242
1005,1561
1005,1026
1005,1037
1005,1038
1005,1019
1005,1027
1005,1051
1005,1075
1005,1708
1005,1020
1005,1687
1006,2384
1006,2360
1006,1080
1006,1254
1006,1009
1006,1044
1006,1045
1006,1697
1006,1866
1006,1075
1006,1059
1006,1053
1006,1077
1006,1034
1006,1684
1006,1711
1006,1680
1006,2590
1006,1265
1006,1250
1006,1088
1006,1074
1006,1693
1006,1700
1006,1064
1006,1262
1006,1209
1006,1694
1006,1072
1006,1692
1006,1022
1006,1019
1006,1229
1006,1714
1006,1690
1006,1011
1006,1593
1006,1551
1006,1094
1007,2384
1007,1709
1007,1076
1007,1759
1007,1080
1007,1535
1007,1009
1007,1698
1007,1269
1007,1707
1007,1046
1007,1021
1007,1011
1007,1682
1007,2340
1007,1098
1007,1042
1007,1699
1007,1845
1007,1263
1007,1041
1007,1235
1007,1082
1007,1077
1007,1066
1007,1695
1007,1708
1007,1096
1007,1067
1007,1040
1007,1277
1007,1031
1007,1264
1007,1687
1007,1086
1007,1280
1007,1092
1007,1013
1007,1071
1007,1265
1007,1024
1007,1877
1007,1694
1007,1209
1007,1068
1007,1696
1007,1037
1007,1410
1007,1022
1008,1865
1008,2078
1008,1694
1008,1684
1008,2395
1008,1931
1008,1045
1008,2538
1008,1081
1008,2479
1008,1868
1008,1223
1008,1097
1008,1042
1008,1089
1008,1698
1008,2497
1008,1087
1008,1048
1008,2315
1008,1281
1008,1025
1008,1072
1008,1681
1008,1023
1008,1705
1008,1282
1008,1047
1008,1076
1008,2392
1008,1296
1008,1293
1008,1099
1008,1287
1008,1488
1008,1018
1008,2710
1009,1270
1009,1076
1009,2360
1009,1080
1009,2630
1009,1717
1009,1703
1009,1086
1009,1045
1009,1332
1009,1046
1009,1096
1009,1053
1009,1077
1009,1035
1009,1025
1009,1719
1009,1018
1009,1065
1009,1097
1009,1864
1009,1088
1009,1683
1009,2384
1009,1026
1009,1010
1009,1092
1009,1866
1009,1090
1009,1700
1009,1750
1009,1071
1009,1068
1009,1699
1009,1011
1009,1048
1009,1031
1009,1022
1009,1082
1009,1512
1009,1083
1009,1440
1009,1091
1009,1479
1010,1270
1010,1076
1010,2689
1010,1688
1010,1681
1010,1021
1010,1018
1010,1684
1010,1709
1010,2508
1010,2630
1010,1690
1010,1059
1010,1053
1010,1039
1010,1037
1010,1013
1010,1038
1010,1682
1010,1096
1010,2537
1010,1036
1010,1052
1010,1851
1010,1683
1010,1072
1010,1708
1010,1027
1010,2476
1010,1034
1010,1598
1010,1016
1010,1298
1010,1056
1010,1058
1010,1293
1010,1440
1010,1046
1010,1234
1010,1484
1010,1040
1011,1270
1011,1080
1011,2630
1011,2245
1011,1694
1011,1045
1011,1332
1011,1041
1011,1060
1011,1701
1011,1698
1011,1040
1011,1020
1011,1682
1011,1265
1011,1696
1011,1068
1011,1048
1011,1262
1011,2529
1011,1683
1011,1072
1011,1031
1011,1759
1011,1054
1011,1711
1011,1053
1011,2565
1011,1337
1011,1862
1011,2708
1011,1263
1011,1293
1011,1287
1011,1089
1011,1230
1012,1867
1012,1506
1012,1845
1012,1269
1012,1865
1012,1283
1012,1028
1012,2386
1012,2364
1012,2365
1012,1201
1012,1840
1012,2246
1012,1858
1012,1223
1012,1238
1012,2395
1012,2589
1012,1619
1012,1231
1012,2374
1012,1501
1012,1208
1012,2469
1012,1289
1012,1871
1012,1864
1012,1291
1012,1847
1012,1265
1012,1250
1012,2373
1012,1403
1012,1209
1012,1854
1012,2316
1012,2510
1012,1928
1012,1264
1012,1846
1012,1050
1012,2117
1012,1547
1012,1214
1012,1292
1012,1251
1012,1855
1012,1508
1012,2376
1012,1503
1012,2473
1012,1295
1012,1523
1012,2396
1012,1278
1012,1287
1012,1869
1012,1266
1012,1255
1012,1245
1012,1728
1012,1241
1012,1234
1012,1211
1012,1268
1012,1205
1012,1496
1013,1084
1013,1535
1013,1076
1013,2608
1013,1850
1013,1698
1013,1016
1013,1062
1013,1690
1013,1693
1013,2258
1013,1408
1013,1195
1013,1098
1013,1072
1013,1931
1013,1082
1013,1077
1013,1710
1013,1047
1013,1040
1013,1086
1013,1280
1013,1039
1013,1026
1013,1059
1013,1064
1013,1023
1013,1717
1013,1038
1013,1033
1013,1703
1013,1024
1013,1071
1013,1714
1013,2387
1013,1999
1013,1708
1013,1029
1013,1090
1013,1297
1013,1711
1013,1032
1013,1096
1013,1285
1013,1682
1013,1037
1014,2492
1014,1212
1014,2387
1014,1867
1014,1535
1014,1530
1014,1524
1014,1254
1014,2615
1014,1281
1014,2081
1014,1871
1014,1862
1014,1840
1014,1704
1014,1081
1014,1585
1014,1294
1014,1274
1014,1847
1014,1265
1014,1078
1014,1236
1014,1683
1014,1068
1014,1019
1014,2128
1014,1218
1014,1509
1014,1511
1014,1687
1014,1590
1014,1299
1014,1256
1014,2614
1014,1273
1014,2243
1014,1201
1014,1260
1014,1238
1014,2402
1014,1850
1014,1268
1014,1245
1014,1040
1014,1234
1014,1555
1014,1410
1014,1216
1014,2568
1014,1501
1014,1429
1015,2372
1015,1568
1015,1706
1015,2615
1015,2701
1015,1845
1015,2514
1015,1873
1015,1707
1015,2384
1015,1705
1015,2316
1015,1728
1015,2196
1015,1579
1015,1094
1015,1273
1015,1173
1015,1067
1015,1030
1015,1033
1015,1849
1015,2508
1015,1254
1015,1060
1015,1599
1015,1091
1015,1068
1015,1072
1015,1031
1015,2476
1015,1293
1015,1084
1015,1278
1015,1061
1015,1074
1015,1268
1015,1216
1015,1095
1015,1483
1015,1422
1016,1717
1016,1698
1016,1711
1016,1047
1016,1058
1016,1086
1016,1039
1016,1035
1016,1020
1016,1688
1016,1682
1016,1238
1016,1250
1016,1750
1016,1092
1016,1700
1016,1083
1016,1694
1016,1690
1016,1079
1016,1032
1016,1692
1016,1695
1016,1027
1016,1019
1016,1017
1016,1714
1016,1538
1016,2243
1016,1211
1016,2691
1017,1870
1017,1705
1017,2395
1017,1709
1017,1850
1017,1289
1017,1062
1017,1026
1017,1577
1017,2130
1017,1974
1017,1065
1017,1750
1017,1844
1017,2117
1017,1066
1017,1855
1017,1714
1017,1700
1017,1231
1017,1038
1017,1683
1017,1025
1017,1020
1017,2384
1017,2572
1017,1256
1017,1851
1017,1274
1017,1501
1017,1048
1017,1252
1017,1064
1017,1046
1017,1234
1017,1057
1017,1023
1018,2384
1018,2372
1018,1870
1018,1865
1018,2385
1018,1541
1018,2315
1018,2514
1018,1879
1018,1707
1018,1222
1018,1173
1018,1866
1018,1038
1018,1296
1018,1684
1018,1872
1018,1030
1018,2111
1018,1974
1018,1236
1018,1042
1018,1097
1018,1282
1018,1088
1018,1843
1018,1702
1018,1091
1018,1256
1018,1262
1018,1068
1018,1036
1018,1690
1018,1079
1018,1032
1018,1695
1018,1019
1018,1275
1018,2392
1019,1705
1019,1841
1019,1713
1019,2608
1019,1717
1019,1845
1019,1074
1019,1062
1019,1271
1019,1085
1019,1095
1019,1332
1019,2472
1019,1696
1019,1440
1019,1876
1019,1155
1019,1931
1019,1045
1019,1695
1019,2240
1019,1067
1019,1060
1019,1040
1019,2106
1019,1039
1019,1277
1019,1236
1019,1048
1019,1079
1019,1090
1019,1033
1019,1285
1019,1684
1019,1072
1019,1064
1019,1035
1019,1683
1019,1027
1020,2630
1020,1535
1020,2382
1020,1689
1020,1062
1020,1044
1020,1701
1020,1711
1020,1683
1020,1706
1020,2411
1020,1262
1020,1332
1020,1708
1020,1086
1020,1075
1020,1054
1020,1037
1020,1083
1020,1692
1020,1034
1020,1068
1020,1684
1020,1261
1020,1931
1020,1024
1020,1071
1020,1440
1020,1092
1020,1047
1020,1707
1020,1714
1020,1056
1020,1693
1020,1035
1021,2384
1021,1706
1021,1080
1021,2324
1021,1713
1021,2395
1021,1717
1021,1750
1021,2150
1021,1271
1021,1086
1021,1045
1021,1053
1021,1182
1021,1085
1021,1079
1021,1039
1021,1033
1021,1237
1021,1252
1021,1155
1021,1694
1021,1069
1021,1246
1021,1052
1021,1440
1021,1092
1021,1091
1021,1090
1021,1696
1021,1051
1021,2616
1021,1064
1021,1681
1021,2620
1021,1262
1021,1072
1021,1708
1021,1031
1021,1702
1021,1097
1021,1226
1021,1406
1022,1870
1022,1713
1022,1074
1022,1062
1022,1044
1022,2111
1022,1095
1022,1719
1022,1282
1022,1052
1022,1246
1022,1688
1022,1882
1022,2472
1022,1696
1022,1332
1022,1041
1022,2378
1022,1069
1022,1066
1022,1036
1022,1501
1022,1695
1022,1086
1022,1868
1022,1079
1022,1075
1022,1067
1022,1039
1022,1033
1022,1294
1022,1222
1022,2580
1022,1091
1022,1032
1022,1023
1022,1048
1022,1064
1022,1452
1022,1401
1022,1869
1022,1090
1022,1714
1022,1201
1023,2315
1023,1874
1023,1074
1023,1702
1023,1052
1023,1332
1023,1028
1023,1707
1023,1081
1023,1528
1023,1931
1023,1446
1023,1708
1023,2590
1023,1035
1023,1714
1023,2476
1023,1700
1023,1067
1023,1862
1023,1693
1023,1264
1023,1854
1023,1091
1023,1048
1023,1061
1023,1255
1023,1276
1023,1089
1023,1230
1023,1079
1023,1692
1023,1056
1023,1064
1024,2384
1024,1252
1024,1707
1024,2386
1024,1694
1024,1706
1024,1095
1024,2240
1024,1711
1024,1030
1024,1035
1024,2396
1024,1700
1024,1710
1024,1040
1024,1280
1024,1274
1024,1682
1024,1071
1024,1705
1024,2316
1024,1047
1024,1266
1024,1031
1024,1573
1024,1076
1024,1687
1024,1032
1025,1076
1025,1222
1025,1684
1025,1719
1025,1690
1025,1694
1025,2258
1025,1042
1025,1041
1025,1696
1025,1931
1025,1051
1025,1077
1025,1045
1025,1047
1025,1069
1025,1059
1025,1054
1025,1037
1025,1877
1025,1099
1025,1052
1025,1851
1025,1097
1025,1095
1025,1236
1025,1048
1025,1046
1025,1698
1025,1040
1025,1087
1025,2246
1025,1071
1025,2390
1025,1027
1025,1683
1025,1072
1026,1430
1026,1706
1026,1084
1026,1080
1026,1535
1026,1099
1026,1750
1026,1062
1026,1043
1026,1694
1026,1085
1026,2620
1026,2708
1026,1086
1026,1931
1026,1053
1026,1692
1026,1699
1026,1695
1026,1057
1026,1683
1026,1090
1026,1089
1026,1087
1026,1066
1026,1048
1026,1032
1026,1714
1026,2258
1026,1700
1026,2476
1026,2260
1026,1051
1026,2312
1026,1697
1026,2085
1027,1706
1027,1968
1027,1062
1027,1043
1027,1099
1027,1681
1027,1702
1027,1052
1027,1682
1027,1332
1027,1711
1027,1030
1027,1068
1027,1262
1027,1036
1027,2469
1027,1714
1027,1700
1027,1045
1027,1096
1027,1039
1027,1064
1027,1716
1027,1073
1027,1034
1027,1695
1027,1061
1028,1865
1028,2360
1028,1044
1028,1689
1028,1871
1028,1844
1028,1524
1028,1680
1028,1853
1028,2315
1028,1256
1028,1237
1028,1840
1028,2508
1028,1704
1028,2469
1028,1261
1028,2472
1028,2317
1028,2608
1028,1250
1028,1252
1028,1155
1028,1240
1028,2095
1028,1236
1028,1879
1028,1873
1028,1215
1028,1700
1028,1031
1028,1229
1028,1714
1028,2387
1028,1514
1028,1534
1028,1509
1028,1525
1028,1129
1028,1517
1028,2570
1028,1558
1028,1251
1028,1205
1028,1579
1028,1094
1028,1228
1028,1263
1028,1273
1028,2533
1028,1269
1028,1050
1028,1535
1028,2396
1028,1878
1028,1241
1028,1210
1028,2366
1029,1717
1029,1035
1029,2590
1029,1072
1029,1869
1029,1054
1029,1931
1029,1038
1029,1278
1029,1090
1029,1097
1029,1229
1029,2122
1029,1682
1029,1071
1029,1293
1029,1089
1029,1296
1029,1048
1029,1684
1029,1214
1029,1068
1029,1047
1030,1717
1030,1750
1030,1046
1030,1684
1030,1099
1030,1052
1030,1719
1030,1692
1030,1706
1030,1095
1030,1047
1030,2630
1030,1079
1030,1040
1030,1038
1030,1700
1030,1848
1030,1056
1030,1072
1030,1074
1030,1588
1030,1711
1030,1532
1030,1536
1030,1075
1030,1547
1030,2313
1030,1257
1030,1083
1030,1553
1030,1224
1030,1063
1031,1218
1031,2477
1031,1208
1031,1845
1031,1228
1031,1689
1031,2162
1031,1410
1031,1332
1031,1844
1031,1223
1031,2202
1031,1262
1031,1695
1031,1236
1031,2647
1031,1086
1031,1214
1031,1073
1031,1038
1031,1059
1031,1247
1031,2472
1031,1203
1031,1091
1031,1068
1031,1043
1031,1701
1031,2245
1031,2386
1031,1056
1031,1440
1031,1064
1031,1759
1031,2465
1032,1076
1032,1841
1032,1698
1032,1688
1032,1062
1032,1046
1032,1702
1032,2478
1032,1253
1032,1052
1032,1440
1032,1069
1032,1051
1032,1214
1032,1699
1032,1212
1032,1697
1032,1262
1032,1055
1032,2385
1032,1706
1032,1077
1032,1066
1032,1695
1032,1047
1032,1096
1032,1280
1032,1073
1032,1410
1032,2395
1032,1037
1032,1713
1032,1034
1032,1048
1032,2580
1032,1703
1032,1750
1032,1265
1032,1071
1032,1097
1032,1690
1032,1033
1032,1060
1032,1692
1032,2371
1032,1719
1032,1040
1032,1087
1032,1700
1033,1212
1033,2111
1033,1205
1033,1440
1033,1062
1033,1931
1033,1283
1033,1095
1033,1236
1033,1700
1033,1086
1033,1036
1033,1083
1033,1075
1033,1067
1033,1069
1033,1066
1033,1044
1033,1091
1033,1843
1033,1054
1033,1096
1033,1047
1033,1092
1033,1295
1034,1713
1034,1689
1034,1692
1034,1683
1034,1931
1034,1041
1034,1699
1034,1695
1034,1684
1034,1073
1034,1709
1034,1098
1034,2499
1034,1089
1034,1277
1034,1716
1034,1053
1034,1087
1034,2476
1034,1847
1034,1048
1034,1262
1034,1067
1034,2630
1034,1690
1034,1079
1035,1958
1035,1709
1035,1076
1035,1706
1035,1689
1035,1046
1035,1242
1035,2111
1035,1853
1035,1041
1035,1051
1035,2476
1035,1050
1035,1695
1035,1059
1035,1040
1035,1039
1035,1717
1035,1038
1035,1053
1035,1088
1035,1716
1035,1036
1035,1222
1035,2580
1035,1092
1035,1087
1035,1068
1035,1064
1035,1702
1035,1052
1035,1440
1036,1705
1036,1688
1036,1085
1036,1692
1036,1076
1036,2392
1036,1699
1036,2630
1036,1549
1036,1066
1036,1710
1036,1096
1036,1704
1036,1054
1036,1080
1036,1063
1036,1250
1036,1092
1036,1091
1036,1090
1036,1097
1036,1215
1036,1051
1036,2085
1036,2590
1036,2105
1036,1260
1036,1271
1036,1694
1036,2258
1036,1266
1036,1059
1036,1435
1037,1706
1037,1062
1037,1046
1037,1681
1037,1458
1037,1684
1037,1410
1037,1332
1037,1696
1037,1719
1037,1041
1037,1069
1037,1501
1037,1077
1037,1701
1037,1748
1037,1691
1037,1059
1037,2240
1037,1087
1037,1714
1037,2630
1037,1690
1037,1209
1037,2246
1037,1071
1037,1683
1037,1759
1037,2180
1037,1246
1037,1047
1038,1269
1038,1870
1038,1682
1038,1214
1038,1668
1038,1057
1038,2111
1038,2378
1038,2476
1038,1050
1038,1696
1038,1717
1038,2469
1038,1059
1038,1289
1038,1054
1038,1053
1038,1055
1038,1280
1038,1843
1038,1091
1038,1056
1038,1047
1038,1052
1038,1287
1038,1255
1039,1076
1039,1689
1039,1043
1039,1692
1039,1682
1039,1683
1039,1440
1039,1699
1039,1055
1039,1693
1039,1082
1039,1086
1039,1931
1039,1075
1039,1059
1039,1045
1039,1425
1039,1096
1039,2316
1039,1047
1039,1063
1039,1569
1039,1690
1039,1408
1039,1079
1039,1074
1039,1060
1039,1332
1040,2384
1040,1076
1040,1879
1040,1044
1040,1702
1040,1681
1040,1728
1040,1506
1040,2258
1040,1041
1040,1696
1040,1931
1040,1270
1040,2242
1040,1067
1040,1053
1040,1090
1040,2536
1040,1079
1040,1293
1040,1683
1040,2476
1040,1704
1040,1422
1040,1054
1041,1270
1041,2360
1041,1688
1041,1750
1041,2472
1041,1440
1041,2538
1041,1096
1041,1059
1041,1079
1041,2689
1041,1862
1041,1877
1041,1236
1041,1097
1041,1695
1041,1092
1041,1087
1041,1068
1041,1064
1041,1072
1041,1510
1041,1251
1042,1852
1042,1229
1042,2374
1042,1785
1042,2395
1042,1879
1042,1859
1042,1874
1042,1195
1042,1078
1042,1705
1042,1694
1042,1248
1042,2472
1042,1684
1042,1212
1042,1718
1042,1870
1042,1094
1042,1690
1042,1108
1042,1067
1042,1077
1042,2111
1042,1873
1042,1291
1042,1864
1042,1088
1042,1069
1042,1051
1042,1056
1042,2387
1042,1708
1042,2469
1042,2371
1042,2565
1042,1275
1042,1581
1042,1550
1042,1534
1042,1299
1042,2105
1042,1070
1042,1707
1042,1266
1042,1219
1042,1254
1042,1448
1043,1706
1043,1047
1043,1681
1043,1086
1043,1697
1043,1099
1043,1332
1043,1688
1043,2111
1043,1683
1043,1684
1043,1069
1043,1087
1043,1696
1043,1064
1043,2394
1043,1714
1043,2476
1043,1296
1043,2293
1043,1455
1044,1709
1044,2360
1044,1084
1044,1080
1044,2374
1044,1713
1044,1560
1044,2620
1044,2395
1044,1062
1044,1684
1044,1332
1044,1096
1044,1859
1044,1083
1044,1053
1044,1719
1044,1682
1044,1706
1044,2371
1044,1240
1044,1687
1044,1071
1044,1051
1044,1064
1044,1056
1044,1048
1044,1708
1044,1082
1044,1688
1044,2476
1044,1698
1044,2086
1044,1504
1044,2569
1045,1717
1045,1707
1045,2384
1045,1701
1045,1410
1045,1085
1045,1696
1045,1238
1045,1098
1045,1688
1045,1077
1045,1210
1045,1069
1045,1684
1045,1073
1045,1058
1045,1814
1045,1700
1045,1687
1045,1064
1045,1714
1045,1711
1045,1268
1046,2630
1046,1713
1046,1750
1046,2407
1046,1707
1046,1509
1046,1062
1046,1710
1046,1075
1046,1073
1046,1067
1046,1054
1046,1053
1046,1079
1046,1719
1046,1077
1046,1853
1046,1086
1046,1280
1046,1236
1046,1095
1046,1689
1046,1845
1046,1069
1046,1868
1046,1092
1046,1089
1046,1087
1046,1066
1046,1068
1046,1699
1046,1061
1046,1050
1046,1692
1046,1696
1046,1082
1046,1697
1046,1264
1046,1070
1047,1706
1047,1707
1047,1701
1047,1844
1047,2539
1047,1709
1047,1051
1047,1066
1047,1714
1047,2111
1047,1077
1047,1073
1047,1054
1047,1086
1047,1931
1047,1072
1047,1067
1047,1069
1047,2360
1047,1702
1047,1843
1047,1064
1047,2630
1047,1719
1047,1296
1048,2095
1048,1688
1048,1095
1048,1052
1048,1332
1048,2258
1048,1450
1048,1098
1048,1542
1048,1069
1048,1931
1048,1262
1048,1706
1048,1077
1048,1710
1048,1086
1048,1699
1048,1067
1048,1060
1048,1056
1048,1286
1048,1092
1048,1217
1048,1091
1048,1089
1048,1459
1048,1071
1048,1713
1048,1079
1048,1514
1048,1698
1048,1504
1048,1696
1049,1298
1049,1369
1049,1818
1049,1821
1049,1822
1049,2659
1049,2571
1049,1637
1049,2351
1049,1902
1049,1611
1049,1364
1049,1206
1049,1358
1049,2252
1049,2543
1049,1673
1049,1824
1049,2697
1049,1127
1049,1772
1049,1900
1049,2579
1049,2516
1049,2172
1049,1663
1049,1469
1049,1761
1049,2418
1049,1615
1049,2027
1049,1639
1049,2163
1049,2297
1050,1875
1050,1248
1050,1201
1050,1690
1050,1057
1050,1542
1050,1072
1050,1501
1050,1077
1050,1052
1050,1710
1050,1054
1050,1058
1050,2507
1050,1849
1050,1237
1050,1855
1050,1069
1050,1814
1050,1155
1050,1702
1050,1091
1050,1700
1050,1089
1050,1440
1050,1064
1050,1223
1051,1709
1051,2477
1051,2385
1051,1229
1051,1717
1051,1281
1051,1879
1051,1072
1051,1848
1051,1707
1051,2402
1051,2528
1051,1440
1051,1246
1051,2159
1051,1095
1051,1505
1051,1866
1051,1077
1051,1099
1051,1750
1051,1280
1051,1705
1051,1261
1051,1695
1051,1700
1051,1687
1051,1068
1051,1262
1051,1578
1051,1066
1051,2258
1051,1332
1051,1708
1051,2630
1051,1079
1051,1241
1052,1865
1052,2335
1052,1850
1052,1218
1052,1707
1052,1690
1052,1931
1052,1709
1052,1332
1052,1710
1052,1075
1052,1077
1052,1682
1052,1078
1052,1854
1052,1076
1052,2531
1052,1215
1052,1209
1052,1236
1052,1088
1052,1063
1052,1246
1052,1440
1052,1092
1052,1091
1052,2472
1052,1696
1052,1066
1052,1061
1052,1844
1052,1262
1052,1706
1052,1702
1052,1701
1052,1714
1052,1879
1052,1511
1052,1716
1052,1276
1053,2630
1053,2321
1053,1879
1053,1062
1053,1095
1053,1711
1053,1700
1053,1684
1053,1248
1053,1060
1053,1289
1053,1054
1053,1703
1053,1280
1053,1856
1053,1682
1053,1071
1053,1931
1053,1701
1053,1082
1053,1707
1053,1096
1053,1061
1053,1063
1053,1698
1053,1064
1054,1568
1054,1759
1054,1750
1054,1878
1054,1078
1054,1692
1054,1706
1054,1095
1054,1069
1054,1695
1054,1704
1054,1088
1054,1208
1054,1295
1054,1476
1054,1061
1054,1698
1054,1087
1054,1705
1054,1096
1054,1332
1054,1097
1054,1683
1054,1599
1054,2539
1055,2384
1055,1717
1055,1062
1055,1681
1055,1078
1055,1694
1055,1719
1055,1692
1055,1440
1055,1072
1055,1060
1055,1709
1055,1098
1055,1085
1055,1226
1055,1097
1055,1063
1055,1057
1055,1690
1055,1056
1055,1714
1055,1583
1055,1554
1056,1270
1056,1076
1056,2507
1056,1694
1056,1684
1056,1719
1056,1682
1056,1689
1056,1098
1056,1057
1056,1072
1056,1599
1056,1082
1056,2316
1056,1708
1056,1260
1056,1086
1056,1079
1056,1235
1056,1702
1056,1217
1056,1843
1056,1090
1056,1879
1056,2380
1056,1064
1056,1061
1056,2532
1056,1077
1056,1697
1056,1406
1056,1717
1056,1710
1056,1240
1056,1687
1056,1683
1056,1071
1056,1237
1057,1773
1057,1689
1057,1701
1057,1555
1057,1682
1057,1690
1057,1455
1057,1086
1057,1073
1057,1060
1057,1059
1057,1058
1057,1717
1057,2316
1057,1688
1057,1203
1057,1716
1057,1090
1057,1089
1057,1087
1057,1061
1057,1696
1057,1577
1057,1230
1058,1705
1058,1258
1058,1713
1058,1717
1058,1599
1058,1697
1058,2372
1058,1714
1058,1060
1058,1063
1058,1931
1058,1090
1058,1698
1058,1087
1058,1064
1058,1068
1058,1706
1058,1847
1058,1077
1058,1868
1059,1099
1059,1195
1059,1062
1059,2360
1059,1702
1059,1410
1059,2630
1059,1690
1059,1699
1059,1066
1059,1095
1059,2469
1059,1077
1059,2365
1059,1707
1059,1096
1059,1073
1059,1280
1059,1716
1059,2384
1059,1068
1059,1701
1059,1086
1059,1268
1059,1299
1059,1264
1060,1717
1060,1688
1060,1689
1060,1694
1060,1085
1060,2508
1060,1680
1060,2371
1060,2381
1060,2499
1060,1879
1060,1092
1060,1079
1060,1071
1060,1706
1060,1068
1060,1066
1061,1076
1061,1713
1061,1221
1061,1702
1061,1719
1061,1692
1061,1690
1061,2258
1061,1696
1061,1062
1061,1069
1061,1699
1061,1684
1061,1261
1061,1098
1061,1066
1061,1864
1061,1866
1061,1700
1061,1717
1061,1247
1061,1716
1061,1433
1061,1714
1061,1090
1061,1087
1061,1289
1061,1262
1061,1851
1062,2372
1062,1076
1062,2630
1062,1530
1062,2608
1062,1717
1062,1689
1062,1691
1062,1690
1062,1697
1062,1083
1062,1079
1062,1682
1062,1843
1062,1097
1062,1088
1062,1063
1062,1440
1062,1091
1062,1089
1062,1700
1062,1071
1062,1098
1062,1064
1062,1262
1062,1694
1062,1695
1062,2385
1062,1278
1063,2385
1063,1080
1063,1850
1063,1717
1063,1873
1063,1878
1063,1875
1063,1681
1063,1242
1063,1694
1063,1200
1063,2478
1063,2472
1063,2133
1063,1231
1063,2580
1063,2392
1063,1236
1063,2469
1063,1218
1063,2312
1063,1688
1063,1226
1063,1708
1063,1285
1063,2391
1063,1495
1063,1592
1063,1848
1063,1266
1063,1931
1063,2608
1063,1250
1063,2322
1063,1868
1064,1084
1064,2630
1064,2321
1064,1074
1064,1684
1064,1095
1064,2316
1064,1864
1064,1086
1064,1710
1064,1714
1064,1412
1064,1682
1064,1706
1064,1707
1064,2580
1064,1092
1064,1716
1065,2372
1065,2134
1065,1535
1065,1254
1065,2245
1065,1289
1065,1205
1065,1221
1065,1588
1065,2364
1065,1204
1065,1273
1065,2492
1065,1231
1065,2378
1065,2392
1065,1876
1065,1267
1065,2377
1065,2371
1065,1253
1065,2509
1065,2218
1065,2098
1065,1851
1065,1872
1065,1096
1065,2061
1065,1770
1065,1285
1065,1277
1065,1847
1065,1265
1065,1555
1065,1264
1065,1209
1065,1203
1065,1201
1065,2074
1065,1868
1065,1092
1065,2110
1065,2366
1065,1590
1065,1550
1065,1263
1065,1748
1065,2473
1065,1410
1065,2380
1065,1296
1065,1293
1065,2396
1065,1260
1065,1446
1065,1268
1065,1240
1065,1578
1066,1709
1066,2387
1066,1080
1066,1688
1066,1681
1066,1719
1066,1682
1066,1332
1066,1440
1066,1079
1066,1262
1066,1077
1066,1086
1066,1877
1066,1247
1066,1699
1066,1088
1066,1700
1066,2538
1066,2472
1066,1716
1066,1087
1066,1750
1066,1071
1066,2580
1066,2380
1066,2371
1066,1292
1067,1958
1067,1713
1067,2564
1067,1530
1067,2321
1067,2095
1067,1074
1067,2159
1067,1332
1067,1542
1067,1695
1067,1684
1067,1073
1067,1931
1067,1226
1067,2111
1067,1068
1067,1216
1067,2476
1067,1698
1067,1551
1068,2384
1068,2630
1068,2620
1068,2245
1068,1205
1068,1440
1068,1876
1068,1069
1068,1681
1068,1077
1068,2469
1068,2531
1068,1074
1068,2529
1068,1700
1068,1073
1068,1091
1068,1687
1068,1493
1068,1299
1068,1216
1068,2364
1068,1252
1068,1089
1068,1877
1068,1201
1069,1709
1069,1713
1069,1099
1069,2245
1069,1074
1069,2695
1069,1684
1069,1076
1069,1683
1069,1098
1069,1931
1069,1096
1069,1866
1069,1075
1069,1073
1069,1079
1069,1097
1069,1082
1069,1087
1069,1071
1069,1262
1069,1708
1069,2469
1069,1714
1069,1711
1069,1517
1069,2533
1069,1266
1070,1865
1070,2134
1070,1524
1070,1208
1070,1281
1070,1271
1070,1227
1070,1074
1070,1540
1070,1860
1070,1728
1070,1555
1070,1282
1070,1514
1070,1228
1070,2392
1070,2086
1070,2377
1070,1275
1070,2478
1070,1204
1070,2465
1070,1285
1070,1854
1070,1203
1070,1845
1070,1554
1070,1748
1070,2438
1070,1953
1070,1856
1070,1565
1070,1855
1070,1564
1070,1267
1070,1847
1070,1546
1070,1240
1070,1531
1070,1298
1070,1874
1070,1292
1070,1286
1070,1231
1070,1296
1070,1288
1070,1260
1070,1551
1070,1245
1070,2590
1070,1814
1070,1232
1070,1598
1070,1295
1070,1464
1070,1808
1070,2293
1070,2371
1070,1412
1070,2405
1070,1241
1070,1629
1071,1705
1071,1706
1071,1093
1071,2630
1071,1867
1071,1688
1071,1269
1071,1689
1071,1283
1071,1195
1071,2316
1071,1682
1071,1440
1071,1845
1071,2330
1071,1714
1071,2476
1071,1700
1071,1691
1071,1247
1071,1276
1071,2608
1071,1092
1071,1843
1071,1692
1071,1596
1072,2385
1072,1099
1072,1750
1072,1853
1072,1205
1072,1844
1072,1689
1072,1231
1072,1246
1072,1440
1072,1086
1072,1075
1072,2316
1072,1247
1072,1700
1072,2405
1072,2111
1072,1238
1073,1545
1073,2508
1073,1711
1073,1696
1073,1700
1073,1080
1073,1691
1073,1088
1073,1092
1073,1717
1073,1247
1073,1843
1073,2365
1073,1096
1074,2387
1074,1080
1074,1845
1074,1750
1074,1688
1074,1706
1074,1871
1074,1214
1074,1974
1074,1710
1074,1096
1074,1262
1074,1694
1074,1082
1074,2476
1074,1538
1074,1573
1074,1296
1074,1242
1074,2630
1074,1972
1074,1728
1075,2384
1075,1568
1075,1076
1075,1541
1075,2615
1075,1717
1075,1707
1075,2472
1075,1332
1075,1271
1075,1694
1075,2258
1075,2074
1075,1683
1075,1263
1075,2476
1075,1236
1075,1700
1075,1931
1075,1280
1075,1078
1075,1266
1075,1702
1075,1091
1076,1866
1076,1681
1076,1688
1076,1097
1076,1236
1076,1095
1076,1713
1076,1085
1076,1696
1076,1700
1076,1568
1076,1098
1076,2372
1076,1262
1076,1694
1076,1695
1076,1139
1076,1750
1076,1875
1076,2533
1076,2214
1076,1716
1076,1434
1077,1084
1077,1269
1077,1694
1077,1684
1077,1332
1077,1236
1077,1866
1077,1252
1077,1231
1077,1847
1077,1700
1077,1708
1077,1717
1077,1523
1077,1590
1077,1566
1077,1216
1077,1086
1077,1451
1078,1084
1078,2321
1078,1845
1078,1879
1078,1283
1078,1414
1078,1701
1078,1248
1078,1861
1078,2469
1078,2590
1078,1851
1078,1086
1078,1862
1078,1280
1078,2111
1078,1238
1078,1247
1078,1207
1078,2371
1078,1214
1078,1097
1078,1095
1078,1091
1078,1090
1078,2476
1078,2708
1078,2376
1078,1686
1078,1201
1078,1869
1078,1204
1078,2240
1078,2196
1079,1430
1079,1706
1079,1080
1079,2630
1079,2479
1079,1692
1079,1682
1079,2532
1079,1440
1079,1332
1079,1866
1079,1532
1079,1707
1079,2580
1079,1719
1079,2392
1079,1847
1079,1843
1079,1088
1079,2476
1079,1700
1079,1298
1080,1703
1080,1717
1080,1701
1080,1690
1080,2630
1080,1719
1080,1686
1080,1095
1080,1684
1080,1440
1080,1091
1080,1087
1080,1696
1080,1098
1080,1694
1080,1708
1080,2476
1080,1082
1080,1505
1080,2376
1080,2378
1080,2473
1080,2340
1080,1535
1080,1276
1080,1711
1080,1241
1081,1759
1081,2134
1081,1506
1081,2608
1081,2382
1081,2278
1081,2372
1081,1705
1081,2315
1081,1248
1081,2214
1081,1597
1081,1853
1081,1844
1081,2246
1081,1231
1081,1680
1081,1872
1081,1096
1081,1842
1081,1704
1081,1855
1081,1252
1081,1155
1081,1550
1081,2710
1081,1546
1081,2378
1081,2374
1081,1501
1081,1224
1081,1877
1081,1295
1081,1293
1081,2248
1081,1278
1081,1578
1081,1869
1081,1536
1081,2312
1081,1216
1081,2259
1081,1441
1081,2508
1082,1706
1082,1694
1082,1684
1082,1682
1082,1696
1082,1504
1082,2476
1082,1699
1082,2371
1082,1098
1082,1237
1082,1687
1082,1708
1082,2377
1082,1296
1082,1241
1082,1434
1083,1207
1083,1713
1083,1095
1083,2505
1083,2469
1083,1695
1083,2340
1083,1931
1083,1534
1083,1251
1083,1262
1084,2384
1084,1709
1084,2608
1084,2111
1084,1717
1084,1294
1084,1877
1084,2377
1084,1155
1084,1696
1084,1207
1084,2476
1084,2537
1084,1879
1084,1597
1084,1577
1084,2322
1084,1570
1084,2245
1084,1271
1084,1250
1084,2143
1084,1283
1084,1542
1084,1276
1084,2395
1084,1878
1085,1717
1085,1879
1085,1711
1085,1931
1085,1710
1085,1697
1085,1864
1085,1095
1085,1090
1085,1098
1085,1692
1085,1714
1085,1552
1085,1728
1085,2312
1086,1270
1086,1698
1086,1099
1086,1681
1086,2630
1086,1429
1086,2719
1086,2580
1086,1696
1086,1440
1086,1848
1086,2465
1086,1702
1086,2381
1086,1700
1086,2514
1086,1690
1086,1695
1086,1862
1086,1687
1086,1843
1086,1091
1086,1090
1086,1520
1086,1097
1087,1750
1087,1281
1087,2514
1087,2111
1087,1702
1087,1694
1087,1701
1087,1095
1087,1094
1087,2119
1087,1246
1087,2384
1087,1696
1087,1098
1087,1695
1087,1714
1087,1814
1087,1697
1087,2473
1087,1090
1087,1089
1087,1557
1087,1693
1087,2469
1087,1716
1087,1088
1087,1276
1088,2245
1088,1694
1088,2521
1088,2316
1088,1212
1088,2622
1088,1682
1088,2321
1088,1953
1088,1699
1088,2384
1088,1444
1088,1556
1088,2590
1088,1845
1088,1704
1088,1539
1088,1220
1088,1690
1088,1842
1088,1877
1088,1232
1088,1091
1088,1293
1088,1696
1088,1931
1088,1576
1088,1814
1088,1593
1088,1866
1088,1537
1089,1709
1089,2620
1089,1750
1089,1689
1089,1221
1089,2111
1089,2258
1089,1683
1089,1440
1089,1695
1089,1708
1089,1700
1089,1684
1089,1096
1089,2525
1089,2476
1089,1874
1089,1216
1089,1702
1089,1215
1090,2360
1090,1848
1090,1431
1090,1688
1090,1750
1090,1440
1090,1696
1090,1931
1090,1866
1090,1697
1090,1717
1090,1294
1090,1719
1090,2138
1090,2382
1091,1759
1091,1208
1091,2514
1091,1778
1091,2360
1091,1682
1091,2580
1091,2472
1091,1696
1091,1680
1091,2321
1091,1699
1091,1974
1091,1931
1091,1474
1091,1708
1091,1247
1091,1097
1091,1092
1091,1546
1091,2104
1091,1234
1091,1684
1091,1296
1091,1230
1091,1229
1091,2102
1091,1262
1091,1257
1092,1850
1092,1698
1092,1205
1092,2095
1092,1845
1092,1095
1092,1273
1092,1683
1092,1098
1092,1931
1092,1096
1092,1237
1092,1294
1092,1276
1092,1704
1092,1219
1092,1840
1092,1254
1092,1443
1092,1879
1093,1133
1093,1104
1093,1730
1093,1167
1093,1345
1093,1248
1093,2121
1093,2566
1093,2081
1093,2133
1093,1911
1093,1814
1093,2125
1093,2129
1093,1912
1093,2104
1093,1182
1093,2113
1093,2038
1093,1560
1093,2336
1093,2114
1093,2117
1093,2020
1093,2089
1093,1575
1093,2092
1093,1722
1093,1581
1093,1914
1093,1117
1093,2281
1093,1505
1093,1548
1093,1106
1093,1882
1093,1224
1093,2146
1093,2596
1093,2673
1093,2389
1093,1811
1094,1870
1094,2568
1094,1845
1094,1568
1094,1859
1094,2478
1094,2316
1094,2133
1094,1873
1094,1582
1094,1704
1094,1847
1094,2590
1094,1814
1094,1294
1094,1240
1094,1203
1094,1275
1094,1238
1094,1500
1094,1297
1094,1292
1094,1286
1094,2324
1094,2615
1094,1257
1094,2372
1094,1208
1094,1693
1094,2376
1094,1155
1094,1854
1094,2533
1094,1131
1094,2101
1094,2392
1094,1273
1094,2340
1094,1224
1094,1204
1094,2465
1094,1278
1094,1869
1094,1728
1094,1211
1094,2365
1094,1686
1094,2074
1094,1516
1094,2505
1094,1483
1094,1452
1094,2708
1094,1447
1094,1256
1094,2614
1094,1450
1094,1849
1095,1270
1095,2245
1095,1254
1095,2321
1095,2095
1095,1750
1095,1689
1095,1702
1095,1682
1095,1694
1095,1687
1095,1440
1095,1700
1095,1098
1095,1099
1095,1681
1095,1708
1095,2371
1095,1692
1095,2258
1095,1701
1095,1410
1095,1216
1095,1695
1095,2241
1096,1568
1096,1099
1096,1717
1096,2321
1096,1713
1096,1228
1096,1684
1096,1844
1096,1696
1096,1098
1096,1275
1096,1225
1096,1257
1096,1265
1096,1700
1096,1283
1096,1706
1096,2322
1096,1953
1097,2387
1097,2374
1097,1474
1097,1698
1097,2321
1097,1750
1097,1283
1097,2111
1097,1204
1097,1201
1097,1270
1097,1693
1097,1222
1097,1410
1097,1866
1097,2122
1097,1578
1097,1296
1097,1680
1097,2392
1097,1195
1097,1242
1097,1867
1097,2478
1097,1268
1098,1709
1098,2630
1098,1717
1098,2243
1098,1681
1098,2258
1098,1683
1098,1701
1098,1692
1098,1235
1098,1699
1098,1703
1098,2365
1098,2532
1098,1293
1098,1453
1099,1229
1099,1703
1099,1690
1099,1710
1099,1866
1099,1701
1099,2360
1099,1681
1099,1719
1099,2246
1099,1750
1099,1716
1099,1440
1099,1695
1099,2473
1099,1683
1099,1295
1099,1850
1100,2463
1100,2304
1100,1196
1100,1144
1100,2082
1100,1143
1100,1122
1100,2124
1100,2490
1100,1103
1100,2147
1100,1162
1100,2682
1100,1130
1100,1741
1100,1347
1100,1153
1100,1723
1100,2530
1100,1172
1100,1743
1100,1161
1100,1109
1100,2302
1100,1145
1100,2406
1100,1727
1100,1184
1100,1129
1100,1183
1100,1176
1100,1674
1100,1189
1100,2450
1100,1180
1100,1746
1100,1135
1100,2346
1100,1131
1100,1186
1100,1139
1100,1108
1100,1102
1100,1101
1100,1730
1100,2306
1100,1724
1100,1147
1100,2552
1101,2490
1101,2626
1101,2109
1101,1103
1101,2575
1101,1144
1101,2319
1101,2147
1101,1540
1101,2463
1101,1736
1101,1595
1101,1123
1101,1727
1101,2555
1101,1129
1101,1175
1101,1119
1101,1746
1101,1182
1101,2323
1101,1148
1101,1134
1101,2406
1101,2455
1101,1186
1101,1173
1101,1735
1101,1124
1101,2346
1101,1265
1101,1149
1102,1190
1102,1145
1102,2179
1102,1735
1102,1159
1102,1130
1102,2109
1102,1737
1102,2301
1102,1168
1102,1180
1102,2403
1102,1152
1102,2547
1102,1184
1102,2490
1102,2302
1102,1174
1102,1725
1102,1161
1102,1104
1102,1198
1102,1186
1102,1149
1102,1194
1102,1113
1102,1154
1102,1165
1102,1178
1102,2306
1102,1136
1102,1183
1102,1110
1102,1674
1102,2419
1102,1197
1102,1144
1102,1191
1102,1146
1102,1156
1102,2552
1103,1736
1103,1196
1103,1178
1103,2672
1103,2419
1103,2179
1103,1159
1103,1177
1103,1162
1103,1130
1103,2623
1103,1174
1103,1172
1103,1161
1103,2304
1103,1819
1103,1140
1103,2559
1103,1129
1103,1145
1103,1727
1103,2406
1103,1107
1103,1191
1103,1183
1103,1176
1103,1166
1103,1745
1103,1163
1103,1149
1103,2302
1103,1138
1103,1134
1103,1123
1103,1121
1103,1197
1103,2556
1103,1198
1103,2306
1103,2403
1103,1724
1103,1184
1103,2445
1103,1180
1103,2109
1103,1721
1103,1725
1103,1143
1103,1337
1104,1196
1104,1128
1104,2107
1104,1725
1104,1136
1104,2672
1104,2490
1104,2109
1104,1751
1104,1159
1104,1747
1104,1150
1104,1105
1104,1124
1104,2446
1104,2319
1104,1116
1104,1197
1104,1168
1104,1727
1104,2406
1104,1174
1104,2341
1104,1129
1104,1173
1104,1147
1104,2179
1104,2450
1104,1189
1104,1142
1104,2530
1104,1172
1104,1117
1104,1107
1104,2559
1104,2310
1104,1176
1104,2542
1104,1820
1104,1723
1104,2573
1104,1748
1105,2463
1105,2305
1105,2304
1105,1128
1105,1725
1105,1190
1105,2306
1105,1150
1105,1162
1105,1149
1105,2406
1105,1107
1105,1193
1105,1183
1105,1170
1105,1745
1105,1163
1105,1148
1105,1135
1105,1132
1105,2530
1105,1172
1105,2124
1105,1121
1105,1176
1105,2445
1105,2651
1105,2455
1105,2552
1105,1109
1105,2365
1105,2341
1105,1507
1105,1119
1105,1166
1105,2012
1105,1122
1105,1510
1105,2575
1105,1192
1106,2489
1106,2631
1106,1529
1106,2116
1106,2213
1106,2132
1106,2641
1106,2644
1106,2125
1106,1607
1106,2498
1106,2114
1106,1585
1106,2594
1106,2400
1106,1212
1106,1794
1106,1882
1106,2468
1106,1595
1106,2363
1106,1576
1106,2406
1106,2000
1106,1885
1106,1890
1106,1439
1106,1897
1106,1310
1106,2288
1106,2068
1106,1373
1106,2566
1106,1596
1106,2275
1107,2615
1107,1737
1107,2623
1107,2449
1107,1735
1107,1124
1107,1174
1107,1595
1107,1172
1107,1140
1107,2554
1107,1747
1107,1183
1107,1109
1107,1156
1107,1131
1107,2107
1107,2530
1107,1120
1107,1118
1107,1117
1107,2454
1107,1749
1107,2451
1107,2109
1107,1169
1107,1733
1107,1186
1107,2126
1107,2651
1107,2555
1107,1159
1107,1112
1107,1582
1107,1150
1108,1196
1108,2124
1108,2109
1108,1735
1108,1159
1108,2147
1108,1178
1108,2306
1108,1507
1108,1177
1108,1674
1108,2672
1108,1967
1108,1168
1108,1175
1108,2419
1108,1197
1108,1753
1108,1236
1108,1180
1108,1731
1108,2530
1108,2450
1108,2403
1108,2341
1108,1928
1108,1400
1108,1746
1108,2310
1108,1193
1108,1162
1108,1115
1108,1164
1108,1191
1109,2304
1109,1196
1109,1128
1109,2626
1109,2567
1109,2672
1109,2419
1109,2560
1109,1745
1109,2331
1109,2454
1109,1185
1109,2302
1109,2678
1109,1123
1109,2449
1109,1133
1109,2406
1109,1723
1109,1151
1109,1119
1109,1186
1109,1743
1109,1148
1109,1742
1109,1131
1109,2301
1109,1124
1109,1172
1109,1746
1109,2319
1109,1191
1109,1114
1110,1190
1110,2124
1110,2672
1110,1737
1110,1735
1110,1165
1110,1114
1110,2179
1110,1146
1110,1140
1110,1144
1110,2554
1110,1174
1110,2302
1110,1183
1110,1119
1110,1166
1110,1148
1110,1134
1110,2295
1110,1120
1110,1152
1110,1138
1110,1185
1110,1178
1110,1142
1110,1800
1111,1144
1111,2306
1111,1136
1111,1122
1111,1753
1111,2419
1111,2575
1111,2454
1111,1116
1111,1175
1111,1180
1111,2295
1111,2403
1111,1754
1111,1735
1111,2346
1111,2310
1111,1151
1111,1194
1111,1166
1111,2092
1111,1152
1112,1128
1112,2311
1112,1725
1112,1290
1112,2447
1112,1252
1112,1737
1112,2449
1112,1162
1112,1177
1112,1758
1112,1158
1112,2306
1112,2403
1112,1114
1112,1159
1112,1192
1112,1140
1112,1121
1112,1196
1112,1292
1112,2036
1112,2455
1112,2552
1112,1194
1112,1120
1112,1170
1112,2626
1112,1171
1112,2179
1113,1190
1113,2674
1113,2419
1113,2179
1113,2490
1113,1674
1113,2319
1113,1747
1113,2528
1113,2445
1113,1130
1113,2651
1113,2344
1113,1139
1113,1735
1113,1124
1113,1745
1113,2450
1113,2403
1113,1746
1113,2310
1113,1172
1113,1160
1113,1151
1113,1146
1113,1185
1113,1138
1113,1737
1113,1173
1113,1166
1113,2107
1113,1120
1113,1196
1113,1140
1113,1142
1113,1847
1113,1117
1113,1154
1113,1175
1114,2463
1114,2557
1114,2455
1114,1507
1114,2672
1114,1737
1114,2530
1114,1157
1114,2449
1114,1162
1114,1124
1114,2091
1114,1720
1114,2448
1114,1130
1114,2403
1114,2651
1114,1159
1114,1741
1114,1727
1114,1192
1114,2509
1114,1151
1114,1197
1114,1674
1114,1168
1114,1193
1114,1166
1114,1163
1114,1149
1114,1134
1114,2346
1114,1736
1114,2124
1114,1154
1114,1115
1114,1143
1114,2016
1114,2107
1114,2301
1114,2419
1114,1158
1114,1175
1114,1272
1114,1298
1115,2007
1115,1144
1115,2107
1115,2080
1115,2121
1115,1815
1115,2109
1115,1162
1115,1116
1115,2081
1115,1130
1115,2346
1115,2179
1115,2124
1115,1171
1115,2406
1115,1169
1115,1183
1115,1166
1115,1194
1115,1147
1115,2490
1115,1132
1115,1121
1115,1725
1115,1143
1115,2016
1115,1131
1115,2028
1116,1144
1116,1190
1116,1731
1116,1145
1116,2419
1116,1751
1116,1159
1116,2623
1116,1739
1116,2449
1116,2147
1116,1150
1116,1725
1116,2016
1116,1124
1116,2454
1116,1723
1116,1184
1116,1161
1116,1160
1116,1753
1116,1171
1116,1191
1116,1182
1116,1173
1116,1166
1116,1163
1116,1133
1116,1148
1116,2403
1116,1142
1116,1134
1116,1139
1116,1117
1116,2555
1116,1197
1116,1507
1116,1882
1116,1747
1116,1553
1117,2140
1117,1178
1117,2390
1117,2014
1117,2124
1117,1290
1117,1190
1117,2083
1117,2323
1117,2449
1117,1141
1117,2451
1117,2575
1117,1197
1117,2179
1117,1192
1117,1140
1117,1193
1117,1166
1117,1142
1117,1138
1117,2445
1117,1176
1117,1147
1117,1551
1117,1721
1117,1160
1117,1536
1117,2490
1117,2302
1117,1174
1118,2107
1118,1190
1118,2622
1118,2575
1118,2331
1118,2016
1118,1177
1118,1727
1118,1122
1118,2109
1118,1827
1118,1124
1118,2346
1118,2123
1118,2406
1118,1184
1118,1186
1118,1831
1118,2301
1118,1753
1118,1142
1118,1168
1118,1121
1118,1178
1118,1129
1118,1176
1118,2098
1118,2310
1118,1182
1118,1135
1118,2341
1118,1166
1118,1401
1119,1196
1119,1144
1119,1178
1119,1530
1119,1136
1119,2302
1119,1124
1119,1143
1119,2109
1119,1145
1119,2555
1119,1727
1119,2338
1119,1743
1119,2082
1119,1189
1119,1151
1119,1186
1119,1176
1119,1156
1119,1182
1119,1134
1119,1148
1119,2463
1119,2322
1119,1147
1119,1354
1119,2672
1119,2625
1120,2304
1120,1178
1120,2455
1120,1145
1120,2419
1120,2109
1120,1751
1120,1159
1120,2449
1120,1737
1120,2319
1120,1747
1120,1745
1120,1124
1120,2450
1120,1130
1120,2651
1120,1129
1120,1171
1120,1754
1120,1146
1120,1197
1120,2555
1120,1149
1120,1148
1120,1725
1120,2307
1120,1134
1120,1182
1120,1135
1120,1166
1120,1587
1120,1160
1120,1724
1120,1192
1120,1173
1120,1147
1120,1184
1121,2304
1121,1725
1121,2082
1121,1122
1121,2306
1121,1507
1121,1143
1121,1157
1121,1747
1121,1153
1121,1151
1121,1751
1121,1140
1121,1170
1121,2542
1121,1132
1121,1164
1121,1194
1121,1842
1121,2240
1121,2562
1121,2092
1121,1573
1121,1749
1121,1232
1121,2308
1121,2449
1121,1180
1121,1133
1121,2623
1121,2153
1121,1166
1121,1735
1121,1124
1122,1736
1122,1190
1122,1743
1122,1737
1122,2319
1122,2626
1122,1753
1122,2623
1122,1157
1122,1145
1122,1160
1122,1151
1122,1146
1122,2341
1122,2559
1122,2016
1122,1196
1122,2554
1122,2455
1122,1194
1122,1173
1122,1674
1122,2450
1122,1156
1122,1149
1122,2403
1122,1142
1122,1138
1122,1134
1122,1175
1122,1159
1122,1747
1122,1144
1122,1734
1122,1185
1122,2448
1122,1758
1122,1147
1122,2304
1122,1399
1123,1187
1123,1178
1123,2306
1123,1841
1123,2672
1123,1739
1123,2449
1123,2319
1123,1124
1123,1177
1123,1169
1123,1742
1123,1160
1123,2304
1123,1916
1123,1140
1123,1198
1123,1193
1123,1191
1123,1186
1123,1182
1123,1725
1123,2016
1123,1170
1123,1745
1123,1163
1123,1133
1123,1196
1123,2651
1123,1149
1123,1138
1123,1132
1123,1131
1123,1161
1123,1152
1123,2623
1123,1362
1123,2530
1123,1250
1123,2450
1123,1181
1123,2301
1123,1502
1124,1736
1124,1178
1124,2455
1124,1143
1124,1753
1124,1145
1124,2179
1124,1755
1124,2448
1124,1184
1124,2555
1124,1172
1124,1743
1124,1161
1124,1742
1124,1160
1124,1186
1124,2310
1124,1163
1124,1159
1124,1741
1124,1156
1124,2306
1124,2403
1124,1142
1124,1180
1124,1134
1124,2346
1124,2489
1124,1131
1124,1139
1124,1175
1124,2672
1124,1749
1124,1168
1124,2260
1125,2561
1125,2140
1125,1742
1125,1914
1125,2593
1125,2562
1125,2136
1125,1815
1125,2682
1125,2447
1125,2463
1125,2560
1125,1150
1125,1192
1125,1727
1125,1139
1125,2147
1125,1967
1125,1175
1125,1174
1125,2338
1125,2113
1125,1387
1125,2024
1125,2666
1125,1306
1125,2678
1125,1219
1125,1837
1125,1833
1126,2428
1126,2567
1126,1382
1126,2629
1126,1899
1126,1898
1126,1894
1126,1740
1126,2336
1126,1596
1126,1514
1126,2139
1126,1821
1126,2589
1126,1910
1126,1863
1126,2154
1126,1908
1126,1906
1126,1911
1126,1303
1126,1885
1126,1904
1126,1807
1126,1353
1126,1832
1126,1909
1126,1812
1126,1936
1126,2227
1126,2464
1126,2367
1126,2658
1126,1397
1126,2126
1126,1350
1126,2611
1126,2426
1126,2301
1126,1913
1126,2017
1126,2599
1126,2221
1126,1772
1126,2436
1127,2653
1127,1522
1127,2358
1127,2077
1127,2054
1127,2439
1127,2291
1127,2205
1127,1809
1127,1386
1127,2526
1127,2234
1127,1850
1127,2519
1127,2209
1127,2500
1127,2487
1127,2383
1127,2697
1127,2588
1127,2484
1127,2056
1127,2064
1127,1718
1127,1908
1127,1783
1127,1364
1127,2263
1127,2047
1127,2535
1127,1802
1127,1661
1127,2284
1127,2088
1127,1922
1127,1243
1127,1340
1127,1373
1127,2540
1127,2249
1127,1473
1127,2627
1127,1358
1127,1940
1127,2279
1127,2057
1127,2348
1127,2702
1127,2217
1127,2208
1127,1920
1127,2046
1127,1951
1127,2068
1127,1971
1127,2233
1128,1144
1128,1162
1128,2651
1128,2626
1128,1174
1128,1743
1128,1161
1128,2302
1128,2490
1128,1198
1128,1674
1128,2450
1128,1133
1128,1735
1128,2346
1128,1725
1128,2672
1128,2575
1128,1741
1128,1159
1128,2557
1128,1967
1128,2126
1128,1731
1128,2119
1128,1154
1128,2475
1128,2295
1128,1131
1128,1519
1128,2390
1128,1257
1128,2533
1129,1196
1129,1190
1129,2557
1129,2419
1129,2591
1129,1674
1129,1159
1129,2623
1129,1739
1129,1157
1129,1732
1129,1150
1129,1162
1129,1141
1129,2528
1129,1185
1129,1733
1129,1172
1129,1751
1129,1169
1129,1164
1129,2559
1129,1152
1129,1171
1129,1193
1129,1173
1129,2601
1129,2310
1129,1166
1129,1148
1129,1142
1129,1131
1129,2672
1129,2575
1129,1177
1129,1182
1130,1144
1130,1725
1130,2082
1130,1753
1130,2447
1130,2109
1130,1157
1130,2449
1130,2319
1130,1136
1130,1815
1130,1185
1130,1177
1130,2403
1130,2530
1130,1754
1130,1192
1130,1164
1130,2615
1130,1160
1130,1151
1130,2559
1130,2454
1130,1193
1130,2554
1130,1166
1130,1163
1130,2129
1130,1156
1130,1149
1130,1148
1130,1180
1130,1134
1130,1132
1130,1183
1130,1755
1130,1173
1131,2295
1131,1196
1131,2323
1131,1159
1131,1150
1131,2682
1131,2346
1131,2490
1131,2114
1131,2103
1131,1539
1131,1732
1131,1168
1131,2304
1131,1745
1131,2450
1131,1189
1131,1172
1131,1743
1131,2542
1131,1508
1131,1162
1131,1156
1131,1138
1131,1152
1131,1184
1131,1182
1131,1198
1132,1731
1132,2450
1132,1874
1132,1140
1132,1198
1132,1166
1132,1154
1132,1149
1132,1164
1132,2651
1132,1194
1132,1138
1132,2554
1132,1152
1133,2140
1133,1742
1133,2109
1133,2111
1133,1747
1133,2454
1133,2445
1133,2446
1133,1177
1133,2505
1133,1267
1133,1197
1133,1884
1133,2542
1133,1187
1133,2107
1133,2555
1133,1192
1133,1146
1133,1182
1133,2016
1133,1170
1133,1156
1133,2403
1133,1134
1133,2554
1133,1196
1133,1190
1133,1143
1133,2036
1133,1186
1133,1374
1133,1824
1134,2463
1134,2119
1134,2082
1134,2080
1134,1737
1134,1157
1134,2147
1134,1177
1134,1544
1134,2138
1134,1152
1134,1171
1134,2626
1134,2109
1134,1169
1134,1164
1134,1191
1134,1186
1134,1148
1134,2454
1134,1138
1134,1182
1134,1135
1134,2530
1134,2341
1134,1180
1135,2155
1135,1753
1135,1737
1135,1159
1135,2623
1135,2626
1135,2313
1135,1539
1135,2406
1135,2094
1135,1154
1135,2575
1135,2089
1135,1149
1135,1724
1135,2104
1135,1741
1135,2346
1135,2107
1135,1731
1135,1145
1135,2367
1135,1751
1135,1140
1135,2651
1135,1194
1135,1191
1136,2080
1136,2179
1136,1737
1136,1754
1136,1153
1136,1192
1136,1753
1136,1164
1136,2341
1136,2672
1136,2419
1136,2490
1136,1191
1136,1186
1136,1182
1136,1196
1136,2554
1136,1147
1136,1142
1136,1159
1136,1197
1136,1747
1136,2446
1136,2552
1136,1190
1136,2451
1136,1540
1136,1139
1136,1915
1137,1985
1137,1322
1137,2545
1137,2204
1137,1831
1137,1889
1137,2594
1137,1426
1137,2589
1137,1811
1137,2224
1137,1881
1137,2240
1137,2051
1137,2426
1137,2264
1137,2076
1137,1757
1137,2227
1137,2202
1137,1544
1137,1591
1137,2108
1137,1517
1137,1903
1137,1833
1137,1504
1137,2256
1137,2259
1137,1915
1137,2150
1137,1304
1137,1348
1137,2058
1137,1494
1137,1919
1137,2436
1137,1738
1137,2208
1137,2158
1138,1157
1138,1150
1138,1162
1138,2081
1138,2454
1138,1861
1138,1143
1138,2672
1138,1168
1138,2555
1138,1153
1138,1144
1138,1191
1138,1183
1138,1142
1138,1146
1138,1724
1138,1152
1138,1180
1138,2306
1138,1174
1139,2116
1139,2641
1139,2109
1139,1168
1139,2623
1139,2555
1139,2149
1139,2542
1139,2450
1139,2107
1139,2301
1139,1185
1139,2530
1139,2406
1139,1727
1139,2259
1139,1192
1139,1164
1139,2559
1139,1191
1139,1183
1139,2016
1139,2580
1139,1170
1139,1148
1139,1142
1139,2147
1139,1154
1139,1176
1139,1163
1139,1877
1139,2020
1140,1736
1140,1725
1140,2455
1140,1674
1140,2575
1140,2446
1140,2450
1140,1727
1140,1197
1140,1191
1140,2554
1140,1193
1140,2179
1140,2555
1140,2672
1140,1166
1140,2147
1140,2080
1141,1736
1141,2561
1141,2556
1141,1901
1141,1150
1141,1159
1141,1817
1141,1153
1141,2623
1141,1166
1141,2403
1141,2450
1141,1720
1141,1156
1141,1177
1141,1749
1141,2451
1141,1734
1141,2147
1141,1724
1141,2126
1141,2552
1141,2037
1141,2705
1142,2306
1142,1737
1142,2490
1142,1159
1142,2530
1142,2446
1142,2626
1142,2314
1142,1180
1142,1171
1142,1158
1142,2554
1142,1727
1142,1161
1142,1194
1142,1734
1142,1170
1142,2623
1142,1166
1142,2036
1142,2304
1142,1176
1142,1162
1142,1183
1142,2575
1142,1151
1142,1198
1142,1674
1143,2305
1143,2304
1143,1725
1143,1178
1143,2306
1143,2082
1143,1745
1143,1751
1143,1162
1143,1743
1143,2319
1143,1189
1143,1753
1143,1157
1143,1172
1143,1146
1143,2559
1143,2419
1143,1191
1143,2554
1143,1166
1143,1154
1143,1735
1143,2302
1143,2109
1143,2672
1143,2575
1143,1159
1143,2542
1143,1197
1143,1732
1143,1746
1143,1185
1143,1190
1143,1175
1143,2339
1143,2455
1143,1194
1143,2566
1143,2146
1144,1745
1144,1177
1144,2554
1144,2651
1144,1548
1144,1160
1144,1725
1144,2016
1144,2319
1144,1174
1144,1720
1144,2302
1144,2419
1144,1507
1144,2306
1144,1173
1144,2623
1144,1166
1144,1736
1144,1154
1144,2454
1144,2346
1144,2109
1144,1967
1144,2446
1144,1582
1144,1164
1144,1916
1144,1175
1144,1152
1144,1151
1144,2561
1144,2310
1145,1736
1145,1725
1145,1165
1145,2179
1145,1157
1145,1161
1145,1146
1145,2559
1145,2302
1145,1194
1145,1182
1145,2651
1145,1745
1145,1163
1145,1149
1145,1175
1145,2109
1145,2672
1145,2542
1145,2323
1145,2451
1145,1168
1145,1362
1145,2590
1145,2083
1145,2572
1146,2304
1146,1736
1146,2419
1146,1737
1146,1751
1146,2302
1146,2651
1146,1746
1146,1165
1146,2082
1146,1753
1146,1189
1146,1184
1146,1741
1146,1732
1146,1967
1146,1164
1146,1151
1146,1198
1146,2179
1146,2341
1146,1166
1146,2107
1146,1727
1146,2313
1146,1148
1146,1196
1146,2559
1146,1160
1146,1862
1147,1736
1147,1187
1147,2082
1147,1674
1147,2448
1147,1910
1147,1153
1147,2449
1147,1151
1147,2403
1147,2651
1147,1194
1147,1720
1147,1156
1147,2141
1147,1154
1147,1149
1147,1175
1147,2346
1147,2295
1147,1169
1147,1159
1147,2455
1148,1725
1148,1535
1148,2109
1148,1751
1148,2319
1148,1743
1148,2542
1148,2016
1148,1727
1148,1177
1148,1746
1148,1168
1148,1505
1148,2278
1148,1197
1148,1198
1148,1156
1148,1683
1148,1166
1148,2450
1148,1152
1148,2082
1148,2552
1148,1189
1149,2304
1149,2537
1149,1753
1149,2450
1149,1674
1149,1547
1149,1159
1149,1747
1149,2038
1149,2016
1149,2672
1149,1967
1149,1197
1149,1180
1149,1158
1149,2454
1149,1749
1149,2554
1149,1698
1149,1745
1149,2403
1149,1183
1149,1754
1149,2310
1149,1173
1149,1735
1149,2559
1149,1176
1150,2455
1150,2481
1150,2319
1150,1288
1150,1359
1150,1165
1150,1172
1150,1754
1150,1192
1150,2179
1150,1189
1150,2448
1150,1746
1150,2016
1150,1196
1150,2554
1150,2301
1150,2153
1150,1183
1150,1156
1150,2302
1150,1724
1150,2445
1150,1743
1150,2623
1150,2626
1150,1753
1150,1171
1150,1174
1150,2400
1151,1187
1151,1178
1151,1570
1151,2121
1151,2606
1151,2323
1151,2490
1151,2575
1151,2319
1151,1747
1151,1743
1151,2302
1151,1177
1151,1188
1151,2301
1151,2454
1151,1197
1151,2445
1151,2542
1151,1171
1151,1153
1151,1727
1151,2406
1151,1190
1151,1172
1151,1674
1151,2450
1151,2623
1151,1168
1151,1173
1152,1196
1152,1178
1152,2306
1152,2082
1152,2672
1152,1737
1152,2109
1152,1751
1152,1735
1152,1159
1152,2449
1152,1725
1152,2016
1152,2488
1152,2445
1152,2626
1152,1753
1152,2141
1152,2346
1152,1168
1152,1746
1152,2563
1152,1160
1152,2406
1152,1198
1152,2455
1152,1194
1152,1191
1152,1176
1152,2302
1152,2341
1152,1871
1152,1180
1152,2310
1152,1511
1152,2450
1152,1189
1153,2119
1153,2562
1153,2124
1153,1753
1153,2339
1153,2490
1153,1159
1153,2530
1153,1892
1153,2672
1153,2575
1153,1887
1153,1749
1153,2094
1153,2301
1153,2343
1153,2555
1153,1359
1153,1189
1153,1161
1153,1160
1153,1156
1153,2559
1153,1758
1153,2601
1153,2310
1153,1180
1153,2104
1153,1271
1153,2338
1154,1736
1154,2015
1154,2626
1154,1753
1154,1159
1154,2530
1154,1157
1154,2449
1154,2319
1154,2147
1154,2228
1154,1743
1154,2575
1154,1725
1154,2016
1154,1162
1154,1727
1154,2555
1154,2109
1154,1168
1154,1362
1154,1180
1154,1723
1154,1163
1154,2450
1154,1286
1154,1183
1154,1173
1154,2020
1154,1196
1154,2651
1154,1160
1154,2559
1154,2302
1154,1730
1154,1166
1154,1175
1155,2365
1155,2615
1155,1958
1155,1570
1155,1269
1155,1210
1155,1221
1155,1522
1155,1619
1155,1227
1155,1853
1155,2402
1155,1478
1155,1728
1155,1844
1155,1273
1155,2570
1155,2376
1155,1246
1155,1440
1155,1542
1155,2528
1155,1267
1155,2452
1155,2316
1155,2510
1155,1535
1155,2529
1155,1871
1155,2479
1155,1509
1155,1256
1155,1226
1155,1209
1155,1250
1155,1203
1155,1588
1155,2377
1155,1536
1155,1521
1155,1872
1155,1434
1155,1337
1155,1211
1155,2371
1155,1555
1155,1264
1155,1593
1155,1549
1155,1565
1155,1479
1155,1285
1155,1520
1155,1519
1155,1299
1155,1842
1155,2138
1155,1847
1155,1255
1155,1704
1155,1241
1156,1725
1156,2306
1156,2082
1156,1742
1156,2672
1156,1737
1156,1159
1156,1162
1156,2111
1156,2448
1156,1185
1156,2562
1156,1749
1156,1758
1156,1539
1156,2626
1156,1171
1156,1735
1156,1912
1156,2310
1156,1165
1156,1192
1156,2450
1156,1189
1156,1727
1156,2406
1156,2542
1156,1184
1156,1172
1156,1751
1156,1169
1156,2454
1156,1193
1156,1166
1156,2447
1156,1186
1156,1163
1156,1194
1156,1173
1157,2345
1157,1190
1157,1560
1157,2626
1157,1753
1157,2179
1157,1159
1157,2403
1157,2319
1157,1743
1157,1161
1157,1177
1157,2341
1157,2554
1157,2454
1157,1176
1157,2450
1157,2302
1157,1746
1157,2445
1157,1187
1157,2446
1158,2561
1158,1725
1158,2562
1158,2124
1158,1507
1158,1608
1158,2675
1158,1967
1158,1733
1158,1168
1158,2339
1158,1175
1158,2552
1158,1171
1158,2323
1158,1741
1158,2305
1158,1723
1158,2559
1158,2306
1158,1730
1158,1164
1158,1916
1158,2554
1158,1815
1158,2009
1158,2454
1159,2304
1159,2107
1159,1190
1159,1753
1159,2419
1159,2083
1159,1735
1159,2319
1159,1192
1159,1184
1159,1746
1159,1164
1159,2302
1159,1727
1159,1198
1159,2562
1159,1191
1159,1183
1159,2454
1159,1173
1159,2450
1159,2306
1159,2403
1159,2027
1159,2575
1159,1884
1159,2654
1159,1529
1159,1362
1159,1185
1159,1180
1159,1725
1159,2113
1159,2016
1159,1732
1159,2106
1159,2378
1159,1825
1160,2306
1160,1742
1160,1187
1160,1745
1160,2454
1160,2445
1160,2084
1160,2542
1160,2451
1160,1746
1160,2555
1160,1752
1160,1198
1160,2107
1160,1163
1160,1172
1160,1197
1160,1169
1161,2295
1161,1196
1161,2561
1161,2107
1161,1725
1161,2083
1161,1884
1161,1751
1161,2463
1161,2560
1161,2575
1161,2319
1161,1608
1161,1735
1161,2341
1161,1916
1161,1746
1161,2310
1161,1745
1161,1674
1161,2450
1161,2403
1161,2555
1161,1174
1161,2448
1161,2542
1161,1754
1161,2179
1162,2556
1162,1742
1162,2626
1162,2575
1162,2672
1162,1737
1162,1197
1162,2472
1162,2179
1162,1754
1162,1172
1162,2406
1162,1182
1162,2341
1162,1166
1162,1163
1162,2613
1162,1736
1162,2306
1162,1164
1162,1362
1162,1743
1162,1751
1162,1841
1162,2454
1163,1196
1163,1187
1163,2306
1163,1753
1163,1863
1163,1197
1163,2555
1163,2310
1163,1741
1163,1174
1163,2341
1163,1166
1163,2406
1163,1184
1163,2658
1163,2449
1163,1180
1163,1735
1163,2346
1164,2489
1164,2304
1164,1753
1164,2672
1164,2179
1164,1751
1164,1674
1164,1747
1164,2451
1164,2305
1164,1917
1164,1168
1164,2343
1164,2448
1164,2475
1164,2552
1164,1196
1164,2554
1164,2446
1164,1185
1164,1183
1164,1175
1164,2109
1164,2126
1164,1192
1165,2449
1165,1743
1165,2302
1165,1745
1165,2454
1165,2451
1165,1727
1165,2341
1165,1172
1165,1198
1165,1186
1165,1183
1165,1194
1165,1507
1165,2319
1165,1191
1165,1184
1166,1178
1166,1507
1166,2179
1166,1747
1166,2302
1166,1725
1166,2016
1166,2679
1166,2555
1166,1196
1166,2651
1166,1754
1166,1176
1166,1191
1166,2306
1166,2490
1166,1722
1166,1581
1167,2489
1167,2463
1167,1522
1167,2593
1167,2562
1167,2124
1167,1306
1167,2449
1167,2153
1167,2128
1167,2301
1167,2363
1167,2343
1167,2403
1167,2126
1167,2338
1167,1721
1167,1916
1167,1359
1167,2037
1167,2406
1167,2555
1167,1586
1168,1190
1168,1178
1168,2682
1168,2623
1168,1737
1168,2319
1168,1743
1168,1745
1168,2542
1168,1177
1168,2301
1168,2179
1168,1528
1168,1197
1168,2555
1168,1746
1168,1172
1168,2109
1168,1189
1168,1741
1168,1733
1168,1175
1168,1171
1168,2651
1168,2554
1168,1194
1168,2346
1168,1182
1168,2310
1168,1699
1169,2601
1169,2561
1169,1667
1169,2593
1169,1731
1169,1507
1169,2278
1169,1737
1169,2109
1169,2623
1169,2575
1169,2449
1169,2448
1169,2030
1169,2094
1169,2147
1169,1953
1169,2121
1169,1733
1169,1967
1169,2552
1169,2626
1169,1171
1169,2559
1169,1916
1169,1704
1169,1754
1169,1174
1169,1170
1169,1197
1169,2555
1169,1192
1169,2565
1169,2403
1169,1730
1170,1736
1170,1751
1170,2623
1170,1185
1170,2449
1170,2463
1170,1194
1170,1193
1170,2304
1170,1552
1170,2672
1170,2406
1170,1724
1170,2319
1170,1191
1171,2304
1171,1178
1171,2339
1171,1762
1171,1735
1171,1907
1171,2016
1171,2406
1171,2003
1171,2575
1171,1177
1171,2341
1171,1751
1171,2555
1171,1191
1171,2126
1171,2306
1171,2104
1171,1740
1171,2346
1171,1182
1171,2310
1171,1186
1171,1176
1171,2542
1171,1723
1172,1725
1172,2082
1172,2449
1172,2016
1172,1735
1172,2446
1172,1743
1172,2448
1172,1733
1172,2179
1172,2555
1172,1758
1172,2651
1172,2623
1172,1730
1172,1186
1172,1747
1172,2123
1172,1519
1173,1725
1173,2562
1173,1751
1173,1735
1173,2530
1173,2449
1173,1747
1173,2481
1173,1608
1173,1794
1173,1720
1173,1728
1173,2450
1173,2082
1173,2597
1173,1724
1173,2403
1173,2554
1173,2406
1173,1184
1173,2346
1173,1182
1174,2323
1174,1731
1174,1736
1174,2016
1174,2153
1174,2319
1174,2115
1174,1667
1174,2419
1174,1197
1174,2408
1174,1754
1174,1733
1174,1727
1174,1194
1174,1749
1175,2295
1175,2107
1175,1742
1175,1737
1175,2490
1175,2302
1175,2575
1175,2454
1175,2542
1175,1727
1175,1741
1175,2559
1175,1183
1175,1196
1175,2651
1175,2310
1175,1180
1175,1740
1175,1912
1175,2336
1176,1178
1176,2419
1176,1737
1176,1751
1176,2575
1176,1747
1176,1745
1176,2302
1176,1720
1176,2528
1176,2403
1176,2530
1176,1754
1176,2336
1176,2449
1176,2255
1176,1191
1176,1177
1176,1194
1176,1196
1176,2554
1176,2310
1176,1182
1176,1193
1176,2555
1176,1286
1176,1753
1176,1186
1177,1736
1177,2080
1177,1731
1177,2419
1177,1747
1177,1720
1177,2016
1177,2109
1177,2555
1177,2341
1177,1198
1177,1967
1177,1191
1177,2310
1177,2542
1177,1749
1177,1928
1177,2097
1177,1902
1177,1406
1178,2082
1178,1727
1178,2672
1178,1193
1178,2454
1178,2492
1178,1182
1178,2310
1178,1180
1178,2107
1178,2542
1178,2104
1178,2302
1178,2560
1178,1912
1178,2153
1178,2106
1178,2319
1178,1567
1179,2676
1179,2011
1179,2561
1179,2136
1179,2083
1179,1738
1179,2126
1179,2104
1179,2563
1179,2025
1179,2228
1179,1330
1179,2300
1179,2675
1179,1391
1179,1314
1179,2447
1179,2253
1179,1836
1179,2328
1179,2014
1180,2626
1180,1732
1180,1507
1180,2179
1180,2278
1180,1751
1180,2623
1180,2575
1180,1185
1180,2346
1180,1856
1180,2406
1180,1197
1180,2555
1180,1191
1180,2310
1180,2403
1180,1730
1180,1189
1181,2116
1181,1529
1181,2390
1181,2594
1181,2490
1181,1387
1181,2038
1181,1887
1181,1890
1181,2114
1181,2284
1181,1722
1181,1237
1181,1584
1181,1569
1181,1842
1181,2661
1181,1400
1181,1503
1181,1298
1181,1749
1181,2482
1181,1512
1181,1513
1181,1552
1181,1585
1181,1301
1181,2233
1182,1196
1182,1725
1182,2560
1182,1747
1182,1844
1182,1727
1182,2672
1182,1967
1182,2449
1182,2312
1182,2451
1182,2310
1182,1192
1182,1193
1182,1191
1182,1724
1182,2121
1182,1745
1182,2542
1182,1742
1182,2323
1183,2107
1183,2490
1183,1735
1183,1836
1183,2449
1183,2038
1183,1747
1183,1743
1183,1720
1183,2406
1183,1727
1183,2555
1183,1197
1183,1194
1183,2109
1183,2114
1183,1252
1183,2319
1183,1191
1183,1390
1183,2651
1183,2575
1183,2559
1183,2454
1184,2099
1184,2419
1184,2449
1184,2120
1184,1743
1184,2542
1184,1542
1184,1597
1184,2463
1184,1758
1184,2651
1184,1198
1184,1737
1184,1727
1184,1674
1184,2295
1184,1193
1184,2346
1184,1196
1185,2463
1185,2295
1185,2557
1185,2124
1185,2672
1185,2481
1185,1740
1185,1754
1185,1723
1185,1192
1185,1186
1185,2016
1185,1749
1185,1734
1185,2542
1185,2623
1185,2631
1185,1758
1185,1747
1185,1189
1185,2033
1185,2563
1185,2012
1185,1596
1185,2554
1185,1584
1185,1267
1186,1751
1186,1197
1186,2138
1186,2451
1186,1746
1186,2110
1186,1194
1186,1193
1186,1741
1186,2450
1186,1196
1187,2491
1187,2179
1187,1753
1187,2082
1187,2080
1187,1967
1187,2147
1187,2153
1187,2481
1187,2339
1187,1916
1187,2448
1187,2492
1187,2445
1187,2099
1187,1472
1187,1836
1188,2118
1188,2673
1188,2494
1188,2452
1188,1889
1188,2389
1188,1863
1188,1819
1188,1899
1188,1835
1188,2129
1188,1324
1188,2488
1188,1783
1188,2366
1188,1502
1188,1865
1188,1671
1188,1902
1188,2597
1188,1822
1188,2205
1188,1936
1188,1839
1188,1448
1188,2282
1188,2567
1188,1306
1188,1483
1189,2305
1189,1725
1189,2455
1189,1884
1189,1674
1189,2302
1189,1727
1189,1197
1189,1967
1189,1559
1189,1190
1189,1754
1189,1191
1189,1194
1189,1260
1189,1552
1190,1725
1190,1737
1190,1192
1190,2016
1190,2419
1190,2672
1190,1191
1190,2310
1190,1196
1190,2542
1190,1884
1190,2455
1190,2126
1190,1674
1190,1815
1190,1747
1190,2446
1190,1553
1190,1834
1190,2300
1191,2124
1191,2623
1191,2319
1191,2454
1191,2445
1191,1727
1191,1197
1191,2555
1191,1746
1191,2109
1191,2468
1191,1725
1191,1198
1191,1194
1191,1286
1191,1734
1191,1723
1192,2557
1192,2306
1192,2080
1192,2608
1192,2419
1192,2450
1192,1674
1192,2560
1192,2530
1192,1366
1192,2446
1192,2141
1192,2451
1192,2107
1192,2301
1192,1916
1192,2623
1192,2341
1192,2310
1192,2449
1192,1723
1192,2082
1192,2179
1193,1674
1193,1747
1193,1545
1193,2448
1193,2115
1193,2319
1193,2081
1193,2363
1193,2346
1193,2341
1193,1194
1193,2116
1193,2315
1193,1751
1193,2613
1193,1532
1194,2446
1194,1737
1194,2346
1194,1747
1194,2331
1194,1758
1194,2622
1194,2539
1194,1229
1195,2492
1195,1865
1195,1290
1195,2419
1195,2321
1195,2622
1195,1281
1195,2528
1195,1207
1195,2301
1195,1856
1195,1853
1195,2521
1195,1282
1195,1855
1195,1851
1195,2316
1195,1265
1195,2089
1195,1845
1195,1748
1195,1584
1195,1563
1195,1518
1195,1893
1195,2661
1196,2403
1196,1751
1196,2319
1196,2341
1196,2530
1196,2672
1196,2310
1196,2346
1196,1197
1196,2124
1196,2322
1196,2339
1196,2338
1196,2153
1196,2115
1196,1578
1197,1736
1197,2537
1197,2626
1197,1753
1197,2481
1197,2323
1197,2109
1197,2454
1197,2490
1197,1908
1197,2038
1197,2451
1197,2132
1197,1744
1197,2301
1197,1746
1197,1745
1197,2672
1197,1742
1197,1819
1197,2498
1197,1916
1197,2146
1197,2554
1197,1584
1197,1574
1198,2626
1198,2179
1198,2498
1198,2449
1198,1747
1198,2530
1198,2346
1198,1965
1198,1593
1198,2554
1198,2575
1198,2117
1198,1245
1199,2119
1199,1579
1199,1529
1199,1560
1199,2346
1199,2343
1199,1739
1199,2098
1199,1745
1199,1842
1199,1794
1199,1928
1199,1919
1199,2113
1199,2093
1199,2089
1199,1595
1199,1685
1199,2112
1199,1508
1199,1561
1199,1263
1199,1204
1199,2641
1199,2092
1199,1898
1199,2654
1199,2104
1199,2589
1199,1425
1199,1483
1200,2385
1200,2536
1200,1476
1200,1218
1200,1281
1200,2374
1200,2243
1200,1899
1200,1588
1200,1242
1200,1237
1200,1254
1200,2612
1200,1568
1200,1277
1200,2260
1200,2128
1200,1597
1200,1205
1200,1593
1200,1590
1200,1574
1200,1945
1200,1557
1200,2708
1200,1542
1200,1263
1200,2380
1200,1953
1200,2396
1200,1268
1200,1728
1200,1211
1200,1244
1200,1298
1200,2074
1200,1288
1200,1478
1200,1279
1200,1256
1200,2130
1200,1261
1200,1455
1200,2532
1201,2716
1201,1919
1201,1530
1201,1254
1201,1874
1201,2065
1201,1289
1201,1252
1201,2382
1201,1845
1201,1269
1201,1228
1201,1283
1201,1221
1201,1271
1201,2317
1201,1878
1201,1549
1201,1585
1201,2613
1201,2322
1201,2539
1201,1237
1201,1259
1201,2372
1201,2469
1201,1265
1201,1207
1201,2371
1201,1223
1201,2316
1201,1584
1201,1868
1201,1577
1201,2159
1201,1557
1201,2701
1201,1246
1201,1537
1201,2108
1201,2573
1201,1238
1201,1299
1201,2708
1201,1728
1201,1503
1201,2473
1201,2340
1201,1759
1201,1953
1201,1857
1201,1454
1201,2521
1201,1551
1201,1260
1201,1869
1201,1216
1201,2472
1201,1211
1201,1298
1201,2074
1201,1427
1201,1288
1202,2007
1202,1919
1202,2231
1202,2229
1202,2132
1202,1905
1202,1816
1202,2083
1202,2256
1202,1906
1202,2625
1202,1311
1202,2658
1202,2605
1202,1389
1202,2654
1202,1374
1202,1313
1202,1342
1202,2033
1202,2632
1202,1304
1202,2563
1202,1302
1202,2368
1202,1301
1202,2009
1202,2591
1202,2718
1202,1838
1202,2426
1202,1901
1202,2483
1202,1825
1202,1533
1202,1648
1202,2249
1203,2315
1203,2608
1203,2395
1203,2078
1203,1283
1203,1878
1203,1227
1203,2364
1203,1204
1203,1243
1203,1728
1203,1246
1203,1514
1203,2320
1203,1544
1203,2652
1203,1876
1203,2371
1203,1527
1203,2314
1203,2508
1203,1705
1203,1511
1203,2243
1203,2340
1203,1855
1203,1532
1203,1578
1203,1869
1203,1453
1203,1814
1203,1854
1203,1289
1203,1871
1203,1277
1203,1846
1203,1264
1203,2095
1203,2386
1203,1217
1203,1209
1203,1244
1203,1235
1203,1526
1203,1953
1203,1274
1203,1565
1203,1849
1203,1557
1203,1547
1203,2365
1203,2074
1203,1298
1203,1842
1203,1840
1203,1549
1203,2322
1203,1255
1203,1293
1203,1216
1203,1548
1203,1257
1203,1286
1203,1974
1203,1553
1203,1853
1203,2532
1203,1531
1203,2378
1203,2475
1203,1576
1203,1478
1203,1284
1203,1252
1204,1430
1204,2387
1204,2365
1204,1686
1204,1474
1204,2245
1204,2536
1204,2372
1204,1208
1204,1221
1204,1248
1204,2310
1204,2100
1204,2205
1204,1235
1204,2521
1204,1237
1204,2321
1204,1872
1204,2377
1204,1238
1204,1250
1204,1244
1204,2510
1204,1240
1204,1217
1204,1209
1204,2531
1204,1215
1204,1544
1204,1591
1204,1586
1204,1538
1204,1265
1204,1556
1204,1511
1204,1267
1204,1299
1204,1288
1204,2376
1204,2313
1204,1231
1204,1855
1204,2340
1204,1293
1204,2465
1204,1278
1204,1858
1204,1276
1204,2322
1204,1255
1204,1241
1204,2312
1204,2084
1204,1211
1204,1598
1204,1501
1204,1266
1204,1460
1204,2480
1204,1284
1205,1958
1205,2374
1205,2134
1205,1535
1205,2245
1205,1289
1205,1697
1205,1225
1205,1222
1205,1277
1205,1974
1205,2387
1205,1223
1205,1856
1205,1848
1205,2405
1205,1528
1205,1596
1205,1573
1205,1563
1205,1546
1205,2108
1205,1215
1205,2573
1205,2708
1205,1561
1205,2143
1205,1728
1205,1542
1205,2532
1205,1713
1205,1228
1205,1218
1205,1296
1205,1293
1205,1840
1205,1242
1205,1232
1205,1230
1205,1555
1205,1216
1205,1221
1205,2652
1205,1461
1205,2499
1205,1481
1205,1459
1205,1407
1205,2638
1205,2130
1205,1850
1205,2564
1205,2079
1205,1413
1205,2135
1205,2614
1205,1935
1206,1796
1206,2298
1206,2171
1206,2013
1206,1787
1206,1488
1206,1426
1206,2313
1206,1903
1206,1894
1206,1904
1206,1443
1206,2654
1206,2441
1206,1340
1206,2488
1206,2650
1206,2226
1206,1838
1206,2426
1206,1804
1206,1428
1206,1913
1206,1310
1206,1213
1206,1883
1206,2659
1206,2024
1206,1345
1206,1621
1206,1372
1206,2230
1206,1364
1206,2191
1206,2430
1206,1805
1206,2697
1206,1348
1206,1930
1206,2609
1206,1920
1206,2436
1206,1618
1206,2090
1206,2187
1206,2172
1206,2605
1206,1635
1206,1822
1206,2404
1207,1865
1207,1738
1207,2387
1207,1705
1207,1844
1207,1849
1207,2531
1207,1291
1207,1256
1207,1226
1207,1840
1207,1877
1207,2590
1207,1851
1207,1277
1207,1265
1207,1209
1207,2371
1207,1692
1207,2260
1207,1521
1207,1559
1207,1254
1207,1545
1207,2159
1207,2377
1207,1504
1207,1246
1207,2313
1207,2370
1207,1288
1207,1548
1207,1257
1207,2378
1207,1231
1207,2101
1207,1228
1207,1501
1207,1855
1207,2340
1207,1274
1207,1953
1207,1287
1207,1869
1207,1474
1207,2074
1207,1876
1207,2652
1207,1915
1207,1439
1207,1264
1207,1458
1207,1211
1207,1405
1207,1263
1207,2621
1207,2241
1207,1427
1208,2372
1208,1958
1208,2365
1208,1474
1208,2315
1208,1871
1208,1680
1208,1235
1208,1291
1208,1237
1208,2382
1208,2479
1208,1549
1208,1840
1208,2508
1208,1778
1208,1875
1208,1277
1208,2371
1208,1240
1208,1209
1208,1704
1208,1510
1208,1755
1208,1275
1208,1567
1208,2086
1208,1504
1208,1551
1208,1525
1208,2390
1208,1517
1208,1253
1208,2573
1208,1288
1208,1865
1208,1283
1208,1231
1208,1542
1208,2533
1208,2392
1208,2564
1208,1287
1208,1284
1208,1268
1208,1878
1208,1245
1208,1814
1208,2396
1208,1232
1208,2622
1208,1555
1208,1682
1208,1876
1208,2652
1208,2438
1208,2408
1208,1271
1208,1472
1208,1461
1208,2364
1208,1446
1208,1548
1208,1451
1208,2130
1208,2437
1208,1553
1209,2384
1209,1705
1209,2620
1209,1476
1209,1269
1209,1865
1209,1283
1209,1242
1209,1222
1209,2386
1209,1270
1209,2240
1209,1555
1209,1214
1209,1542
1209,1238
1209,2479
1209,2134
1209,1261
1209,1236
1209,1275
1209,2465
1209,2381
1209,1871
1209,1260
1209,1855
1209,1849
1209,2108
1209,2533
1209,1869
1209,2376
1209,2510
1209,2396
1209,1814
1209,1867
1209,1285
1209,1265
1209,1535
1209,2020
1209,1244
1209,2472
1209,1890
1209,1598
1209,1295
1209,1586
1209,1520
1209,1500
1209,1299
1209,1298
1209,2537
1209,2246
1209,1276
1209,1465
1209,2392
1209,1422
1209,1255
1209,1482
1209,1216
1209,2372
1209,1402
1209,1231
1210,1522
1210,1414
1210,2616
1210,1258
1210,2390
1210,2134
1210,2078
1210,1845
1210,1856
1210,1680
1210,2539
1210,2371
1210,1859
1210,1577
1210,2482
1210,1504
1210,1551
1210,1337
1210,1543
1210,1520
1210,2105
1210,1234
1210,1211
1210,2410
1210,2391
1210,2061
1210,1770
1210,1479
1210,1462
1210,1447
1210,1432
1210,1458
1210,2130
1210,1438
1210,1487
1210,1297
1210,2655
1210,1422
1210,1412
1210,1798
1210,2415
1210,2512
1210,2609
1210,2318
1211,1568
1211,1414
1211,2366
1211,1560
1211,1474
1211,2620
1211,2245
1211,2382
1211,1218
1211,1509
1211,1555
1211,2454
1211,2395
1211,1514
1211,1680
1211,1505
1211,2378
1211,1238
1211,2365
1211,1892
1211,1224
1211,2316
1211,2510
1211,2616
1211,1840
1211,1549
1211,2117
1211,1289
1211,1871
1211,2465
1211,2564
1211,2312
1211,1868
1211,1285
1211,2340
1211,1855
1211,1506
1211,1215
1211,1702
1211,1508
1211,1518
1211,1517
1211,1251
1211,1293
1211,1268
1211,1284
1211,2472
1211,2102
1211,1520
1211,1234
1211,1527
1211,2396
1211,1232
1211,1287
1211,1410
1211,2380
1211,1276
1211,2371
1211,1427
1211,2106
1212,2384
1212,1841
1212,2492
1212,2104
1212,2537
1212,1613
1212,1871
1212,2539
1212,1237
1212,1875
1212,2534
1212,1855
1212,1214
1212,2106
1212,1680
1212,1874
1212,1583
1212,1578
1212,1559
1212,1857
1212,1867
1212,1576
1212,2159
1212,2382
1212,1509
1212,1503
1212,1558
1212,1297
1212,2538
1212,1953
1212,1295
1212,1598
1212,2374
1212,1878
1212,1555
1212,1474
1212,2081
1212,1499
1212,1457
1213,1989
1213,1322
1213,2486
1213,2358
1213,2013
1213,2169
1213,2157
1213,1753
1213,2487
1213,2049
1213,2165
1213,1957
1213,2547
1213,1785
1213,2270
1213,1900
1213,1803
1213,2425
1213,2172
1213,1835
1213,2548
1213,1831
1213,2413
1213,1445
1213,2453
1213,2699
1213,2466
1213,2297
1213,2131
1213,2535
1213,1925
1213,2015
1213,2209
1213,1838
1213,2633
1213,2202
1213,2000
1213,1333
1213,1818
1213,2480
1213,1377
1213,1328
1213,2285
1213,2603
1213,1349
1213,2544
1213,2230
1213,1805
1213,1338
1213,1605
1213,2600
1213,1921
1214,2372
1214,1705
1214,1568
1214,2365
1214,2360
1214,1875
1214,1506
1214,2620
1214,1570
1214,2095
1214,1878
1214,1271
1214,1227
1214,2472
1214,2537
1214,1858
1214,1874
1214,1680
1214,1461
1214,1849
1214,2322
1214,1704
1214,1840
1214,1265
1214,2138
1214,2122
1214,1237
1214,1275
1214,2405
1214,1283
1214,1574
1214,1565
1214,1273
1214,1564
1214,2478
1214,2381
1214,2407
1214,1534
1214,1229
1214,1520
1214,2387
1214,1257
1214,2590
1214,2105
1214,2473
1214,1256
1214,2614
1214,1260
1214,1268
1214,2236
1214,1266
1214,1543
1214,1230
1214,2465
1214,1484
1214,1448
1214,2382
1214,1412
1215,2564
1215,1706
1215,1229
1215,1874
1215,2509
1215,1242
1215,1852
1215,2708
1215,1410
1215,1668
1215,1556
1215,1238
1215,1699
1215,1974
1215,2473
1215,1273
1215,1855
1215,2108
1215,1337
1215,1851
1215,1285
1215,1276
1215,2652
1215,1294
1215,1230
1215,1296
1215,1484
1215,2371
1215,1234
1216,1848
1216,2698
1216,2321
1216,1281
1216,1221
1216,1878
1216,2130
1216,2058
1216,2708
1216,2316
1216,1776
1216,2536
1216,1223
1216,1509
1216,2365
1216,2074
1216,1504
1216,1692
1216,2371
1216,1570
1216,1974
1216,1554
1216,2396
1216,2528
1216,1849
1216,1704
1216,2533
1216,2378
1216,2384
1216,1511
1216,1840
1216,1549
1216,1265
1216,2117
1216,1244
1216,1273
1216,2146
1216,1778
1216,1293
1216,1591
1216,1865
1216,1574
1216,1565
1216,1868
1216,1286
1216,1240
1216,1287
1216,1268
1216,1713
1216,2392
1216,1422
1216,1234
1216,1246
1216,1537
1216,1501
1216,1693
1216,2469
1216,1844
1216,1694
1216,2478
1216,1411
1216,1247
1216,1297
1216,1851
1216,1463
1217,2372
1217,1759
1217,2134
1217,1474
1217,2395
1217,2086
1217,1281
1217,2251
1217,1728
1217,1719
1217,1538
1217,1461
1217,1931
1217,2370
1217,1235
1217,1869
1217,1814
1217,2538
1217,1420
1217,1226
1217,2336
1217,1851
1217,1265
1217,2482
1217,2246
1217,1567
1217,1585
1217,1294
1217,1586
1217,1285
1217,1298
1217,1275
1217,2322
1217,1299
1217,1228
1217,1519
1217,1278
1217,1219
1217,1598
1217,1286
1217,1541
1217,1841
1217,1259
1217,2617
1218,1229
1218,1785
1218,1474
1218,2245
1218,1235
1218,1237
1218,1226
1218,1222
1218,1840
1218,2663
1218,1223
1218,2615
1218,1683
1218,1613
1218,1595
1218,1539
1218,1536
1218,1500
1218,1298
1218,2143
1218,1542
1218,1271
1218,2532
1218,2243
1218,1260
1218,2402
1218,1241
1218,2061
1218,1958
1218,1473
1218,1449
1218,1233
1218,1486
1218,1704
1218,2480
1218,1284
1218,1769
1219,2372
1219,2387
1219,1848
1219,1535
1219,2537
1219,2245
1219,2061
1219,1878
1219,1227
1219,2084
1219,2472
1219,1728
1219,2528
1219,1332
1219,2378
1219,1509
1219,2074
1219,2086
1219,2377
1219,1953
1219,2510
1219,2374
1219,1501
1219,1554
1219,2477
1219,2574
1219,2396
1219,1704
1219,1869
1219,1877
1219,1560
1219,1851
1219,1840
1219,2476
1219,2573
1219,1553
1219,1517
1219,1455
1219,1843
1219,1480
1219,1286
1219,1875
1219,1293
1219,1284
1219,1268
1219,2499
1219,1451
1219,1458
1219,1264
1219,1896
1219,1474
1219,1280
1219,1230
1219,2614
1219,2312
1219,1439
1219,2533
1219,1466
1219,1435
1220,2264
1220,1430
1220,2695
1220,2673
1220,2640
1220,2105
1220,1241
1220,2410
1220,1473
1220,1459
1220,2422
1220,1452
1220,1447
1220,1419
1220,1451
1220,2130
1220,1405
1220,1438
1220,2387
1220,1978
1220,1482
1220,2636
1221,1568
1221,1270
1221,1229
1221,1713
1221,1535
1221,2620
1221,2395
1221,2320
1221,2382
1221,1248
1221,2529
1221,1280
1221,1265
1221,2510
1221,1240
1221,1236
1221,1708
1221,2360
1221,1532
1221,2565
1221,1685
1221,1868
1221,1577
1221,1586
1221,1227
1221,1525
1221,2245
1221,1275
1221,2376
1221,1534
1221,1728
1221,2532
1221,2243
1221,1273
1221,1224
1221,1296
1221,1287
1221,2590
1221,1814
1221,1523
1221,2396
1221,2246
1221,1858
1221,1276
1221,1557
1221,1266
1221,1242
1221,1410
1221,2617
1221,1849
1221,1461
1221,1463
1221,1840
1221,1452
1221,2095
1221,2580
1221,1416
1221,1542
1221,2415
1221,2512
1222,2385
1222,1474
1222,1254
1222,1570
1222,1252
1222,2086
1222,1865
1222,1283
1222,1710
1222,1759
1222,1856
1222,1844
1222,1235
1222,1237
1222,1872
1222,2246
1222,1261
1222,1250
1222,1247
1222,2371
1222,1244
1222,2387
1222,1223
1222,1440
1222,1702
1222,2316
1222,1540
1222,1748
1222,1590
1222,1589
1222,1531
1222,2370
1222,1566
1222,1275
1222,2376
1222,2378
1222,1534
1222,1728
1222,1231
1222,2533
1222,2392
1222,1224
1222,1878
1222,1296
1222,1295
1222,1260
1222,1869
1222,2128
1222,1255
1222,2240
1222,1814
1222,1232
1222,2331
1222,1555
1222,1890
1222,1241
1222,1435
1222,1450
1222,1412
1223,1867
1223,1713
1223,1495
1223,2621
1223,1845
1223,2615
1223,2130
1223,2620
1223,1844
1223,1258
1223,1840
1223,2508
1223,2246
1223,1744
1223,1849
1223,1854
1223,1291
1223,1273
1223,1855
1223,1577
1223,1868
1223,2086
1223,2377
1223,1814
1223,1277
1223,1238
1223,1535
1223,1613
1223,2536
1223,1566
1223,1275
1223,2381
1223,1557
1223,1246
1223,2143
1223,1542
1223,2473
1223,2564
1223,1953
1223,2095
1223,1295
1223,1284
1223,1255
1223,1241
1223,1234
1223,1230
1223,2479
1223,1555
1223,1846
1224,2360
1224,1875
1224,1433
1224,1717
1224,1613
1224,2385
1224,2317
1224,1702
1224,2374
1224,2316
1224,1282
1224,2508
1224,1429
1224,2095
1224,2580
1224,1858
1224,2240
1224,2143
1224,2074
1224,1549
1224,1704
1224,2134
1224,1843
1224,1285
1224,1555
1224,1264
1224,1240
1224,1974
1224,2313
1224,1423
1224,1591
1224,1551
1224,1550
1224,1286
1224,1542
1224,1251
1224,2614
1224,1275
1224,2380
1224,1274
1224,1953
1224,2465
1224,1266
1224,1559
1224,1268
1224,2402
1224,2499
1225,1865
1225,1580
1225,2365
1225,2620
1225,2327
1225,1476
1225,2086
1225,1228
1225,2572
1225,1719
1225,1555
1225,1685
1225,1540
1225,2510
1225,1263
1225,1275
1225,1239
1225,1558
1225,1849
1225,1527
1225,1680
1225,1668
1225,1862
1225,1851
1225,1244
1225,2110
1225,1294
1225,1593
1225,1590
1225,1848
1225,1557
1225,2534
1225,1259
1225,1550
1225,1517
1225,1859
1225,1277
1225,1512
1225,1854
1225,1563
1225,1410
1225,1531
1225,2151
1225,2539
1225,1278
1225,1755
1225,2531
1225,1567
1225,2590
1225,1257
1226,2372
1226,2564
1226,2387
1226,1495
1226,2086
1226,1242
1226,2472
1226,1872
1226,2508
1226,2128
1226,1858
1226,1882
1226,2378
1226,1248
1226,1549
1226,1501
1226,1235
1226,2371
1226,2389
1226,1516
1226,1409
1226,2573
1226,2538
1226,1842
1226,1291
1226,1847
1226,1854
1226,1510
1226,1293
1226,1285
1226,1576
1226,1548
1226,2385
1226,1512
1226,1284
1226,1575
1226,1240
1226,1287
1226,1241
1226,1245
1226,1536
1226,1489
1226,1274
1226,1268
1226,1874
1226,1292
1226,1864
1226,1534
1226,1493
1226,2074
1226,1298
1227,2714
1227,1958
1227,2564
1227,2452
1227,2086
1227,1781
1227,1571
1227,2322
1227,1851
1227,1294
1227,1867
1227,1285
1227,1277
1227,2572
1227,2381
1227,1244
1227,2117
1227,1528
1227,1683
1227,1586
1227,1556
1227,1573
1227,1567
1227,1527
1227,1239
1227,2116
1227,1534
1227,1531
1227,2313
1227,1517
1227,1515
1227,1558
1227,1257
1227,1251
1227,2105
1227,1231
1227,2473
1227,2533
1227,2340
1227,2402
1227,1553
1227,2074
1227,1491
1227,2521
1227,1704
1227,2673
1227,1412
1228,1919
1228,2695
1228,2477
1228,2385
1228,2151
1228,1535
1228,2509
1228,2479
1228,1682
1228,2411
1228,2508
1228,1877
1228,1814
1228,1872
1228,2119
1228,1246
1228,1843
1228,1261
1228,1250
1228,1700
1228,2476
1228,2336
1228,1544
1228,1593
1228,2564
1228,1400
1228,1267
1228,1299
1228,1286
1228,2376
1228,2378
1228,2395
1228,1231
1228,1589
1228,1542
1228,1263
1228,2533
1228,2392
1228,2614
1228,2340
1228,1284
1228,1549
1228,1840
1228,1255
1228,2531
1228,2240
1228,1555
1228,1871
1228,1483
1228,1453
1228,1230
1229,2119
1229,1871
1229,2322
1229,1237
1229,2608
1229,1873
1229,2372
1229,2469
1229,2377
1229,1252
1229,1240
1229,2095
1229,2316
1229,1700
1229,1694
1229,2387
1229,1843
1229,1552
1229,1574
1229,2370
1229,1271
1229,1231
1229,1269
1229,1295
1229,1260
1229,1878
1229,1555
1229,2482
1229,1476
1229,1481
1229,1293
1230,1985
1230,1568
1230,2385
1230,1535
1230,1433
1230,2608
1230,1698
1230,1252
1230,2713
1230,1269
1230,2243
1230,2240
1230,1728
1230,2365
1230,2074
1230,1556
1230,1514
1230,2315
1230,1442
1230,1261
1230,2371
1230,1857
1230,2570
1230,2473
1230,1282
1230,1864
1230,2647
1230,1680
1230,2533
1230,1555
1230,1264
1230,1242
1230,1521
1230,1510
1230,1565
1230,1312
1230,2415
1230,1251
1230,2614
1230,1295
1230,1434
1230,1240
1230,1495
1230,2465
1230,1869
1230,1287
1230,2095
1230,1278
1230,1490
1230,1255
1230,1867
1230,2061
1230,1232
1230,1293
1230,2478
1230,1276
1231,1958
1231,2365
1231,1867
1231,2320
1231,2121
1231,1874
1231,1252
1231,2482
1231,2128
1231,2038
1231,2155
1231,2387
1231,1514
1231,1853
1231,1704
1231,2371
1231,2472
1231,1577
1231,1586
1231,1257
1231,2376
1231,2473
1231,1263
1231,1519
1231,2392
1231,2614
1231,2380
1231,1953
1231,1268
1231,1578
1231,1869
1231,1266
1231,2396
1231,1232
1231,1474
1231,1862
1231,1463
1231,2391
1231,1421
1231,1419
1231,2057
1232,1705
1232,2140
1232,2306
1232,1289
1232,2689
1232,1281
1232,1413
1232,2478
1232,1684
1232,2125
1232,1728
1232,2074
1232,2510
1232,1263
1232,2473
1232,2243
1232,1855
1232,2498
1232,2110
1232,1876
1232,1585
1232,1814
1232,2104
1232,1842
1232,1291
1232,1256
1232,1265
1232,2386
1232,1247
1232,1890
1232,1284
1232,1266
1232,1501
1232,1312
1232,1537
1232,1578
1232,1772
1232,2385
1232,1512
1232,2536
1232,1275
1232,1282
1232,1853
1232,2532
1232,1542
1232,1251
1232,1544
1233,2477
1233,1506
1233,1433
1233,2327
1233,1672
1233,1488
1233,2369
1233,2114
1233,2472
1233,2141
1233,1526
1233,2394
1233,1521
1233,1545
1233,2695
1233,1531
1233,2532
1233,1276
1233,1242
1233,2589
1233,2499
1233,2415
1233,2701
1233,2410
1233,1481
1233,2504
1233,2373
1233,1403
1233,2531
1233,2143
1233,1464
1233,2105
1233,1415
1233,1401
1233,1285
1233,2393
1233,2517
1233,2072
1233,1596
1233,1402
1233,1494
1233,1431
1233,1528
1233,2692
1233,2135
1233,2649
1233,1279
1233,1473
1233,2055
1234,2116
1234,2315
1234,2134
1234,1535
1234,2389
1234,2078
1234,1874
1234,1423
1234,1819
1234,2568
1234,1694
1234,2615
1234,2130
1234,2708
1234,2316
1234,1872
1234,1450
1234,2378
1234,2478
1234,2392
1234,2371
1234,1427
1234,1982
1234,2473
1234,2465
1234,2105
1234,2396
1234,2322
1234,1585
1234,1285
1234,1953
1234,1274
1234,1972
1234,1293
1234,1584
1234,1291
1234,1525
1234,1517
1234,1286
1234,1251
1234,1263
1234,1266
1234,1589
1234,1493
1234,1489
1234,1295
1234,2210
1234,1260
1234,2477
1234,2380
1234,2367
1234,1591
1234,1409
1235,2315
1235,1867
1235,2620
1235,2615
1235,2537
1235,2372
1235,1269
1235,1853
1235,1755
1235,2572
1235,1288
1235,2370
1235,1840
1235,2539
1235,1845
1235,2340
1235,1544
1235,1542
1235,2652
1235,1876
1235,1504
1235,1267
1235,2316
1235,2510
1235,1953
1235,1856
1235,1854
1235,1842
1235,1256
1235,1413
1235,1704
1235,1868
1235,1877
1235,1847
1235,1859
1235,1277
1235,2371
1235,1896
1235,2608
1235,1250
1235,2387
1235,1708
1235,2392
1235,2101
1235,1590
1235,1589
1235,1581
1235,1573
1235,1534
1235,1517
1235,2384
1235,1705
1235,1511
1235,1814
1235,2105
1235,1869
1235,1241
1235,2312
1235,1261
1236,2007
1236,1865
1236,1705
1236,1870
1236,1579
1236,1474
1236,2537
1236,1850
1236,1252
1236,1750
1236,1529
1236,2111
1236,1684
1236,2119
1236,1872
1236,2528
1236,2612
1236,2321
1236,1555
1236,2510
1236,1871
1236,1680
1236,1704
1236,1868
1236,1877
1236,1851
1236,2508
1236,1247
1236,1694
1236,1686
1236,2074
1236,2130
1236,1516
1236,2574
1236,1578
1236,1287
1236,1814
1236,1523
1236,2396
1236,1570
1236,1473
1236,1845
1236,1457
1237,2492
1237,2564
1237,2360
1237,2464
1237,1867
1237,2086
1237,2373
1237,2316
1237,1253
1237,1728
1237,1246
1237,1259
1237,1744
1237,2678
1237,2580
1237,2570
1237,2376
1237,1874
1237,1680
1237,1556
1237,1876
1237,1840
1237,1549
1237,1857
1237,2621
1237,1554
1237,2573
1237,2465
1237,2590
1237,2574
1237,2322
1237,2261
1237,1582
1237,1858
1237,1851
1237,1238
1237,1508
1237,1553
1237,1512
1237,1598
1237,1286
1237,1284
1237,1581
1237,1511
1237,1573
1237,1257
1237,1856
1237,1565
1237,1855
1237,1467
1237,1587
1238,1759
1238,1254
1238,2701
1238,2382
1238,2095
1238,2514
1238,1410
1238,1870
1238,1773
1238,1288
1238,2508
1238,1571
1238,1668
1238,2376
1238,2555
1238,1270
1238,2531
1238,2322
1238,1868
1238,1814
1238,1871
1238,1867
1238,1285
1238,1277
1238,1686
1238,2316
1238,2122
1238,2565
1238,2097
1238,1555
1238,1846
1238,1528
1238,2512
1238,1542
1238,1251
1238,2392
1238,2614
1238,1295
1238,1689
1238,2465
1238,1869
1238,1245
1238,1728
1238,2505
1238,2408
1238,1260
1239,2616
1239,1914
1239,1875
1239,2257
1239,2132
1239,1524
1239,2315
1239,2509
1239,1509
1239,2654
1239,2156
1239,2373
1239,1694
1239,1545
1239,2508
1239,2128
1239,1595
1239,2521
1239,2133
1239,1556
1239,1857
1239,2529
1239,2542
1239,2117
1239,2573
1239,1871
1239,2514
1239,1544
1239,2574
1239,1896
1239,2381
1239,1876
1239,1585
1239,1250
1239,2336
1239,1594
1239,1680
1239,1583
1239,1552
1239,1521
1239,1263
1239,1748
1239,2378
1239,2475
1239,1311
1239,1532
1239,2405
1239,1502
1239,1593
1239,1591
1239,1548
1239,1910
1239,1534
1239,1520
1239,2101
1239,1519
1239,1515
1239,1523
1239,2533
1239,2219
1239,1958
1239,2055
1240,2492
1240,2365
1240,1875
1240,2374
1240,1867
1240,1289
1240,2701
1240,1873
1240,2521
1240,2478
1240,2472
1240,2316
1240,2159
1240,2112
1240,2086
1240,2377
1240,1261
1240,2138
1240,1252
1240,1446
1240,2322
1240,2473
1240,1402
1240,1273
1240,2340
1240,1270
1240,2240
1240,1462
1240,2396
1240,1814
1240,1294
1240,1553
1240,1874
1240,1292
1240,1586
1240,1284
1240,1264
1240,1278
1240,1276
1240,2465
1240,1550
1241,1958
1241,1870
1241,2315
1241,2492
1241,2395
1241,1873
1241,1283
1241,1259
1241,2599
1241,1558
1241,2316
1241,1728
1241,1538
1241,1273
1241,2340
1241,1890
1241,1680
1241,1561
1241,1499
1241,2377
1241,2034
1241,1840
1241,1549
1241,2568
1241,1501
1241,1857
1241,1275
1241,2214
1241,2408
1241,1260
1241,2574
1241,2095
1241,1274
1241,1555
1241,1264
1241,1700
1241,1294
1241,1268
1241,1262
1241,1553
1241,1546
1241,1520
1241,1287
1241,2473
1241,1503
1241,2482
1241,1415
1241,1516
1241,1419
1241,1537
1241,1490
1241,1295
1241,1526
1241,1282
1241,1573
1241,1479
1241,2320
1241,2514
1241,1704
1241,1858
1241,1276
1242,2492
1242,1579
1242,2507
1242,1254
1242,2320
1242,1289
1242,1688
1242,1850
1242,1271
1242,1332
1242,1878
1242,1840
1242,1285
1242,1265
1242,1244
1242,1848
1242,1523
1242,2387
1242,1514
1242,1518
1242,2478
1242,1400
1242,2614
1242,1589
1242,1276
1242,2240
1242,1501
1242,2364
1242,1728
1242,2504
1242,2495
1243,2523
1243,2545
1243,2440
1243,2417
1243,1600
1243,2704
1243,2520
1243,2653
1243,2071
1243,1645
1243,1323
1243,1913
1243,2199
1243,2393
1243,1497
1243,2333
1243,2383
1243,2239
1243,2627
1243,2502
1243,2211
1243,2218
1243,1926
1243,2702
1243,1960
1243,2348
1243,1930
1243,2291
1243,1783
1243,2040
1243,1790
1243,1895
1243,1798
1243,2299
1243,2056
1243,1776
1243,2075
1243,1980
1243,2427
1243,2414
1243,2511
1243,1444
1243,2715
1243,2453
1243,2461
1243,1950
1243,1961
1243,1712
1243,1923
1243,2526
1243,2662
1244,2571
1244,2564
1244,1852
1244,1759
1244,2507
1244,1506
1244,2245
1244,1874
1244,1580
1244,1289
1244,1252
1244,2613
1244,1859
1244,2212
1244,2386
1244,1414
1244,1288
1244,2100
1244,2246
1244,2159
1244,2365
1244,2074
1244,2510
1244,2529
1244,1260
1244,2382
1244,2479
1244,2110
1244,1849
1244,1854
1244,1256
1244,1750
1244,1847
1244,1280
1244,1264
1244,1526
1244,1523
1244,1512
1244,2473
1244,1597
1244,2574
1244,2380
1244,1501
1244,1592
1244,1282
1244,2371
1244,2360
1244,1875
1244,1584
1245,2477
1245,2387
1245,2324
1245,1506
1245,1874
1245,1289
1245,2321
1245,1613
1245,2706
1245,1271
1245,2708
1245,2214
1245,2041
1245,1872
1245,1728
1245,1282
1245,2717
1245,1858
1245,2376
1245,2074
1245,2095
1245,1513
1245,2086
1245,1504
1245,1261
1245,2371
1245,1275
1245,1475
1245,2097
1245,1555
1245,2719
1245,1846
1245,2533
1245,1854
1245,1278
1245,1433
1245,1299
1245,1269
1245,1463
1245,2510
1245,2219
1245,1490
1245,1958
1245,1473
1245,1422
1245,2614
1245,1755
1245,2531
1245,1464
1245,1286
1245,1842
1246,2372
1246,1865
1246,2385
1246,2315
1246,2536
1246,1613
1246,1506
1246,2365
1246,1282
1246,1681
1246,1849
1246,1862
1246,1273
1246,1855
1246,1851
1246,1814
1246,1277
1246,1759
1246,1274
1246,1265
1246,2371
1246,2510
1246,1508
1246,1846
1246,2110
1246,2492
1246,1537
1246,1728
1246,1534
1246,1511
1246,1263
1246,1854
1246,2533
1246,2392
1246,2614
1246,1284
1246,1842
1246,1260
1246,1546
1246,1853
1246,2499
1246,1266
1246,1460
1247,2384
1247,1270
1247,1254
1247,2615
1247,1570
1247,2701
1247,1476
1247,2479
1247,1873
1247,1681
1247,2111
1247,1702
1247,2472
1247,1599
1247,1844
1247,1728
1247,1272
1247,2510
1247,2508
1247,2573
1247,2097
1247,2386
1247,1851
1247,1277
1247,1564
1247,1520
1247,1297
1247,1266
1247,1410
1247,2391
1247,1846
1247,1278
1247,1499
1247,2365
1247,2074
1247,1298
1247,2537
1247,1276
1248,2663
1248,2372
1248,1705
1248,2571
1248,2034
1248,2360
1248,1875
1248,1759
1248,2315
1248,1722
1248,1506
1248,1474
1248,2320
1248,1283
1248,2104
1248,1871
1248,1270
1248,1852
1248,2531
1248,2133
1248,1704
1248,1294
1248,2246
1248,1683
1248,1540
1248,2381
1248,1597
1248,1591
1248,1545
1248,1527
1248,1546
1248,1515
1248,1298
1248,1577
1248,1286
1248,1251
1248,1523
1248,2105
1248,1284
1248,1268
1248,2635
1248,2116
1248,2504
1249,2714
1249,2162
1249,1995
1249,1454
1249,1258
1249,2335
1249,1809
1249,1498
1249,2086
1249,2396
1249,1382
1249,2214
1249,1499
1249,1463
1249,1435
1249,1418
1249,1458
1249,1986
1249,2524
1249,2242
1249,1999
1249,2072
1249,1781
1249,1494
1249,1487
1249,1477
1249,1468
1249,2692
1249,2293
1249,1420
1249,2688
1249,2041
1249,2332
1249,2526
1249,1930
1249,2056
1249,2456
1249,2510
1249,1540
1249,1443
1249,2607
1249,2504
1249,2698
1249,1783
1249,1977
1249,2079
1249,1982
1249,2062
1249,1489
1249,2071
1249,2289
1249,2540
1249,2558
1249,1588
1249,2655
1249,2073
1249,2357
1249,2522
1250,1875
1250,1541
1250,2315
1250,2620
1250,2374
1250,1423
1250,2395
1250,2472
1250,1840
1250,1289
1250,2074
1250,2378
1250,1540
1250,2316
1250,2510
1250,2529
1250,2394
1250,2372
1250,1693
1250,2469
1250,2531
1250,2508
1250,2465
1250,1260
1250,2574
1250,1704
1250,1869
1250,1897
1250,1994
1250,2396
1250,1814
1250,1285
1250,1550
1250,1556
1250,1265
1250,2517
1250,1547
1250,1286
1250,1284
1250,1278
1250,1276
1250,1266
1250,2322
1250,1255
1250,2076
1250,1494
1250,1874
1250,1583
1250,1543
1250,2533
1250,2336
1250,1552
1250,2093
1250,1855
1250,1564
1250,1282
1250,1864
1250,2564
1251,2387
1251,2314
1251,2086
1251,1878
1251,2386
1251,2058
1251,1540
1251,2316
1251,2016
1251,1872
1251,1728
1251,1555
1251,2664
1251,1874
1251,1680
1251,2240
1251,2143
1251,2378
1251,1953
1251,2710
1251,1571
1251,1668
1251,2565
1251,2465
1251,2402
1251,1545
1251,2158
1251,2631
1251,2243
1251,2534
1251,1854
1251,1265
1251,1716
1251,1552
1251,1278
1251,1569
1251,1260
1251,1842
1251,1551
1251,1410
1251,2380
1251,2074
1251,1298
1251,1297
1251,1299
1251,1275
1251,1566
1251,1550
1251,1268
1251,1266
1251,1293
1251,2299
1251,2396
1251,1570
1251,1473
1251,1577
1251,1286
1251,2106
1251,1511
1251,1549
1251,1547
1251,1869
1251,2482
1251,1512
1251,1748
1251,1536
1251,2647
1252,1705
1252,1568
1252,1270
1252,1710
1252,1861
1252,1410
1252,2111
1252,1274
1252,1535
1252,2620
1252,1870
1252,2258
1252,1259
1252,2385
1252,1706
1252,2482
1252,1267
1252,2378
1252,1283
1252,2365
1252,1293
1252,1848
1252,1266
1252,2312
1252,1901
1252,1458
1252,2512
1253,2570
1253,2382
1253,2061
1253,2407
1253,2084
1253,1755
1253,1579
1253,2452
1253,1288
1253,1739
1253,1545
1253,1571
1253,1862
1253,1842
1253,1570
1253,1861
1253,1277
1253,2099
1253,1272
1253,2565
1253,1528
1253,1748
1253,1857
1253,1598
1253,2613
1253,2710
1253,1556
1253,1573
1253,1505
1253,1567
1253,2159
1253,1553
1253,1593
1253,1337
1253,1531
1253,1525
1253,1500
1253,1537
1253,1266
1253,2505
1253,1287
1253,2391
1253,1299
1253,1493
1253,1733
1253,1442
1253,1840
1253,1452
1253,1511
1253,1569
1253,1763
1254,2492
1254,2384
1254,1870
1254,2385
1254,2087
1254,2100
1254,1549
1254,1844
1254,1862
1254,1680
1254,2322
1254,1872
1254,1873
1254,2479
1254,2321
1254,2590
1254,1294
1254,1759
1254,1274
1254,2386
1254,1261
1254,2111
1254,1599
1254,2472
1254,2316
1254,1868
1254,1708
1254,1592
1254,1526
1254,1510
1254,1527
1254,2086
1254,1299
1254,1257
1254,1275
1254,2245
1254,2143
1254,2365
1254,1501
1254,2340
1254,1296
1254,1869
1254,1281
1254,1264
1254,1555
1254,2312
1254,2570
1254,2085
1255,2374
1255,2134
1255,2620
1255,1269
1255,2438
1255,1878
1255,1853
1255,2364
1255,2316
1255,2390
1255,2196
1255,1840
1255,2701
1255,1504
1255,1267
1255,1279
1255,1511
1255,1559
1255,1457
1255,1282
1255,1256
1255,2534
1255,1551
1255,2539
1255,1569
1255,1578
1255,1869
1255,1287
1255,1449
1255,1459
1255,2380
1255,1434
1255,2608
1255,2465
1255,1474
1255,1862
1255,1295
1255,2365
1255,2074
1255,1814
1255,2478
1256,1875
1256,1848
1256,2374
1256,2315
1256,2395
1256,2119
1256,2701
1256,1283
1256,1844
1256,2646
1256,1288
1256,1759
1256,1856
1256,1289
1256,1275
1256,2376
1256,1516
1256,1849
1256,1846
1256,1527
1256,1755
1256,2531
1256,2510
1256,1707
1256,1277
1256,1855
1256,1508
1256,1843
1256,1590
1256,1285
1256,1520
1256,1260
1256,1551
1256,1298
1256,1287
1256,1587
1256,1549
1256,1452
1256,2128
1256,2710
1256,2322
1256,2159
1256,1286
1256,1864
1256,1535
1256,2117
1256,1593
1256,2590
1256,1550
1256,1531
1257,1865
1257,2564
1257,2570
1257,2390
1257,1742
1257,1874
1257,2479
1257,1878
1257,2402
1257,1599
1257,1282
1257,2385
1257,2482
1257,1288
1257,1840
1257,1858
1257,1668
1257,1424
1257,1578
1257,2074
1257,2378
1257,2320
1257,1544
1257,2392
1257,2710
1257,2134
1257,1261
1257,2465
1257,1582
1257,1857
1257,2312
1257,1814
1257,1337
1257,1854
1257,1847
1257,1593
1257,1576
1257,1268
1257,1286
1257,1293
1257,2135
1257,1553
1257,1271
1257,2532
1257,1598
1257,2377
1257,2437
1257,1273
1257,2534
1257,1564
1257,1299
1257,2102
1257,1520
1257,1877
1257,1722
1257,1266
1257,1613
1257,1516
1258,2616
1258,2492
1258,2331
1258,2531
1258,1864
1258,1874
1258,2133
1258,2529
1258,2373
1258,1861
1258,2336
1258,2094
1258,2102
1258,1578
1258,2572
1258,2020
1258,2117
1258,1508
1258,2381
1258,1896
1258,1577
1258,1586
1258,1571
1258,2314
1258,1538
1258,1847
1258,1556
1258,1576
1258,1552
1258,2134
1258,1859
1258,1516
1258,1550
1258,1547
1258,1546
1258,2108
1258,1531
1258,1525
1258,2313
1258,1511
1258,2570
1258,1400
1258,1590
1258,1299
1258,2590
1258,2105
1258,2532
1258,1588
1258,2620
1258,1587
1258,1878
1258,1598
1258,1575
1258,1672
1258,1421
1258,2122
1258,1510
1259,2390
1259,1530
1259,2537
1259,1290
1259,2625
1259,1743
1259,1668
1259,1851
1259,1264
1259,2367
1259,1592
1259,1536
1259,2381
1259,2529
1259,1559
1259,1544
1259,1528
1259,1596
1259,1593
1259,1587
1259,1556
1259,1576
1259,1573
1259,1505
1259,1569
1259,1856
1259,1565
1259,1868
1259,1577
1259,2159
1259,2091
1259,1546
1259,2108
1259,1518
1259,1511
1259,1512
1259,1400
1259,1500
1259,1519
1259,2392
1259,1890
1259,1598
1259,1404
1259,1857
1259,2570
1259,2279
1260,1865
1260,2477
1260,1570
1260,1476
1260,2407
1260,2243
1260,2367
1260,2364
1260,1288
1260,2365
1260,2638
1260,2240
1260,2386
1260,1441
1260,1505
1260,1556
1260,2402
1260,2392
1260,2134
1260,1261
1260,1849
1260,1873
1260,1291
1260,2711
1260,1759
1260,1274
1260,1535
1260,1557
1260,1553
1260,2324
1260,2130
1260,1548
1260,1714
1260,1520
1260,1517
1260,1292
1260,1868
1260,1286
1260,2469
1260,1503
1260,1878
1260,1296
1260,1584
1260,1293
1260,1275
1260,2312
1260,1289
1260,1483
1261,1865
1261,2365
1261,2007
1261,2298
1261,2315
1261,1506
1261,1495
1261,2654
1261,1859
1261,2116
1261,1728
1261,1844
1261,1273
1261,2532
1261,1858
1261,1461
1261,2376
1261,1540
1261,2510
1261,1871
1261,1873
1261,1291
1261,1269
1261,1851
1261,1847
1261,1595
1261,2371
1261,2322
1261,1598
1261,1759
1261,1274
1261,1565
1261,1550
1261,1518
1261,2378
1261,1597
1261,1500
1261,1299
1261,2364
1261,1297
1261,1286
1261,1814
1261,2105
1261,1542
1261,1295
1261,1293
1261,2645
1261,1287
1261,1842
1261,1536
1261,2312
1261,1862
1261,1466
1262,2537
1262,1688
1262,1719
1262,1866
1262,2701
1262,1713
1262,1699
1262,2531
1262,1695
1262,1594
1262,1869
1262,1412
1263,2564
1263,1570
1263,1571
1263,1545
1263,1872
1263,1597
1263,1403
1263,2508
1263,1858
1263,2340
1263,2561
1263,1882
1263,1680
1263,2378
1263,1544
1263,1542
1263,2392
1263,1539
1263,2377
1263,1856
1263,1847
1263,1585
1263,1294
1263,1867
1263,1285
1263,1264
1263,1506
1263,1700
1263,2097
1263,1510
1263,1275
1263,2102
1263,1598
1263,1593
1263,1267
1263,2620
1263,1553
1263,1531
1263,2477
1263,1410
1263,1299
1263,1868
1263,1286
1263,2473
1263,1838
1263,2614
1263,1619
1263,2386
1263,1295
1263,1293
1263,2151
1263,1278
1263,1270
1263,1852
1263,2531
1264,2315
1264,2245
1264,2155
1264,2321
1264,1613
1264,2213
1264,2407
1264,2386
1264,2364
1264,2402
1264,2701
1264,2378
1264,1542
1264,1561
1264,1267
1264,2710
1264,2465
1264,2574
1264,2564
1264,1885
1264,2312
1264,1868
1264,1842
1264,1277
1264,1265
1264,1550
1264,2376
1264,2473
1264,1503
1264,2514
1264,1443
1264,1293
1264,1278
1264,1571
1264,1280
1264,1404
1264,1468
1264,1543
1264,1869
1264,1287
1264,2387
1264,1514
1264,1417
1264,1412
1264,2092
1264,1591
1264,1268
1264,2214
1264,1512
1264,2478
1264,2381
1265,1870
1265,1845
1265,2382
1265,1509
1265,1878
1265,2316
1265,1720
1265,1599
1265,1728
1265,2507
1265,1514
1265,2378
1265,2384
1265,1511
1265,2322
1265,1849
1265,1704
1265,2533
1265,1613
1265,2098
1265,1668
1265,1280
1265,1859
1265,1277
1265,1557
1265,1590
1265,1299
1265,1874
1265,1292
1265,2537
1265,1276
1265,1268
1265,1853
1265,2532
1265,2365
1265,1877
1265,1759
1265,1468
1265,1846
1265,2450
1265,1577
1265,1286
1265,2376
1265,2396
1265,1585
1265,1294
1265,1596
1265,2066
1265,1711
1266,2374
1266,2134
1266,1476
1266,2084
1266,1570
1266,1878
1266,1558
1266,1288
1266,1859
1266,2053
1266,1555
1266,1273
1266,2539
1266,2246
1266,1680
1266,2288
1266,1953
1266,2621
1266,2322
1266,2405
1266,2564
1266,1400
1266,1337
1266,1854
1266,1548
1266,1421
1266,2391
1266,1518
1266,2380
1266,1284
1266,1456
1266,1406
1266,1868
1266,1493
1266,1549
1266,1542
1266,2317
1266,1728
1266,1814
1266,2508
1266,2364
1266,1285
1267,2385
1267,1529
1267,2390
1267,2315
1267,1867
1267,2620
1267,2608
1267,1570
1267,1613
1267,1865
1267,1283
1267,2623
1267,2198
1267,1425
1267,2043
1267,1558
1267,2539
1267,2095
1267,2678
1267,1842
1267,2377
1267,1277
1267,2020
1267,2381
1267,1528
1267,1590
1267,1593
1267,1573
1267,1856
1267,1565
1267,1531
1267,2370
1267,1400
1267,2533
1267,2363
1267,1293
1267,1284
1267,1549
1267,1546
1267,2380
1267,1828
1268,2601
1268,2347
1268,1865
1268,2365
1268,1958
1268,2152
1268,2134
1268,1867
1268,2086
1268,1281
1268,1859
1268,1878
1268,1271
1268,1853
1268,1288
1268,1270
1268,2240
1268,1840
1268,2508
1268,2315
1268,2392
1268,2214
1268,2505
1268,1918
1268,1527
1268,1275
1268,1558
1268,1849
1268,2533
1268,1578
1268,1869
1268,1851
1268,2652
1268,1294
1268,1872
1268,1503
1268,1292
1268,1569
1268,1586
1268,1295
1268,1879
1268,1588
1268,1491
1268,1875
1268,1293
1268,2372
1268,2081
1268,2390
1268,2386
1268,2615
1268,1855
1268,1564
1268,1873
1268,1291
1268,1719
1268,1525
1269,2486
1269,2374
1269,2148
1269,1281
1269,1690
1269,1549
1269,1282
1269,2321
1269,1410
1269,1872
1269,1474
1269,1280
1269,1931
1269,2371
1269,1694
1269,1577
1269,1854
1269,1563
1269,1706
1269,2482
1269,1514
1269,2366
1269,1299
1269,1596
1269,1865
1269,1283
1269,2381
1269,2478
1269,1855
1269,1273
1269,2564
1269,1295
1269,2465
1269,2396
1269,1276
1269,2365
1269,2074
1269,2438
1269,2214
1269,1447
1269,1435
1270,1870
1270,2384
1270,1705
1270,2107
1270,1549
1270,1876
1270,1853
1270,2111
1270,1974
1270,1879
1270,2316
1270,1689
1270,1410
1270,2089
1270,1845
1270,1501
1270,2392
1270,2534
1270,2340
1270,1858
1270,2620
1270,1878
1271,1430
1271,2564
1271,1474
1271,2395
1271,2713
1271,2060
1271,1719
1271,1704
1271,1814
1271,2366
1271,1687
1271,1512
1271,1853
1271,2532
1271,1952
1271,1273
1271,1274
1271,1953
1271,1974
1271,1295
1271,1293
1271,2465
1271,1278
1271,1276
1271,2402
1271,1850
1271,2529
1271,1869
1271,1688
1271,2658
1271,1588
1271,1491
1271,1872
1271,1484
1271,1419
1271,2381
1271,1411
1272,2676
1272,2021
1272,2226
1272,2125
1272,2083
1272,1492
1272,2147
1272,2606
1272,1830
1272,2133
1272,1324
1272,2016
1272,2115
1272,2155
1272,2601
1272,2552
1272,2672
1272,2561
1272,1941
1272,1904
1273,1568
1273,2564
1273,2365
1273,1875
1273,1722
1273,1524
1273,1958
1273,1570
1273,2536
1273,2364
1273,2472
1273,2514
1273,2708
1273,1872
1273,1728
1273,1282
1273,2402
1273,1558
1273,1849
1273,1854
1273,1704
1273,1877
1273,1851
1273,1867
1273,1770
1273,1285
1273,1280
1273,1843
1273,1692
1273,2371
1273,2387
1273,1856
1273,1559
1273,1855
1273,1564
1273,1286
1273,1503
1273,2376
1273,2143
1273,1814
1273,2396
1273,1278
1273,1848
1273,1532
1273,1519
1273,2392
1273,2479
1273,1283
1274,2613
1274,1281
1274,1579
1274,2646
1274,2372
1274,2051
1274,2246
1274,1595
1274,1796
1274,2378
1274,2392
1274,2476
1274,2079
1274,2465
1274,1682
1274,1585
1274,1842
1274,1704
1274,1510
1274,1517
1274,1503
1274,2241
1274,1719
1274,1849
1274,1500
1274,2192
1275,1958
1275,1580
1275,2564
1275,2365
1275,1848
1275,2390
1275,2615
1275,2320
1275,1878
1275,2095
1275,1853
1275,1545
1275,1410
1275,2385
1275,2482
1275,1870
1275,1288
1275,1668
1275,2387
1275,1561
1275,2565
1275,2492
1275,2104
1275,2106
1275,1510
1275,1516
1275,2573
1275,2102
1275,1748
1275,1591
1275,1860
1275,1569
1275,1543
1275,2682
1275,1518
1275,1292
1275,1868
1275,1286
1275,2129
1275,2614
1275,2313
1275,1293
1275,2133
1275,1578
1275,1869
1275,1491
1275,1558
1275,1849
1276,2384
1276,1870
1276,2365
1276,1848
1276,2151
1276,2689
1276,2061
1276,1728
1276,2340
1276,1509
1276,2315
1276,1539
1276,1953
1276,1710
1276,2110
1276,2312
1276,1814
1276,2391
1276,2568
1276,2471
1276,1501
1276,1404
1276,2240
1276,1594
1276,1587
1276,2478
1276,2608
1276,2508
1276,2385
1276,1512
1277,2492
1277,2570
1277,1867
1277,2608
1277,2372
1277,1571
1277,1853
1277,1728
1277,2476
1277,2087
1277,1699
1277,1840
1277,1549
1277,1695
1277,1554
1277,1558
1277,2528
1277,1849
1277,2312
1277,2701
1277,2105
1277,2396
1277,1814
1277,2565
1277,2468
1277,1567
1277,1284
1277,1410
1277,2380
1277,2683
1277,2101
1277,1322
1277,2472
1277,1502
1277,1531
1277,1698
1277,2377
1277,2402
1277,2332
1277,1847
1277,1551
1277,1286
1278,2372
1278,2365
1278,1848
1278,2315
1278,2134
1278,1874
1278,1571
1278,2073
1278,1853
1278,2402
1278,2240
1278,2691
1278,1840
1278,2373
1278,2570
1278,2376
1278,1795
1278,2086
1278,1504
1278,2529
1278,2564
1278,1511
1278,2590
1278,1858
1278,2052
1278,1866
1278,1928
1278,1868
1278,1704
1278,1854
1278,1530
1278,1433
1278,2475
1278,1584
1278,1576
1278,2110
1278,1550
1278,2615
1278,1451
1278,2539
1278,1569
1278,1287
1278,2146
1278,1547
1278,1598
1279,1914
1279,2471
1279,2034
1279,2324
1279,2509
1279,1476
1279,2642
1279,1486
1279,1409
1279,1283
1279,1988
1279,2201
1279,2638
1279,1972
1279,2332
1279,2717
1279,2241
1279,1413
1279,2394
1279,1424
1279,1845
1279,2517
1279,2504
1279,1857
1279,2369
1279,1593
1279,1979
1279,1484
1279,1473
1279,1464
1279,2710
1279,1449
1279,1447
1279,1453
1279,1435
1279,2695
1279,1434
1279,1418
1279,1416
1279,2569
1279,1405
1279,1286
1279,2499
1279,1475
1279,2715
1280,2387
1280,1848
1280,2315
1280,2395
1280,1896
1280,1865
1280,1283
1280,2316
1280,2407
1280,1728
1280,1744
1280,1759
1280,1856
1280,2469
1280,2110
1280,2427
1280,2312
1280,1878
1280,1296
1280,1875
1280,1293
1280,1531
1280,1847
1280,1555
1280,1595
1280,1877
1280,1295
1280,1876
1280,1294
1280,1851
1280,1415
1280,2479
1280,2105
1280,2396
1281,2616
1281,1705
1281,2564
1281,2365
1281,2630
1281,2701
1281,2314
1281,1862
1281,1680
1281,1294
1281,1759
1281,2472
1281,1716
1281,1577
1281,1590
1281,1576
1281,1573
1281,2392
1281,2614
1281,2243
1281,1287
1281,1878
1281,2240
1281,1509
1281,2671
1281,2380
1281,1297
1281,1482
1281,1463
1281,1447
1281,2482
1281,1415
1281,1843
1281,1455
1281,2214
1281,1438
1281,2130
1281,2238
1282,2116
1282,1875
1282,1867
1282,1524
1282,1433
1282,2320
1282,2245
1282,2402
1282,2521
1282,2133
1282,1704
1282,1868
1282,2508
1282,2382
1282,2479
1282,1871
1282,2371
1282,1701
1282,1928
1282,2476
1282,2573
1282,2110
1282,1528
1282,2246
1282,1567
1282,1516
1282,1514
1282,1517
1282,1512
1282,1299
1282,2570
1282,1697
1282,2376
1282,2378
1282,2701
1282,1846
1282,1542
1282,1759
1282,1953
1282,1878
1282,1296
1282,1844
1282,1553
1282,1686
1282,2074
1282,1585
1282,2652
1282,2472
1282,2569
1282,1453
1282,2220
1283,2385
1283,1848
1283,2151
1283,1535
1283,1524
1283,2620
1283,2245
1283,1717
1283,2382
1283,1896
1283,1876
1283,1864
1283,2315
1283,2111
1283,2469
1283,1687
1283,1847
1283,1748
1283,1591
1283,1584
1283,1576
1283,1516
1283,1504
1283,1548
1283,2313
1283,1288
1283,2528
1283,2143
1283,2532
1283,2243
1283,1855
1283,1686
1283,1589
1283,1298
1283,1295
1283,1473
1284,2564
1284,2324
1284,1474
1284,2620
1284,2320
1284,2155
1284,1570
1284,1873
1284,1458
1284,1860
1284,1505
1284,2246
1284,2711
1284,2517
1284,1838
1284,1577
1284,1440
1284,1561
1284,1542
1284,2392
1284,2112
1284,1288
1284,1504
1284,2377
1284,2573
1284,2465
1284,1585
1284,1842
1284,1285
1284,1563
1284,1564
1284,2390
1284,1517
1284,1992
1284,1292
1284,1520
1284,2396
1284,2372
1284,1499
1284,1596
1284,2363
1284,1511
1284,2385
1284,1512
1285,1414
1285,1867
1285,1613
1285,1873
1285,1568
1285,1859
1285,1755
1285,2572
1285,2521
1285,1728
1285,2482
1285,1840
1285,2074
1285,1857
1285,1501
1285,1695
1285,1527
1285,2097
1285,1846
1285,1845
1285,1554
1285,2008
1285,1814
1285,1847
1285,1596
1285,1557
1285,1553
1285,1537
1285,1287
1285,1711
1285,1517
1285,1896
1285,1411
1285,2373
1285,2377
1285,2371
1285,1593
1285,2392
1285,1422
1285,1295
1286,1580
1286,1522
1286,2387
1286,2374
1286,1535
1286,1506
1286,1290
1286,2701
1286,2086
1286,1571
1286,2691
1286,1840
1286,2316
1286,2510
1286,1764
1286,2245
1286,1555
1286,1577
1286,1868
1286,2533
1286,1291
1286,2240
1286,1561
1286,2508
1286,1594
1286,1521
1286,2537
1286,1567
1286,1551
1286,1546
1286,1299
1286,1421
1286,2324
1286,2150
1286,1859
1286,1556
1286,1847
1286,1547
1286,2614
1286,2473
1286,1542
1286,1534
1286,2108
1286,2092
1286,2498
1286,1288
1286,1869
1286,1287
1286,2641
1286,1574
1287,2492
1287,1870
1287,1506
1287,1474
1287,1613
1287,1568
1287,1859
1287,1755
1287,1702
1287,2402
1287,2246
1287,1853
1287,2241
1287,2378
1287,2112
1287,1504
1287,2377
1287,2482
1287,2564
1287,1704
1287,1337
1287,2533
1287,1854
1287,1849
1287,2316
1287,2122
1287,1526
1287,2614
1287,1547
1287,1518
1287,1292
1287,1555
1287,2525
1287,1296
1287,1484
1287,1575
1287,2547
1287,1868
1287,2380
1287,1487
1287,1590
1287,2020
1287,2472
1288,2492
1288,1580
1288,2134
1288,1524
1288,2382
1288,2321
1288,1688
1288,2317
1288,2314
1288,1855
1288,1872
1288,1851
1288,1814
1288,1682
1288,1294
1288,1535
1288,2363
1288,2405
1288,2374
1288,1598
1288,2613
1288,2710
1288,1574
1288,2539
1288,1569
1288,1567
1288,1504
1288,1593
1288,2102
1288,1520
1288,1518
1288,1517
1288,2320
1288,1299
1288,1297
1288,1874
1288,1292
1288,2376
1288,2378
1288,1295
1288,1875
1288,1293
1288,1869
1288,2616
1288,1840
1288,2638
1288,1867
1288,1479
1288,1459
1288,1416
1289,2372
1289,2180
1289,2034
1289,2390
1289,1850
1289,1707
1289,1410
1289,2608
1289,2379
1289,1700
1289,1714
1289,2508
1289,2314
1289,2106
1289,1535
1289,2020
1289,1548
1289,2701
1289,2143
1289,2340
1289,2243
1289,1293
1289,2391
1289,1493
1289,1491
1289,1484
1289,2316
1289,1443
1289,2691
1290,2140
1290,1560
1290,2320
1290,2099
1290,2016
1290,2331
1290,1912
1290,1871
1290,2508
1290,1872
1290,1382
1290,2129
1290,2146
1290,2122
1290,2093
1290,2565
1290,1685
1290,1592
1290,2306
1290,2112
1290,1526
1290,2102
1290,2086
1290,1744
1290,2295
1290,1519
1290,1299
1290,2159
1290,1728
1290,1901
1290,1515
1291,1875
1291,1759
1291,2570
1291,2315
1291,1765
1291,1686
1291,1423
1291,2372
1291,2479
1291,1845
1291,1859
1291,2402
1291,1540
1291,2100
1291,2539
1291,2243
1291,2534
1291,1544
1291,1840
1291,1549
1291,1864
1291,2472
1291,1599
1291,2313
1291,1496
1291,1593
1291,1512
1291,1501
1291,1598
1291,1500
1291,2380
1291,1557
1291,1814
1291,1523
1291,2371
1291,1854
1291,2564
1292,1958
1292,1580
1292,2640
1292,2374
1292,2086
1292,1571
1292,1873
1292,2382
1292,1509
1292,2654
1292,1878
1292,2317
1292,2320
1292,2708
1292,2092
1292,2482
1292,2710
1292,2564
1292,1446
1292,1535
1292,2408
1292,2508
1292,2465
1292,2133
1292,2102
1292,1714
1292,1859
1292,2635
1292,1549
1292,1294
1292,2089
1292,1552
1292,2499
1292,1526
1292,1953
1292,1565
1292,1298
1292,2376
1292,1503
1292,2087
1292,1893
1292,1493
1292,1537
1292,1569
1292,2384
1292,1511
1292,1556
1292,1875
1292,1293
1292,2095
1292,2580
1292,1728
1292,1700
1292,1890
1292,1597
1292,1403
1292,2081
1293,2564
1293,2395
1293,2382
1293,2688
1293,2514
1293,2243
1293,1859
1293,2402
1293,2316
1293,1840
1293,1876
1293,2043
1293,2086
1293,2377
1293,1501
1293,2465
1293,2102
1293,2312
1293,1869
1293,1814
1293,1527
1293,2371
1293,1868
1293,1519
1293,1512
1293,1877
1293,1295
1293,1874
1293,1482
1293,1687
1293,1864
1293,1850
1293,1542
1293,2221
1293,1878
1293,2072
1293,1591
1293,1555
1293,2387
1294,2564
1294,2385
1294,1848
1294,2620
1294,2608
1294,2537
1294,1859
1294,1458
1294,2133
1294,1872
1294,1544
1294,1856
1294,2479
1294,1999
1294,2396
1294,1855
1294,2119
1294,2313
1294,2312
1294,1849
1294,1704
1294,1549
1294,1518
1294,1296
1294,1449
1294,1979
1294,1591
1294,2336
1294,1477
1294,2412
1294,2478
1294,2381
1294,2469
1294,2405
1294,1410
1294,2365
1294,2074
1294,1298
1295,1958
1295,1580
1295,2620
1295,1558
1295,1870
1295,1408
1295,1858
1295,2086
1295,1504
1295,2377
1295,2465
1295,2396
1295,1868
1295,1704
1295,2533
1295,2098
1295,1759
1295,1856
1295,1565
1295,2340
1295,1564
1295,2365
1295,2074
1295,1298
1295,2614
1295,1501
1295,1840
1295,1549
1295,2405
1295,1532
1295,1869
1295,1534
1295,1299
1295,1587
1295,1511
1295,2719
1296,1958
1296,1821
1296,2395
1296,2320
1296,2078
1296,2689
1296,2382
1296,1688
1296,1613
1296,1438
1296,1872
1296,1978
1296,1542
1296,2710
1296,2569
1296,2243
1296,1855
1296,2533
1296,1501
1296,1877
1296,2316
1296,2122
1296,2312
1296,1536
1296,2478
1296,1508
1296,1406
1296,1878
1296,1587
1296,2695
1296,1531
1296,2074
1296,1298
1296,2385
1296,1415
1296,1500
1296,2638
1296,1451
1296,1567
1296,1585
1297,2387
1297,2335
1297,1530
1297,1476
1297,2086
1297,1613
1297,2407
1297,1859
1297,1509
1297,2589
1297,2367
1297,2317
1297,2572
1297,1529
1297,2111
1297,2402
1297,2214
1297,1577
1297,1458
1297,1555
1297,1501
1297,1554
1297,1814
1297,2469
1297,2533
1297,1854
1297,2106
1297,1592
1297,1599
1297,1502
1297,1875
1297,1584
1297,2386
1297,1512
1297,1500
1297,1578
1297,1481
1297,1550
1297,1456
1297,1518
1297,1421
1297,1768
1297,1574
1297,2371
1297,2565
1297,2595
1297,2110
1297,1298
1297,1858
1297,1567
1297,1565
1298,1580
1298,2477
1298,1579
1298,2374
1298,2134
1298,1867
1298,1535
1298,1570
1298,2289
1298,2095
1298,2320
1298,2514
1298,2121
1298,2111
1298,2402
1298,2482
1298,1844
1298,1556
1298,2392
1298,2112
1298,1504
1298,2613
1298,2128
1298,2710
1298,2565
1298,1554
1298,2105
1298,1511
1298,2102
1298,2507
1298,1440
1298,2108
1298,2312
1298,2572
1298,2475
1298,1854
1298,1851
1298,1444
1298,2472
1298,1502
1298,1596
1298,1548
1298,2104
1298,1565
1298,1518
1298,1557
1298,1542
1298,2411
1298,2314
1298,1872
1298,1590
1298,1583
1298,1481
1298,2390
1298,2381
1298,1508
1299,1535
1299,2537
1299,2086
1299,1859
1299,2521
1299,1478
1299,2100
1299,2482
1299,1450
1299,1876
1299,1549
1299,2536
1299,1857
1299,1559
1299,2396
1299,2322
1299,2110
1299,2492
1299,1813
1299,1910
1299,2101
1299,1502
1299,2365
1299,2074
1299,1589
1299,1778
1299,1584
1299,1556
1299,2130
1299,1548
1299,1841
1299,1550
1299,1503
1299,1591
1299,1483
1299,1896
1299,1500
1299,1544
1299,1460
1300,2027
1300,2120
1300,2037
1300,2012
1300,1834
1300,2006
1300,2470
1300,2036
1300,2228
1300,2000
1300,2009
1300,1667
1300,2631
1300,1817
1300,1726
1300,1385
1300,2344
1300,1374
1300,1342
1300,1322
1300,2001
1300,2600
1300,1533
1300,2015
1300,2597
1300,1918
1300,2024
1300,1345
1300,1785
1300,1910
1300,1813
1300,1603
1301,2273
1301,2142
1301,1985
1301,2567
1301,1394
1301,2167
1301,1320
1301,1836
1301,2599
1301,1892
1301,1881
1301,1387
1301,2286
1301,2228
1301,2131
1301,2488
1301,2262
1301,1670
1301,2252
1301,1544
1301,2285
1301,1957
1301,1965
1301,2579
1301,1313
1301,2253
1301,2603
1301,1368
1301,1909
1301,2173
1301,1397
1301,1392
1301,2208
1301,1331
1301,1329
1301,1314
1301,1302
1301,1828
1301,1894
1301,1312
1301,1369
1301,1395
1301,1341
1301,2174
1301,1398
1301,1304
1301,1328
1301,1347
1301,2026
1301,1832
1301,2694
1301,1336
1301,1651
1301,2330
1301,2718
1301,1360
1301,1647
1301,1374
1301,2025
1302,2546
1302,1809
1302,1347
1302,2035
1302,2351
1302,2632
1302,1863
1302,1303
1302,2591
1302,2680
1302,1366
1302,1375
1302,2314
1302,2023
1302,2182
1302,1339
1302,1656
1302,2137
1302,1361
1302,1351
1302,1311
1302,1320
1302,1902
1302,1810
1302,2094
1302,1318
1302,1333
1302,1818
1302,1826
1302,1341
1302,2285
1302,2286
1302,1389
1302,1388
1302,1377
1302,1350
1302,2216
1302,1828
1302,1329
1302,1811
1302,1752
1302,1317
1302,1328
1302,2031
1302,1633
1302,2183
1302,1338
1302,2174
1302,1838
1302,1304
1302,1360
1303,1644
1303,1378
1303,1672
1303,1315
1303,2105
1303,2025
1303,2276
1303,2300
1303,1395
1303,1513
1303,2546
1303,1770
1303,1357
1303,1385
1303,1379
1303,1376
1303,1369
1303,1367
1303,1810
1303,2286
1303,1360
1303,1837
1303,1352
1303,1350
1303,1342
1303,1321
1303,1428
1303,1328
1303,1335
1303,1317
1303,1304
1303,2658
1303,1397
1303,1909
1303,2535
1303,2426
1303,1833
1303,1307
1303,2261
1303,1388
1303,1646
1303,1726
1303,1338
1303,1310
1303,2280
1303,1372
1303,1336
1303,2423
1303,1314
1303,2284
1303,2187
1303,1396
1303,2172
1303,1615
1303,1940
1303,1921
1304,2164
1304,1950
1304,1836
1304,1492
1304,2583
1304,1898
1304,1894
1304,2397
1304,2033
1304,1375
1304,2483
1304,1901
1304,2605
1304,2535
1304,1811
1304,1326
1304,2459
1304,2303
1304,2426
1304,2328
1304,2284
1304,1838
1304,1339
1304,2266
1304,2351
1304,2254
1304,2644
1304,1965
1304,1320
1304,2096
1304,1835
1304,2611
1304,1913
1304,1622
1304,1909
1304,2603
1304,1342
1304,1379
1304,2683
1304,1325
1304,2190
1304,2675
1304,1317
1304,1352
1304,1887
1304,1305
1304,2308
1304,2599
1304,1629
1304,1828
1304,2694
1304,1336
1304,1830
1304,1345
1304,2659
1304,1806
1304,1340
1304,2357
1304,1678
1304,2288
1304,2705
1304,1396
1304,2262
1305,1381
1305,2205
1305,1378
1305,2578
1305,2487
1305,2242
1305,2022
1305,2383
1305,2144
1305,2228
1305,1830
1305,1387
1305,1324
1305,2488
1305,2680
1305,2001
1305,1663
1305,2668
1305,1315
1305,1800
1305,1361
1305,2187
1305,2284
1305,1618
1305,1812
1305,2139
1305,1318
1305,1386
1305,1956
1305,1665
1305,1321
1305,2459
1305,2168
1305,1392
1305,1838
1305,1353
1305,1837
1305,1352
1305,1340
1305,1823
1305,1338
1305,1915
1305,1818
1305,2206
1305,1426
1305,1329
1305,1309
1305,2223
1305,1350
1305,1335
1305,1917
1305,1371
1305,1339
1305,1824
1305,2602
1305,1341
1305,1619
1305,1328
1305,1365
1306,2557
1306,2257
1306,2323
1306,2308
1306,1749
1306,2445
1306,2448
1306,2037
1306,2562
1306,1330
1306,1815
1306,2561
1306,2560
1306,1752
1306,1395
1306,1674
1306,2256
1306,1390
1306,2339
1306,1369
1307,1386
1307,1370
1307,1382
1307,2549
1307,2167
1307,2629
1307,2483
1307,1834
1307,2014
1307,1335
1307,1387
1307,2486
1307,2001
1307,1375
1307,1891
1307,2182
1307,1881
1307,1396
1307,2633
1307,1825
1307,2676
1307,1900
1307,1318
1307,1726
1307,1341
1307,1321
1307,1790
1307,1887
1307,2284
1307,1854
1307,1885
1307,1594
1307,2421
1307,1354
1307,1839
1307,1398
1307,1827
1307,1342
1307,2611
1307,1350
1307,2254
1307,2009
1307,1317
1307,1336
1307,1347
1307,2220
1307,2470
1307,2276
1307,2447
1307,2253
1307,2632
1307,1907
1307,2605
1307,1344
1307,1310
1308,2483
1308,1324
1308,2591
1308,1648
1308,2287
1308,1606
1308,2191
1308,2271
1308,2266
1308,1678
1308,2551
1308,1629
1308,2420
1309,2486
1309,2171
1309,1636
1309,1957
1309,1822
1309,2600
1309,1892
1309,2560
1309,1881
1309,1540
1309,1813
1309,2567
1309,1837
1309,1366
1309,2674
1309,1801
1309,2286
1309,2033
1309,2198
1309,2004
1309,2182
1309,2090
1309,2303
1309,1333
1309,2023
1309,1344
1309,2547
1309,1965
1309,2259
1309,1341
1309,2146
1309,1388
1309,2253
1309,1376
1309,1374
1309,2039
1309,1360
1309,1358
1309,1649
1309,1726
1309,1629
1309,1338
1309,1800
1309,2285
1309,2596
1309,2255
1309,1367
1309,1836
1309,1933
1309,1342
1309,1350
1309,1317
1309,1390
1309,2273
1309,2661
1309,1347
1309,2705
1310,2694
1310,1393
1310,1381
1310,2027
1310,1667
1310,2547
1310,1335
1310,1648
1310,1837
1310,1366
1310,1330
1310,1815
1310,2397
1310,1324
1310,1913
1310,2269
1310,2006
1310,1395
1310,1320
1310,1902
1310,1344
1310,1810
1310,2008
1310,2611
1310,2700
1310,2227
1310,1354
1310,1839
1310,1389
1310,1379
1310,1899
1310,1317
1310,1824
1310,1398
1310,2030
1310,1642
1310,1365
1310,2037
1310,1828
1311,2140
1311,1394
1311,1315
1311,2487
1311,1819
1311,1822
1311,1603
1311,2654
1311,2600
1311,2418
1311,2362
1311,2014
1311,1335
1311,1384
1311,2617
1311,2482
1311,2659
1311,2159
1311,1910
1311,1561
1311,1671
1311,2211
1311,2694
1311,1821
1311,2597
1311,1336
1311,1365
1311,2603
1311,1397
1311,1388
1311,2090
1311,1314
1311,1385
1311,1593
1311,1801
1311,2480
1311,1316
1311,2233
1311,2718
1311,1804
1311,1828
1311,2491
1311,2103
1311,1812
1311,2158
1311,1369
1311,1885
1311,2543
1311,1320
1311,1805
1311,1613
1311,1807
1311,2230
1312,2694
1312,2358
1312,1757
1312,1823
1312,2236
1312,2351
1312,2629
1312,2216
1312,2022
1312,1957
1312,1800
1312,1892
1312,1382
1312,1673
1312,1648
1312,1621
1312,1837
1312,2488
1312,2625
1312,1364
1312,2460
1312,2227
1312,2289
1312,2483
1312,1804
1312,1319
1312,1322
1312,2426
1312,2000
1312,2579
1312,2253
1312,2259
1312,1347
1312,1832
1312,2705
1312,2659
1312,1398
1312,1910
1312,1328
1312,2603
1312,1331
1312,2600
1312,2018
1312,1339
1312,1824
1312,2683
1312,1907
1312,1325
1312,1372
1312,1811
1312,1326
1312,2002
1312,1392
1312,1345
1312,1819
1312,2602
1312,1826
1312,1341
1313,1780
1313,2015
1313,1891
1313,1767
1313,1393
1313,2169
1313,1394
1313,1381
1313,2351
1313,2632
1313,2629
1313,1726
1313,1343
1313,1320
1313,2484
1313,1366
1313,2131
1313,1906
1313,1595
1313,1375
1313,2605
1313,2141
1313,1326
1313,1881
1313,1396
1313,1361
1313,1642
1313,2328
1313,1752
1313,1388
1313,1385
1313,1826
1313,1341
1313,1377
1313,1369
1313,1360
1313,1839
1313,1354
1313,2031
1313,1352
1313,2093
1313,1317
1313,2286
1313,1316
1313,2284
1313,1314
1313,1835
1313,2611
1313,1345
1313,2219
1313,2644
1313,1383
1313,1566
1313,1372
1313,2486
1313,1318
1314,1922
1314,1393
1314,1997
1314,1823
1314,2629
1314,2362
1314,2103
1314,2286
1314,2131
1314,1364
1314,1375
1314,2535
1314,1351
1314,1319
1314,1361
1314,1637
1314,1395
1314,1396
1314,2586
1314,2088
1314,2275
1314,2303
1314,1333
1314,1818
1314,1341
1314,1397
1314,2028
1314,2230
1314,1317
1314,1352
1314,1315
1314,1892
1314,2280
1314,1374
1314,2300
1314,2659
1314,1394
1314,1685
1314,1644
1315,2421
1315,1636
1315,1624
1315,2694
1315,1627
1315,2300
1315,1666
1315,1957
1315,1803
1315,2611
1315,2328
1315,1804
1315,2144
1315,2280
1315,1445
1315,2188
1315,2670
1315,2185
1315,2430
1315,2164
1315,1625
1315,1922
1315,2019
1315,2184
1315,1618
1315,1823
1315,1338
1315,2696
1315,2187
1315,2466
1315,1837
1315,2516
1315,2275
1315,1657
1315,2045
1315,1366
1315,2270
1315,2546
1315,2255
1315,2413
1315,1635
1315,1389
1315,2359
1315,1937
1316,2694
1316,1821
1316,2494
1316,2173
1316,2567
1316,2634
1316,1320
1316,2632
1316,1881
1316,2516
1316,1394
1316,2267
1316,2154
1316,2697
1316,1324
1316,2488
1316,2033
1316,2030
1316,1811
1316,1326
1316,2459
1316,1804
1316,1361
1316,1333
1316,1637
1316,2328
1316,2187
1316,1796
1316,2023
1316,1344
1316,1832
1316,1318
1316,2480
1316,1677
1316,2145
1316,2718
1316,1807
1316,1390
1316,1670
1316,2252
1316,1379
1316,2603
1316,1342
1316,1903
1316,1338
1316,2002
1316,1323
1316,1317
1316,1909
1316,2131
1316,1965
1316,2262
1316,1398
1316,1603
1316,2022
1316,1828
1316,1636
1316,1830
1316,1345
1317,2546
1317,2486
1317,2464
1317,1378
1317,2644
1317,2511
1317,2022
1317,1919
1317,1822
1317,1800
1317,1653
1317,1830
1317,2131
1317,1324
1317,2262
1317,1836
1317,2030
1317,1339
1317,2426
1317,1918
1317,2300
1317,2605
1317,1344
1317,2683
1317,2198
1317,1810
1317,1321
1317,1357
1317,1426
1317,1911
1317,2033
1317,1839
1317,2005
1317,2296
1317,2544
1317,1379
1317,1360
1317,2226
1317,1353
1317,2390
1317,1323
1317,1902
1317,1369
1317,2215
1317,1350
1317,2284
1317,2520
1317,2183
1318,1394
1318,1347
1318,2511
1318,1654
1318,2500
1318,1819
1318,2154
1318,1387
1318,1837
1318,2535
1318,1339
1318,1396
1318,2696
1318,2003
1318,1800
1318,2285
1318,1550
1318,1397
1318,1368
1318,2362
1318,1392
1318,1391
1318,1390
1318,1385
1318,1377
1318,2233
1318,1360
1318,1325
1318,1323
1318,2275
1318,2276
1318,1328
1318,1828
1318,2611
1318,1348
1318,2601
1318,1340
1318,2145
1318,1622
1318,1331
1318,1381
1318,2191
1318,1389
1318,1399
1319,2021
1319,1821
1319,1823
1319,1386
1319,1378
1319,1816
1319,1428
1319,2644
1319,1672
1319,2606
1319,1834
1319,2591
1319,1803
1319,1366
1319,1339
1319,1351
1319,1839
1319,2286
1319,1368
1319,1389
1319,1376
1319,1369
1319,2226
1319,2420
1319,1353
1319,1738
1319,1350
1319,1340
1319,2303
1319,2225
1319,1352
1319,1348
1319,1469
1319,2487
1319,1371
1319,2430
1319,1623
1319,2023
1319,2164
1320,2045
1320,1767
1320,2634
1320,2276
1320,2036
1320,2008
1320,1355
1320,2228
1320,1906
1320,2261
1320,2605
1320,1391
1320,1365
1320,1398
1320,1369
1320,1812
1320,1397
1320,2718
1320,1830
1320,1804
1320,1533
1320,1824
1320,1826
1320,2599
1320,2342
1320,2051
1320,1381
1320,2254
1320,2511
1320,2220
1320,1777
1320,1803
1320,1900
1320,1612
1320,2596
1320,1828
1320,1634
1321,2015
1321,2173
1321,2195
1321,1334
1321,2707
1321,2535
1321,1358
1321,2328
1321,2605
1321,1344
1321,2351
1321,1672
1321,2254
1321,2211
1321,2024
1321,2253
1321,2039
1321,1443
1321,1369
1321,2285
1321,1353
1321,1810
1321,1325
1321,1352
1321,2216
1321,1343
1321,1828
1321,1909
1321,2280
1321,1350
1321,2611
1321,1387
1321,1399
1322,2694
1322,1985
1322,2120
1322,2025
1322,2002
1322,2464
1322,2635
1322,2096
1322,1670
1322,1810
1322,2286
1322,2285
1322,1353
1322,2017
1322,1338
1322,2591
1322,1957
1322,1396
1322,1881
1322,1835
1322,2634
1322,2718
1322,2650
1322,2426
1322,1826
1322,2485
1322,1806
1322,1331
1322,2206
1322,1648
1322,1636
1322,2167
1322,1372
1322,2632
1322,2535
1322,1371
1322,1787
1322,2234
1322,2697
1322,2251
1322,2486
1322,2195
1323,1738
1323,2641
1323,2526
1323,2226
1323,2035
1323,2632
1323,1533
1323,2200
1323,2268
1323,1790
1323,2628
1323,1324
1323,2131
1323,1375
1323,1832
1323,1361
1323,2605
1323,1344
1323,1326
1323,1901
1323,1513
1323,1381
1323,2254
1323,2468
1323,1918
1323,2036
1323,1810
1323,1325
1323,1385
1323,1670
1323,1379
1323,1389
1323,1369
1323,1376
1323,1329
1323,2000
1323,1806
1323,2286
1323,2603
1323,1342
1323,2288
1324,1941
1324,1780
1324,2464
1324,2225
1324,1900
1324,1957
1324,2200
1324,2171
1324,1492
1324,1335
1324,1830
1324,1387
1324,1343
1324,2131
1324,2400
1324,2256
1324,2536
1324,2605
1324,1398
1324,1341
1324,1378
1324,1863
1324,2154
1324,1374
1324,1365
1324,1360
1324,1338
1324,1354
1324,2033
1324,1425
1324,1328
1324,1396
1324,1905
1324,1802
1324,2093
1324,1832
1324,2535
1324,1533
1324,1339
1324,1824
1324,1670
1324,1348
1324,1637
1324,1373
1324,2694
1324,1918
1324,1336
1324,1326
1324,1625
1324,1620
1325,2694
1325,2435
1325,1820
1325,1347
1325,2236
1325,2632
1325,2308
1325,1836
1325,1892
1325,1755
1325,1940
1325,1386
1325,2453
1325,1394
1325,2267
1325,1366
1325,2702
1325,2617
1325,2131
1325,1339
1325,1833
1325,1381
1325,2254
1325,1378
1325,1729
1325,1341
1325,1903
1325,1390
1325,2262
1325,1389
1325,1376
1325,2039
1325,1360
1325,1352
1325,1328
1325,1374
1325,1909
1325,1342
1325,2611
1325,1350
1325,1383
1325,2033
1325,1354
1325,2024
1325,1603
1325,1838
1325,1353
1325,1340
1325,2096
1326,1883
1326,2140
1326,1393
1326,2167
1326,2022
1326,2362
1326,1892
1326,2453
1326,2397
1326,2488
1326,1957
1326,1375
1326,1837
1326,2633
1326,2005
1326,2618
1326,1357
1326,1385
1326,1670
1326,1379
1326,1370
1326,1353
1326,1338
1326,2705
1326,2286
1326,1333
1326,1818
1326,1397
1326,2504
1326,1825
1326,1826
1326,2589
1326,1328
1326,2254
1326,2629
1326,2609
1326,2023
1326,1530
1326,1918
1326,1336
1326,2285
1326,2188
1326,1965
1326,1383
1326,2145
1326,1660
1326,1951
1326,1612
1326,1335
1326,2596
1326,2467
1327,2176
1327,1787
1327,2353
1327,2209
1327,1600
1327,2290
1327,2587
1327,2199
1327,1784
1327,1839
1327,1655
1327,1364
1327,2170
1327,2165
1327,1605
1327,1969
1327,2355
1327,2194
1327,1942
1328,2287
1328,2435
1328,2171
1328,1757
1328,1670
1328,2017
1328,2547
1328,2516
1328,2453
1328,1836
1328,2267
1328,2631
1328,1661
1328,1387
1328,1343
1328,1366
1328,2681
1328,2131
1328,2262
1328,2023
1328,2605
1328,2535
1328,1445
1328,2018
1328,1339
1328,1618
1328,2006
1328,2610
1328,2285
1328,1658
1328,2266
1328,1341
1328,1648
1328,1357
1328,2010
1328,2286
1328,1397
1328,1391
1328,1350
1328,1342
1328,1399
1328,2026
1328,1638
1328,1345
1328,2546
1328,1669
1328,1818
1328,1329
1328,2670
1328,2033
1328,1353
1328,2368
1329,2421
1329,2435
1329,2352
1329,1381
1329,1831
1329,2167
1329,2519
1329,2602
1329,1761
1329,2343
1329,2187
1329,2303
1329,2683
1329,1810
1329,1830
1329,1800
1329,2023
1329,1829
1329,1397
1329,1392
1329,1374
1329,1339
1329,1630
1329,1824
1329,1389
1329,2355
1329,2632
1329,2535
1329,1371
1329,1887
1330,2338
1330,1721
1330,2553
1330,2136
1330,2030
1330,2681
1330,2035
1330,1891
1330,2300
1330,2675
1330,1893
1330,2658
1330,1388
1330,1667
1330,1376
1330,2286
1330,1331
1331,1394
1331,1822
1331,2268
1331,2453
1331,2261
1331,1726
1331,1387
1331,2216
1331,1343
1331,2535
1331,2633
1331,2012
1331,1333
1331,1364
1331,2284
1331,2096
1331,1344
1331,2286
1331,2511
1331,2705
1331,2276
1331,1341
1331,2718
1331,2629
1331,1368
1331,2285
1331,1810
1331,1397
1331,1391
1331,2262
1331,1389
1331,2549
1331,1385
1331,1376
1331,1367
1331,1838
1331,1353
1331,1837
1331,1352
1331,1738
1331,1641
1331,2611
1331,1350
1331,1340
1331,2183
1331,2280
1331,1349
1331,2238
1331,1379
1331,2021
1331,2603
1331,1633
1332,2360
1332,1875
1332,1759
1332,2152
1332,2514
1332,1711
1332,1866
1332,2521
1332,1699
1332,1695
1332,1706
1332,1702
1332,1700
1332,1688
1332,2258
1333,1381
1333,2464
1333,1670
1333,1386
1333,1394
1333,2629
1333,1899
1333,1445
1333,1384
1333,2589
1333,1813
1333,1604
1333,2023
1333,1351
1333,1837
1333,1361
1333,2039
1333,2486
1333,2680
1333,2001
1333,1807
1333,1391
1333,2262
1333,1389
1333,1385
1333,1376
1333,1375
1333,1369
1333,1810
1333,2285
1333,1913
1333,2096
1333,2286
1333,1818
1333,1909
1333,2611
1333,2009
1333,2602
1333,1632
1333,1826
1333,2219
1333,1353
1333,1965
1333,1383
1333,1373
1334,2546
1334,1757
1334,1381
1334,1676
1334,1510
1334,2661
1334,1389
1334,1376
1334,1339
1334,1341
1334,2602
1334,1426
1334,2227
1334,1335
1334,1656
1334,1658
1334,2362
1334,1653
1334,1445
1334,1372
1334,2707
1334,1349
1334,1802
1334,1665
1334,1651
1334,2423
1334,2163
1335,2440
1335,1823
1335,1378
1335,2271
1335,2150
1335,1922
1335,2096
1335,1392
1335,2164
1335,1388
1335,2153
1335,1377
1335,1376
1335,1352
1335,1965
1335,1339
1335,2351
1335,2157
1335,2254
1335,1818
1335,1353
1335,1838
1335,1913
1335,1345
1335,2421
1335,1839
1335,2033
1335,1646
1335,1365
1335,1656
1335,2470
1335,2139
1335,2707
1335,1349
1335,1336
1335,2183
1335,2215
1335,1379
1335,1386
1335,2453
1335,1610
1335,1620
1335,1604
1335,2548
1335,2262
1335,2359
1336,2421
1336,2485
1336,2171
1336,1393
1336,1347
1336,1382
1336,1607
1336,2629
1336,2216
1336,2022
1336,1957
1336,1386
1336,2453
1336,2262
1336,2023
1336,1351
1336,1650
1336,2426
1336,1940
1336,2328
1336,2178
1336,1810
1336,2599
1336,1726
1336,1341
1336,1360
1336,1352
1336,1373
1336,2025
1336,2191
1336,2173
1336,2270
1336,1383
1336,1374
1336,2603
1336,2560
1336,1396
1336,1883
1336,1349
1336,1678
1337,1580
1337,2366
1337,2365
1337,1579
1337,1530
1337,1524
1337,1762
1337,1571
1337,1509
1337,1425
1337,1545
1337,2532
1337,1799
1337,1577
1337,2537
1337,2052
1337,2114
1337,2377
1337,2313
1337,2105
1337,1527
1337,1475
1337,2574
1337,1748
1337,2336
1337,2108
1337,1409
1337,2573
1337,1501
1337,1536
1337,1502
1337,2565
1337,1591
1337,1584
1337,1759
1337,1565
1337,1849
1337,1362
1337,1846
1337,1553
1337,1551
1337,1550
1337,2213
1337,1534
1337,1531
1337,1525
1337,1520
1337,1515
1337,1503
1337,2615
1337,1548
1337,2614
1337,1513
1337,2465
1337,1592
1337,1419
1337,1573
1338,2491
1338,1631
1338,2486
1338,1393
1338,1381
1338,1355
1338,2027
1338,1347
1338,2567
1338,2549
1338,2167
1338,2606
1338,2453
1338,1726
1338,1387
1338,1343
1338,2291
1338,1657
1338,1366
1338,2033
1338,2227
1338,1384
1338,1351
1338,1838
1338,2673
1338,1800
1338,2285
1338,2120
1338,1344
1338,1818
1338,2467
1338,2252
1338,2543
1338,1811
1338,2183
1338,2025
1338,2262
1338,1373
1338,2480
1338,1360
1338,2128
1338,2031
1338,1352
1338,1887
1338,2275
1338,2632
1338,1377
1338,1780
1338,2362
1339,1780
1339,1393
1339,1428
1339,2632
1339,2487
1339,2022
1339,2591
1339,2358
1339,2164
1339,2526
1339,1653
1339,2659
1339,2131
1339,2023
1339,1395
1339,2633
1339,1368
1339,1391
1339,1379
1339,1377
1339,1376
1339,1837
1339,1352
1339,1810
1339,2254
1339,2096
1339,1818
1339,2705
1339,1832
1339,2253
1339,1803
1339,2209
1339,1918
1339,2280
1339,1801
1339,2286
1339,1827
1339,1373
1339,1349
1339,2188
1339,1350
1339,1608
1339,1340
1339,1351
1339,2515
1340,2546
1340,1941
1340,1891
1340,2136
1340,2278
1340,2670
1340,1603
1340,2654
1340,2200
1340,2103
1340,1860
1340,1726
1340,1661
1340,1366
1340,2397
1340,2286
1340,2262
1340,2023
1340,1620
1340,1346
1340,2137
1340,1361
1340,2096
1340,2351
1340,2254
1340,1965
1340,2173
1340,2611
1340,2145
1340,1800
1340,2098
1340,1387
1340,2163
1340,1353
1340,1347
1340,2705
1340,2220
1340,1396
1340,1349
1340,1826
1340,1341
1340,1601
1340,2183
1340,1398
1340,1345
1340,1803
1340,2191
1340,1818
1340,2005
1340,1917
1340,2632
1340,1371
1340,1354
1341,2287
1341,1370
1341,2594
1341,2581
1341,1601
1341,2632
1341,1426
1341,1835
1341,1940
1341,2022
1341,1343
1341,2131
1341,2262
1341,2001
1341,1364
1341,2023
1341,2172
1341,1881
1341,1396
1341,2009
1341,1726
1341,2658
1341,2033
1341,1839
1341,1379
1341,1377
1341,1374
1341,1367
1341,1365
1341,1909
1341,1606
1341,2285
1341,2451
1341,2144
1341,1368
1341,2286
1341,1373
1341,2028
1341,1349
1341,2500
1341,2254
1341,1678
1341,1921
1342,2587
1342,1650
1342,2357
1342,1654
1342,1803
1342,2413
1342,2131
1342,1906
1342,2453
1342,1640
1342,2024
1342,2144
1342,1368
1342,2262
1342,1389
1342,1385
1342,1352
1342,1391
1342,1806
1342,1373
1342,2198
1342,1907
1342,1810
1342,1365
1342,1824
1342,2145
1342,2567
1342,2470
1342,2254
1342,2226
1343,2694
1343,2546
1343,2486
1343,2027
1343,1370
1343,2511
1343,1672
1343,1792
1343,1492
1343,1647
1343,2040
1343,2261
1343,2154
1343,2006
1343,1885
1343,2096
1343,1377
1343,2023
1343,1369
1343,2285
1343,2421
1343,1839
1343,1354
1343,1726
1343,1965
1343,1818
1343,1397
1343,2488
1343,1804
1343,2189
1343,2480
1343,2219
1343,1946
1343,1365
1343,2544
1343,2299
1343,2355
1344,1370
1344,2035
1344,2278
1344,2156
1344,1835
1344,1632
1344,1384
1344,2262
1344,1908
1344,2605
1344,2176
1344,1885
1344,1832
1344,2483
1344,1804
1344,1381
1344,1672
1344,2285
1344,2276
1344,2644
1344,2256
1344,1615
1344,2659
1344,1398
1344,1396
1344,1586
1344,1392
1344,2164
1344,1388
1344,1379
1344,1374
1344,2033
1344,1354
1344,1352
1344,2681
1344,1360
1344,2718
1344,2009
1344,1824
1344,2629
1344,1367
1344,2328
1344,2145
1344,2183
1344,2606
1344,1349
1344,2185
1345,2118
1345,1914
1345,1883
1345,1780
1345,2216
1345,1831
1345,1378
1345,1815
1345,1382
1345,2464
1345,2634
1345,2602
1345,2200
1345,2103
1345,1384
1345,1949
1345,1837
1345,1670
1345,2252
1345,1887
1345,1832
1345,2483
1345,1804
1345,1836
1345,2030
1345,1351
1345,2426
1345,2328
1345,1965
1345,1810
1345,2627
1345,2611
1345,1428
1345,1913
1345,2303
1345,1818
1345,1388
1345,2420
1345,1353
1345,1820
1345,2191
1345,1533
1345,1824
1345,1777
1345,2585
1345,1757
1345,1369
1345,2217
1345,1385
1345,2185
1346,1355
1346,2173
1346,2581
1346,2577
1346,1533
1346,1651
1346,2267
1346,1661
1346,2462
1346,2420
1346,1663
1346,1666
1346,2661
1346,2705
1346,2195
1346,1658
1346,2145
1346,1383
1346,1371
1346,1761
1346,1350
1346,1675
1346,1669
1346,2127
1346,1642
1346,2576
1346,1628
1346,2266
1346,2584
1347,2231
1347,1636
1347,1378
1347,2035
1347,2103
1347,2625
1347,2428
1347,1361
1347,1387
1347,1391
1347,1388
1347,1368
1347,2629
1347,2605
1347,2023
1347,1374
1347,1369
1347,1367
1347,1365
1347,1352
1347,2368
1347,2591
1347,1957
1347,2644
1347,1881
1347,1835
1347,1839
1347,1354
1347,2033
1347,2227
1347,2603
1347,1818
1347,2303
1347,1833
1347,1547
1347,2226
1347,1922
1347,1825
1347,1824
1347,1913
1347,1428
1347,1381
1347,2060
1347,1826
1347,1648
1347,1392
1347,2168
1347,1821
1347,2285
1347,2188
1347,1670
1347,2543
1347,2096
1347,2484
1347,1726
1347,2696
1347,1620
1348,2441
1348,1941
1348,2171
1348,2683
1348,2464
1348,1378
1348,2169
1348,1771
1348,2644
1348,2022
1348,2425
1348,1892
1348,2591
1348,1621
1348,2675
1348,2700
1348,1355
1348,2131
1348,2064
1348,2033
1348,2263
1348,1883
1348,2659
1348,2511
1348,1832
1348,1804
1348,1757
1348,1660
1348,2181
1348,1922
1348,2213
1348,1825
1348,2187
1348,1826
1348,1913
1348,2303
1348,1818
1348,2088
1348,1752
1348,1800
1348,2296
1348,1917
1348,2208
1348,1399
1348,1909
1348,1392
1348,1833
1348,2221
1348,1821
1348,2597
1348,1371
1348,2262
1348,1389
1348,2197
1348,2184
1348,1373
1348,1360
1348,1367
1349,1381
1349,2351
1349,2169
1349,2632
1349,2625
1349,2164
1349,2548
1349,2413
1349,1881
1349,1639
1349,2609
1349,2577
1349,2286
1349,2182
1349,1620
1349,2515
1349,2579
1349,1818
1349,1810
1349,2275
1349,2456
1349,1389
1349,2145
1349,1369
1349,1360
1349,1835
1349,2611
1349,1350
1349,1622
1349,1805
1349,2544
1349,1839
1349,2267
1349,2694
1349,1376
1350,2694
1350,1381
1350,2216
1350,2082
1350,1670
1350,1370
1350,1394
1350,2634
1350,1960
1350,1811
1350,1384
1350,2516
1350,2286
1350,2488
1350,2643
1350,1361
1350,1922
1350,1825
1350,1618
1350,2096
1350,1826
1350,2344
1350,2262
1350,2650
1350,2670
1350,2088
1350,2000
1350,1391
1350,1390
1350,1360
1350,1353
1350,1832
1350,2220
1350,1633
1350,1823
1350,1726
1350,1629
1350,2444
1350,1377
1350,1800
1350,2285
1350,2683
1350,1881
1350,2466
1350,1368
1350,1824
1351,1883
1351,2171
1351,1757
1351,2205
1351,1670
1351,1370
1351,1888
1351,2567
1351,2644
1351,2200
1351,1835
1351,1445
1351,1838
1351,2661
1351,2635
1351,2026
1351,1839
1351,2488
1351,2064
1351,1385
1351,2285
1351,1787
1351,2303
1351,1806
1351,1636
1351,1637
1351,1372
1351,1371
1351,2088
1351,2185
1351,2236
1351,2139
1351,2430
1351,1910
1351,1837
1351,1772
1351,2696
1351,2010
1351,2224
1351,2515
1351,1808
1351,2255
1352,2631
1352,1670
1352,1394
1352,2591
1352,2127
1352,1836
1352,1898
1352,2548
1352,2498
1352,1838
1352,1804
1352,2328
1352,2096
1352,2605
1352,1628
1352,2256
1352,2255
1352,2262
1352,2359
1352,2285
1352,2088
1352,1360
1352,2470
1352,2230
1352,1918
1352,1377
1352,1397
1352,1399
1352,1376
1352,1913
1353,2171
1353,1821
1353,1381
1353,1831
1353,2226
1353,1957
1353,2418
1353,1803
1353,1626
1353,1801
1353,1823
1353,1726
1353,2211
1353,2562
1353,2659
1353,2252
1353,2023
1353,2169
1353,1361
1353,2705
1353,1380
1353,2253
1353,1603
1353,2088
1353,2175
1353,1818
1353,1391
1353,1389
1353,1366
1353,2627
1353,1757
1353,1369
1353,2168
1353,2547
1353,1383
1353,2592
1353,1913
1353,1606
1353,2457
1353,1390
1353,1634
1353,2333
1353,2430
1353,1371
1354,2011
1354,2486
1354,2231
1354,2204
1354,2342
1354,2632
1354,2629
1354,1957
1354,1822
1354,1492
1354,1881
1354,1384
1354,1387
1354,1740
1354,2131
1354,2488
1354,2033
1354,2284
1354,2023
1354,2254
1354,1721
1354,2006
1354,1909
1354,2285
1354,2603
1354,1377
1354,1369
1354,1365
1354,2718
1354,1360
1354,1806
1354,2191
1354,1367
1354,2678
1354,1392
1354,1533
1354,1824
1354,2015
1354,1821
1354,1388
1354,2142
1355,1655
1355,2481
1355,2022
1355,2629
1355,1667
1355,1376
1355,1365
1355,2254
1355,1824
1355,1822
1355,1387
1355,2145
1355,2137
1355,2168
1355,2183
1355,1622
1355,1492
1355,2610
1355,1640
1355,1638
1355,2579
1355,2584
1356,2021
1356,1664
1356,2167
1356,2006
1356,2606
1356,2276
1356,2262
1356,1825
1356,1806
1356,2144
1356,1656
1356,2560
1356,1997
1356,2191
1356,2266
1357,1919
1357,1914
1357,1780
1357,2683
1357,1378
1357,2634
1357,2632
1357,1393
1357,2654
1357,2600
1357,2707
1357,1375
1357,2420
1357,1838
1357,1396
1357,1897
1357,2188
1357,2285
1357,2705
1357,2687
1357,1523
1357,2002
1357,2286
1357,2480
1357,2036
1357,1365
1357,1389
1357,1900
1357,2191
1357,1377
1357,1397
1357,2275
1358,1922
1358,2171
1358,2045
1358,2014
1358,2235
1358,1943
1358,2234
1358,2169
1358,1594
1358,1911
1358,2629
1358,2088
1358,1375
1358,1830
1358,1373
1358,1660
1358,2182
1358,1623
1358,2064
1358,2348
1358,1903
1358,2649
1358,1575
1358,1769
1358,2581
1358,2184
1358,2175
1358,2170
1358,1610
1358,2459
1358,2172
1358,1673
1358,1637
1358,2413
1358,2217
1358,1635
1358,1828
1358,1634
1358,2221
1358,1639
1358,1959
1358,1627
1358,1760
1358,2404
1359,2463
1359,2342
1359,2136
1359,2447
1359,2339
1359,2083
1359,2016
1359,2346
1359,2344
1359,2400
1359,1721
1359,2015
1359,1724
1359,1362
1359,2038
1359,1538
1359,2481
1359,2666
1359,2681
1359,2002
1359,1532
1359,1916
1359,1390
1360,1757
1360,2641
1360,2342
1360,1394
1360,2022
1360,1533
1360,2602
1360,2634
1360,2228
1360,1646
1360,2261
1360,2605
1360,2650
1360,2037
1360,2596
1360,1367
1360,1805
1360,1881
1360,1633
1360,2033
1360,1837
1360,2276
1360,2485
1360,1806
1360,2015
1360,1385
1361,2694
1361,2069
1361,2021
1361,2011
1361,2428
1361,1378
1361,2035
1361,2634
1361,2632
1361,2483
1361,2022
1361,1900
1361,2164
1361,2362
1361,1533
1361,2600
1361,2018
1361,1384
1361,2337
1361,2269
1361,1726
1361,1375
1361,2643
1361,2605
1361,2182
1361,2276
1361,2028
1361,1839
1361,1391
1361,1374
1361,1365
1361,2254
1361,2284
1361,2480
1361,1830
1361,2088
1361,2131
1361,1965
1361,2174
1361,2292
1362,2339
1362,2083
1362,2560
1362,1720
1362,2448
1362,2262
1362,2481
1362,2141
1362,2400
1362,1504
1362,2555
1362,1730
1362,1863
1362,2198
1362,2561
1362,1882
1363,1816
1363,1666
1363,2703
1363,1659
1363,2039
1363,2587
1363,2005
1363,1904
1363,2643
1363,2487
1363,1606
1363,1675
1363,1669
1363,1649
1363,2266
1363,2585
1364,1655
1364,2225
1364,1943
1364,1644
1364,2578
1364,2629
1364,2173
1364,2270
1364,2628
1364,2548
1364,2164
1364,2511
1364,2026
1364,2200
1364,1618
1364,2466
1364,2591
1364,1718
1364,2605
1364,1918
1364,1637
1364,1623
1364,1469
1364,2633
1364,1797
1364,2456
1364,1678
1364,2266
1364,2184
1364,1920
1364,1629
1364,2581
1364,2193
1364,2585
1364,2170
1364,2461
1364,2172
1364,2269
1364,1386
1364,1677
1364,2546
1364,1673
1365,1780
1365,2171
1365,1393
1365,2169
1365,2629
1365,2158
1365,1822
1365,1823
1365,2599
1365,2014
1365,2706
1365,1445
1365,2131
1365,1375
1365,1804
1365,1671
1365,1918
1365,2565
1365,1818
1365,1648
1365,1641
1365,1893
1365,1390
1365,1385
1365,2220
1365,2200
1365,2103
1365,1399
1365,1887
1365,2718
1365,2233
1365,1449
1365,1898
1365,2480
1365,2227
1365,1761
1365,1373
1365,1805
1366,2140
1366,1821
1366,1381
1366,1394
1366,2511
1366,2200
1366,2251
1366,2164
1366,2602
1366,2547
1366,1811
1366,1803
1366,2172
1366,1648
1366,2453
1366,1377
1366,1376
1366,2088
1366,1375
1366,2683
1366,1818
1366,1399
1366,2227
1366,2650
1366,2426
1366,1883
1366,2659
1366,2632
1366,1371
1366,1644
1366,1615
1367,2441
1367,1738
1367,1393
1367,2487
1367,2483
1367,2158
1367,1957
1367,1900
1367,1803
1367,2548
1367,1801
1367,2261
1367,1621
1367,1387
1367,2131
1367,1836
1367,2030
1367,1822
1367,2535
1367,1620
1367,2605
1367,2683
1367,1810
1367,2088
1367,1632
1367,2285
1367,2629
1367,1368
1367,2705
1367,1667
1367,1376
1367,1370
1367,1909
1367,1612
1367,1806
1367,1965
1367,1383
1367,2600
1367,1824
1368,2674
1368,2152
1368,1823
1368,1809
1368,1670
1368,2694
1368,2209
1368,2035
1368,1905
1368,2629
1368,2137
1368,1880
1368,1492
1368,1940
1368,2225
1368,1837
1368,1732
1368,2702
1368,2263
1368,1375
1368,2182
1368,2227
1368,1838
1368,1832
1368,1396
1368,2633
1368,2285
1368,1803
1368,1721
1368,1818
1368,2259
1368,2036
1368,2139
1368,2486
1368,1807
1368,2650
1368,1810
1368,2596
1368,1883
1368,1824
1368,1579
1368,1385
1368,1373
1368,1833
1368,1653
1368,1387
1368,1678
1368,2254
1369,2694
1369,1821
1369,2011
1369,2205
1369,1370
1369,1394
1369,2629
1369,1822
1369,1603
1369,2697
1369,2600
1369,1729
1369,1387
1369,1776
1369,2674
1369,2286
1369,1887
1369,1375
1369,2333
1369,2483
1369,1396
1369,2221
1369,2572
1369,2586
1369,2254
1369,2718
1369,1726
1369,2696
1369,2204
1369,1816
1369,1622
1369,1390
1369,1389
1369,2440
1369,1373
1369,1637
1369,1371
1369,1965
1369,1383
1369,2230
1369,1838
1369,2191
1369,2024
1369,2000
1369,1903
1369,1397
1369,1905
1369,2487
1369,2303
1369,1818
1369,2028
1369,1374
1370,2546
1370,1941
1370,1636
1370,2138
1370,2139
1370,2001
1370,1905
1370,1386
1370,2259
1370,2661
1370,1389
1370,2629
1370,2004
1370,1810
1370,1544
1370,1374
1370,2632
1370,2644
1370,2705
1370,1832
1370,1906
1370,2488
1370,1825
1370,1533
1370,1385
1370,1445
1370,1637
1370,2169
1370,1622
1370,1670
1370,2543
1370,1623
1370,2249
1370,2090
1370,1791
1370,2351
1370,1963
1370,2577
1370,2265
1370,2175
1370,2605
1370,1829
1371,2683
1371,1823
1371,1378
1371,1905
1371,1900
1371,1822
1371,1881
1371,2675
1371,2286
1371,2131
1371,2488
1371,2137
1371,2023
1371,2303
1371,2662
1371,2239
1371,1387
1371,2551
1371,1388
1371,1379
1371,1772
1371,1385
1371,2718
1371,1383
1371,2219
1371,1373
1372,1914
1372,2631
1372,1381
1372,1670
1372,1386
1372,1382
1372,2200
1372,2194
1372,1901
1372,1653
1372,2599
1372,2707
1372,2584
1372,2397
1372,1761
1372,2544
1372,1671
1372,1622
1372,2292
1372,2423
1372,1810
1372,2217
1372,1606
1372,2285
1372,1391
1372,1649
1372,1398
1373,2127
1373,1393
1373,2169
1373,2634
1373,2606
1373,1880
1373,1387
1373,2033
1373,1375
1373,1670
1373,1813
1373,1910
1373,1513
1373,2193
1373,2426
1373,2000
1373,1965
1373,2511
1373,2705
1373,2088
1373,2718
1373,2280
1373,1389
1373,2603
1373,2706
1373,1445
1373,2015
1374,1891
1374,1731
1374,1394
1374,2634
1374,2164
1374,2228
1374,2362
1374,1387
1374,2260
1374,2256
1374,1932
1374,1603
1374,1811
1374,2705
1374,2658
1374,1445
1374,2009
1374,2560
1374,1385
1374,2368
1374,2262
1374,2464
1374,2666
1374,2008
1374,1395
1375,2421
1375,1650
1375,1626
1375,1601
1375,1822
1375,1894
1375,1801
1375,1661
1375,2433
1375,1387
1375,2488
1375,2397
1375,2300
1375,1903
1375,1385
1375,1907
1375,1810
1375,1800
1375,2285
1375,1965
1375,2006
1375,1396
1375,1381
1375,2254
1375,1611
1375,1379
1375,2611
1375,2219
1375,2177
1375,1395
1375,2544
1376,2694
1376,2587
1376,2173
1376,2634
1376,2632
1376,2625
1376,2022
1376,2589
1376,2137
1376,1445
1376,1726
1376,2249
1376,2443
1376,2286
1376,1832
1376,2039
1376,2285
1376,1965
1376,1894
1376,1818
1376,2700
1376,2603
1376,2145
1376,2008
1376,1839
1376,1398
1376,1389
1376,1676
1376,1385
1376,1377
1376,1392
1376,1900
1376,2191
1376,1669
1376,2300
1376,1837
1376,2487
1376,2182
1376,1396
1376,2129
1376,2236
1376,2430
1376,1834
1376,2707
1377,2127
1377,2015
1377,1393
1377,2677
1377,1624
1377,1816
1377,2634
1377,2632
1377,1947
1377,1880
1377,1384
1377,1794
1377,2216
1377,2022
1377,2681
1377,2023
1377,2056
1377,2328
1377,2453
1377,2705
1377,1791
1377,2544
1377,2253
1377,2008
1377,2005
1377,1398
1377,2285
1377,1383
1377,1824
1377,1837
1377,1379
1378,2676
1378,1941
1378,1780
1378,2631
1378,2171
1378,1757
1378,1381
1378,2030
1378,2261
1378,2658
1378,1464
1378,2005
1378,2661
1378,2605
1378,1592
1378,2368
1378,1398
1378,2022
1378,2033
1378,1917
1378,2634
1378,2591
1378,2200
1378,1812
1378,2284
1378,1801
1378,2303
1378,1533
1378,1826
1378,1808
1378,1670
1378,1379
1378,2694
1378,1918
1378,1822
1378,1389
1378,2535
1378,1733
1378,1442
1378,2218
1378,2190
1378,2177
1379,1654
1379,2629
1379,2591
1379,2234
1379,2137
1379,1894
1379,1835
1379,2267
1379,1823
1379,1726
1379,1837
1379,1834
1379,2707
1379,1887
1379,2182
1379,2303
1379,2171
1379,2600
1379,1381
1379,2254
1379,1392
1379,1390
1379,1385
1379,1389
1379,1763
1379,2632
1379,1388
1379,2348
1379,2270
1379,1397
1379,2079
1379,1391
1380,1944
1380,1650
1380,2546
1380,2457
1380,2677
1380,2189
1380,1392
1380,1666
1380,1445
1380,1637
1380,1805
1380,2057
1380,2424
1380,1665
1380,2578
1380,2582
1380,2605
1380,1829
1380,2584
1380,1604
1380,2461
1380,2275
1380,2399
1380,2207
1381,2457
1381,1729
1381,2139
1381,2276
1381,1901
1381,1894
1381,2421
1381,1839
1381,2131
1381,1837
1381,1398
1381,1397
1381,1392
1381,1389
1381,2673
1381,1965
1381,1394
1381,1818
1381,2154
1381,2718
1381,2022
1381,1828
1381,1670
1381,1399
1381,2453
1381,2164
1381,2090
1381,1665
1381,1661
1381,2423
1381,2195
1381,1630
1381,2705
1381,2026
1381,1384
1381,2548
1382,2440
1382,2507
1382,2216
1382,1914
1382,2205
1382,2157
1382,1816
1382,2322
1382,2553
1382,2560
1382,2014
1382,2012
1382,1860
1382,1504
1382,1728
1382,2030
1382,2368
1382,1907
1382,2646
1382,1916
1382,1528
1382,1819
1382,1807
1382,1909
1382,2588
1382,1899
1382,2028
1382,1492
1382,1832
1382,2600
1382,1806
1382,1919
1382,1822
1382,2233
1382,2242
1382,2112
1382,2618
1382,2589
1382,1813
1382,2609
1383,2029
1383,1393
1383,2216
1383,1386
1383,1394
1383,2644
1383,2270
1383,2511
1383,2317
1383,1801
1383,1673
1383,1648
1383,2707
1383,2023
1383,1811
1383,1620
1383,1396
1383,1445
1383,2609
1383,1833
1383,2002
1383,1800
1383,2285
1383,2262
1383,2650
1383,1399
1383,2457
1383,1390
1383,2459
1383,1392
1383,1660
1383,1644
1383,1825
1384,1941
1384,2216
1384,2235
1384,1394
1384,2629
1384,2602
1384,1947
1384,2425
1384,2103
1384,2336
1384,1903
1384,2035
1384,2617
1384,1807
1384,1387
1384,1839
1384,2397
1384,1900
1384,2288
1384,1800
1384,2188
1384,2544
1384,1813
1384,1805
1384,1673
1384,2333
1384,2208
1384,2436
1384,2057
1384,2567
1384,2664
1384,2137
1384,1652
1384,2223
1384,1959
1384,2618
1384,1939
1384,2221
1385,2694
1385,1393
1385,2226
1385,1394
1385,2634
1385,2549
1385,1800
1385,1835
1385,1729
1385,1387
1385,1930
1385,1620
1385,1396
1385,1907
1385,2127
1385,2328
1385,1965
1385,2303
1385,1818
1385,2705
1385,2187
1385,2144
1385,2028
1385,1390
1385,2230
1385,2139
1386,1617
1386,1997
1386,2595
1386,2035
1386,2606
1386,2605
1386,1392
1386,1389
1386,2629
1386,2033
1386,1810
1386,2632
1386,2535
1386,1835
1386,2611
1386,1837
1386,1822
1386,1965
1386,2285
1386,1606
1386,2188
1386,2618
1386,1611
1386,1670
1386,2543
1386,1806
1386,2187
1386,1761
1386,2418
1386,2255
1387,1636
1387,2032
1387,1667
1387,2481
1387,2351
1387,2164
1387,2602
1387,1800
1387,2172
1387,1881
1387,1817
1387,2255
1387,1911
1387,2096
1387,1392
1387,1390
1387,1389
1387,1810
1387,1839
1387,2511
1387,1832
1387,1812
1387,2486
1387,2195
1387,2253
1387,1818
1387,2303
1387,1833
1387,1825
1387,2694
1387,1918
1387,1801
1387,2286
1387,2632
1387,2228
1387,2131
1387,2430
1387,2328
1387,2170
1388,1757
1388,2540
1388,2022
1388,2144
1388,1803
1388,2319
1388,2018
1388,1835
1388,2262
1388,2330
1388,2661
1388,1838
1388,2096
1388,1726
1388,2551
1388,2705
1388,1839
1388,1621
1388,2009
1388,1397
1388,1394
1388,2461
1388,1643
1388,1391
1388,1933
1388,2606
1388,2024
1388,1891
1389,2287
1389,1922
1389,2169
1389,2680
1389,1837
1389,1881
1389,1396
1389,1646
1389,1915
1389,1652
1389,2705
1389,2088
1389,1398
1389,1397
1389,2118
1389,2194
1389,1806
1389,2634
1389,1933
1389,1757
1389,2328
1389,1787
1389,2096
1389,2628
1389,1392
1390,2054
1390,2464
1390,1394
1390,2629
1390,2022
1390,1822
1390,1811
1390,1881
1390,2680
1390,2154
1390,2205
1390,1817
1390,2131
1390,1906
1390,1832
1390,1825
1390,1395
1390,2551
1390,2024
1390,1818
1390,2253
1390,1726
1390,1398
1390,1392
1390,2683
1390,1907
1390,2453
1390,1909
1390,2339
1391,1437
1391,2632
1391,2629
1391,2625
1391,2606
1391,1648
1391,2643
1391,2330
1391,1656
1391,1620
1391,1823
1391,2696
1391,2137
1391,2096
1391,1916
1391,2275
1391,2037
1391,1903
1391,1678
1391,2466
1391,1399
1391,2676
1391,1398
1391,2611
1391,2173
1391,2270
1391,2705
1391,1881
1391,1396
1391,1670
1392,2546
1392,1941
1392,2171
1392,2629
1392,2487
1392,1881
1392,2131
1392,2511
1392,1832
1392,1685
1392,2090
1392,1826
1392,2551
1392,2025
1392,1835
1392,2611
1392,2280
1392,2430
1392,2547
1392,1670
1392,2227
1392,1677
1392,1824
1392,2012
1392,1827
1392,2215
1392,2680
1392,2185
1392,1833
1392,1398
1392,1822
1393,1738
1393,2485
1393,1787
1393,2675
1393,2022
1393,2285
1393,2254
1393,2262
1393,1396
1393,1881
1393,2227
1393,2328
1393,2511
1393,1824
1393,1670
1393,2252
1393,2683
1393,2602
1393,1826
1393,1836
1393,2226
1393,2023
1393,1997
1393,2567
1393,1621
1393,1965
1393,2644
1393,2215
1393,1805
1393,2356
1393,2209
1393,2496
1393,1712
1393,1955
1394,2171
1394,1540
1394,2681
1394,1902
1394,1671
1394,2156
1394,1726
1394,2651
1394,2629
1394,2285
1394,1738
1394,2262
1394,1398
1394,1832
1394,1811
1394,2252
1394,1826
1394,2139
1394,2430
1394,2010
1394,2551
1394,1610
1395,2011
1395,2428
1395,1823
1395,2226
1395,2634
1395,2606
1395,2483
1395,1533
1395,2018
1395,1656
1395,2139
1395,1916
1395,1721
1395,1900
1395,2444
1395,2031
1395,2036
1395,2679
1395,2000
1395,2009
1395,2344
1395,1820
1395,2014
1395,1917
1395,2005
1395,1829
1396,2546
1396,2229
1396,2204
1396,2349
1396,1670
1396,2625
1396,2483
1396,2172
1396,1738
1396,1835
1396,1726
1396,2286
1396,2131
1396,2488
1396,2299
1396,2632
1396,2535
1396,2014
1396,1903
1396,2028
1396,2117
1396,2023
1396,2227
1396,1839
1396,1922
1396,2262
1396,1721
1396,1818
1396,2277
1396,1828
1396,2276
1396,2173
1396,2356
1396,1771
1396,2694
1396,2254
1396,1810
1396,2586
1396,2167
1397,1655
1397,1667
1397,2483
1397,2251
1397,2267
1397,2601
1397,2699
1397,2131
1397,2064
1397,2488
1397,2226
1397,2420
1397,2033
1397,1761
1397,2535
1397,1811
1397,1606
1397,2426
1397,1602
1397,2247
1397,2099
1397,2002
1397,1803
1397,2088
1397,2266
1397,1398
1397,1917
1397,2683
1397,1810
1397,1635
1397,2155
1397,2286
1397,1428
1397,1837
1397,2031
1397,1813
1397,2561
1397,2464
1397,2658
1397,1611
1398,1796
1398,2683
1398,2204
1398,2027
1398,2644
1398,1784
1398,2629
1398,2022
1398,2017
1398,1822
1398,2428
1398,2137
1398,1632
1398,2261
1398,2675
1398,1817
1398,2470
1398,2030
1398,2584
1398,2002
1398,2605
1398,2611
1398,1569
1398,2215
1398,1831
1398,2025
1398,1603
1398,2633
1398,2285
1399,1670
1399,2022
1399,2600
1399,1835
1399,2154
1399,2262
1399,1825
1399,1658
1399,2552
1399,2676
1399,1636
1399,2024
1399,1909
1399,2028
1399,1806
1399,1837
1399,1740
1399,2300
1399,2285
1400,2011
1400,1686
1400,2537
1400,2320
1400,1570
1400,1896
1400,2314
1400,2086
1400,2084
1400,1899
1400,1540
1400,2532
1400,1514
1400,1522
1400,1910
1400,1561
1400,1697
1400,1558
1400,2613
1400,2710
1400,1554
1400,2336
1400,1851
1400,2116
1400,1534
1400,1591
1400,1583
1400,1536
1400,2487
1400,1517
1400,1584
1400,1574
1400,1598
1400,1551
1400,1532
1400,1435
1400,1550
1400,1524
1400,1912
1400,2106
1400,1525
1400,2102
1400,1520
1400,2482
1400,2094
1400,1512
1400,2565
1400,2468
1400,1505
1400,2281
1400,1576
1401,2695
1401,2298
1401,1968
1401,2034
1401,2713
1401,1488
1401,1423
1401,2621
1401,2061
1401,1853
1401,2690
1401,1403
1401,1441
1401,1407
1401,1444
1401,2569
1401,1850
1401,1446
1401,1475
1401,2381
1401,2364
1401,2655
1401,2408
1401,2692
1401,1476
1401,1464
1401,1463
1401,1420
1401,2293
1401,1456
1401,1422
1401,2525
1401,1412
1401,1448
1401,1485
1401,1466
1402,2616
1402,2347
1402,1989
1402,1430
1402,2398
1402,2537
1402,2078
1402,1968
1402,2698
1402,2186
1402,1486
1402,2201
1402,2130
1402,2437
1402,1994
1402,2318
1402,2134
1402,1455
1402,1424
1402,2143
1402,2070
1402,1446
1402,1475
1402,1465
1402,1773
1402,1482
1402,1479
1402,1473
1402,1443
1402,1421
1402,2517
1402,2614
1402,1490
1402,1468
1402,2692
1402,1422
1402,1954
1402,2076
1402,1494
1402,1484
1402,2350
1402,1477
1402,2375
1402,1987
1403,2558
1403,2414
1403,2384
1403,1430
1403,2695
1403,2439
1403,2411
1403,2324
1403,1991
1403,1495
1403,1433
1403,2701
1403,2693
1403,2298
1403,2201
1403,2269
1403,2484
1403,2041
1403,1413
1403,1544
1403,1770
1403,1482
1403,1481
1403,1483
1403,2647
1403,1473
1403,2293
1403,1466
1403,2474
1403,1407
1403,1416
1403,1465
1403,1406
1403,1456
1403,2717
1403,1429
1403,2711
1403,2517
1403,1972
1403,1424
1403,2058
1403,1460
1403,2042
1403,2662
1403,2078
1403,2660
1403,1418
1404,2347
1404,2390
1404,1831
1404,2382
1404,1879
1404,1972
1404,2061
1404,1770
1404,1799
1404,2264
1404,2070
1404,1907
1404,2301
1404,1953
1404,2504
1404,2647
1404,1480
1404,1577
1404,2692
1404,1505
1404,2669
1404,1591
1404,2377
1404,2393
1404,1911
1404,1463
1404,1459
1404,1439
1404,2640
1404,2058
1404,1418
1404,1415
1404,2499
1404,1432
1404,1452
1404,1449
1404,1769
1404,1451
1404,2342
1404,1987
1404,1405
1404,2410
1405,2347
1405,2325
1405,1848
1405,1433
1405,2695
1405,2598
1405,2389
1405,2078
1405,2059
1405,1600
1405,2698
1405,2289
1405,2048
1405,2060
1405,2214
1405,2196
1405,1770
1405,1429
1405,1680
1405,1472
1405,1890
1405,1696
1405,2569
1405,1795
1405,1453
1405,1431
1405,2692
1405,1473
1405,1439
1405,1435
1405,1786
1405,1447
1405,1979
1405,1494
1405,2509
1405,1442
1405,2525
1405,1412
1405,1465
1405,1462
1405,1483
1405,1774
1405,1543
1405,1432
1405,2648
1405,1484
1405,2066
1405,2277
1406,1870
1406,1454
1406,1413
1406,1966
1406,1562
1406,1756
1406,2513
1406,2130
1406,1478
1406,2512
1406,2201
1406,1408
1406,2711
1406,2517
1406,1927
1406,1442
1406,2293
1406,1427
1406,2248
1406,2636
1406,2550
1406,2647
1406,1453
1406,1491
1406,2068
1406,1867
1406,1479
1406,1473
1406,1452
1406,1439
1406,2194
1406,1418
1406,1979
1406,1494
1406,1487
1406,2333
1406,1460
1406,1477
1406,2692
1406,1435
1406,1493
1406,2410
1406,2693
1406,1432
1406,2135
1406,2510
1406,2122
1406,1443
1406,2219
1406,1467
1406,1417
1406,1488
1406,1973
1407,2298
1407,2540
1407,2522
1407,1775
1407,2520
1407,1781
1407,2636
1407,2612
1407,1836
1407,2691
1407,2532
1407,1408
1407,2410
1407,1491
1407,1482
1407,2427
1407,1457
1407,1463
1407,1442
1407,2616
1407,1840
1407,1452
1407,1451
1407,1449
1407,1447
1407,1432
1407,1418
1407,2094
1407,1415
1407,1444
1407,2478
1407,1411
1407,2180
1407,1986
1407,1598
1407,2512
1407,1542
1407,1494
1407,1467
1407,1443
1407,2527
1407,2430
1407,1427
1408,2709
1408,1995
1408,2471
1408,2374
1408,2324
1408,1535
1408,1433
1408,2250
1408,2243
1408,1509
1408,1409
1408,2691
1408,2352
1408,1770
1408,2571
1408,2711
1408,2517
1408,2499
1408,2569
1408,1460
1408,1491
1408,1482
1408,2060
1408,1866
1408,1463
1408,1462
1408,1459
1408,1443
1408,1453
1408,1435
1408,2695
1408,1434
1408,1515
1408,1418
1408,2380
1408,1465
1408,1913
1408,2076
1408,2196
1408,2293
1408,2070
1408,2052
1408,1477
1408,1468
1408,2686
1408,1924
1408,2063
1408,1442
1408,2715
1409,1414
1409,2640
1409,2667
1409,2335
1409,1809
1409,1495
1409,2078
1409,2698
1409,1915
1409,2642
1409,2520
1409,1471
1409,1989
1409,1795
1409,1504
1409,2313
1409,2652
1409,1425
1409,1475
1409,2214
1409,2663
1409,1499
1409,1460
1409,1463
1409,1456
1409,1485
1409,2616
1409,1452
1409,1449
1409,1517
1409,2196
1409,1439
1409,1435
1409,1429
1409,1432
1409,1419
1409,1418
1409,2712
1409,2130
1409,2637
1409,1461
1409,1946
1409,2621
1409,2524
1409,2517
1409,1458
1409,2719
1409,2512
1409,1497
1409,1487
1409,2655
1409,1773
1409,2320
1409,1444
1409,1966
1409,2327
1409,2715
1410,1865
1410,1705
1410,1579
1410,2315
1410,2386
1410,2372
1410,2529
1410,2159
1410,1868
1410,1912
1410,1697
1410,1471
1410,1538
1410,1849
1410,1551
1410,2108
1410,2313
1410,1500
1410,2614
1410,1854
1410,2465
1410,2396
1410,1869
1411,2248
1411,1433
1411,2212
1411,2034
1411,2386
1411,2201
1411,1994
1411,1984
1411,1562
1411,2532
1411,1461
1411,1429
1411,1442
1411,2649
1411,1485
1411,1979
1411,2396
1411,1441
1411,1557
1411,1479
1411,1466
1411,1449
1411,1489
1411,1481
1411,1434
1411,1418
1411,1462
1411,1415
1411,2647
1411,1483
1411,2719
1411,1493
1411,2637
1411,1473
1412,1414
1412,1476
1412,1982
1412,2337
1412,1478
1412,2041
1412,2637
1412,2512
1412,1424
1412,2504
1412,2717
1412,1485
1412,1475
1412,2647
1412,2614
1412,1489
1412,1484
1412,2352
1412,1479
1412,1432
1412,1421
1412,1418
1412,1416
1412,1490
1412,2719
1412,2313
1412,2569
1412,1915
1412,2497
1412,1447
1412,1494
1413,2714
1413,2394
1413,1430
1413,2695
1413,2365
1413,2335
1413,2612
1413,2078
1413,2621
1413,1471
1413,2616
1413,1840
1413,1484
1413,2499
1413,1432
1413,2614
1413,1418
1413,1444
1413,2076
1413,2041
1413,1458
1413,2719
1413,1781
1413,1490
1413,2686
1413,1468
1413,1422
1413,1417
1413,1987
1413,1481
1413,1966
1414,2663
1414,1865
1414,1430
1414,2134
1414,2105
1414,1848
1414,2259
1414,2257
1414,2598
1414,2525
1414,2366
1414,1493
1414,1479
1414,1485
1414,2316
1414,1443
1414,2293
1414,2196
1414,2324
1414,1435
1414,1429
1414,1432
1414,1421
1414,2717
1414,2374
1414,2180
1414,2568
1414,1450
1414,1433
1414,2602
1414,2330
1414,2068
1414,2060
1414,2416
1414,2504
1414,2698
1414,2242
1414,2052
1414,2474
1414,1497
1414,1487
1414,2617
1414,2520
1414,2327
1414,1422
1414,1441
1414,2058
1414,2685
1414,2443
1414,2506
1414,1799
1414,2034
1414,2422
1414,2662
1414,1969
1415,2616
1415,2394
1415,1454
1415,2152
1415,1506
1415,1431
1415,2698
1415,1488
1415,1423
1415,1960
1415,1988
1415,2428
1415,1458
1415,2646
1415,1972
1415,2512
1415,2051
1415,1795
1415,2663
1415,1499
1415,2052
1415,2647
1415,1748
1415,1460
1415,2293
1415,2717
1415,1497
1415,1466
1415,1464
1415,1416
1415,2347
1415,1453
1415,2437
1415,1467
1415,1418
1415,2067
1415,1485
1415,1484
1415,1421
1416,2414
1416,2325
1416,2283
1416,2013
1416,1938
1416,1495
1416,2698
1416,2509
1416,2327
1416,1433
1416,2500
1416,1998
1416,2214
1416,2484
1416,2691
1416,2332
1416,2201
1416,1441
1416,1429
1416,2409
1416,2135
1416,2052
1416,1504
1416,1424
1416,1427
1416,1475
1416,2647
1416,2499
1416,2040
1416,2719
1416,1846
1416,1493
1416,1482
1416,1466
1416,2324
1416,1451
1416,1484
1416,1448
1416,2061
1416,1479
1416,1463
1416,1447
1416,1494
1416,1809
1416,1421
1416,1489
1416,1449
1416,2196
1416,1420
1416,2293
1416,1517
1416,2393
1416,1485
1417,2065
1417,2568
1417,2248
1417,1454
1417,2494
1417,1476
1417,2520
1417,2558
1417,1588
1417,2493
1417,1989
1417,2474
1417,1915
1417,2691
1417,1930
1417,2318
1417,2512
1417,1455
1417,2209
1417,2711
1417,2517
1417,1442
1417,1444
1417,2504
1417,1972
1417,1776
1417,2067
1417,2309
1417,1436
1417,1979
1417,2293
1417,2117
1417,2079
1417,1489
1417,1463
1417,1464
1417,2685
1417,1423
1417,2393
1417,1468
1417,1963
1417,1467
1417,2110
1417,2692
1417,1514
1417,1805
1417,1770
1417,1479
1417,2070
1417,1456
1418,2394
1418,2347
1418,2078
1418,2711
1418,2309
1418,1476
1418,1945
1418,2407
1418,1426
1418,1425
1418,1458
1418,2525
1418,2043
1418,1461
1418,1983
1418,2637
1418,2076
1418,2196
1418,2293
1418,2199
1418,2393
1418,2715
1418,2533
1418,1453
1418,2410
1418,1491
1418,2068
1418,1456
1418,1435
1418,2499
1418,1432
1418,1421
1418,1419
1418,1490
1418,1427
1418,2573
1418,1448
1418,1774
1418,1489
1418,1998
1418,1462
1418,2277
1418,2691
1419,1579
1419,2645
1419,2059
1419,1480
1419,2509
1419,2365
1419,1613
1419,2588
1419,2708
1419,2107
1419,2154
1419,2411
1419,2693
1419,1424
1419,2407
1419,1420
1419,2469
1419,2669
1419,2439
1419,1781
1419,2533
1419,1444
1419,1491
1419,2532
1419,1451
1419,1481
1419,2233
1419,1459
1419,1457
1419,1958
1419,1441
1419,1487
1419,2061
1419,1429
1420,1985
1420,2247
1420,2335
1420,2711
1420,2242
1420,2061
1420,1458
1420,2493
1420,2041
1420,2648
1420,2512
1420,1441
1420,1870
1420,1461
1420,1861
1420,1890
1420,2698
1420,2504
1420,1475
1420,1460
1420,1489
1420,1767
1420,1476
1420,1452
1420,2324
1420,2712
1420,1451
1420,1435
1420,1432
1420,1421
1420,2068
1420,1795
1420,2293
1420,1497
1420,1494
1420,1778
1420,1487
1420,1468
1420,2410
1420,2135
1420,1928
1420,1443
1420,2090
1420,1480
1420,1499
1420,2715
1420,1481
1421,1495
1421,2598
1421,2250
1421,1947
1421,2402
1421,1990
1421,1461
1421,1522
1421,1619
1421,2154
1421,2057
1421,2409
1421,2052
1421,1907
1421,1831
1421,2510
1421,1444
1421,2054
1421,1472
1421,2706
1421,2415
1421,2371
1421,2117
1421,1508
1421,1574
1421,2068
1421,1483
1421,1479
1421,1482
1421,1435
1421,1584
1421,2060
1421,1527
1421,2196
1421,1517
1421,1467
1421,1491
1421,1998
1421,2701
1421,2410
1421,1456
1421,1460
1422,2631
1422,1773
1422,1768
1422,2199
1422,2693
1422,1978
1422,2416
1422,2201
1422,2612
1422,1545
1422,2130
1422,2652
1422,2070
1422,2315
1422,1442
1422,2079
1422,2517
1422,1993
1422,1457
1422,2063
1422,2533
1422,2143
1422,2279
1422,1484
1422,1562
1422,2241
1422,1465
1422,1456
1422,2034
1422,1452
1422,2636
1422,1489
1422,2504
1422,1460
1422,1557
1422,1983
1422,1979
1422,1770
1423,2384
1423,1430
1423,2477
1423,2034
1423,2645
1423,2598
1423,1773
1423,1896
1423,1961
1423,1476
1423,2061
1423,2469
1423,1499
1423,1484
1423,1456
1423,1457
1423,2621
1423,1562
1423,2241
1423,2719
1423,2052
1423,1490
1423,1468
1423,2693
1424,1495
1424,1968
1424,1431
1424,2416
1424,1977
1424,2512
1424,1441
1424,2241
1424,1508
1424,2570
1424,2473
1424,2504
1424,1472
1424,1979
1424,2410
1424,1890
1424,2569
1424,1489
1424,1462
1424,2621
1424,1845
1424,1464
1424,2299
1424,1999
1424,1490
1424,1477
1424,1468
1424,1452
1424,2135
1424,1427
1424,2058
1424,2078
1424,1496
1424,2660
1424,2715
1425,2231
1425,2054
1425,2315
1425,2389
1425,2155
1425,1600
1425,2327
1425,2416
1425,1509
1425,1800
1425,1743
1425,2081
1425,2468
1425,2565
1425,2117
1425,2110
1425,1857
1425,1598
1425,1584
1425,1545
1425,2598
1425,2113
1425,1520
1425,1953
1425,2213
1425,1534
1425,2370
1425,1885
1425,2635
1425,2415
1425,1890
1425,2569
1425,1479
1425,2615
1425,1451
1425,1444
1425,1570
1425,2637
1425,2100
1425,2068
1425,2070
1425,2052
1426,2673
1426,2257
1426,2567
1426,2157
1426,2200
1426,2224
1426,2498
1426,1794
1426,2614
1426,1917
1426,2680
1426,1908
1426,1449
1426,2000
1426,2556
1426,2362
1426,1803
1426,2033
1426,2227
1426,1825
1426,2115
1426,1824
1426,2480
1426,2219
1426,2206
1426,2633
1426,2661
1426,2443
1426,2599
1426,2211
1426,2064
1426,2348
1426,1763
1426,2318
1426,1551
1426,2715
1426,1889
1427,2379
1427,2347
1427,2471
1427,1787
1427,2078
1427,1996
1427,1480
1427,1915
1427,2437
1427,1972
1427,1436
1427,1989
1427,2571
1427,1953
1427,1444
1427,2698
1427,2504
1427,2135
1427,1553
1427,2533
1427,2614
1427,1442
1427,2312
1427,1485
1427,1979
1427,1460
1427,1489
1427,1770
1427,1479
1427,2621
1427,2524
1427,1457
1427,1462
1427,1453
1427,1435
1427,1434
1427,1998
1427,2085
1427,1514
1427,1999
1427,1477
1427,2692
1427,2325
1427,1452
1427,2055
1427,2472
1427,2569
1427,2648
1427,2066
1428,2546
1428,2118
1428,1883
1428,2205
1428,2157
1428,1891
1428,1600
1428,1613
1428,2470
1428,1917
1428,1894
1428,2444
1428,1493
1428,1839
1428,1965
1428,1957
1428,1835
1428,2426
1428,2328
1428,1828
1428,1533
1428,1767
1428,1646
1428,2168
1428,1813
1428,2618
1428,2230
1428,2218
1428,2456
1428,2676
1428,2579
1428,2511
1428,2220
1428,2026
1428,1808
1428,2584
1428,2665
1429,1430
1429,2568
1429,2231
1429,2713
1429,1781
1429,1991
1429,2520
1429,2326
1429,2525
1429,2332
1429,2350
1429,2056
1429,1748
1429,1525
1429,2574
1429,1475
1429,2512
1429,2415
1429,2075
1429,1493
1429,1489
1429,2293
1429,1439
1429,1450
1429,1770
1429,1479
1429,2052
1429,2464
1429,1494
1429,1778
1429,1487
1429,1467
1429,1499
1429,1443
1429,1951
1429,1774
1429,1485
1429,2067
1429,1970
1429,1963
1430,2558
1430,1502
1430,1516
1430,1535
1430,1867
1430,1770
1430,1488
1430,2410
1430,2391
1430,1466
1430,1544
1430,1447
1430,2324
1430,2509
1430,2180
1430,2568
1430,1972
1430,2637
1430,1433
1430,1999
1430,1499
1430,2201
1430,2258
1430,2245
1430,2148
1430,2713
1430,2684
1430,1960
1431,2663
1431,2162
1431,1562
1431,2477
1431,2283
1431,2712
1431,1854
1431,2313
1431,2701
1431,1491
1431,1481
1431,1447
1431,2717
1431,1994
1431,2692
1431,1448
1431,2711
1431,2517
1431,1978
1431,2148
1431,2685
1431,2085
1431,2334
1431,2616
1431,2713
1431,2609
1431,2660
1431,2398
1431,2495
1432,2714
1432,2695
1432,2237
1432,1454
1432,2157
1432,2704
1432,2095
1432,1995
1432,2034
1432,2201
1432,2058
1432,2040
1432,2525
1432,1770
1432,2474
1432,2196
1432,2135
1432,2052
1432,2524
1432,2476
1432,1444
1432,1472
1432,1857
1432,2637
1432,1979
1432,2251
1432,1475
1432,2381
1432,2504
1432,2335
1432,1462
1432,2452
1432,1482
1432,1484
1432,2067
1432,1485
1432,1439
1432,1468
1432,1490
1432,2410
1432,2296
1432,1459
1432,1496
1432,2712
1432,2130
1432,1451
1433,2034
1433,2710
1433,2485
1433,2394
1433,2652
1433,1483
1433,2647
1433,1459
1433,2196
1433,2569
1433,2689
1433,1972
1433,2691
1433,2241
1433,2471
1433,1501
1433,2416
1433,2066
1433,1471
1433,1989
1433,2474
1433,1494
1433,1490
1433,2686
1433,1468
1433,2135
1433,1441
1433,2324
1433,2712
1433,2709
1433,2612
1433,1776
1433,2607
1434,2264
1434,1568
1434,2673
1434,2324
1434,2568
1434,2374
1434,1785
1434,1495
1434,2598
1434,2078
1434,1480
1434,2327
1434,2514
1434,1988
1434,1458
1434,2058
1434,2638
1434,2437
1434,1795
1434,2474
1434,2350
1434,2536
1434,2241
1434,2079
1434,2517
1434,1450
1434,1499
1434,2504
1434,2196
1434,2293
1434,1472
1434,2067
1434,2688
1434,1554
1434,1999
1434,2499
1434,1446
1434,1869
1434,1462
1434,1493
1434,1479
1434,2048
1434,1466
1434,2240
1434,1464
1434,2135
1434,1456
1434,1487
1434,1587
1434,2072
1434,1468
1434,1443
1434,1992
1435,2043
1435,2695
1435,2471
1435,1896
1435,1488
1435,2500
1435,2314
1435,2214
1435,2437
1435,2691
1435,2241
1435,1455
1435,1436
1435,2517
1435,2130
1435,1577
1435,2052
1435,1444
1435,2067
1435,2397
1435,2509
1435,1539
1435,1442
1435,1911
1435,1590
1435,1493
1435,1489
1435,1481
1435,1456
1435,1479
1435,1496
1435,1487
1435,1704
1435,1971
1435,1468
1435,1475
1435,2034
1435,1452
1435,2196
1435,2293
1436,2716
1436,1961
1436,2485
1436,2352
1436,2452
1436,2044
1436,1572
1436,1480
1436,2671
1436,2309
1436,2236
1436,2048
1436,2474
1436,1478
1436,1499
1436,2504
1436,2410
1436,2638
1436,1968
1436,1483
1436,2647
1436,2293
1436,1442
1436,1451
1436,1453
1436,1461
1436,2070
1436,1786
1436,1487
1436,1468
1436,1467
1436,2245
1436,2558
1436,2655
1436,2329
1436,2717
1436,2135
1436,2484
1436,2685
1436,2667
1436,2085
1436,1763
1436,2350
1436,2715
1436,1934
1437,1693
1437,2478
1437,1463
1437,2568
1437,2068
1437,2048
1437,2070
1437,2235
1437,1718
1437,2352
1437,2040
1437,2412
1437,1785
1437,2716
1437,2619
1437,1776
1437,1768
1437,1976
1437,2192
1437,1495
1437,1980
1437,2199
1437,2684
1437,2662
1437,1983
1437,1938
1437,2062
1437,2495
1437,2071
1437,1766
1437,1960
1437,1572
1437,2541
1437,1975
1437,2166
1438,2394
1438,2325
1438,2645
1438,2324
1438,2712
1438,1773
1438,2520
1438,2148
1438,2243
1438,2408
1438,1460
1438,1479
1438,2647
1438,1459
1438,1447
1438,1439
1438,1778
1438,1972
1438,2717
1438,2691
1438,1473
1438,2637
1438,1573
1438,2692
1438,2434
1438,1783
1439,2417
1439,2411
1439,1495
1439,1968
1439,1896
1439,2366
1439,1978
1439,1486
1439,1782
1439,1545
1439,2332
1439,2352
1439,1770
1439,1769
1439,2130
1439,1461
1439,1450
1439,2509
1439,1442
1439,2504
1439,2505
1439,1472
1439,2076
1439,1475
1439,1460
1439,2055
1439,1465
1439,2396
1439,1464
1439,2336
1439,1463
1439,1477
1439,1497
1439,2438
1439,1468
1439,2437
1439,1467
1439,2410
1439,1987
1439,1995
1439,1484
1439,1453
1440,2630
1440,1713
1440,2360
1440,1875
1440,2608
1440,1694
1440,1701
1440,1455
1440,1514
1440,1699
1440,2086
1440,1557
1440,2117
1441,2616
1441,1985
1441,2568
1441,2119
1441,2452
1441,1495
1441,2324
1441,2712
1441,2612
1441,1968
1441,1781
1441,1486
1441,2214
1441,1994
1441,2476
1441,2106
1441,2327
1441,1890
1441,1472
1441,1475
1441,1460
1441,1491
1441,1489
1441,1446
1441,1484
1441,1464
1441,2225
1441,1449
1441,2510
1441,1443
1441,2517
1441,2052
1441,2051
1441,1487
1441,1467
1441,2099
1441,2196
1441,1979
1441,1927
1442,2695
1442,2439
1442,2335
1442,2044
1442,1809
1442,1498
1442,2711
1442,1781
1442,2547
1442,2425
1442,2525
1442,1770
1442,2330
1442,2070
1442,2465
1442,2394
1442,1444
1442,1475
1442,1848
1442,1460
1442,1489
1442,1446
1442,2717
1442,1456
1442,1447
1442,1443
1442,1453
1442,1869
1442,1487
1442,1468
1442,1448
1442,1463
1443,2616
1443,2558
1443,2151
1443,1454
1443,2398
1443,2689
1443,2671
1443,1750
1443,2130
1443,2211
1443,2691
1443,1994
1443,2091
1443,2086
1443,1699
1443,1485
1443,2663
1443,1562
1443,1465
1443,2545
1443,1575
1443,2509
1443,1464
1443,2717
1443,2135
1443,1456
1443,1497
1443,1768
1443,1477
1443,1975
1443,1480
1443,2501
1443,1531
1443,1449
1443,1484
1444,2616
1444,2347
1444,2477
1444,2231
1444,2245
1444,2200
1444,1488
1444,1874
1444,1486
1444,1506
1444,2364
1444,2712
1444,2130
1444,2637
1444,2512
1444,1770
1444,1769
1444,2717
1444,1461
1444,1890
1444,1979
1444,1493
1444,1968
1444,1483
1444,1465
1444,1497
1444,2699
1444,2335
1444,2238
1444,2171
1444,1783
1444,2719
1445,1922
1445,1883
1445,1655
1445,2173
1445,2550
1445,1968
1445,1900
1445,2164
1445,2137
1445,2628
1445,1827
1445,2247
1445,2535
1445,1601
1445,2070
1445,2644
1445,1664
1445,2634
1445,1611
1445,1805
1445,1673
1445,1810
1445,2586
1445,2170
1445,1583
1445,2650
1445,2308
1445,2696
1445,1630
1445,1644
1445,2420
1445,2584
1445,1610
1445,1620
1445,2624
1446,2616
1446,2477
1446,2471
1446,2645
1446,2324
1446,2320
1446,2059
1446,2327
1446,1488
1446,1978
1446,1458
1446,2690
1446,2437
1446,1994
1446,1478
1446,2056
1446,2041
1446,1972
1446,2717
1446,1802
1446,1450
1446,1554
1446,1581
1446,2499
1446,1489
1446,1483
1446,2647
1446,1473
1446,2598
1446,1465
1446,1739
1446,1448
1446,1592
1447,2471
1447,2374
1447,2044
1447,1480
1447,2289
1447,2325
1447,1988
1447,1994
1447,1478
1447,2512
1447,1461
1447,1485
1447,1989
1447,2647
1447,2322
1447,1770
1447,1972
1447,1455
1447,1473
1447,1456
1447,1452
1447,2645
1447,1482
1447,1496
1447,1487
1447,1522
1447,1569
1447,1459
1447,1457
1447,2664
1448,2716
1448,2043
1448,2640
1448,2568
1448,2034
1448,2411
1448,2044
1448,1495
1448,2712
1448,2612
1448,2526
1448,2148
1448,1471
1448,2201
1448,1458
1448,2214
1448,2347
1448,1474
1448,2638
1448,2056
1448,1972
1448,1499
1448,1999
1448,1979
1448,2647
1448,2042
1448,2558
1448,1976
1448,2196
1448,1517
1448,1579
1448,1482
1448,2540
1448,1473
1448,2416
1448,2158
1448,1479
1448,1449
1448,1594
1448,1497
1448,2070
1448,1585
1448,1466
1448,2412
1448,2059
1448,1477
1448,2066
1448,1463
1448,2135
1448,1789
1448,2695
1448,1531
1449,2716
1449,2435
1449,1495
1449,2078
1449,2352
1449,2061
1449,1788
1449,2438
1449,1988
1449,2201
1449,1994
1449,2347
1449,2056
1449,2292
1449,2051
1449,2293
1449,2239
1449,2076
1449,2063
1449,2055
1449,2565
1449,1520
1449,2517
1449,2614
1449,2415
1449,1483
1449,1464
1449,1456
1449,1490
1449,1911
1449,2060
1449,1963
1449,1477
1449,2668
1449,2335
1449,2238
1449,1452
1449,1513
1449,1459
1449,1488
1450,2663
1450,1989
1450,2034
1450,2645
1450,2225
1450,2612
1450,1506
1450,1486
1450,2130
1450,1994
1450,2637
1450,1773
1450,2532
1450,2392
1450,2398
1450,2689
1450,2698
1450,2504
1450,2415
1450,2416
1450,1483
1450,2647
1450,1453
1450,2524
1450,1462
1450,1876
1450,2070
1450,1494
1450,1574
1450,1477
1450,1459
1451,2347
1451,1958
1451,2385
1451,2237
1451,1495
1451,2061
1451,2017
1451,2246
1451,1858
1451,1514
1451,1795
1451,1794
1451,2376
1451,2070
1451,2598
1451,2090
1451,2068
1451,2047
1451,1485
1451,2117
1451,1586
1451,1564
1451,1487
1451,1458
1451,2719
1451,1846
1451,1871
1451,1986
1451,1951
1451,1763
1451,2389
1451,2299
1451,2573
1451,1497
1451,1463
1451,1484
1452,2616
1452,2414
1452,2329
1452,2324
1452,1535
1452,2078
1452,2689
1452,2327
1452,1960
1452,1819
1452,2438
1452,2111
1452,2316
1452,1994
1452,2248
1452,2539
1452,1455
1452,1890
1452,2052
1452,1927
1452,2662
1452,1814
1452,2196
1452,1517
1452,2180
1452,1476
1452,2088
1452,1479
1452,1946
1452,2066
1452,1487
1452,2477
1452,1588
1452,1491
1453,2558
1453,2568
1453,2335
1453,1530
1453,1495
1453,1480
1453,2289
1453,2243
1453,1715
1453,2324
1453,2130
1453,2612
1453,1545
1453,2541
1453,2512
1453,2439
1453,2148
1453,2079
1453,1486
1453,2052
1453,2544
1453,2637
1453,1923
1453,2688
1453,1475
1453,1460
1453,1457
1453,1483
1453,1479
1453,1466
1453,1463
1453,2135
1453,1456
1453,1988
1453,1987
1454,2394
1454,2347
1454,2417
1454,2248
1454,1789
1454,1461
1454,1456
1454,2571
1454,1795
1454,2072
1454,1778
1454,1487
1454,1480
1454,2437
1454,2692
1454,2398
1454,1999
1454,2712
1454,2202
1454,1788
1454,2422
1454,1797
1454,1473
1454,2055
1454,1457
1454,2524
1454,2427
1454,1984
1454,2698
1454,2669
1454,1575
1454,2642
1454,1963
1455,2222
1455,2695
1455,1773
1455,2711
1455,2698
1455,2062
1455,1476
1455,2693
1455,2642
1455,2621
1455,2250
1455,1486
1455,1988
1455,1458
1455,2505
1455,2408
1455,2180
1455,1491
1455,1466
1455,2335
1455,1462
1455,1465
1455,1456
1455,1490
1455,1972
1456,2471
1456,2142
1456,1495
1456,2389
1456,1480
1456,1488
1456,1471
1456,2478
1456,2058
1456,2196
1456,1770
1456,1858
1456,2663
1456,1499
1456,2504
1456,2512
1456,2415
1456,2569
1456,1457
1456,2034
1456,2692
1456,2410
1456,2647
1456,1483
1456,1563
1456,1466
1456,1459
1456,2645
1456,1578
1456,1481
1456,1963
1456,1496
1456,1458
1456,2719
1456,1482
1456,1879
1456,1494
1457,2616
1457,1789
1457,2711
1457,2309
1457,2289
1457,2180
1457,2277
1457,2060
1457,1619
1457,2201
1457,1639
1457,2330
1457,1890
1457,2652
1457,2288
1457,1504
1457,2293
1457,2704
1457,1485
1457,1475
1457,2527
1457,2333
1457,1548
1457,2225
1457,2410
1457,1489
1457,2452
1457,1482
1457,1481
1457,1463
1457,2135
1457,1544
1457,1493
1457,1495
1457,1786
1457,2078
1457,1496
1457,1979
1457,1494
1457,1468
1457,2497
1457,2619
1457,2335
1457,2238
1457,1933
1458,2477
1458,2616
1458,2325
1458,1886
1458,1710
1458,2478
1458,2340
1458,2408
1458,2214
1458,2525
1458,1460
1458,1489
1458,2061
1458,1479
1458,2504
1458,2324
1458,2558
1458,1465
1458,2717
1458,2134
1458,2415
1458,2512
1458,1497
1458,2078
1458,1496
1458,1487
1458,1468
1458,2051
1458,1499
1458,2334
1458,1990
1458,1490
1459,2231
1459,2570
1459,2324
1459,2395
1459,1488
1459,1870
1459,1773
1459,2407
1459,2525
1459,1499
1459,1979
1459,1708
1459,2701
1459,1537
1459,2380
1459,1464
1459,1463
1459,1489
1459,1468
1459,1472
1459,1763
1459,2322
1459,1527
1460,2716
1460,2222
1460,2695
1460,2013
1460,1789
1460,2395
1460,2059
1460,2309
1460,2242
1460,2186
1460,1613
1460,2713
1460,2648
1460,1835
1460,1577
1460,2114
1460,2052
1460,1795
1460,2377
1460,2698
1460,2504
1460,2635
1460,2338
1460,1489
1460,1770
1460,1479
1460,1766
1460,2334
1460,2196
1460,2079
1460,1497
1460,2078
1460,1496
1460,1487
1460,2438
1460,1468
1460,1987
1461,2471
1461,2604
1461,2398
1461,2620
1461,1850
1461,1570
1461,2698
1461,2671
1461,1476
1461,2367
1461,2638
1461,1520
1461,2402
1461,2499
1461,2415
1461,1483
1461,1482
1461,1466
1461,2417
1461,2598
1461,1493
1461,2719
1461,1477
1461,1840
1461,2390
1461,2196
1461,2293
1461,1586
1461,1489
1461,1934
1462,2347
1462,2695
1462,1995
1462,2324
1462,1722
1462,1486
1462,1701
1462,1988
1462,2390
1462,1759
1462,2652
1462,2293
1462,2569
1462,2044
1462,1762
1462,2621
1462,2715
1462,1463
1462,1778
1462,1496
1462,2689
1462,1467
1462,2525
1462,1491
1462,1489
1462,2717
1462,2043
1462,2250
1462,2391
1462,1465
1462,2509
1462,1475
1463,2365
1463,1996
1463,1775
1463,1480
1463,2382
1463,2688
1463,2717
1463,2376
1463,2068
1463,1485
1463,2639
1463,1475
1463,2573
1463,1980
1463,2020
1463,1543
1463,1515
1463,1563
1463,1466
1463,1850
1463,2130
1463,1468
1463,1525
1463,1772
1463,2391
1463,2574
1463,2180
1463,2434
1463,1464
1463,2409
1463,2108
1463,2119
1463,2410
1464,2640
1464,2324
1464,2335
1464,2044
1464,1495
1464,1874
1464,2689
1464,1960
1464,1488
1464,2514
1464,2616
1464,2325
1464,1790
1464,2693
1464,2402
1464,1994
1464,1930
1464,1770
1464,2532
1464,2241
1464,2394
1464,2638
1464,2330
1464,1513
1464,2085
1464,2393
1464,2647
1464,2525
1464,1466
1464,1489
1464,1587
1464,1477
1464,2558
1464,1491
1464,1778
1464,1972
1464,1487
1465,2394
1465,1961
1465,2640
1465,2568
1465,2537
1465,2245
1465,2059
1465,1968
1465,2711
1465,2520
1465,2073
1465,1588
1465,1739
1465,1994
1465,1478
1465,2347
1465,1474
1465,2056
1465,2504
1465,2221
1465,2076
1465,2070
1465,2335
1465,2529
1465,2293
1465,2410
1465,1849
1465,1788
1465,1497
1465,1467
1465,2663
1466,2640
1466,2471
1466,2034
1466,2645
1466,2411
1466,2324
1466,1488
1466,2621
1466,1945
1466,2416
1466,2572
1466,2474
1466,1770
1466,2719
1466,2456
1466,2663
1466,1499
1466,2052
1466,1472
1466,1485
1466,2393
1466,2473
1466,2097
1466,1586
1466,2410
1466,1496
1466,1497
1466,1468
1466,1755
1466,2293
1466,1550
1467,2043
1467,1778
1467,2325
1467,2324
1467,1765
1467,2684
1467,1488
1467,1781
1467,1878
1467,1619
1467,2201
1467,2471
1467,1986
1467,1755
1467,1952
1467,2437
1467,1990
1467,1962
1467,2637
1467,2041
1467,2332
1467,2079
1467,2040
1467,2719
1467,2571
1467,2524
1467,2196
1467,2293
1467,1785
1467,2367
1467,2076
1467,1974
1467,1793
1467,2655
1467,2066
1467,1484
1467,2135
1467,1809
1467,2570
1467,2410
1467,2105
1468,2714
1468,2347
1468,2034
1468,1991
1468,1767
1468,1535
1468,2612
1468,1480
1468,2160
1468,1978
1468,1486
1468,1712
1468,2201
1468,1588
1468,1998
1468,1982
1468,2309
1468,2691
1468,2335
1468,2044
1468,1475
1468,2647
1468,2715
1468,2525
1468,2719
1468,1958
1468,1473
1468,1477
1468,1750
1468,2048
1468,1479
1468,1482
1468,1591
1469,2435
1469,1645
1469,1602
1469,2059
1469,2618
1469,2164
1469,2418
1469,1888
1469,2000
1469,1621
1469,2168
1469,1611
1469,2185
1469,2279
1469,2090
1469,1601
1469,1628
1469,2174
1469,2118
1469,1633
1469,2579
1469,1832
1469,2026
1469,1620
1469,1604
1469,2269
1469,1787
1469,2466
1469,2516
1469,2218
1469,2548
1469,2413
1469,1635
1469,2326
1470,2347
1470,1938
1470,2494
1470,2522
1470,2442
1470,2671
1470,2160
1470,2656
1470,2049
1470,1960
1470,1770
1470,1487
1470,2484
1470,2210
1470,1927
1470,1790
1470,2649
1470,1776
1470,2055
1470,1971
1471,2716
1471,2616
1471,2492
1471,1778
1471,2545
1471,2411
1471,2044
1471,1996
1471,2289
1471,1938
1471,2520
1471,1854
1471,1928
1471,1588
1471,1489
1471,2329
1471,2379
1471,2568
1471,1986
1471,1999
1471,2072
1471,1490
1471,2513
1471,2085
1471,1482
1471,2337
1471,1966
1471,2418
1472,2180
1472,2142
1472,1506
1472,2395
1472,2335
1472,1850
1472,1768
1472,2372
1472,2514
1472,1568
1472,1859
1472,1486
1472,1492
1472,1853
1472,2437
1472,2512
1472,2411
1472,2330
1472,2143
1472,2070
1472,1687
1472,2299
1472,2396
1472,2658
1472,1979
1472,1586
1472,1489
1472,1484
1472,2065
1472,1483
1472,1485
1472,1536
1472,2695
1472,2499
1472,2391
1472,1781
1472,2072
1472,1927
1472,1867
1472,2061
1472,1964
1472,1769
1472,1963
1472,2380
1473,2616
1473,1958
1473,2034
1473,2394
1473,1773
1473,2309
1473,2148
1473,2691
1473,1485
1473,1482
1473,1528
1473,1481
1473,1494
1473,2642
1473,1483
1473,2534
1473,1486
1473,1499
1474,1870
1474,1705
1474,1530
1474,2615
1474,1864
1474,1861
1474,1868
1474,1843
1474,1567
1474,1514
1474,2245
1474,2614
1474,1560
1474,1703
1474,1869
1474,2395
1474,2128
1474,2465
1474,1587
1474,1878
1474,2240
1474,2312
1474,1704
1474,2472
1474,1496
1475,2384
1475,2640
1475,2366
1475,2225
1475,2620
1475,1480
1475,2049
1475,2636
1475,2642
1475,2060
1475,2201
1475,2471
1475,2708
1475,2240
1475,1972
1475,2332
1475,1562
1475,2532
1475,2241
1475,2690
1475,2196
1475,2293
1475,1585
1475,1587
1475,2504
1475,1484
1475,2330
1475,2524
1475,2239
1475,2336
1475,2044
1475,2211
1475,1482
1475,1595
1475,1494
1475,2525
1476,1506
1476,2078
1476,2701
1476,1896
1476,2094
1476,1868
1476,1577
1476,1556
1476,1527
1476,1543
1476,2378
1476,2243
1476,1858
1476,1856
1476,1953
1476,1958
1476,1558
1476,2214
1476,2364
1476,1493
1476,1489
1476,2638
1476,2522
1476,1497
1476,2293
1476,2387
1476,1969
1476,2656
1477,1989
1477,2477
1477,2568
1477,2471
1477,1995
1477,1495
1477,2422
1477,2048
1477,2520
1477,2164
1477,2060
1477,2201
1477,2708
1477,2648
1477,2051
1477,2130
1477,2047
1477,1984
1477,2042
1477,1505
1477,1531
1477,1781
1477,2072
1477,1987
1477,1515
1477,2065
1477,2647
1477,2607
1477,1500
1477,2279
1478,2714
1478,2394
1478,2325
1478,2494
1478,2078
1478,1488
1478,2693
1478,2621
1478,2242
1478,2536
1478,2148
1478,2638
1478,2240
1478,1827
1478,1770
1478,1483
1478,2293
1478,2708
1478,2691
1478,2241
1478,2517
1478,1999
1478,1778
1478,1487
1478,2130
1478,2619
1478,2607
1478,2637
1478,1764
1478,2055
1479,2379
1479,1961
1479,2231
1479,1867
1479,2389
1479,2078
1479,1495
1479,2636
1479,2547
1479,2324
1479,2474
1479,1859
1479,2452
1479,2079
1479,2395
1479,2517
1479,2135
1479,2409
1479,1924
1479,2605
1479,2595
1479,2408
1479,1979
1479,2402
1479,2499
1479,1973
1479,2361
1479,1483
1479,1962
1479,1574
1479,1668
1479,1493
1479,2416
1479,2410
1479,2393
1479,2438
1479,2570
1479,1481
1479,1508
1480,2379
1480,2366
1480,2077
1480,2714
1480,2113
1480,2422
1480,2637
1480,2076
1480,2471
1480,1986
1480,2070
1480,1994
1480,1781
1480,2309
1480,2512
1480,1989
1480,2474
1480,2298
1480,2686
1480,2638
1480,2692
1480,1954
1480,1718
1480,2607
1480,1960
1480,1983
1480,2495
1480,1499
1480,1984
1480,2071
1480,2432
1481,2604
1481,2324
1481,2225
1481,2245
1481,2078
1481,2509
1481,2034
1481,2471
1481,1773
1481,2482
1481,1778
1481,1972
1481,1505
1481,2691
1481,2719
1481,2052
1481,1499
1481,2201
1481,2686
1481,2504
1481,1969
1481,1979
1481,1486
1481,1680
1481,1489
1481,2380
1481,2041
1481,2391
1481,2352
1481,1770
1481,1592
1482,1961
1482,2366
1482,1488
1482,1781
1482,2636
1482,2060
1482,1486
1482,1994
1482,2053
1482,1719
1482,2648
1482,2497
1482,2512
1482,1770
1482,2079
1482,1514
1482,1858
1482,2052
1482,2698
1482,2504
1482,2505
1482,2393
1482,1559
1482,1532
1482,1851
1482,2040
1482,2717
1482,2073
1482,1491
1482,2241
1482,1989
1482,2474
1482,1504
1482,1489
1483,2347
1483,2695
1483,2471
1483,2645
1483,2604
1483,2411
1483,1488
1483,1996
1483,1899
1483,2154
1483,2241
1483,2043
1483,2719
1483,2409
1483,2378
1483,2246
1483,2052
1483,1499
1483,2396
1483,2465
1483,2110
1483,2692
1483,2558
1483,1491
1483,2657
1483,1493
1483,2380
1483,1487
1484,2394
1484,2695
1484,2568
1484,2471
1484,2347
1484,1765
1484,2078
1484,2671
1484,2509
1484,1488
1484,2520
1484,1945
1484,2320
1484,1930
1484,2512
1484,1770
1484,2686
1484,1485
1484,2647
1484,1983
1484,2662
1484,2655
1484,1925
1484,2410
1484,2663
1484,1975
1484,2130
1484,2202
1484,2479
1484,1793
1484,1987
1484,2293
1485,2477
1485,1821
1485,2335
1485,1535
1485,2034
1485,2422
1485,1952
1485,2379
1485,2375
1485,2244
1485,2196
1485,1770
1485,2719
1485,2698
1485,2407
1485,2504
1485,2538
1485,1491
1485,2393
1485,1493
1485,1550
1485,1781
1485,1490
1485,1994
1485,2499
1486,2571
1486,1995
1486,2245
1486,1968
1486,2509
1486,2243
1486,1858
1486,2635
1486,2636
1486,1489
1486,2520
1486,1681
1486,1972
1486,2241
1486,2711
1486,2517
1486,2201
1486,2072
1486,1499
1486,2411
1486,2239
1486,2221
1486,1799
1486,1777
1487,2414
1487,2347
1487,1562
1487,2248
1487,1995
1487,2335
1487,1795
1487,2698
1487,2048
1487,2242
1487,2438
1487,2075
1487,2334
1487,1597
1487,2246
1487,2074
1487,2070
1487,2607
1487,2509
1487,2393
1487,2493
1487,2396
1487,2293
1487,2312
1487,2499
1487,2181
1487,2569
1487,1515
1487,2501
1487,1497
1487,2065
1487,2077
1487,1786
1487,1988
1487,2214
1488,1778
1488,2616
1488,2034
1488,2612
1488,2059
1488,2711
1488,1704
1488,2313
1488,1878
1488,2569
1488,1489
1488,2637
1488,2568
1488,2471
1488,1989
1488,2474
1488,2201
1488,2437
1488,2692
1488,2047
1489,2695
1489,2298
1489,2667
1489,1768
1489,2642
1489,2242
1489,2212
1489,2437
1489,2474
1489,1972
1489,2691
1489,2051
1489,2079
1489,2517
1489,2135
1489,2569
1489,1979
1489,2055
1489,2408
1489,2337
1489,2066
1489,2041
1489,1966
1489,1578
1489,1994
1489,2335
1489,2072
1489,2293
1490,1989
1490,2034
1490,2645
1490,2712
1490,2568
1490,2471
1490,2277
1490,2148
1490,1995
1490,1988
1490,2201
1490,2513
1490,1692
1490,2196
1490,2637
1490,2443
1490,1770
1490,2241
1490,1778
1490,2166
1490,2070
1490,2524
1490,1968
1490,2647
1490,1497
1490,2719
1490,1846
1490,2692
1490,2394
1490,2072
1490,1994
1490,2619
1491,2394
1491,2229
1491,1958
1491,2078
1491,2059
1491,2621
1491,2061
1491,1781
1491,2364
1491,2708
1491,2482
1491,2081
1491,1783
1491,1522
1491,2201
1491,2717
1491,2517
1491,2293
1491,2239
1491,2415
1491,2635
1491,2619
1491,1582
1491,2312
1491,2616
1491,2636
1491,1763
1491,1988
1491,1503
1491,2076
1491,1590
1492,1738
1492,2486
1492,2272
1492,2127
1492,2204
1492,2547
1492,1901
1492,2129
1492,1905
1492,2681
1492,1903
1492,1960
1492,2154
1492,1911
1492,2342
1492,2633
1492,2005
1492,2605
1492,2338
1492,1832
1492,2284
1492,2313
1492,1801
1492,1830
1492,2397
1492,2066
1492,1671
1492,2253
1493,2601
1493,2264
1493,1789
1493,2612
1493,2078
1493,2509
1493,2309
1493,2693
1493,1762
1493,1588
1493,2324
1493,2130
1493,1897
1493,1499
1493,2661
1493,2510
1493,1890
1493,1793
1493,2569
1493,2240
1493,2046
1493,1766
1493,2336
1493,1854
1493,1581
1493,1553
1493,2410
1493,2391
1493,1512
1493,1777
1493,1975
1493,2204
1493,2647
1493,2580
1493,2352
1493,1770
1494,2714
1494,2347
1494,2366
1494,2324
1494,1767
1494,2684
1494,2309
1494,1781
1494,2636
1494,1522
1494,2201
1494,2525
1494,1986
1494,1789
1494,1983
1494,2070
1494,2337
1494,2434
1494,2239
1494,2293
1494,1979
1494,1516
1494,2251
1494,2647
1494,2432
1494,2474
1494,2333
1494,2042
1494,1764
1494,1495
1494,1786
1494,1969
1494,2066
1494,2621
1494,2330
1494,2524
1494,2078
1494,1496
1494,1856
1494,2085
1495,2043
1495,1879
1495,1995
1495,2092
1495,2590
1495,1814
1495,1523
1495,2102
1495,2525
1495,2410
1495,2569
1495,2504
1495,2293
1495,2695
1495,2689
1495,2060
1495,2070
1495,2052
1495,2512
1495,2474
1495,1496
1495,1574
1495,2327
1495,2712
1495,2693
1495,1988
1495,1920
1495,2075
1495,1764
1495,2055
1495,2340
1495,2049
1495,1970
1495,1923
1496,2222
1496,2695
1496,2471
1496,2411
1496,2389
1496,2289
1496,2688
1496,2506
1496,1972
1496,2347
1496,2541
1496,2517
1496,2639
1496,2241
1496,2392
1496,1760
1496,2569
1496,1795
1496,1515
1496,1932
1496,2242
1496,2335
1496,2525
1496,2719
1496,1497
1496,1786
1497,2335
1497,1689
1497,2201
1497,1796
1497,1990
1497,2702
1497,2332
1497,2443
1497,2434
1497,2568
1497,1986
1497,1499
1497,2076
1497,2393
1497,2473
1497,1999
1497,2063
1497,1976
1497,2616
1497,2034
1497,2692
1497,1770
1497,1526
1497,2221
1497,1954
1497,2208
1497,1963
1497,1562
1497,2347
1497,1959
1497,2525
1497,2495
1498,2329
1498,1944
1498,1938
1498,2398
1498,1902
1498,1773
1498,2309
1498,2234
1498,2053
1498,1799
1498,2042
1498,1769
1498,1791
1498,2664
1498,1984
1498,2668
1498,1586
1498,2071
1498,2277
1498,2541
1498,1779
1498,1926
1498,1935
1498,1886
1498,1572
1498,1766
1498,2639
1498,2166
1498,2656
1498,2231
1498,2522
1499,1865
1499,2640
1499,2034
1499,2452
1499,2509
1499,2327
1499,2369
1499,2636
1499,1619
1499,2130
1499,1728
1499,1778
1499,1972
1499,1770
1499,2309
1499,2667
1499,2376
1499,2143
1499,2196
1499,2639
1499,2070
1499,2052
1499,2380
1499,2312
1499,2410
1499,1687
1499,2647
1499,2135
1499,2190
1499,2695
1499,2008
1499,1788
1499,1969
1499,1616
1500,2601
1500,2492
1500,1580
1500,2564
1500,1506
1500,2615
1500,2314
1500,1859
1500,1853
1500,2575
1500,2521
1500,1558
1500,2320
1500,2094
1500,1549
1500,2134
1500,2529
1500,2311
1500,2117
1500,1613
1500,1516
1500,2108
1500,1748
1500,1585
1500,1524
1500,2106
1500,1591
1500,1587
1500,2539
1500,1569
1500,2128
1500,1546
1500,1592
1500,1520
1500,2100
1500,1906
1500,1518
1500,1515
1500,2570
1500,1503
1500,2159
1500,1868
1500,2479
1500,2091
1500,1590
1500,2114
1500,2405
1500,1598
1500,2081
1500,1596
1500,1576
1500,1873
1501,1705
1501,2315
1501,1506
1501,2530
1501,2320
1501,2514
1501,2708
1501,2133
1501,1872
1501,2331
1501,1555
1501,1840
1501,2536
1501,1528
1501,2710
1501,1856
1501,1535
1501,2117
1501,1554
1501,2371
1501,1865
1501,1574
1501,1550
1501,1588
1501,1878
1501,1974
1501,1584
1501,2465
1501,1567
1501,1534
1501,2396
1501,2392
1501,2374
1501,1695
1501,2647
1502,2151
1502,1613
1502,2591
1502,1702
1502,2129
1502,1844
1502,1595
1502,1861
1502,1755
1502,1561
1502,1504
1502,2507
1502,2313
1502,2708
1502,2105
1502,1814
1502,2590
1502,1530
1502,2403
1502,2366
1502,1893
1502,1525
1502,2101
1502,2365
1502,1857
1502,1566
1502,1536
1502,2480
1502,1510
1502,1586
1502,1846
1502,2390
1502,2099
1502,1517
1502,1587
1502,2113
1502,2155
1502,1573
1503,2119
1503,1524
1503,1762
1503,2365
1503,2321
1503,1545
1503,1505
1503,2038
1503,1595
1503,1668
1503,1579
1503,2258
1503,2482
1503,2094
1503,1561
1503,1539
1503,1514
1503,2377
1503,1857
1503,2370
1503,2539
1503,1527
1503,2478
1503,2381
1503,2133
1503,2367
1503,2076
1503,2312
1503,1536
1503,1510
1503,1596
1503,1584
1503,2159
1503,1573
1503,1543
1503,1567
1503,1520
1503,1597
1503,1523
1503,2331
1503,1846
1503,1565
1503,1574
1504,2631
1504,2673
1504,2570
1504,1722
1504,1524
1504,2507
1504,2701
1504,2438
1504,1986
1504,1892
1504,2154
1504,1545
1504,2016
1504,1597
1504,2370
1504,1844
1504,2320
1504,1544
1504,1549
1504,1538
1504,1721
1504,1532
1504,1566
1504,2134
1504,1552
1504,1505
1504,2281
1504,1599
1504,1506
1504,2573
1504,2102
1504,2117
1504,2637
1504,1593
1504,1882
1504,1591
1504,1590
1504,1584
1504,1872
1504,1581
1504,1573
1504,1557
1504,1543
1504,2099
1504,1517
1504,1515
1504,2365
1504,1578
1504,2128
1504,1536
1504,2644
1504,1577
1504,2256
1504,2133
1504,1551
1504,2635
1504,1586
1504,2336
1505,2507
1505,2452
1505,2294
1505,1996
1505,1570
1505,2095
1505,2061
1505,2347
1505,1571
1505,1619
1505,2482
1505,2081
1505,2542
1505,1847
1505,1977
1505,2128
1505,1588
1505,1685
1505,2402
1505,2572
1505,2281
1505,1510
1505,2405
1505,1590
1505,1567
1505,1856
1505,1565
1505,2437
1505,1564
1505,1527
1505,1557
1505,1516
1505,1548
1505,2205
1505,2108
1505,2112
1505,1525
1505,1520
1505,1544
1505,2105
1505,2614
1505,2084
1505,2505
1505,1531
1505,1554
1505,2524
1506,1856
1506,1862
1506,2531
1506,2508
1506,1855
1506,1794
1506,2020
1506,2572
1506,1584
1506,2710
1506,1550
1506,1531
1506,1520
1506,1511
1506,2620
1506,1598
1506,2392
1506,2537
1506,1858
1506,2564
1506,2396
1506,2402
1506,2312
1506,2365
1506,2074
1506,1859
1506,2635
1506,1517
1506,2196
1506,2482
1507,2601
1507,2295
1507,2557
1507,2082
1507,1742
1507,1674
1507,2530
1507,1737
1507,1743
1507,2555
1507,1746
1507,2490
1507,2575
1507,1747
1507,1723
1507,2626
1507,2302
1507,1720
1507,1847
1507,2003
1508,2387
1508,2315
1508,2608
1508,2152
1508,1570
1508,2402
1508,2133
1508,2330
1508,2377
1508,2710
1508,1516
1508,2284
1508,2381
1508,1559
1508,1894
1508,2573
1508,1908
1508,2102
1508,1857
1508,1535
1508,2117
1508,1532
1508,1869
1508,1592
1508,1575
1508,1536
1508,1523
1508,1521
1508,2565
1508,2468
1508,1563
1508,1747
1508,2717
1508,1553
1508,1882
1508,1591
1508,2564
1508,1594
1508,2101
1508,2089
1508,2129
1508,2614
1508,1686
1508,2074
1508,1515
1508,1543
1508,1581
1508,1878
1508,2363
1509,2523
1509,1938
1509,2570
1509,1867
1509,1524
1509,2155
1509,2594
1509,2382
1509,1571
1509,2406
1509,2331
1509,1876
1509,1871
1509,2539
1509,2529
1509,2510
1509,2336
1509,2565
1509,2093
1509,1592
1509,1526
1509,2381
1509,2110
1509,1755
1509,1561
1509,1598
1509,2482
1509,1842
1509,1551
1509,2128
1509,1546
1509,1583
1509,1906
1509,1890
1509,2475
1509,2378
1509,2564
1509,2370
1509,2079
1510,2492
1510,1530
1510,1524
1510,2320
1510,1896
1510,1571
1510,2111
1510,2697
1510,2018
1510,2382
1510,1897
1510,1739
1510,1545
1510,1840
1510,2539
1510,2128
1510,2314
1510,1538
1510,1861
1510,2387
1510,1514
1510,2593
1510,2378
1510,1542
1510,1513
1510,1527
1510,2336
1510,1582
1510,1682
1510,1585
1510,1516
1510,2098
1510,1583
1510,1593
1510,1584
1510,1573
1510,1563
1510,1553
1510,1548
1510,1543
1510,1531
1510,2390
1510,1517
1510,2485
1510,1515
1510,1586
1510,2464
1510,2367
1510,1882
1510,1591
1510,1518
1510,2570
1510,2084
1510,2101
1510,1519
1510,1748
1510,2588
1510,1521
1510,1574
1511,1867
1511,1530
1511,2389
1511,2086
1511,2243
1511,1619
1511,2111
1511,2570
1511,2638
1511,2240
1511,2482
1511,1578
1511,2505
1511,1570
1511,2604
1511,2507
1511,2313
1511,2565
1511,1582
1511,1722
1511,2367
1511,2106
1511,1599
1511,1552
1511,1555
1511,1846
1511,1559
1511,1748
1511,1590
1511,1875
1511,1584
1511,1548
1511,1547
1511,1517
1511,1515
1511,2281
1511,1575
1511,2105
1511,2396
1511,1569
1511,1598
1511,2259
1511,1809
1511,2391
1511,1586
1512,2384
1512,1958
1512,1529
1512,2570
1512,2315
1512,1560
1512,1530
1512,2641
1512,2382
1512,1747
1512,2092
1512,1853
1512,2482
1512,1874
1512,1680
1512,1578
1512,1755
1512,1561
1512,2539
1512,2564
1512,2370
1512,1585
1512,2533
1512,1592
1512,2134
1512,1552
1512,1590
1512,2410
1512,1537
1512,1928
1512,1556
1512,1847
1512,1877
1512,1573
1512,2214
1512,2505
1512,2545
1512,1516
1512,2390
1512,2128
1512,1546
1512,1555
1512,1749
1512,1858
1512,2396
1512,1889
1512,1598
1512,1587
1512,1596
1512,1547
1513,2007
1513,1815
1513,2594
1513,2625
1513,1899
1513,2560
1513,1984
1513,2081
1513,2091
1513,1901
1513,1804
1513,2146
1513,1595
1513,2565
1513,2313
1513,1748
1513,1565
1513,1518
1513,1536
1513,2249
1513,2392
1513,2378
1513,1893
1513,2347
1513,2444
1513,1575
1513,1882
1513,1825
1513,1806
1513,2138
1514,1865
1514,1705
1514,2134
1514,2078
1514,2509
1514,2479
1514,1878
1514,2521
1514,2402
1514,2246
1514,2159
1514,1580
1514,1871
1514,1585
1514,2531
1514,2371
1514,1704
1514,2475
1514,1584
1514,2701
1514,1537
1514,2313
1514,1714
1514,1520
1514,2099
1514,1517
1514,1544
1514,1559
1514,1762
1514,2635
1514,1535
1514,2505
1514,2615
1514,2380
1514,2387
1515,1809
1515,2599
1515,2708
1515,1555
1515,2128
1515,1571
1515,1668
1515,1804
1515,1577
1515,1907
1515,1542
1515,2571
1515,2620
1515,2038
1515,2313
1515,2057
1515,2572
1515,2475
1515,2565
1515,2117
1515,1861
1515,2044
1515,1559
1515,2499
1515,1527
1515,1818
1515,2406
1515,1539
1515,2081
1515,1592
1515,1583
1515,1520
1515,1586
1515,1584
1515,1841
1515,1550
1515,1548
1515,1576
1515,1882
1515,1591
1515,1704
1515,1872
1515,1581
1515,1575
1515,1840
1516,2492
1516,2374
1516,1571
1516,2073
1516,1853
1516,1755
1516,1540
1516,2316
1516,2370
1516,2159
1516,2710
1516,1595
1516,2565
1516,1554
1516,2473
1516,2505
1516,2020
1516,2408
1516,2117
1516,2336
1516,2392
1516,2101
1516,2089
1516,1890
1516,2105
1516,1523
1516,1896
1516,2102
1516,2378
1516,2475
1516,1857
1516,1587
1516,1581
1516,1849
1516,1567
1516,1550
1516,1537
1516,1518
1516,2482
1516,2452
1516,1597
1516,2081
1516,1596
1516,2390
1516,2529
1516,2257
1516,1578
1516,2611
1516,1898
1516,2367
1516,1882
1517,1522
1517,2134
1517,1530
1517,1815
1517,2385
1517,1900
1517,1762
1517,1859
1517,2558
1517,2364
1517,2402
1517,2115
1517,1570
1517,1861
1517,1870
1517,2320
1517,1544
1517,2377
1517,1528
1517,2376
1517,1871
1517,2396
1517,2529
1517,1559
1517,1582
1517,2312
1517,2042
1517,1680
1517,1851
1517,2340
1517,1855
1517,2146
1517,2509
1517,1793
1517,2363
1517,2066
1517,1593
1517,1867
1517,1519
1517,2438
1517,2574
1518,1580
1518,1524
1518,1570
1518,1896
1518,1739
1518,2572
1518,2319
1518,1540
1518,1859
1518,1555
1518,2525
1518,2370
1518,1538
1518,2159
1518,1577
1518,2710
1518,1856
1518,1845
1518,1554
1518,2117
1518,2405
1518,1532
1518,2533
1518,1575
1518,1523
1518,1589
1518,1573
1518,2521
1518,1551
1518,1581
1518,1534
1518,1904
1518,1536
1518,1844
1518,1553
1518,1576
1518,1876
1518,1860
1518,1569
1518,1578
1518,1591
1518,1520
1518,1567
1518,2498
1518,2595
1518,2110
1518,2373
1518,1597
1518,2364
1518,2627
1518,2104
1518,1557
1519,1705
1519,2477
1519,2570
1519,2507
1519,2121
1519,1874
1519,2566
1519,1571
1519,2317
1519,1558
1519,2482
1519,1538
1519,1522
1519,2451
1519,1578
1519,2074
1519,1556
1519,1561
1519,1528
1519,1540
1519,2510
1519,2529
1519,2076
1519,1527
1519,1530
1519,1585
1519,2370
1519,1594
1519,1592
1519,1584
1519,1587
1519,2449
1519,1770
1519,1576
1519,1597
1519,1565
1519,1524
1519,2106
1519,1595
1519,2281
1519,2233
1519,1586
1519,1560
1519,1546
1519,1564
1519,1573
1520,2372
1520,2537
1520,2321
1520,2116
1520,2407
1520,1879
1520,1853
1520,2539
1520,2159
1520,2510
1520,1549
1520,1861
1520,1559
1520,2110
1520,2108
1520,1846
1520,1668
1520,2312
1520,2695
1520,2635
1520,2339
1520,1854
1520,2146
1520,2106
1520,1521
1520,1593
1520,1573
1520,2521
1520,2133
1520,1551
1520,2570
1520,1590
1520,2128
1520,2710
1520,2089
1520,1597
1520,1553
1520,2084
1521,2007
1521,1580
1521,2360
1521,2507
1521,2374
1521,2615
1521,2155
1521,1717
1521,2113
1521,1613
1521,1571
1521,1558
1521,1860
1521,2367
1521,1882
1521,2074
1521,1556
1521,1559
1521,1530
1521,2117
1521,2110
1521,1582
1521,1928
1521,2101
1521,1561
1521,2405
1521,2370
1521,1594
1521,2381
1521,2089
1521,2314
1521,1538
1521,1564
1521,2475
1521,1893
1521,2128
1521,1546
1521,1554
1521,1748
1521,1842
1521,2116
1521,1534
1521,1704
1521,2468
1522,2491
1522,2264
1522,1524
1522,1874
1522,2590
1522,1794
1522,2020
1522,1539
1522,1857
1522,1859
1522,2086
1522,1543
1522,1531
1522,2099
1522,1868
1522,1728
1522,1897
1522,2589
1522,2438
1522,2084
1522,1890
1522,2452
1522,2638
1522,2034
1522,2102
1522,1811
1522,2288
1522,2367
1522,1547
1522,2517
1522,2336
1522,2627
1522,2046
1522,1581
1522,1969
1523,2492
1523,2608
1523,2320
1523,1571
1523,1762
1523,1859
1523,2373
1523,1898
1523,2572
1523,2151
1523,1860
1523,1545
1523,2149
1523,2401
1523,1578
1523,1556
1523,1864
1523,1613
1523,1871
1523,2102
1523,1748
1523,2529
1523,2405
1523,1532
1523,1585
1523,2694
1523,1526
1523,1552
1523,1565
1523,1583
1523,1536
1523,1598
1523,1584
1523,1548
1523,1593
1523,2322
1523,1546
1523,1928
1523,1575
1523,2574
1523,2020
1523,2117
1523,2570
1523,1543
1523,1581
1523,1534
1523,1896
1523,2381
1524,2492
1524,2315
1524,1560
1524,1582
1524,1849
1524,1668
1524,1862
1524,2539
1524,2133
1524,2246
1524,2129
1524,2122
1524,1592
1524,2117
1524,1857
1524,1554
1524,1545
1524,1576
1524,2086
1524,1553
1524,2322
1524,2710
1524,1546
1524,1531
1524,2573
1524,2564
1524,2473
1524,1854
1524,2339
1524,2533
1524,1953
1524,1869
1524,1573
1524,2155
1524,1899
1524,2159
1524,2644
1525,2570
1525,2134
1525,2615
1525,2125
1525,2095
1525,2314
1525,2309
1525,1533
1525,2521
1525,2100
1525,2507
1525,1876
1525,2105
1525,2408
1525,2573
1525,2108
1525,2405
1525,2598
1525,2572
1525,2475
1525,1680
1525,1583
1525,1889
1525,1598
1525,1586
1525,1584
1525,1565
1525,1581
1525,1534
1525,2614
1525,2110
1525,1576
1525,1592
1525,2104
1525,2529
1525,2372
1525,1596
1525,1577
1525,1912
1526,1579
1526,2615
1526,1613
1526,2588
1526,2679
1526,2508
1526,1570
1526,1861
1526,2094
1526,1599
1526,1890
1526,2340
1526,1758
1526,2392
1526,2475
1526,2529
1526,1554
1526,2499
1526,1873
1526,1582
1526,2573
1526,2089
1526,1592
1526,1575
1526,1566
1526,1536
1526,1686
1526,1589
1526,2246
1526,1858
1526,1567
1526,2505
1526,2020
1526,2117
1526,1844
1526,2717
1526,1553
1526,1550
1526,1584
1526,1546
1526,1534
1526,2159
1526,1868
1526,2370
1526,2336
1526,1598
1526,2151
1526,1860
1526,1569
1526,1578
1526,1587
1527,1580
1527,1579
1527,2132
1527,2320
1527,2125
1527,2407
1527,2373
1527,1545
1527,1682
1527,2133
1527,1577
1527,2505
1527,1539
1527,1528
1527,2128
1527,2710
1527,2221
1527,2371
1527,1857
1527,2635
1527,1613
1527,1540
1527,1928
1527,2336
1527,2093
1527,1594
1527,1575
1527,1898
1527,2573
1527,1846
1527,1896
1527,2381
1527,2114
1527,2405
1527,1590
1527,1587
1527,1593
1527,1581
1527,1865
1527,1574
1527,2246
1527,1567
1527,1849
1527,1537
1527,2572
1527,2475
1527,2473
1527,2533
1527,2061
1527,1576
1528,1579
1528,2327
1528,2200
1528,1613
1528,1571
1528,1788
1528,2317
1528,1853
1528,2482
1528,2091
1528,2534
1528,2159
1528,1859
1528,2508
1528,1538
1528,1549
1528,1532
1528,2565
1528,1583
1528,1552
1528,2573
1528,2381
1528,1561
1528,1554
1528,1593
1528,1589
1528,2281
1528,2475
1528,1581
1528,1573
1528,2539
1528,1569
1528,1553
1528,1548
1528,1534
1528,2574
1528,1565
1528,2473
1528,2277
1528,2614
1528,1857
1528,1529
1528,2499
1528,2391
1528,2611
1528,1846
1529,2011
1529,2121
1529,2322
1529,1851
1529,2129
1529,2260
1529,2468
1529,2012
1529,2510
1529,1540
1529,1532
1529,2381
1529,1755
1529,2595
1529,1598
1529,1591
1529,2159
1529,1553
1529,1548
1529,2140
1529,1671
1529,2681
1529,2097
1529,1906
1529,1893
1529,1892
1529,2152
1529,1827
1530,1580
1530,2098
1530,2386
1530,1842
1530,2631
1530,2146
1530,1583
1530,1552
1530,2112
1530,1559
1530,1532
1530,2405
1530,1561
1530,1596
1530,1591
1530,1590
1530,2475
1530,1587
1530,1586
1530,1538
1530,1565
1530,1859
1530,2213
1530,1534
1530,1531
1530,2370
1530,2482
1530,1558
1530,1879
1530,2089
1530,2574
1530,2105
1530,1862
1530,1547
1530,2614
1530,2151
1530,2104
1530,1619
1530,2472
1530,1890
1530,2331
1530,2525
1530,1598
1530,2102
1530,2215
1530,2224
1531,1722
1531,1713
1531,1560
1531,2620
1531,2615
1531,2395
1531,2390
1531,1905
1531,1896
1531,1840
1531,2094
1531,1890
1531,1578
1531,2143
1531,1556
1531,2505
1531,1542
1531,1595
1531,2097
1531,1559
1531,2102
1531,1554
1531,1748
1531,2108
1531,1582
1531,1532
1531,2572
1531,2370
1531,1594
1531,1575
1531,1587
1531,1565
1531,2133
1531,1842
1531,1551
1531,1546
1531,1586
1531,2368
1531,1592
1531,1569
1531,1576
1531,1917
1531,1564
1531,2116
1531,1534
1531,1584
1531,2122
1531,2129
1532,2151
1532,1686
1532,2706
1532,2133
1532,1545
1532,2528
1532,2084
1532,1890
1532,1680
1532,1578
1532,2143
1532,2159
1532,1577
1532,1544
1532,2086
1532,1856
1532,1556
1532,2138
1532,2565
1532,2117
1532,2574
1532,2427
1532,1748
1532,2108
1532,1582
1532,2106
1532,1899
1532,2093
1532,1575
1532,1552
1532,2105
1532,2572
1532,2281
1532,1598
1532,2081
1532,1596
1532,1581
1532,2336
1532,1553
1532,1534
1532,2598
1532,2071
1532,1586
1532,1867
1532,1576
1532,2452
1532,1902
1532,1805
1532,2282
1533,2694
1533,2491
1533,1780
1533,1932
1533,1899
1533,2486
1533,2001
1533,2680
1533,1907
1533,2646
1533,2654
1533,2156
1533,2438
1533,2599
1533,1726
1533,1965
1533,1803
1533,2488
1533,2596
1533,2188
1533,2697
1533,2627
1533,1636
1533,2218
1533,2702
1533,2434
1533,1833
1533,2609
1533,2318
1533,2463
1534,2365
1534,1560
1534,1896
1534,1853
1534,2320
1534,2708
1534,2638
1534,2240
1534,2133
1534,1545
1534,1872
1534,1538
1534,2119
1534,2313
1534,2573
1534,2017
1534,2599
1534,2370
1534,1585
1534,1555
1534,1846
1534,2123
1534,1575
1534,1552
1534,1565
1534,2533
1534,1563
1534,1593
1534,1569
1534,2574
1534,2380
1534,1550
1534,1598
1534,1762
1534,1859
1534,1868
1534,2105
1534,2125
1534,1543
1534,1882
1534,1591
1535,2564
1535,1875
1535,1853
1535,1851
1535,2472
1535,2371
1535,1974
1535,1845
1535,2710
1535,1553
1535,2320
1535,2536
1535,1542
1535,2380
1535,2335
1535,1850
1535,2701
1535,1704
1535,2385
1535,1619
1535,2408
1535,1759
1535,1953
1536,2007
1536,1865
1536,2366
1536,1875
1536,1823
1536,2509
1536,2314
1536,1835
1536,1558
1536,1888
1536,1597
1536,2482
1536,2128
1536,1595
1536,2608
1536,1680
1536,1578
1536,2476
1536,2531
1536,1559
1536,1554
1536,1748
1536,1734
1536,1552
1536,2570
1536,2473
1536,1563
1536,2038
1536,1553
1536,1547
1536,2146
1536,1564
1536,1557
1536,1592
1536,2539
1536,1569
1536,2066
1536,1982
1536,2370
1536,2661
1536,2381
1536,2363
1536,1587
1536,2574
1536,2089
1536,2380
1536,2378
1537,2116
1537,2007
1537,2471
1537,2151
1537,1579
1537,1560
1537,2078
1537,2243
1537,2100
1537,1597
1537,2470
1537,2525
1537,1578
1537,1577
1537,1876
1537,1685
1537,2316
1537,2510
1537,2392
1537,1857
1537,1856
1537,1746
1537,2317
1537,2123
1537,1974
1537,2531
1537,2117
1537,1582
1537,1559
1537,2533
1537,1545
1537,2372
1537,1596
1537,1589
1537,1584
1537,1573
1537,1543
1537,1576
1537,1574
1537,2615
1537,1680
1537,1592
1537,1744
1537,1814
1538,2366
1538,1841
1538,1874
1538,2622
1538,2061
1538,1762
1538,1613
1538,2697
1538,1755
1538,2087
1538,2056
1538,1668
1538,2529
1538,1847
1538,1595
1538,2468
1538,1552
1538,2363
1538,2094
1538,2588
1538,2110
1538,1857
1538,1554
1538,1591
1538,1686
1538,1589
1538,1573
1538,1567
1538,1565
1538,1564
1538,1563
1538,2038
1538,1553
1538,1728
1538,2308
1538,2112
1538,1885
1538,2282
1539,2116
1539,1759
1539,2455
1539,2452
1539,2205
1539,1560
1539,2507
1539,2701
1539,2314
1539,2084
1539,2156
1539,1901
1539,2498
1539,2331
1539,1597
1539,1860
1539,2007
1539,2651
1539,2198
1539,2509
1539,1733
1539,1912
1539,1862
1539,2529
1539,2281
1539,1589
1539,2363
1539,1587
1539,1581
1539,2112
1539,2256
1539,2405
1540,2360
1540,2151
1540,1579
1540,2390
1540,1722
1540,2567
1540,2566
1540,1762
1540,1884
1540,2438
1540,1739
1540,2133
1540,2529
1540,1872
1540,2038
1540,1928
1540,2122
1540,2093
1540,2565
1540,1583
1540,2117
1540,1564
1540,2400
1540,2159
1540,2385
1540,2094
1540,2482
1540,1543
1540,2101
1540,2089
1540,2574
1540,2428
1540,1885
1540,2104
1540,1668
1540,2638
1540,2480
1540,2140
1540,2625
1541,2492
1541,2538
1541,2508
1541,2572
1541,1593
1541,1550
1541,2105
1541,1857
1541,2245
1542,1568
1542,2366
1542,2180
1542,2570
1542,2507
1542,2620
1542,2608
1542,2099
1542,2061
1542,1873
1542,2246
1542,1858
1542,1843
1542,2402
1542,1704
1542,1890
1542,1868
1542,1587
1542,1840
1542,2125
1542,2510
1542,2590
1542,1592
1542,2465
1542,2621
1543,2390
1543,2634
1543,1571
1543,2599
1543,2316
1543,1570
1543,2637
1543,2482
1543,1827
1543,1887
1543,1759
1543,1953
1543,2214
1543,2117
1543,1559
1543,2499
1543,2572
1543,1585
1543,2635
1543,2106
1543,1566
1543,1974
1543,1586
1543,2180
1543,1598
1543,2133
1543,1551
1543,2313
1543,1581
1543,1814
1543,1557
1543,2381
1543,1569
1544,2116
1544,1560
1544,2320
1544,2095
1544,1859
1544,1841
1544,2478
1544,1558
1544,2370
1544,1958
1544,1570
1544,1861
1544,1577
1544,2378
1544,2166
1544,1704
1544,2134
1544,1843
1544,1855
1544,1561
1544,2102
1544,2663
1544,2372
1544,1596
1544,1586
1544,1576
1544,1574
1544,1573
1544,2248
1544,1569
1544,1565
1544,1557
1544,2086
1544,2701
1544,2313
1544,2089
1544,2380
1544,2396
1544,1583
1544,2390
1544,1918
1544,1846
1545,2151
1545,1579
1545,1722
1545,1762
1545,1571
1545,1853
1545,2098
1545,1851
1545,1847
1545,2141
1545,2509
1545,2106
1545,1882
1545,2134
1545,1552
1545,2092
1545,1704
1545,2102
1545,1578
1545,2381
1545,1597
1545,1598
1545,1590
1545,2128
1545,2710
1545,1867
1545,1576
1545,1573
1545,1553
1545,2129
1545,1547
1545,2598
1545,2313
1545,2574
1545,2246
1545,1858
1545,1953
1545,2117
1545,2505
1545,2330
1545,2101
1545,1563
1546,1579
1546,2134
1546,1686
1546,2320
1546,1841
1546,2367
1546,2575
1546,1897
1546,2100
1546,2368
1546,1861
1546,1683
1546,2570
1546,1794
1546,1697
1546,2710
1546,2475
1546,2635
1546,1554
1546,2505
1546,2117
1546,2573
1546,1704
1546,2622
1546,1854
1546,1585
1546,1553
1546,1598
1546,2521
1546,2133
1546,1842
1546,1551
1546,1548
1546,2159
1546,2101
1546,2094
1546,1547
1546,2093
1546,2402
1546,1928
1546,2122
1546,2313
1547,1686
1547,2615
1547,2598
1547,2061
1547,1613
1547,1571
1547,1597
1547,2570
1547,2376
1547,1556
1547,1910
1547,1561
1547,2234
1547,2679
1547,2475
1547,1849
1547,1814
1547,2465
1547,1579
1547,2646
1547,2370
1547,1594
1547,1680
1547,1583
1547,2573
1547,1596
1547,1591
1547,1587
1547,1586
1547,1573
1547,1567
1547,1953
1547,1565
1547,1563
1547,2710
1547,1748
1547,2159
1547,1868
1547,1569
1547,1844
1547,2038
1547,1553
1547,1598
1547,1551
1547,1590
1547,2482
1547,2507
1548,1870
1548,2151
1548,1875
1548,2570
1548,2320
1548,1896
1548,2372
1548,2622
1548,1859
1548,1739
1548,2103
1548,2100
1548,1728
1548,2637
1548,2482
1548,1840
1548,1946
1548,2392
1548,2415
1548,2505
1548,2020
1548,2593
1548,2108
1548,2106
1548,1566
1548,2155
1548,1573
1548,1744
1548,1550
1548,1591
1548,2377
1548,1582
1548,1592
1548,2390
1548,1575
1549,2564
1549,2387
1549,2151
1549,2507
1549,2134
1549,1867
1549,2492
1549,2395
1549,2372
1549,1613
1549,2317
1549,2402
1549,1718
1549,2245
1549,1858
1549,1578
1549,2615
1549,2227
1549,2392
1549,2510
1549,1871
1549,2590
1549,1851
1549,2652
1549,1859
1549,2371
1549,1598
1549,1589
1549,1853
1549,1553
1549,1874
1549,2534
1549,2378
1549,2376
1549,2473
1549,2708
1549,2465
1549,1551
1549,1847
1550,1580
1550,1875
1550,1579
1550,2673
1550,1867
1550,2620
1550,2537
1550,2320
1550,2613
1550,2402
1550,2103
1550,1599
1550,2159
1550,1570
1550,1861
1550,2570
1550,2376
1550,1556
1550,2012
1550,1755
1550,1561
1550,2112
1550,2094
1550,1585
1550,2110
1550,2313
1550,2104
1550,2521
1550,1842
1550,2635
1550,2105
1550,2396
1550,1874
1550,1583
1550,1575
1550,1574
1550,2533
1550,1563
1550,1846
1550,1596
1550,1748
1550,2213
1550,1893
1550,2631
1550,2146
1550,1564
1550,1557
1550,2101
1551,2007
1551,1579
1551,1874
1551,2594
1551,2061
1551,2641
1551,2133
1551,2315
1551,2121
1551,1907
1551,1755
1551,1561
1551,1844
1551,1840
1551,2507
1551,2313
1551,2529
1551,1861
1551,2336
1551,2108
1551,2405
1551,1554
1551,1748
1551,1855
1551,2146
1551,2590
1551,1814
1551,2465
1551,1591
1551,2391
1551,1594
1551,1584
1551,1582
1551,1563
1551,1856
1551,1565
1551,2475
1552,1865
1552,1579
1552,1560
1552,2320
1552,1762
1552,2084
1552,1878
1552,1898
1552,2521
1552,2041
1552,2119
1552,2507
1552,1861
1552,1744
1552,1578
1552,1561
1552,2710
1552,1857
1552,1559
1552,1798
1552,2574
1552,2499
1552,2108
1552,2087
1552,1585
1552,1846
1552,1586
1552,1563
1552,1860
1552,1569
1552,1565
1552,2159
1552,2306
1552,1593
1552,1758
1552,2146
1552,1874
1552,2512
1552,2386
1552,2528
1552,1592
1553,1570
1553,2317
1553,1597
1553,1767
1553,2151
1553,2539
1553,1595
1553,1556
1553,1856
1553,1554
1553,1928
1553,1571
1553,1585
1553,1814
1553,2106
1553,1594
1553,1869
1553,1576
1553,2380
1553,1596
1553,1704
1553,2615
1553,2405
1554,2366
1554,2507
1554,2390
1554,1560
1554,2615
1554,1571
1554,2007
1554,1558
1554,2129
1554,1860
1554,2580
1554,2572
1554,1755
1554,1561
1554,1857
1554,2649
1554,1585
1554,1847
1554,1859
1554,2122
1554,2106
1554,2093
1554,1874
1554,2553
1554,1583
1554,1575
1554,2588
1554,1613
1554,2381
1554,1559
1554,2117
1554,1748
1554,1596
1554,1584
1554,1576
1554,1768
1554,1574
1554,1573
1554,1844
1554,2038
1554,2133
1554,2108
1554,2377
1554,1686
1554,2574
1554,1853
1554,2016
1554,2710
1555,2390
1555,1867
1555,2620
1555,2615
1555,1773
1555,2536
1555,2382
1555,1896
1555,1698
1555,2086
1555,1755
1555,1558
1555,1876
1555,1680
1555,1864
1555,2317
1555,1850
1555,2529
1555,1704
1555,1814
1555,1571
1555,1668
1555,2510
1555,2387
1555,2110
1555,1591
1555,1877
1555,1586
1555,1569
1555,1567
1555,2372
1555,2081
1555,2378
1555,1846
1555,2532
1555,1859
1555,2277
1555,2340
1555,1728
1555,2392
1555,2074
1555,1890
1555,2391
1556,1562
1556,2471
1556,2180
1556,1848
1556,1579
1556,2570
1556,2398
1556,2134
1556,1560
1556,2701
1556,2509
1556,2382
1556,1896
1556,2086
1556,1859
1556,2373
1556,1878
1556,2092
1556,1872
1556,1728
1556,1858
1556,1861
1556,1668
1556,2098
1556,1912
1556,1580
1556,1871
1556,1585
1556,2320
1556,1850
1556,1559
1556,2367
1556,1882
1556,2405
1556,1564
1556,2620
1556,1841
1556,1744
1556,2492
1556,2104
1556,1919
1556,2676
1556,2482
1556,1589
1556,2533
1556,1590
1556,2475
1556,2105
1556,2396
1557,2007
1557,1580
1557,1579
1557,2315
1557,2374
1557,1570
1557,2113
1557,1899
1557,1859
1557,1878
1557,2690
1557,1755
1557,2240
1557,1872
1557,2482
1557,1844
1557,1595
1557,1578
1557,2119
1557,2613
1557,2710
1557,2475
1557,2569
1557,2408
1557,2133
1557,2110
1557,2146
1557,1594
1557,2573
1557,1586
1557,1873
1557,1569
1557,2617
1557,2367
1557,1591
1557,2614
1557,1563
1557,2392
1557,2381
1557,1573
1557,1558
1557,1849
1557,2246
1557,1567
1557,2061
1558,2151
1558,1759
1558,2390
1558,2321
1558,2061
1558,2228
1558,2317
1558,2100
1558,1864
1558,2133
1558,2314
1558,2508
1558,1704
1558,2377
1558,2590
1558,1851
1558,1843
1558,1859
1558,2510
1558,1915
1558,2012
1558,2106
1558,1583
1558,2152
1558,1570
1558,1861
1558,1852
1558,1561
1558,1591
1558,2365
1558,1589
1558,1584
1558,1581
1558,2710
1558,1597
1558,2116
1558,1728
1558,1564
1558,2386
1558,1586
1558,1846
1558,2597
1559,2615
1559,2537
1559,2373
1559,2133
1559,1794
1559,2564
1559,2370
1559,2367
1559,1882
1559,1861
1559,2654
1559,2151
1559,1856
1559,2529
1559,2621
1559,2105
1559,2531
1559,1705
1559,2573
1559,2104
1559,2122
1559,1592
1559,2444
1559,1846
1559,2405
1559,1598
1559,1596
1559,1576
1559,1564
1559,1854
1559,1563
1559,2108
1559,2475
1559,1590
1559,2614
1559,2448
1559,1912
1560,2011
1560,2387
1560,2452
1560,1674
1560,1912
1560,2521
1560,1840
1560,1855
1560,2316
1560,2122
1560,2115
1560,1595
1560,2151
1560,1860
1560,2314
1560,1589
1560,2360
1560,1584
1560,1576
1560,2116
1560,2007
1560,1910
1560,2259
1560,2155
1560,1592
1560,2659
1560,2048
1560,1627
1561,2119
1561,1579
1561,2390
1561,2099
1561,2113
1561,1613
1561,1571
1561,2407
1561,1739
1561,2081
1561,1906
1561,2143
1561,1856
1561,1854
1561,1855
1561,2704
1561,1928
1561,1595
1561,2565
1561,1843
1561,2536
1561,1896
1561,2381
1561,2084
1561,1584
1561,1581
1561,2710
1561,1867
1561,1576
1561,1860
1561,1569
1561,1567
1561,2482
1561,2570
1561,1577
1561,2396
1561,2114
1561,2405
1561,1902
1561,2106
1561,2649
1562,2441
1562,2329
1562,2293
1562,2153
1562,2638
1562,2568
1562,1946
1562,2242
1562,2072
1562,1781
1562,1989
1562,2474
1562,2079
1562,1789
1562,2655
1562,2369
1562,1672
1562,2545
1562,1774
1562,1960
1562,2495
1562,1993
1563,2564
1563,2365
1563,2320
1563,2078
1563,2308
1563,1878
1563,1840
1563,2159
1563,2128
1563,1890
1563,2633
1563,2112
1563,2313
1563,1856
1563,2565
1563,2102
1563,1582
1563,2475
1563,2533
1563,2089
1563,1592
1563,1576
1563,1590
1563,1848
1563,1567
1563,2241
1563,1583
1563,1882
1563,1591
1563,1846
1563,1672
1563,1748
1563,2110
1564,1580
1564,1579
1564,2389
1564,2156
1564,2373
1564,1597
1564,2370
1564,2437
1564,2534
1564,2038
1564,1668
1564,2376
1564,1882
1564,1578
1564,1577
1564,1682
1564,1876
1564,2574
1564,2117
1564,2128
1564,2322
1564,2533
1564,1680
1564,1598
1564,1587
1564,1590
1564,2498
1564,2110
1564,2122
1564,1748
1564,2529
1564,2317
1564,2087
1564,2475
1564,1893
1564,1790
1564,2469
1564,1596
1565,1870
1565,2315
1565,2099
1565,1570
1565,1845
1565,1873
1565,1896
1565,2478
1565,2084
1565,1599
1565,2159
1565,2620
1565,2038
1565,2411
1565,1744
1565,1857
1565,2108
1565,2007
1565,2572
1565,2087
1565,2533
1565,1851
1565,1575
1565,1592
1565,1593
1565,2116
1565,2105
1565,1569
1565,2574
1565,2089
1565,1589
1565,1591
1565,1583
1565,1613
1565,2098
1565,1770
1565,2106
1565,2570
1565,1596
1565,2370
1565,1594
1566,1757
1566,2136
1566,2314
1566,2281
1566,2572
1566,2133
1566,1594
1566,2370
1566,2620
1566,2038
1566,1800
1566,1744
1566,2094
1566,2113
1566,2016
1566,2098
1566,1582
1566,1860
1566,2105
1566,1814
1566,2058
1566,1576
1566,1598
1566,2159
1566,2117
1567,1958
1567,2387
1567,1875
1567,2315
1567,1722
1567,1686
1567,2092
1567,1597
1567,2314
1567,1680
1567,1578
1567,2052
1567,2114
1567,2377
1567,2128
1567,2710
1567,2475
1567,2313
1567,2439
1567,1857
1567,2214
1567,2020
1567,2102
1567,2293
1567,1842
1567,1870
1567,1579
1567,2146
1567,2106
1567,1598
1567,2081
1567,1596
1567,1576
1567,1581
1567,2108
1567,2381
1567,2159
1567,1577
1567,1573
1567,2364
1567,2098
1568,1778
1568,1841
1568,1680
1568,2322
1568,1873
1568,2316
1568,1716
1568,1692
1568,2476
1568,1577
1568,2708
1568,2087
1568,2378
1568,2536
1568,2564
1568,2380
1568,1878
1568,2691
1568,2637
1568,2052
1568,2526
1568,1920
1569,2570
1569,2390
1569,2615
1569,2537
1569,1570
1569,1896
1569,1571
1569,2243
1569,1859
1569,1790
1569,1579
1569,2370
1569,2094
1569,1578
1569,1577
1569,2572
1569,2475
1569,2573
1569,2091
1569,2336
1569,2110
1569,2105
1569,2008
1569,1755
1569,2117
1569,1857
1569,1598
1569,1589
1569,1576
1569,1875
1569,1584
1569,1593
1569,1953
1569,2082
1569,1586
1569,2710
1569,2539
1569,1680
1569,2405
1569,2529
1570,2180
1570,1579
1570,2570
1570,1739
1570,1585
1570,2529
1570,1861
1570,2498
1570,2128
1570,1592
1570,2102
1570,2381
1570,1584
1570,1574
1570,1573
1570,2475
1570,2539
1570,2320
1570,2370
1570,2533
1570,2101
1570,2392
1570,2402
1570,1840
1570,2380
1570,1912
1570,2106
1570,2492
1570,1619
1570,1762
1570,2635
1570,2408
1570,2313
1570,2701
1570,2410
1570,1844
1570,2717
1570,2219
1571,2116
1571,1759
1571,2119
1571,2507
1571,2134
1571,1582
1571,1668
1571,1594
1571,2092
1571,2102
1571,2381
1571,2020
1571,2117
1571,2152
1571,1861
1571,1755
1571,1857
1571,2373
1571,1597
1571,1591
1571,2366
1571,1590
1571,1586
1571,1581
1571,1574
1571,2482
1571,1874
1571,1680
1571,1583
1571,2574
1571,2570
1571,2376
1571,1858
1571,1860
1571,2331
1571,2103
1571,1901
1571,1893
1571,2111
1571,2499
1571,1842
1571,1748
1571,2524
1571,1929
1572,2414
1572,2043
1572,2366
1572,1938
1572,2439
1572,2633
1572,2525
1572,2410
1572,2698
1572,2066
1572,2067
1572,2208
1572,2337
1572,2506
1572,1927
1572,2412
1572,2047
1572,2056
1572,1797
1572,2422
1572,2042
1572,1774
1572,2607
1572,2443
1572,2055
1572,1985
1572,2664
1572,2062
1572,1990
1572,1984
1572,2071
1572,2350
1572,2059
1572,1973
1572,2352
1572,1964
1572,1782
1572,2073
1572,2491
1572,1715
1572,1615
1572,2619
1572,1940
1572,1948
1573,2390
1573,1755
1573,1853
1573,2370
1573,2539
1573,2159
1573,1861
1573,2377
1573,2444
1573,1857
1573,2465
1573,2478
1573,2381
1573,2336
1573,1585
1573,2533
1573,1869
1573,2538
1573,2475
1573,1874
1573,1583
1573,1575
1573,1593
1573,1686
1573,1589
1573,1581
1573,2389
1573,1807
1573,1846
1573,2641
1573,1574
1573,2092
1573,2311
1573,2117
1573,2382
1573,2479
1573,2574
1574,2537
1574,2309
1574,2199
1574,2125
1574,2407
1574,2084
1574,2317
1574,1896
1574,2478
1574,1597
1574,2390
1574,2196
1574,1840
1574,1884
1574,1755
1574,2143
1574,2301
1574,2505
1574,1918
1574,2110
1574,1849
1574,2475
1574,2281
1574,2402
1574,1723
1574,1847
1574,2465
1574,1590
1574,2365
1574,1589
1574,1846
1574,1576
1574,1586
1574,1748
1574,2473
1574,1587
1574,1928
1574,1577
1574,2100
1575,2366
1575,1848
1575,2673
1575,2608
1575,2373
1575,2521
1575,2331
1575,2370
1575,2128
1575,1595
1575,1879
1575,2364
1575,1685
1575,2473
1575,1912
1575,2313
1575,2572
1575,2378
1575,1586
1575,1668
1575,1725
1575,1896
1575,1875
1575,1584
1575,1581
1576,1580
1576,2152
1576,2613
1576,1762
1576,1897
1576,2159
1576,1668
1576,1578
1576,1721
1576,2573
1576,2405
1576,2370
1576,1842
1576,2475
1576,1874
1576,1583
1576,1581
1576,1592
1576,2151
1576,2426
1576,2342
1576,2108
1576,2113
1576,1595
1576,2468
1576,2104
1576,2615
1576,2301
1576,2367
1576,1882
1576,1598
1576,2336
1577,2366
1577,1759
1577,2452
1577,1874
1577,2155
1577,2121
1577,2316
1577,2133
1577,2129
1577,1776
1577,1728
1577,2482
1577,2368
1577,1686
1577,2074
1577,2098
1577,2336
1577,2106
1577,2101
1577,2654
1577,2363
1577,2478
1577,2381
1577,2110
1577,2320
1577,1755
1577,1748
1577,1857
1577,1596
1577,1593
1577,2151
1577,2108
1577,1588
1577,2105
1577,2507
1577,1844
1577,2117
1577,2574
1577,2180
1578,1579
1578,2570
1578,2315
1578,2608
1578,2095
1578,1755
1578,2572
1578,1599
1578,2373
1578,1597
1578,2159
1578,1595
1578,1861
1578,1585
1578,1842
1578,2594
1578,2102
1578,2525
1578,1846
1578,2599
1578,2405
1578,1790
1578,1596
1578,1593
1578,2336
1578,2474
1578,2180
1578,1598
1578,2615
1578,2574
1578,2380
1578,1592
1578,2465
1578,2529
1578,2710
1578,2074
1578,2505
1578,2038
1578,2233
1579,1580
1579,1582
1579,2317
1579,2560
1579,2477
1579,2089
1579,2371
1579,1595
1579,1685
1579,1592
1579,2112
1579,2405
1579,1597
1579,1596
1579,1593
1579,1586
1579,2138
1579,1860
1579,2159
1579,1725
1579,2590
1579,2105
1579,2381
1579,2478
1579,1858
1579,1953
1579,1589
1579,2074
1579,2117
1579,2408
1579,1904
1579,2389
1579,2483
1579,2201
1579,2336
1579,2239
1579,2507
1579,1925
1580,2360
1580,1668
1580,1842
1580,2521
1580,1873
1580,2095
1580,2149
1580,2122
1580,2128
1580,2371
1580,2565
1580,1595
1580,1592
1580,2092
1580,2381
1580,2482
1580,2100
1580,2570
1580,2373
1580,2559
1580,2533
1580,2402
1580,2654
1580,2078
1580,2130
1581,2372
1581,1865
1581,2507
1581,2257
1581,2320
1581,2572
1581,2129
1581,2373
1581,1597
1581,2091
1581,2317
1581,2676
1581,2482
1581,2094
1581,2288
1581,2086
1581,2710
1581,2415
1581,2096
1581,1915
1581,2573
1581,2336
1581,1704
1581,2007
1581,2104
1581,2106
1581,1583
1581,1593
1581,2108
1581,2284
1581,2100
1581,2097
1581,2367
1581,2529
1581,2110
1581,1620
1581,1748
1582,2151
1582,2315
1582,2314
1582,1762
1582,2317
1582,1747
1582,2367
1582,1882
1582,2363
1582,1856
1582,2003
1582,2126
1582,2565
1582,1912
1582,2114
1582,1919
1582,2113
1582,2099
1583,2151
1583,2570
1583,2213
1583,1762
1583,1894
1583,2402
1583,2482
1583,1668
1583,1858
1583,2001
1583,1685
1583,2710
1583,1871
1583,2110
1583,1842
1583,1928
1583,2122
1583,2106
1583,2565
1583,1590
1583,1877
1583,1586
1583,1890
1583,2089
1583,2105
1583,2685
1583,2405
1583,1841
1584,1985
1584,1831
1584,2320
1584,1896
1584,2613
1584,1859
1584,1872
1584,2580
1584,2409
1584,2074
1584,1986
1584,1857
1584,1965
1584,1912
1584,2405
1584,2572
1584,2281
1584,2371
1584,1596
1584,2507
1584,2701
1584,2313
1584,2113
1584,2105
1584,2590
1584,2392
1584,1752
1584,1593
1584,1590
1584,2133
1584,2621
1584,1748
1585,1738
1585,1958
1585,1879
1585,1858
1585,1890
1585,2371
1585,2529
1585,2151
1585,2573
1585,2108
1585,2475
1585,2402
1585,1842
1585,1912
1585,1896
1585,2122
1585,2092
1585,1591
1585,1589
1585,1593
1585,2407
1585,2384
1585,2093
1585,2373
1585,2492
1585,2104
1585,2386
1585,1672
1585,1828
1586,2315
1586,1905
1586,1819
1586,1613
1586,2407
1586,2654
1586,1588
1586,2367
1586,1755
1586,1743
1586,1595
1586,2482
1586,2094
1586,1876
1586,2061
1586,2122
1586,1911
1586,1589
1586,2129
1586,1912
1586,2106
1586,2092
1586,1872
1586,2151
1586,2091
1587,2360
1587,2257
1587,2626
1587,2125
1587,2591
1587,2572
1587,2100
1587,2370
1587,2159
1587,2710
1587,2510
1587,2313
1587,2336
1587,1619
1587,2367
1587,2658
1587,2310
1587,2573
1587,1592
1587,2371
1587,1589
1587,2156
1587,1755
1587,1701
1587,2574
1588,2663
1588,2384
1588,2065
1588,1883
1588,2477
1588,2134
1588,1845
1588,1849
1588,2258
1588,2320
1588,2514
1588,2708
1588,1594
1588,2614
1588,2340
1588,2396
1588,1850
1588,2505
1588,2408
1588,1867
1588,1770
1588,1695
1588,2196
1588,2532
1588,1972
1589,1995
1589,2390
1589,2367
1589,1755
1589,2572
1589,1728
1589,1597
1589,2091
1589,1840
1589,1861
1589,2570
1589,2473
1589,2117
1589,2647
1589,2573
1589,2590
1589,1595
1589,2468
1589,2102
1589,2110
1589,2405
1589,2492
1589,2104
1589,1598
1589,2219
1589,2122
1589,1705
1589,2093
1589,1592
1589,1596
1589,2539
1589,2313
1589,1590
1590,2007
1590,1919
1590,2570
1590,2507
1590,2134
1590,1759
1590,2438
1590,1755
1590,1860
1590,1830
1590,2159
1590,1861
1590,1668
1590,2408
1590,2348
1590,1857
1590,2647
1590,2370
1590,1594
1590,2568
1590,2374
1590,1598
1590,1591
1590,1685
1590,2114
1590,1872
1590,1840
1590,2385
1591,1891
1591,2507
1591,1867
1591,1850
1591,2520
1591,1781
1591,1859
1591,1865
1591,2641
1591,2386
1591,1755
1591,1739
1591,2159
1591,1890
1591,2505
1591,2476
1591,2475
1591,1979
1591,2102
1591,2108
1591,1919
1591,2135
1591,2146
1591,2101
1591,1864
1591,2452
1591,1596
1591,2381
1591,2718
1591,2555
1591,2373
1591,2133
1592,2570
1592,2084
1592,1841
1592,2103
1592,2133
1592,1882
1592,2400
1592,2128
1592,2710
1592,2105
1592,2573
1592,2574
1592,2102
1592,2110
1592,1912
1592,2104
1592,1877
1592,1928
1592,2122
1592,1686
1592,2363
1592,2093
1592,1668
1592,1597
1592,2438
1592,2712
1592,2615
1592,2507
1592,2505
1592,2094
1592,2614
1592,1594
1592,2598
1592,1896
1592,2381
1593,2564
1593,1672
1593,2060
1593,1859
1593,1841
1593,2317
1593,1896
1593,1702
1593,1597
1593,1858
1593,1680
1593,1966
1593,2143
1593,2159
1593,2633
1593,1907
1593,1878
1593,2363
1593,2524
1593,2415
1593,2473
1593,2322
1593,2405
1593,2038
1593,2108
1593,1875
1593,1598
1593,2191
1593,2151
1593,2130
1593,2066
1593,1613
1594,1762
1594,2347
1594,2212
1594,2373
1594,2367
1594,1860
1594,1729
1594,2100
1594,1817
1594,2163
1594,2350
1594,2128
1594,2507
1594,1744
1594,2492
1594,1910
1594,2114
1594,2480
1594,2529
1594,1861
1594,2336
1594,1928
1594,2475
1594,2112
1594,2499
1594,2097
1594,2093
1594,2620
1594,2038
1594,2380
1594,2101
1594,2123
1594,1856
1594,1945
1594,2098
1594,1842
1594,2159
1594,2381
1594,2052
1595,1870
1595,2213
1595,2419
1595,2309
1595,2514
1595,2092
1595,2159
1595,2552
1595,1861
1595,1860
1595,2539
1595,2106
1595,2565
1595,2098
1595,2102
1595,2498
1595,2110
1595,1755
1595,1748
1595,2038
1595,1910
1595,1885
1595,1596
1595,2574
1595,2220
1596,2315
1596,2382
1596,2407
1596,2084
1596,2364
1596,2608
1596,2317
1596,2498
1596,2402
1596,2100
1596,1872
1596,2081
1596,2386
1596,2155
1596,2133
1596,2115
1596,1668
1596,2128
1596,2344
1596,2105
1596,2574
1596,1849
1596,1928
1596,2122
1596,2373
1596,1748
1596,2620
1596,1844
1596,1867
1596,2106
1596,2370
1597,2492
1597,2309
1597,2438
1597,2317
1597,2521
1597,2478
1597,1739
1597,1668
1597,1849
1597,1860
1597,2539
1597,2529
1597,2508
1597,1843
1597,2371
1597,2468
1597,1928
1597,2599
1597,2114
1597,2405
1597,1857
1597,1598
1597,2572
1597,2475
1597,2537
1597,2482
1597,1747
1597,2313
1597,2102
1597,2370
1597,1874
1597,1863
1597,2376
1597,2533
1597,2322
1597,2128
1597,2428
1597,2719
1597,2350
1598,1768
1598,1853
1598,2320
1598,2100
1598,1907
1598,1840
1598,2138
1598,2635
1598,2529
1598,1748
1598,1739
1598,2281
1598,2117
1598,2313
1598,1728
1598,2105
1598,2108
1598,2146
1598,2482
1598,2615
1598,2128
1598,2322
1598,2336
1599,1870
1599,2360
1599,2180
1599,1867
1599,2382
1599,2514
1599,2111
1599,2472
1599,2316
1599,1854
1599,1755
1599,2531
1599,1864
1599,1860
1599,2539
1599,1872
1599,1877
1599,1851
1599,1846
1599,2110
1599,1748
1599,2574
1599,2473
1599,2465
1599,1906
1600,2653
1600,2523
1600,2222
1600,2043
1600,1796
1600,2077
1600,2291
1600,1991
1600,1943
1600,2235
1600,1926
1600,1770
1600,2634
1600,2520
1600,2383
1600,2425
1600,2204
1600,1920
1600,1718
1600,2422
1600,2519
1600,1932
1600,1835
1600,1783
1600,2075
1600,1793
1600,1777
1600,2049
1600,1637
1600,2607
1600,2413
1600,2527
1600,2292
1600,1947
1600,1756
1600,1788
1600,2467
1600,1760
1600,2013
1600,2207
1600,2518
1600,2160
1600,2348
1600,2639
1601,2670
1601,2050
1601,2677
1601,2273
1601,1607
1601,2175
1601,2170
1601,2429
1601,1630
1601,2026
1601,2584
1601,2516
1601,1943
1601,2413
1601,2174
1601,2169
1601,1605
1601,1618
1601,1947
1601,1923
1601,2297
1601,2643
1602,2587
1602,2272
1602,2029
1602,2308
1602,2591
1602,1832
1602,2144
1602,2271
1602,2577
1602,2424
1602,1625
1602,1678
1602,1640
1602,2586
1602,2583
1602,1643
1602,2423
1602,2266
1602,2274
1602,2462
1602,2429
1602,2461
1602,2458
1602,2270
1603,2491
1603,2631
1603,2556
1603,2486
1603,2673
1603,2567
1603,1672
1603,1899
1603,2553
1603,2177
1603,2128
1603,2336
1603,1685
1603,1729
1603,2483
1603,1901
1603,1917
1603,2589
1603,2261
1603,2342
1603,2633
1603,2259
1603,2681
1603,2196
1603,2368
1603,1907
1603,2611
1603,2253
1603,1838
1603,1830
1603,1747
1603,2426
1603,2597
1603,2591
1603,2397
1603,2697
1603,2609
1603,1898
1603,1801
1603,2480
1604,2653
1604,2429
1604,2189
1604,2697
1604,1779
1604,1621
1604,1618
1604,2535
1604,1679
1604,2265
1604,2670
1604,2576
1604,2188
1604,2423
1604,2090
1604,2184
1604,2269
1604,2175
1604,2628
1604,2252
1604,1657
1604,1610
1604,1612
1604,2491
1604,2585
1604,1614
1604,2413
1604,2045
1604,2280
1604,1622
1604,1635
1604,1605
1604,2353
1604,1930
1605,1961
1605,1922
1605,2550
1605,2677
1605,1784
1605,2703
1605,2270
1605,2516
1605,1618
1605,2401
1605,1761
1605,1940
1605,2175
1605,1838
1605,1635
1605,1787
1606,1952
1606,1816
1606,2189
1606,2267
1606,1949
1606,2421
1606,2280
1606,1646
1606,2145
1607,1787
1607,2351
1607,2209
1607,2677
1607,1784
1607,2023
1607,2493
1607,2519
1607,1652
1607,2576
1607,2266
1607,1631
1607,2430
1607,2010
1607,1829
1607,2170
1607,1618
1607,1944
1607,2696
1607,2579
1607,2193
1607,2356
1607,2459
1607,1620
1607,2269
1607,1905
1607,1623
1607,2187
1607,2516
1607,2188
1607,2045
1607,1622
1607,2703
1608,2306
1608,2308
1608,1741
1608,2463
1608,1722
1608,2553
1608,1727
1608,2673
1608,2020
1609,2428
1609,2088
1609,1830
1609,2206
1609,2072
1609,2044
1609,2201
1609,2502
1609,2279
1609,2090
1609,2358
1609,2177
1609,2440
1609,2064
1609,1930
1609,2204
1609,1951
1609,1785
1609,1763
1609,2669
1609,2050
1609,1633
1609,2515
1609,2237
1609,2290
1609,1779
1609,2624
1609,1712
1609,1952
1609,2223
1609,2292
1609,2296
1609,2247
1609,1956
1609,2203
1609,1925
1609,1627
1609,1939
1609,1614
1609,2404
1609,2518
1610,2045
1610,2274
1610,2059
1610,2634
1610,2022
1610,2164
1610,2144
1610,2418
1610,2270
1610,2583
1610,1632
1610,2269
1610,2628
1610,1949
1610,1620
1610,2639
1610,2268
1610,1622
1610,2187
1610,2265
1610,2096
1610,2670
1610,2185
1610,2356
1610,1677
1610,2543
1610,1635
1610,1829
1610,1839
1610,2215
1610,2275
1610,2461
1610,2170
1610,2546
1610,1673
1610,2229
1610,2326
1610,2184
1610,1638
1611,2670
1611,2546
1611,1738
1611,2203
1611,2494
1611,2169
1611,2629
1611,2591
1611,2270
1611,1837
1611,2421
1611,2045
1611,2703
1611,2233
1611,1637
1611,1660
1611,1813
1611,2430
1611,2543
1611,1623
1611,2009
1611,1621
1611,2185
1611,2702
1611,2256
1611,2175
1611,1676
1611,1629
1611,2461
1611,2188
1611,1677
1611,2172
1611,2548
1611,2173
1611,2643
1611,1656
1611,2361
1612,1617
1612,2677
1612,2353
1612,1821
1612,2197
1612,2194
1612,1981
1612,1881
1612,1632
1612,2269
1612,2167
1612,2026
1612,1618
1612,2273
1612,2696
1612,2045
1612,2515
1612,2187
1612,1655
1612,2172
1612,2548
1612,2010
1612,2227
1612,1656
1612,1829
1612,1625
1612,2174
1612,2707
1612,1638
1612,2170
1612,2430
1613,2180
1613,2570
1613,2315
1613,1841
1613,2320
1613,1874
1613,2095
1613,1854
1613,1842
1613,2111
1613,2507
1613,1847
1613,2510
1613,2336
1613,2367
1613,2539
1613,1860
1613,2590
1613,2381
1613,2615
1613,2392
1613,2380
1613,2465
1613,2572
1613,2378
1614,1657
1614,2550
1614,2353
1614,2169
1614,2357
1614,2290
1614,2526
1614,2056
1614,1929
1614,2697
1614,1616
1614,2496
1614,2326
1614,1937
1614,2297
1614,1760
1614,2332
1614,2207
1614,2076
1614,2687
1615,2677
1615,1787
1615,2351
1615,2142
1615,2045
1615,2209
1615,2169
1615,2496
1615,2224
1615,1822
1615,1617
1615,2228
1615,1756
1615,2435
1615,1636
1615,2164
1615,1647
1615,1632
1615,1800
1615,1808
1615,1620
1615,2483
1615,2624
1615,1940
1615,2418
1615,2237
1615,1626
1615,1888
1615,2217
1615,2432
1615,2579
1615,1779
1615,2413
1616,2441
1616,1771
1616,1636
1616,2673
1616,2351
1616,1997
1616,1624
1616,2195
1616,2189
1616,2197
1616,2577
1616,2516
1616,1761
1616,2703
1616,2515
1616,2356
1616,1792
1616,2262
1616,2551
1616,2237
1616,1626
1616,1673
1616,1756
1616,1897
1616,2461
1616,2029
1616,2170
1616,2359
1617,2424
1617,2050
1617,1660
1617,2271
1617,1665
1617,1651
1617,1647
1617,2421
1617,1669
1617,1649
1617,2582
1617,2266
1617,2462
1617,2195
1617,2457
1617,2175
1617,2460
1617,2026
1617,1659
1617,1626
1617,1662
1617,2624
1618,1631
1618,2486
1618,2045
1618,2164
1618,1632
1618,2527
1618,2200
1618,2191
1618,1985
1618,2408
1618,2361
1618,2516
1618,2265
1618,1643
1618,2174
1618,1911
1618,1629
1618,2193
1618,2185
1618,2269
1618,2175
1618,2551
1618,1649
1618,2544
1618,2275
1618,2460
1618,1661
1618,2169
1618,2624
1618,2223
1619,2213
1619,2314
1619,2061
1619,1707
1619,2438
1619,1968
1619,1871
1619,2521
1619,2128
1619,2405
1619,2110
1619,2708
1619,2240
1619,2596
1619,1762
1619,2635
1619,2505
1619,2408
1619,2415
1619,2200
1619,1748
1619,2566
1619,2719
1619,2361
1620,2021
1620,1821
1620,2173
1620,2045
1620,2195
1620,1653
1620,2172
1620,2462
1620,2267
1620,2624
1620,2585
1620,2145
1620,1922
1620,2280
1620,2010
1620,1622
1620,1679
1620,1649
1620,2359
1620,2193
1620,2174
1620,2266
1620,1920
1620,1638
1620,1677
1621,2546
1621,2127
1621,2173
1621,2045
1621,2169
1621,2176
1621,2413
1621,1752
1621,1965
1621,1624
1621,2303
1621,1632
1621,1826
1621,2670
1621,2088
1621,2430
1621,1622
1621,2543
1621,2184
1621,2170
1621,2696
1621,2215
1621,2700
1621,1633
1621,2600
1621,1630
1621,1787
1621,2466
1621,2275
1621,1761
1621,1829
1621,1635
1621,1828
1621,1634
1621,2356
1621,1677
1621,2286
1622,1626
1622,1787
1622,2351
1622,2142
1622,2209
1622,2584
1622,1903
1622,2195
1622,2618
1622,2383
1622,2543
1622,1623
1622,2466
1622,1761
1622,2045
1622,1669
1622,2197
1622,1660
1622,2175
1622,1829
1622,2579
1622,1657
1622,2174
1622,2356
1622,2548
1622,2292
1623,2694
1623,1644
1623,2209
1623,1922
1623,1631
1623,2054
1623,2618
1623,2144
1623,2267
1623,2484
1623,2236
1623,1800
1623,2333
1623,1883
1623,1930
1623,2421
1623,2656
1623,2269
1623,1626
1623,2096
1623,2348
1623,2206
1623,2404
1623,2546
1623,2358
1623,1653
1623,2217
1623,2170
1623,1630
1623,1629
1623,2197
1623,1633
1623,1787
1623,2359
1624,1771
1624,2435
1624,2077
1624,2013
1624,1787
1624,1901
1624,2131
1624,2262
1624,1835
1624,2686
1624,1637
1624,2183
1624,2618
1624,1657
1624,2627
1624,2064
1624,1930
1624,2610
1624,1630
1624,1629
1624,2585
1624,2197
1624,2440
1624,1761
1624,2548
1624,2515
1624,2418
1624,2270
1624,2255
1624,1784
1624,2232
1624,1959
1625,2272
1625,2127
1625,2189
1625,2165
1625,2137
1625,2064
1625,2029
1625,2429
1625,2587
1625,2144
1625,2040
1625,2610
1625,2462
1625,1663
1625,2586
1625,2423
1625,2551
1625,2458
1625,1659
1625,2359
1626,1941
1626,1922
1626,1936
1626,1657
1626,2191
1626,1647
1626,2677
1626,1632
1626,2578
1626,2506
1626,2275
1626,2032
1626,2173
1626,2548
1626,2418
1626,2368
1626,2189
1626,1900
1626,1712
1626,1673
1626,1955
1626,1943
1627,2440
1627,2173
1627,2353
1627,2349
1627,2697
1627,2700
1627,2383
1627,2238
1627,2282
1627,2519
1627,1951
1627,1962
1627,2459
1627,2585
1627,1920
1627,2185
1627,2326
1627,2292
1627,2290
1627,2431
1627,1935
1627,2176
1627,2223
1627,2401
1628,1644
1628,1666
1628,1650
1628,2496
1628,2195
1628,2583
1628,1632
1628,1949
1628,1649
1628,1640
1628,2453
1628,1641
1628,1664
1628,2582
1628,2697
1628,2551
1628,2429
1628,1677
1628,1653
1628,1935
1629,2670
1629,2127
1629,1657
1629,2045
1629,2703
1629,2271
1629,2547
1629,2592
1629,2172
1629,2269
1629,1663
1629,1654
1629,2585
1629,1673
1629,1637
1629,2187
1629,2579
1629,2175
1629,1635
1629,1829
1629,2461
1629,2170
1629,2484
1629,2355
1629,1633
1630,2546
1630,1926
1630,2177
1630,1792
1630,1653
1630,1651
1630,2592
1630,1632
1630,2026
1630,1640
1630,2418
1630,2515
1630,1663
1630,2535
1630,2401
1630,1677
1630,2453
1630,2430
1630,2548
1630,1637
1630,1833
1630,2460
1630,2178
1630,2191
1630,2188
1630,2658
1630,2184
1630,2118
1630,1633
1631,2587
1631,1650
1631,2022
1631,2032
1631,1922
1631,1640
1631,2127
1631,2010
1631,2420
1631,1651
1631,2356
1631,2460
1631,2178
1631,2187
1631,2585
1631,2461
1631,1940
1632,1922
1632,2677
1632,2351
1632,2418
1632,1655
1632,1937
1632,1826
1632,2188
1632,1805
1632,2056
1632,2145
1632,2333
1632,2010
1632,2193
1632,1669
1632,2459
1632,2187
1632,2585
1632,1835
1632,1803
1632,2696
1632,2232
1632,2582
1633,2189
1633,2516
1633,2169
1633,2460
1633,2687
1633,2546
1633,2188
1633,1677
1633,2466
1633,1761
1633,2361
1633,1829
1633,2183
1633,2267
1633,2170
1633,2670
1633,2185
1633,2174
1634,2173
1634,2349
1634,1644
1634,1787
1634,1654
1634,1888
1634,1957
1634,2418
1634,2026
1634,2624
1634,2193
1634,2231
1634,2090
1634,2266
1634,2383
1634,2516
1634,2627
1634,2275
1634,2487
1634,1829
1634,1956
1634,2191
1634,1920
1634,2199
1634,1776
1634,1921
1634,1822
1635,1922
1635,2351
1635,2429
1635,2578
1635,2190
1635,2458
1635,2167
1635,2706
1635,1636
1635,2703
1635,2628
1635,2172
1635,2516
1635,2156
1635,1962
1635,1776
1635,2297
1635,2064
1635,1644
1635,2420
1635,2453
1635,2330
1635,2515
1635,2480
1635,1673
1635,2658
1635,2215
1635,2603
1635,2413
1635,1637
1635,2220
1635,2174
1635,2185
1635,2184
1635,2585
1636,2118
1636,1787
1636,2287
1636,2206
1636,2267
1636,2168
1636,2188
1636,1813
1636,2430
1636,2164
1636,2239
1636,2238
1636,2483
1636,2436
1636,2439
1636,1657
1636,2174
1636,2579
1636,2578
1636,2516
1636,2209
1636,2270
1636,2500
1636,2359
1636,2696
1636,1804
1636,2462
1637,2670
1637,2118
1637,2176
1637,1787
1637,2677
1637,2045
1637,2164
1637,2172
1637,1673
1637,1930
1637,2237
1637,2047
1637,2624
1637,2227
1637,2188
1637,2191
1637,1670
1637,2543
1637,1678
1637,2169
1637,2266
1637,2168
1637,1638
1637,2600
1637,2187
1637,1677
1637,1829
1637,2193
1638,1780
1638,2050
1638,2581
1638,2268
1638,1800
1638,2516
1638,1661
1638,2423
1638,2359
1638,2191
1638,2269
1639,2653
1639,2069
1639,2441
1639,1956
1639,2247
1639,2013
1639,2291
1639,2684
1639,2290
1639,2443
1639,2249
1639,2502
1639,2399
1639,1756
1639,1712
1639,1937
1639,2657
1639,1784
1639,2172
1639,2603
1639,2191
1639,1802
1639,2348
1639,2353
1639,2706
1639,1930
1639,2687
1639,1971
1639,2236
1639,2189
1639,1939
1639,2424
1639,2064
1639,1829
1639,1761
1639,2404
1639,2326
1639,2523
1639,2232
1639,2163
1639,2297
1639,2183
1639,1760
1639,2046
1640,2287
1640,1655
1640,2677
1640,2682
1640,2500
1640,2584
1640,2421
1640,2549
1640,2424
1640,2550
1640,2610
1640,2239
1640,1679
1640,2420
1641,2287
1641,2273
1641,1666
1641,2577
1641,2127
1641,2268
1641,2413
1641,2267
1641,1648
1641,2026
1641,1726
1641,1652
1641,2576
1641,2587
1641,1647
1641,1642
1641,2579
1641,2429
1641,1812
1641,2610
1641,2137
1641,2184
1642,2050
1642,2029
1642,2273
1642,2195
1642,2618
1642,2560
1642,2457
1642,2269
1642,1648
1642,1663
1642,1649
1642,2167
1642,2026
1642,2265
1642,2271
1642,2183
1642,2581
1642,2628
1642,2182
1642,1665
1642,2586
1642,2576
1642,2266
1643,2587
1643,2287
1643,1655
1643,2169
1643,1666
1643,2606
1643,2577
1643,2188
1643,1664
1643,1665
1643,2610
1643,2462
1643,1663
1643,2576
1644,1883
1644,2225
1644,2096
1644,1726
1644,2018
1644,2488
1644,2185
1644,2103
1644,2188
1644,2164
1644,2220
1644,1763
1644,1922
1644,2019
1644,2175
1644,2163
1644,2551
1644,2356
1644,2578
1644,1757
1644,1660
1644,2548
1644,1818
1644,1959
1644,2270
1645,2229
1645,2435
1645,2077
1645,1936
1645,2158
1645,2547
1645,1660
1645,2188
1645,2194
1645,2291
1645,1895
1645,2221
1645,2706
1645,2500
1645,1955
1645,1772
1645,2203
1645,1718
1645,2234
1645,2046
1645,2090
1645,2607
1645,1655
1645,1784
1645,2269
1645,2251
1645,2348
1645,2223
1645,2401
1645,2202
1645,2249
1645,1726
1645,1920
1645,2578
1645,1779
1645,2296
1645,2176
1645,2467
1645,2204
1645,2624
1645,2519
1645,1991
1645,2461
1645,2261
1645,1935
1645,1677
1645,2404
1646,2421
1646,2351
1646,1664
1646,1816
1646,2420
1646,2643
1646,1807
1646,1653
1646,1810
1646,1651
1646,2284
1646,2287
1646,2145
1646,2610
1646,1669
1646,2423
1646,2551
1647,2457
1647,2050
1647,1670
1647,2032
1647,2549
1647,2583
1647,2088
1647,2029
1647,2167
1647,1679
1647,1652
1647,1649
1647,2582
1647,2423
1647,2462
1647,2460
1647,2515
1648,2171
1648,1787
1648,2144
1648,2137
1648,1928
1648,2036
1648,2280
1648,1812
1648,1810
1648,2707
1648,1656
1648,2131
1648,2284
1648,2543
1649,2458
1649,2050
1649,2029
1649,2195
1649,2032
1649,2549
1649,2022
1649,2577
1649,2268
1649,2462
1649,1661
1649,1837
1649,2209
1649,1949
1649,2255
1649,1665
1649,1957
1649,2583
1649,2019
1649,2423
1649,2579
1650,2421
1650,2287
1650,1656
1650,2215
1650,2424
1650,2004
1650,2420
1651,1666
1651,2050
1651,2144
1651,1653
1651,1949
1651,2273
1651,1663
1651,2583
1651,2019
1651,2423
1651,2551
1651,2460
1651,2515
1651,2026
1651,2187
1651,2172
1652,2287
1652,2029
1652,2577
1652,2383
1652,2583
1652,2274
1652,2462
1652,1666
1652,2272
1652,1661
1652,1659
1652,2420
1652,2127
1652,2268
1652,2026
1652,1838
1652,2423
1652,2696
1652,2591
1652,2168
1652,2586
1652,2010
1652,2457
1652,2175
1652,2579
1653,1922
1653,2029
1653,2167
1653,2137
1653,2338
1653,1961
1653,2252
1653,1822
1653,2184
1653,2193
1653,2515
1653,2420
1653,2026
1653,2584
1653,1677
1653,2355
1653,1665
1653,1965
1654,2188
1654,1665
1654,2577
1654,2644
1654,2268
1654,2176
1654,2576
1654,1661
1654,2178
1654,2137
1654,1761
1654,2026
1654,2496
1654,2161
1655,2358
1655,2511
1655,1804
1655,2183
1655,2618
1655,2351
1655,2003
1655,2191
1655,2174
1655,2168
1655,2356
1655,2459
1655,2269
1655,2275
1655,2197
1655,1761
1655,2064
1655,1829
1655,2628
1655,2424
1655,2189
1655,2220
1655,2549
1655,2118
1655,2353
1655,2404
1656,2273
1656,2213
1656,1997
1656,2420
1656,1818
1656,2549
1656,1658
1656,2145
1656,2576
1657,2392
1657,2633
1657,2168
1657,2188
1657,2618
1657,2430
1657,2700
1657,2425
1657,1763
1657,1975
1657,2577
1657,2195
1657,2010
1657,1802
1657,2190
1657,2578
1657,1677
1657,2173
1657,2270
1657,2262
1657,2359
1657,2355
1657,2002
1658,2032
1658,2018
1658,2026
1658,2165
1658,1667
1658,2421
1658,2280
1658,2266
1658,2457
1659,2029
1659,2274
1659,1816
1659,1664
1659,2577
1659,2271
1659,2268
1659,2583
1659,2026
1659,2605
1659,1665
1659,2610
1659,2424
1659,1669
1659,2273
1659,1662
1659,2576
1659,2584
1660,2670
1660,1780
1660,2291
1660,2173
1660,2209
1660,2629
1660,2483
1660,2628
1660,1802
1660,2516
1660,2267
1660,1808
1660,2023
1660,2535
1660,2591
1660,2300
1660,2705
1660,1810
1660,1930
1660,2280
1660,2707
1660,2610
1660,2551
1660,2187
1660,2275
1660,1885
1661,2189
1661,2577
1661,2583
1661,2548
1661,2581
1661,2267
1661,2643
1661,2272
1661,2543
1661,2127
1661,1669
1661,2273
1661,1662
1661,1816
1661,1675
1661,2582
1661,2423
1661,2175
1661,2187
1661,2429
1661,1677
1661,2586
1661,2163
1662,2273
1662,2032
1662,2429
1662,1664
1662,2127
1662,2268
1662,2018
1662,2583
1662,2184
1663,2458
1663,2050
1663,2273
1663,2195
1663,2453
1663,1949
1663,2272
1663,2424
1663,2266
1663,1664
1663,2429
1663,2287
1663,1669
1663,2515
1664,2457
1664,2032
1664,2169
1664,2261
1664,2050
1664,2191
1664,2704
1664,2023
1664,2458
1664,2265
1664,2019
1664,2462
1664,1666
1664,2628
1665,1771
1665,2032
1665,2549
1665,2273
1665,2165
1665,2460
1665,2458
1665,2610
1665,2586
1665,1965
1665,2551
1665,2009
1665,2029
1665,1678
1665,1669
1665,1949
1665,2184
1666,2587
1666,2127
1666,2050
1666,1676
1666,2629
1666,2032
1666,2643
1666,2581
1666,2351
1666,2586
1666,1675
1666,2019
1666,1805
1666,2170
1666,1669
1666,2515
1666,2026
1666,2356
1666,2178
1666,2551
1666,2269
1666,1677
1666,2548
1667,2004
1667,2027
1667,2125
1667,1834
1667,2039
1667,1880
1667,1817
1667,2036
1667,2002
1667,2599
1667,1905
1667,1819
1667,2008
1667,2033
1667,1671
1667,2000
1667,2705
1667,2015
1667,2602
1667,1826
1667,1888
1667,1887
1667,2028
1668,1865
1668,2119
1668,2213
1668,1686
1668,2608
1668,2530
1668,1755
1668,2521
1668,2478
1668,2147
1668,2092
1668,2038
1668,2402
1668,1680
1668,1847
1668,2138
1668,2108
1668,2100
1668,2391
1669,2587
1669,2050
1669,2029
1669,2195
1669,2549
1669,2272
1669,2460
1669,2585
1669,1816
1669,2019
1669,2582
1669,2423
1669,2605
1669,2610
1669,2183
1669,2457
1669,2127
1669,2271
1669,2459
1669,2165
1670,2036
1670,2155
1670,1837
1670,2127
1670,2022
1670,2167
1670,2088
1670,2417
1670,2033
1670,2262
1670,2200
1670,1830
1670,2254
1670,1831
1670,1826
1670,2285
1670,2426
1670,2550
1670,2453
1670,1816
1670,1950
1670,2149
1670,2229
1670,2696
1670,2270
1671,1780
1671,2015
1671,1891
1671,1757
1671,2017
1671,2228
1671,2591
1671,1752
1671,2276
1671,2139
1671,1720
1671,2002
1671,2000
1671,1817
1671,2005
1671,2036
1671,2253
1671,2124
1671,1833
1672,1780
1672,2561
1672,2342
1672,2566
1672,2553
1672,1740
1672,1794
1672,1860
1672,2440
1672,1858
1672,2024
1672,2099
1672,2681
1672,2599
1672,2589
1672,2596
1672,2400
1672,1796
1672,1893
1672,2444
1672,1892
1672,2654
1672,2682
1672,2391
1672,2485
1672,1804
1672,2213
1672,1825
1672,1822
1672,2242
1672,2239
1673,2670
1673,2045
1673,2189
1673,1895
1673,2164
1673,2270
1673,2075
1673,2618
1673,2197
1673,2418
1673,2183
1673,2549
1673,2269
1673,1787
1673,1676
1673,2584
1673,2543
1673,2026
1673,1944
1673,2461
1673,2275
1673,2359
1673,1933
1673,2191
1674,2463
1674,1745
1674,2651
1674,1743
1674,1727
1674,2454
1674,2341
1674,2147
1674,2451
1674,1724
1674,2552
1674,2179
1674,1857
1675,2457
1675,2127
1675,2274
1675,2164
1675,2429
1675,2268
1675,2137
1675,2577
1675,2462
1675,2269
1675,2421
1675,2583
1675,1678
1676,2050
1676,2023
1676,2271
1676,2581
1676,2610
1676,2577
1676,2268
1676,2583
1676,2019
1676,2423
1676,2462
1676,2167
1676,2026
1676,2584
1676,2155
1676,2578
1677,2670
1677,2118
1677,2173
1677,2045
1677,2235
1677,2226
1677,2516
1677,2453
1677,2699
1677,2351
1677,2466
1677,1761
1677,2172
1677,2178
1677,2254
1677,2418
1677,2183
1677,2551
1677,2175
1677,1829
1677,2275
1677,2197
1677,2013
1677,1933
1678,2272
1678,2127
1678,2351
1678,2578
1678,2356
1678,2460
1678,2026
1678,2420
1678,2587
1678,2199
1678,2355
1678,2586
1678,2579
1678,2551
1678,1779
1678,1679
1678,1829
1678,2576
1679,2029
1679,2273
1679,2577
1679,2271
1679,2175
1679,2420
1679,2576
1679,2548
1679,2424
1679,2182
1679,2462
1680,1870
1680,1705
1680,2564
1680,1875
1680,1759
1680,1713
1680,2620
1680,1874
1680,2382
1680,2095
1680,1896
1680,2086
1680,2317
1680,2521
1680,2240
1680,2532
1680,1739
1680,2104
1680,1876
1680,1864
1680,2590
1680,2246
1680,2107
1680,2313
1680,1709
1680,2097
1680,2146
1680,2504
1680,2533
1681,2630
1681,1703
1681,1684
1681,1698
1681,1719
1681,1694
1681,1687
1681,1841
1681,1700
1681,1699
1681,1714
1681,2380
1682,1848
1682,1688
1682,1702
1682,1870
1682,1719
1682,1690
1682,1711
1682,1710
1682,1697
1682,1878
1682,1843
1682,1696
1682,1687
1682,1703
1682,2476
1682,2243
1682,1770
1683,1709
1683,2645
1683,2373
1683,1694
1683,2316
1683,1684
1683,1713
1683,1699
1683,1974
1683,1700
1683,1698
1683,2390
1683,1711
1683,2322
1683,2580
1683,1702
1683,2313
1684,1705
1684,2479
1684,1707
1684,2360
1684,1694
1684,1711
1684,1931
1684,1710
1684,1709
1684,1716
1684,1866
1684,1877
1684,1865
1684,1693
1684,1714
1684,1701
1684,2380
1684,2240
1685,2672
1685,2016
1685,2116
1685,2679
1685,2115
1685,2470
1685,2112
1685,1876
1685,2099
1685,2146
1685,2114
1685,2570
1685,1912
1685,2140
1685,2281
1685,2038
1685,2007
1685,2337
1685,2104
1685,2574
1685,2410
1685,2380
1685,2113
1686,2507
1686,2098
1686,2386
1686,1853
1686,2539
1686,1842
1686,2521
1686,2373
1686,1704
1686,1855
1686,2113
1686,2115
1686,2428
1686,1846
1686,2020
1686,2117
1686,2572
1686,2475
1686,2314
1686,2537
1686,2159
1686,2322
1686,2590
1686,2105
1686,2101
1686,2392
1686,1894
1686,1912
1686,2106
1686,1856
1686,2438
1686,2499
1686,2638
1686,2263
1687,1878
1687,1701
1687,1696
1687,1719
1687,2377
1687,1709
1687,1707
1687,2473
1687,2620
1687,1868
1687,2372
1687,1851
1688,1717
1688,2689
1688,1707
1688,1697
1688,1750
1688,1700
1688,1699
1688,1873
1688,2258
1689,2580
1689,1711
1689,1690
1689,1701
1689,2469
1689,1702
1689,2376
1689,2074
1690,1698
1690,1702
1690,1701
1690,1866
1690,1713
1690,1710
1690,1717
1690,2469
1690,1696
1690,1693
1690,2630
1691,2630
1691,1698
1691,1897
1691,1708
1692,1713
1692,1703
1692,1843
1692,1716
1692,1707
1692,1699
1692,2258
1692,1696
1693,2387
1693,1717
1693,1848
1693,1707
1693,1719
1693,1931
1693,2320
1693,1697
1693,2242
1693,1866
1693,1698
1693,1814
1693,2117
1694,2620
1694,2360
1694,1866
1694,1859
1694,1871
1694,2671
1694,2384
1694,1698
1694,1696
1694,1707
1694,1716
1694,1708
1695,2640
1695,1717
1695,2130
1695,1713
1695,1701
1695,1714
1695,2336
1696,1713
1696,1879
1696,2384
1696,2713
1696,2474
1696,1699
1696,1710
1697,1713
1697,1879
1697,2240
1697,1719
1697,2128
1697,1744
1697,1711
1697,1699
1697,1716
1697,1708
1698,1865
1698,1701
1698,1706
1699,1870
1699,2482
1699,2384
1699,1750
1699,2111
1699,1708
1699,1714
1699,1879
1699,2396
1700,2630
1700,2608
1700,2321
1700,1879
1700,1701
1700,1705
1700,1864
1700,2573
1700,1708
1700,1862
1700,1704
1700,1877
1700,1843
1700,2395
1700,1716
1700,1750
1700,1711
1701,1703
1701,1717
1701,1708
1702,1867
1702,1843
1702,1717
1702,1708
1702,2476
1702,1845
1702,2503
1702,2086
1703,2087
1703,1710
1703,1709
1703,1714
1703,1866
1703,2312
1704,2385
1704,2366
1704,2374
1704,1867
1704,1845
1704,1873
1704,2095
1704,2386
1704,2508
1704,2245
1704,2365
1704,2074
1704,2343
1704,2626
1704,2529
1704,2465
1704,2371
1704,2110
1704,1953
1704,1856
1704,2243
1704,1855
1704,2570
1704,2473
1704,2640
1704,1814
1704,2320
1704,2405
1704,2106
1705,2630
1705,1866
1705,1876
1705,1871
1705,1840
1705,2385
1705,2580
1705,2095
1705,1845
1705,2378
1705,2478
1705,2074
1705,1728
1705,2407
1705,1791
1706,1871
1706,2322
1706,1717
1706,2590
1706,2095
1706,1716
1706,1711
1706,2094
1706,2536
1707,1879
1707,2395
1707,1896
1707,1849
1707,2531
1707,1709
1707,1974
1707,2476
1707,2214
1707,2051
1708,1870
1708,2324
1708,1713
1708,1717
1708,2061
1708,1711
1708,2479
1708,2476
1708,2111
1708,2074
1708,2695
1708,2245
1709,1931
1709,2630
1709,1711
1709,2469
1709,1879
1709,2479
1709,1759
1709,2376
1710,1713
1710,2514
1710,1845
1710,1759
1710,1853
1710,1842
1710,1714
1711,1844
1711,1866
1711,1843
1711,2534
1711,2245
1711,2574
1712,2653
1712,2414
1712,2440
1712,2358
1712,2054
1712,1765
1712,1996
1712,2518
1712,2224
1712,2679
1712,2484
1712,1805
1712,2627
1712,2503
1712,2046
1712,2434
1712,1941
1712,2232
1712,2441
1712,2053
1712,2662
1712,1975
1712,1973
1712,2413
1712,2706
1712,2013
1712,2207
1712,2401
1712,1923
1712,1924
1712,1760
1712,2348
1712,2671
1712,1895
1712,1784
1713,1865
1713,1866
1713,2472
1713,1878
1714,1878
1714,1866
1714,1716
1714,2340
1714,1750
1714,2385
1714,1879
1715,2329
1715,2667
1715,2642
1715,2619
1715,1983
1715,2375
1716,2478
1716,2396
1716,1855
1716,2316
1716,1877
1717,2395
1717,2469
1717,2095
1717,2508
1717,2478
1717,2258
1718,1778
1718,2601
1718,2440
1718,1943
1718,2277
1718,2502
1718,2383
1718,1789
1718,2177
1718,1950
1718,2503
1718,1802
1718,2056
1718,2704
1718,1818
1718,2206
1718,2330
1718,2524
1718,2526
1718,2332
1718,2072
1718,2686
1718,2430
1718,1964
1718,2282
1718,1776
1718,1990
1718,1777
1718,2456
1718,1980
1718,2218
1718,2060
1718,1769
1718,2046
1718,2422
1718,1948
1718,2057
1718,1766
1718,2292
1718,2700
1718,1924
1718,2417
1718,1932
1719,2428
1719,1750
1719,1931
1719,1847
1719,2536
1719,1866
1719,2101
1719,2533
1720,1742
1720,2136
1720,2339
1720,2593
1720,2490
1720,1836
1720,2018
1720,1967
1720,2126
1720,2448
1720,2344
1720,2323
1720,1916
1720,2343
1720,2149
1720,2559
1720,2553
1720,1928
1720,2574
1720,2447
1720,2480
1721,2561
1721,2594
1721,2339
1721,2593
1721,2490
1721,2601
1721,2261
1721,1729
1721,2131
1721,2153
1721,2678
1721,2141
1721,2600
1721,1727
1721,2445
1721,1912
1721,2682
1721,2100
1721,2554
1721,2097
1721,2000
1721,1885
1722,2398
1722,2213
1722,1912
1722,2081
1722,1856
1722,1876
1722,2151
1722,1794
1722,1928
1722,2084
1722,2314
1722,2112
1722,2572
1722,1739
1722,1859
1722,1742
1722,1910
1722,2505
1722,2068
1723,2489
1723,2080
1723,1732
1723,2557
1723,1729
1723,2446
1723,1749
1723,2323
1723,2403
1723,1730
1724,2367
1724,2572
1724,2446
1724,2153
1724,2307
1724,1884
1724,1743
1724,2419
1724,2488
1724,2552
1724,2559
1724,1758
1724,2146
1724,2489
1724,2345
1724,2295
1724,2454
1724,1749
1724,2141
1724,2080
1725,2311
1725,2107
1725,1737
1725,1753
1725,1727
1725,2403
1725,2306
1725,2449
1725,2490
1725,2310
1725,2307
1725,2016
1725,2323
1725,2109
1725,2121
1725,1733
1725,1730
1725,2450
1725,1739
1725,2101
1725,2611
1726,1883
1726,1991
1726,2228
1726,2679
1726,2137
1726,2605
1726,2023
1726,2674
1726,2286
1726,2172
1726,1818
1726,2413
1726,1957
1726,1837
1726,2362
1726,2168
1726,2230
1726,2139
1726,2430
1726,2028
1726,1839
1726,2227
1726,1738
1726,2223
1726,2401
1727,2492
1727,2295
1727,2099
1727,2419
1727,1737
1727,1884
1727,1751
1727,2016
1727,1747
1727,2530
1727,1754
1727,2346
1727,2301
1727,2126
1727,2147
1728,2570
1728,2620
1728,2084
1728,2521
1728,1872
1728,2531
1728,1851
1728,1862
1728,2402
1728,2371
1728,1871
1728,2374
1728,2395
1728,2340
1728,2564
1728,2405
1728,2635
1728,2377
1729,2491
1729,2345
1729,2566
1729,2125
1729,2323
1729,2308
1729,1901
1729,2606
1729,2100
1729,2344
1729,2039
1729,1898
1729,2008
1729,2002
1729,2681
1729,2300
1729,2014
1729,1917
1729,2593
1729,2131
1729,2470
1729,2025
1730,2593
1730,2345
1730,2016
1730,2454
1730,2153
1730,1737
1730,2554
1730,2559
1730,1745
1730,2450
1730,2403
1730,2448
1730,1753
1730,2552
1730,1741
1730,2109
1730,1916
1730,2030
1731,2489
1731,1815
1731,2082
1731,1753
1731,2623
1731,2672
1731,2406
1731,2530
1731,2310
1731,2446
1731,1884
1731,2104
1731,2112
1732,2305
1732,2213
1732,2651
1732,1749
1732,1753
1732,1742
1732,2682
1732,2120
1732,2284
1733,2306
1733,2082
1733,2641
1733,2449
1733,2448
1733,2445
1733,1737
1733,2319
1733,2451
1733,2315
1733,2121
1733,2530
1733,1754
1733,2552
1733,1815
1733,2559
1733,1884
1733,2563
1733,2574
1734,2308
1734,2530
1734,2623
1734,2153
1734,2451
1734,2678
1734,1740
1734,2126
1734,1749
1734,2406
1734,2147
1734,2419
1734,2489
1735,2428
1735,2306
1735,2179
1735,2613
1735,1737
1735,2109
1735,2016
1735,2554
1735,2626
1735,1753
1735,2406
1735,2454
1735,2310
1735,2445
1735,2451
1735,1743
1736,2304
1736,1746
1736,2341
1736,2295
1736,2530
1736,2672
1736,1745
1736,2450
1736,2463
1736,1758
1736,2682
1736,2559
1736,2132
1736,1794
1737,2419
1737,2559
1737,2490
1737,2623
1737,2554
1737,2310
1737,2109
1737,2179
1737,2542
1737,2626
1737,1753
1737,2141
1737,2006
1738,2339
1738,2141
1738,2002
1738,1901
1738,2139
1738,1904
1738,1831
1738,1892
1738,2675
1738,2158
1738,1914
1738,2666
1738,2036
1738,1836
1738,2004
1738,1863
1738,2164
1738,2702
1739,2156
1739,1892
1739,1871
1739,1844
1739,2133
1739,2260
1739,1860
1739,2122
1739,2106
1739,2020
1739,2093
1739,2363
1739,2092
1739,2082
1739,2159
1739,2320
1739,1835
1739,2392
1739,2390
1740,2311
1740,2278
1740,2623
1740,1745
1740,2345
1740,2126
1740,2141
1740,2302
1740,2145
1740,2675
1740,2319
1740,1743
1740,2037
1740,2120
1740,2153
1741,1753
1741,2179
1741,2449
1741,2626
1741,2559
1741,2455
1742,2305
1742,2403
1742,2341
1742,2346
1742,2626
1742,2109
1742,2016
1742,1747
1742,2124
1742,2323
1742,2147
1742,2448
1742,2463
1742,2557
1742,2120
1742,2563
1742,2091
1743,2463
1743,2305
1743,2304
1743,2626
1743,2575
1743,2449
1743,1745
1743,1746
1743,2341
1743,2559
1743,2016
1743,2302
1743,2623
1743,2124
1743,1967
1743,2403
1743,2445
1743,2552
1743,2419
1743,1754
1743,2146
1743,2106
1744,2132
1744,1915
1744,2498
1744,1813
1744,1794
1744,2570
1744,2617
1744,2098
1744,2133
1744,2373
1744,2138
1744,2468
1744,2304
1744,2116
1744,2257
1744,1853
1744,2146
1744,2012
1744,1965
1744,2566
1744,2284
1744,1828
1744,2361
1744,2598
1744,2551
1745,2626
1745,2109
1745,1884
1745,2530
1745,1746
1745,2406
1745,2454
1745,2651
1745,2310
1745,2346
1745,2672
1745,1749
1745,2448
1746,2304
1746,1753
1746,2575
1746,2016
1746,2454
1746,2306
1746,1967
1746,1754
1746,2555
1746,2559
1746,2406
1746,2455
1746,2310
1746,2346
1746,2319
1747,2107
1747,2306
1747,2419
1747,2490
1747,2109
1747,2623
1747,2449
1747,2555
1747,2530
1747,2147
1747,2341
1747,1875
1747,2554
1747,2406
1747,2454
1747,2559
1747,2155
1747,2455
1747,1857
1747,2159
1748,2366
1748,2152
1748,2367
1748,2370
1748,1840
1748,2205
1748,2095
1748,2377
1748,2397
1748,2504
1748,2119
1748,2313
1748,2531
1748,2510
1748,1857
1748,2117
1748,2465
1748,2574
1748,2112
1748,2150
1748,2538
1748,2590
1748,2394
1748,2521
1748,1842
1748,2132
1748,2711
1748,1838
1748,2093
1748,1869
1748,2331
1749,2080
1749,2593
1749,1898
1749,2154
1749,2445
1749,2115
1749,2301
1749,2016
1749,2343
1749,2557
1749,2147
1749,2141
1749,2281
1750,2608
1750,2371
1750,2382
1750,2536
1750,2258
1750,2381
1750,2143
1751,2304
1751,2107
1751,2179
1751,2125
1751,2278
1751,2403
1751,2302
1751,2449
1751,1753
1751,2454
1751,2559
1751,2346
1751,2602
1752,2021
1752,1780
1752,2014
1752,2027
1752,2121
1752,2591
1752,1892
1752,2004
1752,2470
1752,1965
1752,2676
1752,2031
1752,2028
1752,2149
1753,2306
1753,1759
1753,2341
1753,2559
1753,2676
1753,2454
1753,2575
1753,2323
1753,2445
1753,2552
1753,2104
1753,2307
1753,2149
1753,2278
1754,1880
1754,2319
1754,1884
1754,2016
1754,2449
1754,2120
1754,2310
1754,2104
1754,2107
1754,2304
1754,2623
1755,2492
1755,1870
1755,2570
1755,2099
1755,2113
1755,1873
1755,2531
1755,1847
1755,2129
1755,2089
1755,2110
1755,2475
1755,1860
1755,1842
1755,2714
1755,2313
1755,2370
1755,2402
1755,1846
1755,2504
1755,2638
1755,2631
1755,1924
1756,2653
1756,2440
1756,1952
1756,1775
1756,2518
1756,1784
1756,2527
1756,1944
1756,2526
1756,2041
1756,2687
1756,1920
1756,2063
1756,1772
1756,1937
1756,2232
1756,2434
1756,1927
1756,2545
1756,1769
1756,1985
1756,1791
1756,1984
1756,2361
1756,1956
1756,2627
1756,1948
1756,2292
1756,1930
1756,2013
1756,2401
1756,1923
1756,2279
1756,2467
1756,1837
1756,1934
1756,1925
1756,2177
1757,1883
1757,1780
1757,2171
1757,2343
1757,2096
1757,1810
1757,1965
1757,1881
1757,1832
1757,2535
1757,1800
1757,1900
1757,2602
1757,1825
1757,1824
1757,1801
1757,2480
1757,2252
1757,2002
1757,2487
1757,1945
1757,1813
1757,2164
1757,2279
1757,2175
1757,2187
1758,2306
1758,2562
1758,1815
1758,2481
1758,2109
1758,2623
1758,2295
1758,2530
1758,2198
1758,2470
1758,2512
1758,2490
1758,2302
1758,2147
1758,1884
1758,2346
1758,2552
1758,2454
1758,2680
1758,2419
1759,2384
1759,1958
1759,1870
1759,2564
1759,2180
1759,1875
1759,2613
1759,2382
1759,1853
1759,1840
1759,2508
1759,1872
1759,2377
1759,1847
1759,1845
1759,1867
1759,2315
1759,1859
1759,2108
1759,2313
1759,1849
1759,1814
1759,2105
1759,2478
1759,2117
1759,1974
1760,1944
1760,1922
1760,2237
1760,2354
1760,2204
1760,1767
1760,2684
1760,1952
1760,2581
1760,2519
1760,1895
1760,2527
1760,2075
1760,1940
1760,2699
1760,2286
1760,1955
1760,2232
1760,2013
1760,2401
1760,1925
1760,2118
1760,2409
1760,2288
1760,2627
1760,2218
1760,2502
1760,1920
1760,2456
1760,1777
1760,2544
1760,2704
1760,2607
1760,1980
1760,1964
1760,2467
1760,1956
1760,2053
1760,2330
1760,1942
1761,2670
1761,2169
1761,2351
1761,2418
1761,2026
1761,1930
1761,2096
1761,2535
1761,2188
1761,2430
1761,2270
1761,2348
1761,2413
1761,2453
1761,1787
1761,2175
1761,2355
1761,2217
1762,2485
1762,2152
1762,2125
1762,2389
1762,2098
1762,2133
1762,2129
1762,2138
1762,2595
1762,2146
1762,1928
1762,2367
1762,2020
1762,2295
1762,2101
1762,2115
1762,2093
1762,1860
1762,2092
1762,1814
1762,2572
1762,2381
1762,2314
1762,1859
1762,2113
1762,2099
1762,1794
1762,2091
1762,1817
1762,1890
1762,2529
1762,2058
1763,2352
1763,2598
1763,2199
1763,2242
1763,1895
1763,2251
1763,2592
1763,1977
1763,2358
1763,1776
1763,2161
1763,2051
1763,1799
1763,2401
1763,2207
1763,2202
1763,1985
1763,2664
1763,2480
1763,1775
1763,1969
1763,2627
1763,2042
1763,2063
1763,1772
1763,2221
1763,2238
1763,2464
1763,1785
1763,1979
1763,2502
1763,1920
1763,2332
1763,2072
1763,2558
1763,2655
1763,1925
1763,2410
1763,2368
1763,1786
1763,2068
1763,2212
1763,2503
1763,1921
1763,2669
1764,2714
1764,2653
1764,2347
1764,2264
1764,2222
1764,2571
1764,2439
1764,2225
1764,2684
1764,1968
1764,1775
1764,2711
1764,2289
1764,2422
1764,2519
1764,1790
1764,2075
1764,2212
1764,2697
1764,1977
1764,2700
1764,2211
1764,1770
1764,2181
1764,2662
1764,1771
1764,1991
1764,2088
1764,2219
1764,2524
1764,2233
1764,2687
1764,2202
1764,2105
1764,2218
1764,2238
1764,2354
1764,2063
1764,2649
1764,1893
1764,2619
1764,2042
1764,1777
1764,1791
1764,2540
1764,2055
1764,1975
1765,2663
1765,2248
1765,2398
1765,1795
1765,1767
1765,1972
1765,2286
1765,2048
1765,2719
1765,2079
1765,2655
1765,2334
1765,1770
1765,1783
1765,2042
1765,2409
1765,1786
1765,1980
1765,1970
1765,1968
1765,2664
1765,1998
1765,2289
1765,2350
1765,1962
1765,2071
1765,1963
1765,1993
1765,1937
1765,2207
1766,2043
1766,2248
1766,2054
1766,2205
1766,2044
1766,1961
1766,1767
1766,1996
1766,2048
1766,1960
1766,1781
1766,2506
1766,2416
1766,2201
1766,2437
1766,2337
1766,2484
1766,2211
1766,2494
1766,2079
1766,1983
1766,2505
1766,2207
1766,2375
1766,2181
1766,2480
1766,2433
1766,2239
1766,2333
1766,1786
1766,2059
1766,1768
1766,2715
1766,1927
1766,2541
1766,2063
1766,1969
1766,1971
1766,1774
1767,2441
1767,2417
1767,2298
1767,2231
1767,2077
1767,1941
1767,1999
1767,2398
1767,2550
1767,1968
1767,2695
1767,2210
1767,2443
1767,1775
1767,2199
1767,2313
1767,1924
1767,2506
1767,2186
1767,1798
1767,2047
1767,2649
1767,1776
1767,2075
1767,2456
1767,2042
1767,1768
1767,1769
1767,2704
1767,2056
1767,2497
1767,2664
1767,2248
1767,2442
1767,1984
1767,2264
1767,1973
1767,2352
1767,1964
1767,2516
1767,2189
1767,1948
1767,2051
1767,2639
1768,2714
1768,2264
1768,2043
1768,1796
1768,2398
1768,2044
1768,2684
1768,2681
1768,1801
1768,2219
1768,2068
1768,2072
1768,2077
1768,1786
1768,2686
1768,2642
1768,2627
1768,2041
1768,1924
1768,2234
1768,2040
1768,2299
1768,1788
1768,1961
1768,1799
1768,2611
1768,2075
1768,1793
1768,2042
1768,1960
1768,2540
1768,2055
1768,1976
1768,1977
1768,1789
1768,1983
1768,2648
1768,1969
1768,2330
1768,2427
1768,2541
1768,1923
1768,2709
1768,1933
1768,2166
1769,2714
1769,2065
1769,2439
1769,2225
1769,1785
1769,2640
1769,2712
1769,2059
1769,2249
1769,1956
1769,2527
1769,2212
1769,2602
1769,1790
1769,2493
1769,1788
1769,1982
1769,2680
1769,2041
1769,1783
1769,2442
1769,2506
1769,2330
1769,2068
1769,2070
1769,2298
1769,2686
1769,2191
1769,2412
1769,1927
1769,2047
1769,1799
1769,1797
1769,2619
1769,2063
1769,1782
1769,2364
1769,1775
1769,2066
1769,1791
1769,1895
1769,1992
1769,2669
1770,2477
1770,2044
1770,2309
1770,2636
1770,2196
1770,2691
1770,2525
1770,2580
1770,2138
1770,2504
1770,2410
1770,2663
1770,1848
1770,1854
1770,1899
1770,2102
1770,2614
1770,2717
1770,1839
1770,2524
1770,2067
1770,2695
1770,2210
1770,2409
1771,2229
1771,1796
1771,2256
1771,2589
1771,1894
1771,1835
1771,2483
1771,1806
1771,2233
1771,2545
1771,2699
1771,2239
1771,2202
1771,2215
1771,2700
1771,1936
1771,2358
1771,2500
1771,2064
1771,2702
1771,2217
1771,1930
1771,2208
1771,2592
1771,1951
1771,2704
1771,1908
1771,2684
1771,2551
1771,2578
1771,2400
1771,1937
1771,2401
1772,2222
1772,2069
1772,1985
1772,2440
1772,2298
1772,2247
1772,2077
1772,2464
1772,2354
1772,1991
1772,1809
1772,2526
1772,2704
1772,2249
1772,2190
1772,2483
1772,2177
1772,2194
1772,2326
1772,1779
1772,2484
1772,2064
1772,1775
1772,2163
1772,2236
1772,2333
1772,1941
1772,2456
1772,2696
1772,1793
1772,2292
1772,2039
1772,2234
1772,2040
1772,2358
1772,2649
1772,1937
1772,1927
1772,2218
1772,2619
1772,2348
1772,2206
1772,2238
1772,1954
1772,2054
1772,1957
1772,2210
1772,1781
1772,1975
1772,1948
1773,2616
1773,2347
1773,2564
1773,2568
1773,2471
1773,2612
1773,2395
1773,2078
1773,1877
1773,1859
1773,2574
1773,2646
1773,2391
1773,2689
1773,1972
1773,2621
1773,2241
1773,2719
1773,2052
1773,2517
1773,2640
1773,2058
1773,2130
1773,1947
1774,2709
1774,2501
1774,2523
1774,2329
1774,2264
1774,2657
1774,2231
1774,2335
1774,2044
1774,1775
1774,2242
1774,2049
1774,1899
1774,1790
1774,2503
1774,2298
1774,2201
1774,2412
1774,1990
1774,2571
1774,1782
1774,1946
1774,2442
1774,2318
1774,2415
1774,1785
1774,2076
1774,2063
1774,2398
1774,2495
1774,2692
1774,2519
1774,1964
1774,1942
1774,2456
1774,1991
1774,2282
1775,2546
1775,2414
1775,1922
1775,2485
1775,2417
1775,2298
1775,2494
1775,2225
1775,2389
1775,1926
1775,2314
1775,1985
1775,2276
1775,2681
1775,1893
1775,2525
1775,1972
1775,2077
1775,1786
1775,2211
1775,2503
1775,1790
1775,2218
1775,2412
1775,2540
1775,2249
1775,2048
1775,1951
1775,2456
1775,2157
1775,2442
1775,2206
1775,2497
1775,1969
1775,2072
1775,1975
1775,2073
1775,1948
1775,1945
1775,2042
1775,2527
1775,1923
1775,2047
1775,2547
1775,2062
1775,2160
1775,2251
1775,2639
1775,2277
1775,2665
1776,2264
1776,1985
1776,2225
1776,1961
1776,2612
1776,2195
1776,2071
1776,2212
1776,1790
1776,1782
1776,2592
1776,2040
1776,1802
1776,2056
1776,1929
1776,2237
1776,1946
1776,2684
1776,1908
1776,2393
1776,2185
1776,2494
1776,2434
1776,2649
1776,2299
1776,1950
1776,2047
1776,2048
1776,1951
1776,1799
1776,1793
1776,2456
1776,2076
1776,2042
1776,2077
1776,1980
1776,1969
1776,2059
1776,1895
1776,1798
1776,1992
1776,2432
1776,1964
1776,2604
1776,2657
1776,2075
1776,2330
1776,1942
1777,2441
1777,2264
1777,2222
1777,1961
1777,2231
1777,1936
1777,2398
1777,2142
1777,2526
1777,2442
1777,2199
1777,2422
1777,2519
1777,2502
1777,2177
1777,2192
1777,1996
1777,1802
1777,2702
1777,2064
1777,1795
1777,1892
1777,1930
1777,2176
1777,2370
1777,1955
1777,2071
1777,2459
1777,1793
1777,2186
1777,1798
1777,1923
1777,2698
1777,1999
1777,2655
1777,1942
1777,2233
1777,2503
1777,1921
1777,1954
1777,2210
1777,1975
1778,2394
1778,2598
1778,2569
1778,2477
1778,2568
1778,2645
1778,2067
1778,2655
1778,2717
1778,2135
1778,2078
1778,2369
1778,2425
1778,1956
1779,2069
1779,2435
1779,2237
1779,2550
1779,2684
1779,1926
1779,2399
1779,2506
1779,1802
1779,2637
1779,2686
1779,2434
1779,1797
1779,1948
1779,2624
1779,2355
1779,2223
1779,2292
1779,1959
1779,1934
1779,1944
1779,2235
1779,2197
1779,1921
1779,2361
1780,2670
1780,2039
1780,2300
1780,1910
1780,1893
1780,2658
1780,2152
1780,2366
1780,2632
1780,1803
1780,1801
1780,1835
1780,2611
1780,2253
1780,2488
1780,2400
1780,2303
1780,1811
1780,2214
1780,2602
1780,1804
1780,2216
1780,1828
1780,1825
1780,1913
1780,2600
1780,2547
1780,1822
1780,2435
1780,1832
1780,2292
1780,2283
1781,2222
1781,2065
1781,1985
1781,2375
1781,1789
1781,2684
1781,2034
1781,2422
1781,1996
1781,2698
1781,2248
1781,2442
1781,2410
1781,1795
1781,2079
1781,1786
1781,2332
1781,2437
1781,2062
1781,2646
1781,2202
1781,2456
1781,2206
1781,2497
1781,2350
1781,1960
1781,2541
1781,2327
1781,2715
1782,1985
1782,2352
1782,2248
1782,2494
1782,2324
1782,1926
1782,2671
1782,1945
1782,2277
1782,1792
1782,2199
1782,2393
1782,2513
1782,2208
1782,2329
1782,1927
1782,2040
1782,2299
1782,2242
1782,1951
1782,1799
1782,2282
1782,2619
1782,2067
1782,2068
1782,2456
1782,2065
1782,2607
1782,2662
1782,1980
1782,1989
1782,2474
1782,2497
1782,2066
1782,1969
1782,1962
1782,2056
1782,1921
1783,2670
1783,2222
1783,1985
1783,1961
1783,2248
1783,2077
1783,2604
1783,1809
1783,1996
1783,1831
1783,2704
1783,2519
1783,2518
1783,2698
1783,2224
1783,2075
1783,1940
1783,2412
1783,2244
1783,1984
1783,2437
1783,2706
1783,2609
1783,2497
1783,2056
1783,2541
1783,2158
1783,2053
1783,2635
1783,2293
1783,2288
1783,1999
1783,2040
1783,2719
1783,2435
1783,1950
1783,1954
1783,2502
1783,1920
1783,1924
1783,2417
1783,1932
1783,2073
1783,2055
1783,1793
1783,1945
1783,2042
1783,2624
1783,2330
1783,1955
1783,1939
1783,2503
1783,1921
1784,2546
1784,2204
1784,2550
1784,1926
1784,2518
1784,2199
1784,1803
1784,2069
1784,2263
1784,2671
1784,1895
1784,2484
1784,2361
1784,2425
1784,2064
1784,2208
1784,2224
1784,2519
1784,2040
1784,1797
1784,2075
1784,1791
1784,2431
1784,2624
1784,2527
1784,1947
1784,1950
1784,1959
1784,1935
1784,2644
1785,2264
1785,1961
1785,2352
1785,1946
1785,2393
1785,2072
1785,2369
1785,2503
1785,2348
1785,2443
1785,2041
1785,2235
1785,1924
1785,2519
1785,1790
1785,1798
1785,2047
1785,1797
1785,2354
1785,2063
1785,2049
1785,2192
1785,1900
1785,1982
1785,1962
1785,2209
1785,2624
1785,1886
1785,2665
1786,2714
1786,2379
1786,1989
1786,2640
1786,2568
1786,2352
1786,2540
1786,2209
1786,1945
1786,2690
1786,1982
1786,2337
1786,2687
1786,2212
1786,2070
1786,2686
1786,2436
1786,2068
1786,1960
1786,2649
1786,2332
1786,2698
1786,2504
1786,2393
1786,2669
1786,2350
1786,2253
1786,2700
1786,1946
1786,2076
1786,2327
1786,2715
1786,2065
1786,1968
1787,2441
1787,1888
1787,2718
1787,2602
1787,1968
1787,2183
1787,2543
1787,2202
1787,1929
1787,2142
1787,2209
1787,2303
1787,2418
1787,2270
1787,2200
1787,2431
1787,1943
1788,2329
1788,1985
1788,2352
1788,2604
1788,2204
1788,1932
1788,2234
1788,2698
1788,2199
1788,2277
1788,2049
1788,2201
1788,2474
1788,2263
1788,2090
1788,2231
1788,2425
1788,1930
1788,1790
1788,2412
1788,2299
1788,2075
1788,2063
1788,2057
1788,1980
1788,2400
1788,2497
1788,2541
1788,2420
1788,2408
1788,1923
1788,2194
1788,1921
1789,2716
1789,2616
1789,2222
1789,2043
1789,1989
1789,2248
1789,2061
1789,2196
1789,2691
1789,2303
1789,2524
1789,2051
1789,2068
1789,2060
1789,2686
1789,2437
1789,2398
1789,2711
1789,2517
1789,1802
1789,2333
1789,2210
1789,2299
1789,2063
1789,1980
1789,2055
1789,1977
1789,2660
1789,2649
1789,1970
1789,1983
1789,1969
1789,1975
1789,2558
1789,2073
1789,2715
1789,1988
1789,2667
1790,2716
1790,2329
1790,1961
1790,2298
1790,1991
1790,2059
1790,2190
1790,2062
1790,2212
1790,2588
1790,2506
1790,2293
1790,1889
1790,1913
1790,2233
1790,2524
1790,2051
1790,2070
1790,1999
1790,2299
1790,2443
1790,2434
1790,2046
1790,1985
1790,1791
1790,2079
1790,1982
1790,2251
1790,1992
1790,2049
1790,1929
1790,2541
1790,2075
1791,2616
1791,2329
1791,2222
1791,2069
1791,2065
1791,2231
1791,2054
1791,2673
1791,2604
1791,1991
1791,2598
1791,2078
1791,2059
1791,1947
1791,2337
1791,2332
1791,2545
1791,2401
1791,2057
1791,2048
1791,2242
1791,2517
1791,2202
1791,2318
1791,2221
1791,1798
1791,1869
1791,1929
1791,2500
1791,2704
1791,2219
1791,2040
1791,2070
1791,2361
1791,2527
1791,2042
1791,2540
1791,2055
1791,1971
1791,2218
1791,2330
1791,1942
1792,2616
1792,2264
1792,1796
1792,2013
1792,2354
1792,2045
1792,1943
1792,2290
1792,2502
1792,2383
1792,1957
1792,1828
1792,2436
1792,1955
1792,2273
1792,2467
1793,2663
1793,2264
1793,2222
1793,2352
1793,2077
1793,2013
1793,2604
1793,1991
1793,2526
1793,1960
1793,2714
1793,2229
1793,2520
1793,2060
1793,2418
1793,1947
1793,1940
1793,2600
1793,2053
1793,2664
1793,2263
1793,1799
1793,1983
1793,2409
1793,2569
1793,2172
1793,2298
1793,2686
1793,2073
1793,2655
1793,2210
1793,2236
1793,2042
1793,1970
1793,1992
1793,1975
1794,2676
1794,2257
1794,1831
1794,2641
1794,2567
1794,2644
1794,2594
1794,2566
1794,2157
1794,2623
1794,2198
1794,2149
1794,2260
1794,1819
1794,2498
1794,2595
1794,2281
1794,2596
1794,2259
1794,2154
1794,2617
1794,1902
1794,2096
1794,1812
1794,2230
1794,2633
1794,1807
1794,2292
1795,2714
1795,2616
1795,2558
1795,2065
1795,2043
1795,1989
1795,2571
1795,2335
1795,1907
1795,2499
1795,1991
1795,1986
1795,2048
1795,1994
1795,1999
1795,2072
1795,2067
1795,2201
1795,2686
1795,2348
1795,2231
1795,2619
1795,2075
1795,1929
1795,2055
1795,1977
1795,2049
1795,2660
1795,2181
1795,2671
1795,2664
1795,2495
1795,2289
1795,2070
1795,1973
1795,1993
1796,2653
1796,2312
1796,1906
1796,1803
1796,2520
1796,2054
1796,2202
1796,1936
1796,2484
1796,2333
1796,2425
1796,2440
1796,2282
1796,2210
1796,2706
1796,2609
1796,1920
1796,2494
1796,2298
1796,2053
1796,1799
1796,2051
1796,2439
1796,1929
1796,1996
1796,2204
1796,2495
1796,2142
1796,2279
1796,1943
1797,2714
1797,2414
1797,2439
1797,1996
1797,2062
1797,1895
1797,2494
1797,2071
1797,2212
1797,2684
1797,2073
1797,2437
1797,2484
1797,2609
1797,2592
1797,2192
1797,2398
1797,2299
1797,2544
1797,2232
1797,1966
1797,2436
1797,2211
1797,1960
1797,2665
1797,2042
1797,2049
1797,2072
1797,1990
1797,1935
1798,2417
1798,2257
1798,2225
1798,2204
1798,2044
1798,2670
1798,1991
1798,2616
1798,2422
1798,2236
1798,2189
1798,2060
1798,2201
1798,1986
1798,2412
1798,2337
1798,2679
1798,2508
1798,2435
1798,2047
1798,2524
1798,2506
1798,1924
1798,2102
1798,2391
1798,2705
1798,1960
1798,2251
1798,2057
1798,2348
1798,2456
1798,1975
1798,2655
1798,2461
1799,2709
1799,2414
1799,2222
1799,2417
1799,2352
1799,1888
1799,2604
1799,2291
1799,2204
1799,1952
1799,2249
1799,1937
1799,2212
1799,2503
1799,2484
1799,2056
1799,2326
1799,2681
1799,2047
1799,1979
1799,2415
1799,2075
1799,2068
1799,2067
1799,2686
1799,1954
1799,2353
1799,2502
1799,1920
1799,1924
1799,2412
1799,1927
1799,2079
1799,2337
1799,2046
1799,2063
1799,2042
1799,2077
1799,1980
1799,1975
1799,1973
1800,2440
1800,2171
1800,2015
1800,2567
1800,2167
1800,2000
1800,2589
1800,2131
1800,2683
1800,1810
1800,1818
1800,1881
1800,2632
1800,2535
1800,2611
1800,1825
1800,1913
1800,1824
1800,2088
1800,1811
1800,2226
1800,2215
1800,1803
1800,2191
1800,2484
1800,2279
1800,2425
1800,2141
1800,2238
1800,1975
1800,2466
1800,2401
1801,2683
1801,1809
1801,2634
1801,2167
1801,2591
1801,1881
1801,2681
1801,2368
1801,1917
1801,1902
1801,1807
1801,2028
1801,2285
1801,2603
1801,1804
1801,2644
1801,1835
1801,2430
1801,2443
1801,1911
1801,2202
1801,2345
1801,2187
1802,2653
1802,2043
1802,1883
1802,2440
1802,2204
1802,1889
1802,1996
1802,1956
1802,2518
1802,2602
1802,2589
1802,2404
1802,2413
1802,1904
1802,2705
1802,2206
1802,2054
1802,1957
1802,1947
1802,2230
1802,2202
1802,2239
1802,2627
1802,2484
1802,1828
1802,1881
1802,2263
1802,2056
1802,1991
1802,2282
1802,2057
1802,2662
1802,1930
1803,2631
1803,2236
1803,1956
1803,1836
1803,1941
1803,1817
1803,1902
1803,2003
1803,2023
1803,2226
1803,1812
1803,2227
1803,2535
1803,2718
1803,2650
1803,2012
1803,2303
1803,1833
1803,2328
1803,1825
1803,1913
1803,2600
1803,1824
1803,1903
1803,1806
1803,2368
1803,2659
1803,1881
1803,2172
1804,2631
1804,2171
1804,2683
1804,2464
1804,2634
1804,2487
1804,2629
1804,2591
1804,1811
1804,2204
1804,2592
1804,2267
1804,1813
1804,2470
1804,2525
1804,2158
1804,2209
1804,2227
1804,1917
1804,1838
1804,1909
1804,2718
1804,2506
1804,1827
1804,2603
1804,1822
1804,1806
1804,2706
1804,1833
1804,1914
1804,1824
1804,2168
1804,1832
1805,1941
1805,2683
1805,1823
1805,2327
1805,2600
1805,2197
1805,2702
1805,2659
1805,2252
1805,1906
1805,1832
1805,2193
1805,2285
1805,2697
1805,2650
1805,2500
1805,2359
1805,2511
1805,1900
1805,2718
1805,2168
1805,2653
1805,2606
1805,2230
1805,2592
1805,2488
1805,2535
1805,1819
1806,1941
1806,2173
1806,1926
1806,2625
1806,2502
1806,1957
1806,2602
1806,1811
1806,1900
1806,1835
1806,1881
1806,2453
1806,2383
1806,2092
1806,2131
1806,1883
1806,2659
1806,2252
1806,2226
1806,1838
1806,1832
1806,1836
1806,1833
1806,1913
1806,1825
1806,2254
1806,1818
1806,1991
1806,2088
1806,2209
1806,2219
1806,2203
1806,2009
1806,2285
1806,2037
1806,2718
1806,2600
1806,1824
1806,2184
1806,2491
1806,1812
1806,1965
1806,2487
1807,2248
1807,2598
1807,2625
1807,2491
1807,2200
1807,1815
1807,2591
1807,1894
1807,2600
1807,2018
1807,2261
1807,1914
1807,1817
1807,2488
1807,1908
1807,1887
1807,2368
1807,1832
1807,1907
1807,2444
1807,1902
1807,2254
1807,2644
1807,2256
1807,1846
1807,2658
1807,1857
1807,2260
1807,2486
1807,1904
1807,2259
1807,1819
1807,1881
1807,2694
1807,1821
1807,2597
1807,2614
1807,1892
1807,2183
1807,2239
1807,2609
1808,2604
1808,2351
1808,2205
1808,2226
1808,2237
1808,2625
1808,2158
1808,2578
1808,1899
1808,2602
1808,2547
1808,1981
1808,2680
1808,1813
1808,2504
1808,1811
1808,1908
1808,2005
1808,1839
1808,2252
1808,1812
1808,2303
1808,2452
1808,2064
1808,2361
1808,2208
1808,1883
1808,2174
1808,2362
1808,2459
1808,1830
1808,2223
1809,2714
1809,2523
1809,2222
1809,1883
1809,2545
1809,2231
1809,2683
1809,1943
1809,2397
1809,2066
1809,2298
1809,2201
1809,1813
1809,2383
1809,2190
1809,2500
1809,2414
1809,2705
1809,2511
1809,2220
1809,2702
1809,2217
1809,2185
1809,2282
1809,2526
1809,2235
1809,2204
1809,2592
1809,1833
1809,1930
1809,2609
1809,2150
1809,2053
1809,2412
1809,2422
1809,2662
1809,2497
1809,2275
1809,2628
1810,1889
1810,2236
1810,2022
1810,1835
1810,2147
1810,2680
1810,2397
1810,2443
1810,2618
1810,2605
1810,2588
1810,1812
1810,2453
1810,2093
1810,2718
1810,2703
1810,2547
1810,2629
1810,2285
1810,2543
1810,2184
1810,2005
1811,2205
1811,2235
1811,2226
1811,2632
1811,2618
1811,2165
1811,2602
1811,2600
1811,2287
1811,2093
1811,2103
1811,2368
1811,2198
1811,1917
1811,2596
1811,2362
1811,2274
1811,2718
1811,2253
1811,2426
1811,2487
1811,1823
1811,2694
1811,1918
1811,2547
1811,1813
1811,2484
1811,2609
1811,2269
1811,2605
1811,2404
1812,2229
1812,2011
1812,2226
1812,2644
1812,2591
1812,2362
1812,1930
1812,2131
1812,2487
1812,2411
1812,2605
1812,2252
1812,2595
1812,2480
1812,2142
1812,2239
1812,2381
1812,2491
1812,2200
1812,2694
1812,1918
1812,2635
1812,2227
1812,1839
1812,2088
1812,2718
1812,2216
1812,1828
1812,1825
1812,2600
1812,1824
1812,1826
1812,2567
1812,2276
1812,2206
1812,1837
1813,2222
1813,2439
1813,2216
1813,1889
1813,1823
1813,2519
1813,2500
1813,2589
1813,1835
1813,1902
1813,1908
1813,2173
1813,2650
1813,2206
1813,2227
1813,2220
1813,2217
1813,2282
1813,2210
1813,2318
1813,2669
1813,1939
1814,2365
1814,2385
1814,1870
1814,1853
1814,2532
1814,2372
1814,2387
1814,2371
1814,2570
1814,2473
1814,1873
1814,2134
1814,1843
1814,1867
1814,2608
1814,2101
1814,2472
1814,2521
1814,2133
1814,2620
1814,2537
1814,1851
1814,2322
1814,2396
1814,2616
1814,2695
1814,2510
1814,2219
1815,2492
1815,2561
1815,2311
1815,2015
1815,2342
1815,2631
1815,2126
1815,2447
1815,2083
1815,2317
1815,2153
1815,2481
1815,2307
1815,2149
1815,2682
1815,2560
1815,2553
1815,2678
1815,2566
1815,2017
1815,2009
1815,2001
1815,2680
1815,2200
1815,2483
1816,1888
1816,2274
1816,2131
1816,2280
1816,2267
1816,2188
1816,2424
1816,2268
1816,2582
1816,2515
1816,2584
1817,2463
1817,2011
1817,1891
1817,2014
1817,1892
1817,2562
1817,1837
1817,2030
1817,1820
1817,2008
1817,2003
1817,2300
1817,2028
1817,1880
1817,2001
1817,1818
1817,1832
1818,2694
1818,1883
1818,2486
1818,2511
1818,2200
1818,1957
1818,1836
1818,2413
1818,2262
1818,2591
1818,2052
1818,2164
1818,2266
1818,2008
1818,2197
1818,2100
1818,2003
1818,1950
1818,2646
1818,2154
1818,2328
1818,2673
1818,2285
1818,2276
1818,2168
1818,2185
1819,2523
1819,2011
1819,2683
1819,2428
1819,2342
1819,2511
1819,2481
1819,2086
1819,2595
1819,2112
1819,2159
1819,2204
1819,2301
1819,2030
1819,2003
1819,2483
1819,1901
1819,1898
1819,2562
1819,2368
1819,1917
1819,2104
1819,1910
1819,2679
1819,1908
1819,1887
1819,2200
1819,1909
1819,2259
1819,1893
1819,1890
1819,2033
1819,1835
1819,2253
1819,1894
1819,1902
1820,2676
1820,2021
1820,2631
1820,2666
1820,2278
1820,1882
1820,2136
1820,2039
1820,2674
1820,2017
1820,2009
1820,2675
1820,2096
1820,1837
1820,2011
1820,2205
1820,2200
1820,2303
1820,1826
1820,2606
1821,2132
1821,1891
1821,2570
1821,2470
1821,2276
1821,2256
1821,2131
1821,2088
1821,2227
1821,2634
1821,2200
1821,2488
1821,2603
1821,2303
1821,1836
1821,1918
1821,2659
1821,2233
1821,2060
1821,2261
1821,2252
1821,2042
1821,1911
1822,1919
1822,2375
1822,2152
1822,2673
1822,2382
1822,2545
1822,1945
1822,2553
1822,1857
1822,2036
1822,2011
1822,2205
1822,2353
1822,2256
1822,1910
1822,1909
1822,2259
1822,2131
1822,1837
1822,1883
1822,1881
1822,2227
1822,1830
1822,2426
1822,1825
1822,1824
1822,2480
1822,2252
1822,1826
1822,2694
1822,1918
1822,2303
1822,2206
1822,2233
1822,2535
1822,2661
1822,1833
1822,2706
1822,2208
1822,2040
1823,2486
1823,2204
1823,2498
1823,2597
1823,2261
1823,2103
1823,1909
1823,2259
1823,2654
1823,1837
1823,2591
1823,1965
1823,2644
1823,2718
1823,1900
1823,1865
1823,2253
1823,2426
1823,2328
1823,1838
1823,2226
1823,1825
1823,2252
1823,1826
1823,2487
1823,2088
1823,2280
1823,2589
1823,2096
1823,2177
1823,2348
1824,1922
1824,2486
1824,2171
1824,2604
1824,2464
1824,2226
1824,2634
1824,2190
1824,2591
1824,2598
1824,2592
1824,2488
1824,1906
1824,2012
1824,2483
1824,2328
1824,2020
1824,2285
1824,1965
1824,2063
1824,2361
1824,2036
1824,2219
1824,1839
1824,1862
1824,2269
1824,2088
1824,2023
1824,2605
1824,2184
1825,1922
1825,2567
1825,2234
1825,2169
1825,2065
1825,1968
1825,2054
1825,2487
1825,2683
1825,2198
1825,1898
1825,2462
1825,2488
1825,2226
1825,1838
1825,1913
1825,2255
1825,2012
1825,2303
1825,1885
1825,2200
1825,2718
1825,2253
1825,2483
1825,1828
1825,2500
1825,1918
1825,1904
1825,2328
1825,2317
1825,1929
1825,2220
1825,2461
1826,2677
1826,2428
1826,2216
1826,2487
1826,2629
1826,2172
1826,1837
1826,2418
1826,1836
1826,2033
1826,2227
1826,2511
1826,1832
1826,1909
1826,2596
1826,2005
1826,2480
1826,2285
1826,1913
1826,2611
1826,2718
1826,2226
1826,1838
1826,1833
1826,2183
1826,2434
1826,2046
1826,2198
1826,2586
1827,1914
1827,2140
1827,2054
1827,1943
1827,1932
1827,2578
1827,2646
1827,2156
1827,2498
1827,2673
1827,1897
1827,2133
1827,2487
1827,2342
1827,2588
1827,1909
1827,2018
1827,2603
1827,2303
1827,1910
1827,1889
1827,2233
1827,2191
1827,2217
1828,2222
1828,1941
1828,2435
1828,2205
1828,2155
1828,2483
1828,1932
1828,2514
1828,2158
1828,2596
1828,2024
1828,1832
1828,2705
1828,2679
1828,2200
1828,1909
1828,2227
1828,1839
1828,1934
1828,2597
1828,1904
1828,2002
1828,1898
1829,2670
1829,2118
1829,2496
1829,2628
1829,1952
1829,2516
1829,2484
1829,2326
1829,2420
1829,2643
1829,2577
1829,2144
1829,2191
1829,2618
1829,2170
1829,2459
1829,2036
1829,2176
1829,2174
1829,2457
1829,2551
1830,2523
1830,2069
1830,1891
1830,2673
1830,2464
1830,1889
1830,2160
1830,2625
1830,2022
1830,2164
1830,2362
1830,2326
1830,2025
1830,2591
1830,2300
1830,1903
1830,2644
1830,2256
1830,2154
1830,2259
1830,2344
1830,1887
1830,2284
1830,1909
1830,2156
1830,2253
1830,2488
1830,2650
1830,2368
1830,2328
1830,2597
1830,2633
1830,2480
1830,2680
1830,2609
1831,1914
1831,2683
1831,2464
1831,2216
1831,1974
1831,2260
1831,2468
1831,2115
1831,2521
1831,2036
1831,1901
1831,2597
1831,1917
1831,1897
1831,1910
1831,2103
1831,1908
1831,1905
1831,2358
1831,2261
1831,1894
1831,1904
1831,2633
1831,1893
1831,2661
1831,1906
1831,2120
1831,2605
1831,1898
1831,2286
1831,1881
1831,2611
1831,2368
1831,2288
1831,2169
1831,2227
1832,2694
1832,2015
1832,1891
1832,2213
1832,2644
1832,2634
1832,2591
1832,2413
1832,2349
1832,2252
1832,2079
1832,2600
1832,2227
1832,2139
1832,2444
1832,2486
1832,2400
1832,2457
1832,2152
1832,2659
1832,2368
1832,1907
1832,2253
1832,2487
1832,2483
1832,2362
1832,2226
1832,2216
1832,2096
1832,2208
1832,2175
1833,2694
1833,2203
1833,2013
1833,2216
1833,2213
1833,2526
1833,2634
1833,2200
1833,1892
1833,1881
1833,2252
1833,2033
1833,2227
1833,2322
1833,2380
1833,2641
1833,2544
1833,2488
1833,2003
1833,2096
1833,2683
1833,1838
1833,2650
1833,2426
1833,2311
1833,2602
1833,2214
1833,2219
1833,1913
1833,2547
1833,2662
1834,2676
1834,2021
1834,2556
1834,2015
1834,2027
1834,2014
1834,2634
1834,2129
1834,2631
1834,2146
1834,2039
1834,2255
1834,2031
1834,2030
1834,2276
1834,2228
1834,2254
1835,2694
1835,1883
1835,1888
1835,2673
1835,2173
1835,2044
1835,2234
1835,2629
1835,2483
1835,1900
1835,2591
1835,2096
1835,1881
1835,1936
1835,2227
1835,2488
1835,2650
1835,2328
1835,1913
1835,2487
1835,2348
1835,2184
1835,2275
1836,2486
1836,2226
1836,2566
1836,2511
1836,2483
1836,2137
1836,2256
1836,2154
1836,2633
1836,1893
1836,2225
1836,2578
1836,1839
1836,2227
1836,2253
1836,2303
1836,2634
1836,1913
1836,2015
1836,1918
1836,2703
1836,2182
1836,2131
1836,2602
1836,2699
1836,2266
1836,2175
1837,2351
1837,2632
1837,2268
1837,2017
1837,2300
1837,2096
1837,2629
1837,2605
1837,2023
1837,2285
1837,1891
1837,2198
1837,1913
1837,1918
1837,2659
1837,2185
1837,1838
1837,2420
1837,2234
1838,2694
1838,2421
1838,2567
1838,2235
1838,1905
1838,2644
1838,2362
1838,2172
1838,2680
1838,2154
1838,2397
1838,2262
1838,1961
1838,2252
1838,2632
1838,2535
1838,2596
1838,2488
1838,2003
1838,2629
1838,2673
1838,1887
1838,2718
1838,1901
1838,2704
1838,1913
1838,2286
1838,2480
1838,2602
1838,2544
1838,2191
1838,2516
1838,2137
1838,2430
1838,2284
1838,2090
1839,1919
1839,2486
1839,1891
1839,2134
1839,2027
1839,2634
1839,1900
1839,2362
1839,2267
1839,2017
1839,2426
1839,2254
1839,1965
1839,1903
1839,2483
1839,1901
1839,2715
1840,2492
1840,2007
1840,2321
1840,2095
1840,2100
1840,2446
1840,1844
1840,2205
1840,2590
1840,1851
1840,1867
1840,2061
1840,2608
1840,1928
1840,2595
1840,2110
1840,1842
1840,2695
1840,2101
1840,2392
1840,1875
1840,2322
1840,2477
1840,2376
1841,2492
1841,2695
1841,2622
1841,2534
1841,1862
1841,1853
1841,1842
1841,2472
1841,2083
1841,2099
1842,2570
1842,2557
1842,2373
1842,1853
1842,2572
1842,2214
1842,2320
1842,2702
1842,2507
1842,2074
1842,1915
1842,2303
1842,2478
1842,2531
1842,1855
1842,2539
1842,2528
1842,1849
1842,2370
1842,2537
1842,2322
1842,1846
1842,2479
1842,2614
1842,2492
1842,1910
1842,2218
1842,2565
1842,1912
1842,1890
1843,1870
1843,1865
1843,2387
1843,2180
1843,2507
1843,2537
1843,1850
1843,1859
1843,2084
1843,2472
1843,2580
1843,2074
1843,2081
1843,2469
1843,2531
1843,1871
1843,2378
1843,1845
1843,2427
1843,1851
1843,2532
1843,2528
1843,2111
1843,2402
1843,2499
1844,1865
1844,2385
1844,1867
1844,1874
1844,1896
1844,1878
1844,2445
1844,1856
1844,2534
1844,1855
1844,1847
1844,2387
1844,2128
1844,1868
1844,2100
1844,2376
1844,2533
1844,2415
1844,2569
1845,2385
1845,1875
1845,2245
1845,2701
1845,1874
1845,2538
1845,2521
1845,1855
1845,1867
1845,2061
1845,2510
1845,2377
1845,2469
1845,2514
1845,2143
1846,1875
1846,2390
1846,1905
1846,1874
1846,2125
1846,2369
1846,2317
1846,1892
1846,2373
1846,2482
1846,2091
1846,2507
1846,2159
1846,2320
1846,2710
1846,1861
1846,2564
1846,2370
1846,2117
1846,2529
1846,2110
1846,1862
1846,2521
1846,2133
1846,2573
1846,2104
1846,2134
1846,1854
1846,2112
1846,2475
1846,2081
1846,2312
1846,2363
1847,2395
1847,1874
1847,2382
1847,1873
1847,2321
1847,1870
1847,2386
1847,2111
1847,1917
1847,2510
1847,2081
1847,2469
1847,2473
1847,1871
1847,1849
1847,2508
1847,2312
1847,1854
1847,1877
1847,2374
1847,2615
1847,2531
1848,1958
1848,2564
1848,2580
1848,1928
1848,2514
1848,2708
1848,2536
1848,2381
1848,2478
1848,2532
1848,2392
1848,1953
1848,2396
1848,2374
1848,2395
1848,2652
1848,2711
1848,2315
1848,2472
1848,2221
1848,2497
1849,2492
1849,2615
1849,1874
1849,2455
1849,1873
1849,2385
1849,2472
1849,2240
1849,2508
1849,2572
1849,2392
1849,1924
1849,1974
1849,2473
1849,2590
1849,2377
1849,2322
1849,1851
1849,2652
1849,2133
1849,2405
1849,2372
1849,1945
1849,1869
1849,2465
1849,2532
1850,2695
1850,2365
1850,2374
1850,2620
1850,2377
1850,2095
1850,1868
1850,2701
1850,2478
1850,2340
1850,1858
1850,1878
1850,2528
1850,2415
1850,2391
1850,2532
1850,2241
1850,2369
1850,2053
1851,2384
1851,2385
1851,1875
1851,2180
1851,2374
1851,1867
1851,2620
1851,2373
1851,1853
1851,1872
1851,1858
1851,2214
1851,2505
1851,2378
1851,1876
1851,1931
1851,2392
1851,1974
1851,2312
1851,2510
1851,2314
1851,2074
1851,1871
1851,2533
1851,2710
1852,2087
1852,1861
1852,2608
1852,2372
1852,2159
1852,2320
1852,1874
1852,2240
1852,1893
1853,1865
1853,2564
1853,1856
1853,1876
1853,1871
1853,1862
1853,1861
1853,2479
1853,2108
1853,2465
1853,2128
1853,2371
1854,1875
1854,2382
1854,2086
1854,1878
1854,2402
1854,2513
1854,2472
1854,2528
1854,2532
1854,2159
1854,1876
1854,1856
1854,2564
1854,1864
1854,1871
1854,2246
1854,1858
1854,1928
1854,2378
1854,2638
1854,1862
1854,2055
1854,1899
1854,2093
1854,2390
1854,2492
1854,2104
1854,2119
1854,2313
1854,2410
1854,1860
1854,2312
1854,2591
1854,1912
1854,2106
1854,2614
1854,2074
1854,2622
1855,2372
1855,2398
1855,2365
1855,2479
1855,1872
1855,2528
1855,2508
1855,2514
1855,2392
1855,2240
1855,1953
1855,2086
1855,2377
1855,1871
1855,1874
1855,2322
1855,2084
1855,2521
1856,1875
1856,2683
1856,2615
1856,2095
1856,2386
1856,2472
1856,2539
1856,2159
1856,2377
1856,2371
1856,2023
1856,1874
1856,2322
1856,2638
1856,2564
1856,2395
1856,2701
1856,2570
1856,2473
1856,2533
1856,2396
1856,2020
1856,2408
1857,1865
1857,2385
1857,2315
1857,1859
1857,2386
1857,2521
1857,2133
1857,2679
1857,2148
1857,2505
1857,2377
1857,1928
1857,2573
1857,1861
1857,1896
1857,2155
1857,2438
1857,2570
1857,2615
1857,2574
1857,2105
1857,2405
1857,2081
1858,2372
1858,2387
1858,2365
1858,1867
1858,1915
1858,2086
1858,1878
1858,2367
1858,2521
1858,2402
1858,2525
1858,2159
1858,2478
1858,1871
1858,2390
1858,2134
1858,2371
1858,2110
1858,2078
1858,2385
1858,2533
1858,2380
1858,2396
1858,2258
1858,1963
1859,2365
1859,2570
1859,2095
1859,1861
1859,1872
1859,1877
1859,2510
1859,2112
1859,2094
1859,2367
1859,2390
1859,2573
1859,2089
1859,2574
1859,2614
1859,1875
1859,2465
1859,1878
1859,2402
1859,2499
1859,2214
1859,2364
1859,2391
1859,2615
1859,2130
1860,2152
1860,1879
1860,2599
1860,2114
1860,2084
1860,1928
1860,2146
1860,2117
1860,2710
1860,2089
1860,2574
1860,1885
1861,2492
1861,2568
1861,2452
1861,1958
1861,2314
1861,1863
1861,2156
1861,1972
1861,2159
1861,2608
1861,2122
1861,2371
1861,2564
1861,2370
1861,1878
1861,2363
1861,2094
1861,2084
1861,2529
1861,2366
1861,1953
1861,2319
1861,2328
1861,2282
1861,2381
1861,1993
1862,2119
1862,1867
1862,1957
1862,2074
1862,1875
1862,2392
1862,2110
1862,2533
1862,2510
1862,2479
1862,2371
1862,1876
1862,1865
1863,1919
1863,2132
1863,2136
1863,2381
1863,2139
1863,2009
1863,2599
1863,1898
1863,2256
1863,2198
1863,2680
1863,1908
1863,2646
1863,2670
1863,1894
1863,2633
1863,2658
1863,1902
1863,1905
1863,2293
1863,2673
1863,2362
1863,1957
1863,2103
1863,2303
1864,2384
1864,2387
1864,2315
1864,1865
1864,2320
1864,2708
1864,2638
1864,2133
1864,2482
1864,2386
1864,2508
1864,2537
1864,2246
1864,2159
1864,2258
1864,2392
1864,2087
1864,2475
1864,2376
1864,2473
1864,2608
1864,2108
1864,2465
1865,1871
1865,1868
1865,2472
1865,2125
1865,1872
1865,2570
1865,2615
1865,2370
1865,2312
1865,2652
1865,2372
1866,2630
1866,2316
1866,2102
1866,2072
1867,1875
1867,1871
1867,2590
1867,2510
1867,1877
1867,1974
1867,2387
1867,2405
1867,2372
1867,2320
1867,2573
1867,2365
1867,2536
1867,2246
1867,2574
1867,2380
1867,2415
1867,2473
1868,2321
1868,2591
1868,1879
1868,1873
1868,2385
1868,2386
1868,2365
1868,2638
1868,2214
1868,2679
1868,2508
1868,2652
1868,2086
1868,2377
1868,2510
1868,2564
1868,2370
1868,2378
1868,2367
1868,1979
1868,2479
1868,2473
1868,1914
1868,2098
1868,2387
1868,2533
1868,1890
1868,2660
1869,2568
1869,2390
1869,2134
1869,1872
1869,2532
1869,1955
1869,2376
1869,2074
1869,1953
1869,2087
1869,2378
1869,2475
1869,2371
1869,2565
1869,2396
1869,2093
1869,2614
1869,2380
1869,2394
1869,2068
1870,2372
1870,2316
1870,1873
1870,2472
1870,2371
1870,2514
1870,1953
1870,2402
1870,2240
1870,2312
1870,2365
1870,2074
1870,2719
1871,2384
1871,2245
1871,2483
1871,2372
1871,2636
1871,1873
1871,1878
1871,2532
1871,2074
1871,2378
1871,1876
1871,2476
1871,2465
1871,2322
1871,2340
1871,2570
1871,1874
1871,2084
1871,2472
1872,2486
1872,2315
1872,2608
1872,1874
1872,2061
1872,2111
1872,2316
1872,2214
1872,2087
1872,2580
1872,2531
1872,2112
1872,2372
1872,2376
1872,1878
1872,2465
1872,2396
1873,2372
1873,2568
1873,2385
1873,2315
1873,2125
1873,2386
1873,2322
1873,2377
1873,2590
1873,2084
1873,2472
1873,2371
1873,2510
1873,2598
1873,1974
1873,2476
1873,2387
1873,2112
1873,2087
1873,2572
1873,2514
1873,2708
1873,1891
1873,2376
1873,2473
1873,2402
1873,2074
1873,1907
1873,2391
1874,2564
1874,2322
1874,2469
1874,2246
1874,2472
1874,2371
1874,1882
1874,2574
1874,2570
1874,2376
1874,2473
1874,2465
1874,2074
1874,2654
1874,2608
1874,2317
1874,2590
1874,2299
1875,2477
1875,2385
1875,2360
1875,1876
1875,2315
1875,2133
1875,2472
1875,2317
1875,2095
1875,2128
1875,2367
1875,2086
1875,2514
1875,2534
1875,2243
1875,2245
1875,2402
1875,1878
1876,2492
1876,2374
1876,2134
1876,2608
1876,2125
1876,2373
1876,1878
1876,2041
1876,2652
1876,1912
1876,2322
1876,2382
1876,2371
1876,2405
1876,2243
1876,2112
1876,2574
1876,2465
1876,2408
1876,2499
1876,2219
1877,2387
1877,2157
1877,2402
1877,2245
1877,2531
1877,2408
1877,2322
1877,2538
1877,2104
1877,2360
1877,2365
1877,1878
1878,2507
1878,2528
1878,2321
1878,2590
1878,1974
1878,2245
1878,2536
1878,2376
1878,2143
1878,2365
1878,2614
1878,2246
1878,1953
1878,2402
1878,2322
1878,2380
1878,1979
1878,2391
1878,2638
1879,2372
1879,2360
1879,2514
1879,1931
1879,2321
1879,2386
1879,1974
1879,2151
1879,2378
1879,2074
1880,2136
1880,2037
1880,2556
1880,2030
1880,1903
1880,1893
1880,2003
1880,2285
1880,2611
1880,2488
1881,2631
1881,2257
1881,2155
1881,2634
1881,2511
1881,2625
1881,2483
1881,2216
1881,2022
1881,2591
1881,2697
1881,1937
1881,2024
1881,1909
1881,2035
1881,2617
1881,2362
1881,2165
1881,1898
1881,2488
1881,1965
1881,1894
1881,2088
1881,1918
1881,2659
1881,2563
1881,2535
1881,2333
1881,2037
1881,2284
1881,2187
1882,1919
1882,2140
1882,1884
1882,2317
1882,2100
1882,2081
1882,2128
1882,2038
1882,2507
1882,2094
1882,2343
1882,1912
1882,2099
1882,2336
1882,2020
1882,2089
1882,2672
1882,2381
1882,2475
1882,2108
1882,2105
1882,2370
1882,2679
1882,2093
1882,2259
1882,1910
1883,2641
1883,2154
1883,2114
1883,2033
1883,2254
1883,2171
1883,2200
1883,2650
1883,2303
1883,1941
1883,2426
1883,2602
1883,2600
1883,1913
1883,1965
1883,2547
1883,2487
1883,2694
1883,2185
1883,2661
1883,2430
1883,2700
1883,2361
1883,2220
1883,2208
1883,2235
1883,2142
1884,2556
1884,2151
1884,2257
1884,2082
1884,2319
1884,2307
1884,2016
1884,2575
1884,2323
1884,1967
1884,2306
1884,2403
1884,2098
1885,2489
1885,2379
1885,1914
1885,1932
1885,2567
1885,2342
1885,2124
1885,2099
1885,2158
1885,2150
1885,1899
1885,2464
1885,2261
1885,2498
1885,2679
1885,2680
1885,2001
1885,2597
1885,1953
1885,2094
1885,2259
1885,1893
1885,1898
1885,2286
1885,1889
1885,2253
1886,2716
1886,2394
1886,2043
1886,2294
1886,1960
1886,2067
1886,2692
1886,2655
1886,2436
1886,1984
1886,1977
1886,2541
1886,2056
1886,2432
1886,2668
1886,1963
1887,2011
1887,2683
1887,2257
1887,2641
1887,2157
1887,2625
1887,2483
1887,2150
1887,2261
1887,1906
1887,1915
1887,2400
1887,2093
1887,1917
1887,2633
1887,2259
1887,1893
1887,2444
1887,2155
1887,2339
1887,1902
1887,2315
1888,2440
1888,2426
1888,2206
1888,2168
1888,2430
1888,2164
1888,2349
1888,2543
1888,2249
1888,2279
1888,2225
1888,2429
1888,2420
1888,2178
1888,2187
1888,2173
1888,2628
1888,2189
1888,2045
1889,2485
1889,2142
1889,2122
1889,2106
1889,2368
1889,1917
1889,2486
1889,2680
1889,1908
1889,2617
1889,2661
1889,1902
1889,2683
1889,2634
1889,2511
1889,2694
1889,2112
1889,1918
1889,2157
1889,2048
1889,2066
1889,2190
1889,2592
1889,2047
1889,2696
1889,2548
1890,2507
1890,2213
1890,2320
1890,2416
1890,2438
1890,2386
1890,2240
1890,2092
1890,2541
1890,2314
1890,2102
1890,2710
1890,2599
1890,2139
1890,2400
1890,2366
1891,2011
1891,2123
1891,2031
1891,2030
1891,2681
1891,2228
1891,2028
1891,2005
1891,2139
1891,2153
1891,2255
1891,2015
1891,2288
1891,2300
1891,2142
1892,2491
1892,2035
1892,2314
1892,1899
1892,1901
1892,2308
1892,2599
1892,2366
1892,1914
1892,2205
1892,2300
1892,2140
1892,1911
1892,2259
1892,2464
1892,2658
1892,2525
1892,2198
1892,1907
1892,2368
1892,2611
1892,2303
1892,2641
1892,2544
1892,2699
1893,2180
1893,2593
1893,2082
1893,2567
1893,1905
1893,2314
1893,2654
1893,2600
1893,2367
1893,1897
1893,2680
1893,2498
1893,2525
1893,1906
1893,1910
1893,2641
1893,2447
1893,2544
1893,2079
1893,2661
1893,2444
1893,2408
1893,2468
1893,1928
1893,2426
1893,2141
1893,2679
1893,1903
1894,2491
1894,2464
1894,2567
1894,2634
1894,2180
1894,2083
1894,2606
1894,2150
1894,2602
1894,2228
1894,2599
1894,2126
1894,2138
1894,2595
1894,2146
1894,2597
1894,2598
1894,1908
1894,1906
1894,2633
1894,1902
1894,2680
1894,1904
1894,2177
1894,2718
1894,2594
1894,2303
1894,2480
1894,2591
1894,2397
1894,2589
1894,2104
1894,2219
1894,2517
1894,2263
1894,2064
1894,2221
1894,2516
1895,2486
1895,2435
1895,2684
1895,2422
1895,1926
1895,2704
1895,2186
1895,2072
1895,1956
1895,2279
1895,2202
1895,2687
1895,2220
1895,2210
1895,2208
1895,2609
1895,1981
1895,2333
1895,2624
1895,2488
1895,2160
1895,2548
1895,2401
1895,2439
1896,1958
1896,2119
1896,2673
1896,2390
1896,2104
1896,2677
1896,2386
1896,2347
1896,2595
1896,2367
1896,2115
1896,2565
1896,2281
1896,2117
1896,2116
1896,2573
1896,2370
1896,2478
1896,2473
1896,2465
1896,2679
1896,2102
1896,2607
1897,1919
1897,2507
1897,2428
1897,2152
1897,2027
1897,2641
1897,2155
1897,2594
1897,2625
1897,2654
1897,2425
1897,2464
1897,2226
1897,2129
1897,2146
1897,2158
1897,2008
1897,1903
1897,1898
1897,2487
1897,2259
1897,2154
1897,2132
1897,2617
1897,2661
1897,1902
1897,2589
1897,1910
1897,1909
1897,2611
1897,2135
1897,2211
1897,2198
1898,1919
1898,1914
1898,2365
1898,2641
1898,2654
1898,2362
1898,2317
1898,2428
1898,2338
1898,2553
1898,2281
1898,2486
1898,2470
1898,2132
1898,2008
1898,2597
1898,1908
1898,2261
1898,2633
1898,2594
1898,2154
1898,2216
1898,2397
1898,2308
1899,1914
1899,2673
1899,2439
1899,2257
1899,2234
1899,2157
1899,2689
1899,2671
1899,2519
1899,2475
1899,2105
1899,2589
1899,2156
1899,1915
1899,2400
1899,2067
1899,2706
1899,2333
1899,1968
1900,2216
1900,2526
1900,2195
1900,2634
1900,2629
1900,2126
1900,2718
1900,2650
1900,2602
1900,1913
1900,2480
1900,2397
1900,1903
1900,2659
1900,2303
1900,2206
1900,2096
1900,2443
1900,2502
1900,2503
1900,2046
1900,2063
1900,1977
1900,2401
1900,1947
1901,2011
1901,1919
1901,2485
1901,2464
1901,2213
1901,2152
1901,2155
1901,2566
1901,1915
1901,2632
1901,2625
1901,2591
1901,2150
1901,2007
1901,2589
1901,2530
1901,2498
1901,2595
1901,2363
1901,2602
1901,2599
1901,2159
1901,2256
1901,2089
1901,2261
1901,1909
1901,2123
1901,2468
1901,2004
1901,1918
1901,2342
1901,2425
1901,2039
1902,2054
1902,2452
1902,2216
1902,2205
1902,2121
1902,1905
1902,2634
1902,2483
1902,2617
1902,1907
1902,2661
1902,1915
1902,2303
1902,2603
1902,2597
1902,2200
1902,2006
1902,1909
1902,2276
1902,2718
1902,2233
1902,1910
1902,2285
1902,2191
1902,2238
1903,2491
1903,2152
1903,1915
1903,2547
1903,2307
1903,2466
1903,2131
1903,2345
1903,2023
1903,2696
1903,2284
1903,2553
1903,2300
1903,2276
1903,1916
1903,2718
1903,2350
1903,2633
1903,2139
1903,2488
1903,1906
1903,2286
1903,2255
1903,2444
1903,2088
1904,1914
1904,2054
1904,2257
1904,2204
1904,2566
1904,2511
1904,1915
1904,2383
1904,2018
1904,2397
1904,2030
1904,2678
1904,2675
1904,2428
1904,2234
1904,2331
1904,2213
1904,1907
1904,2154
1904,2284
1904,2139
1904,2658
1904,2260
1904,2104
1904,1909
1904,2507
1904,2233
1904,1965
1905,2666
1905,2140
1905,2567
1905,2125
1905,2468
1905,2093
1905,2256
1905,2597
1905,1917
1905,1910
1905,2680
1905,2683
1905,1907
1905,2259
1905,2281
1905,2657
1905,2661
1905,2158
1905,2096
1905,2634
1905,2253
1905,2067
1905,2282
1905,2496
1905,2505
1905,1923
1906,2491
1906,2216
1906,2152
1906,2511
1906,2144
1906,2589
1906,2646
1906,2599
1906,2368
1906,2332
1906,1908
1906,2260
1906,2009
1906,2596
1906,2658
1906,2219
1906,1927
1906,2118
1906,2409
1907,2694
1907,2631
1907,2152
1907,2641
1907,2156
1907,2154
1907,2153
1907,2333
1907,2115
1907,2535
1907,2511
1907,1910
1907,2625
1907,2596
1907,2425
1907,2284
1907,2718
1907,2012
1907,2303
1908,2694
1908,2491
1908,2441
1908,2345
1908,2677
1908,2132
1908,2169
1908,2634
1908,1915
1908,2198
1908,2154
1908,2261
1908,2368
1908,2146
1908,2603
1908,2480
1908,2589
1908,1910
1908,2288
1908,2260
1908,2168
1908,2230
1908,2679
1909,2428
1909,2578
1909,2150
1909,1957
1909,2600
1909,2156
1909,2707
1909,2483
1909,2154
1909,2284
1909,2003
1909,2596
1909,2088
1909,2658
1909,1918
1909,2252
1909,2611
1909,1911
1909,2480
1909,2184
1909,2123
1909,2486
1909,2001
1909,2200
1909,2683
1910,1914
1910,2666
1910,2631
1910,2485
1910,2152
1910,2125
1910,1957
1910,2654
1910,2641
1910,2156
1910,2599
1910,2588
1910,2103
1910,2470
1910,2021
1910,1919
1910,2155
1910,2252
1910,2563
1910,2342
1910,2633
1910,2547
1910,2256
1910,1917
1910,2596
1910,2219
1911,2428
1911,2152
1911,2113
1911,2560
1911,2240
1911,2599
1911,2129
1911,1918
1911,2597
1911,2202
1911,2679
1911,2444
1911,2451
1911,2438
1911,2341
1911,2553
1911,2036
1911,2259
1911,2328
1911,2718
1912,2155
1912,2007
1912,2482
1912,2565
1912,2138
1912,2317
1912,2123
1912,2403
1912,2473
1912,2320
1912,2572
1912,2281
1912,2122
1912,2101
1912,2146
1912,2020
1912,2573
1913,2694
1913,2345
1913,2171
1913,2140
1913,1936
1913,2464
1913,2205
1913,2204
1913,2155
1913,2249
1913,2487
1913,2483
1913,2383
1913,2588
1913,2288
1913,2202
1913,2259
1913,1922
1913,2679
1913,2430
1913,1951
1913,1992
1913,2292
1914,2601
1914,1919
1914,2302
1914,2682
1914,2138
1914,2498
1914,2374
1914,2027
1914,2464
1914,2631
1914,2625
1914,2661
1914,2344
1914,2150
1914,2397
1914,2659
1914,2191
1914,2164
1914,2700
1914,2234
1914,2217
1915,1936
1915,2464
1915,2257
1915,2641
1915,2099
1915,2698
1915,2526
1915,2138
1915,2498
1915,2084
1915,2597
1915,1917
1915,2485
1915,2679
1915,2625
1915,2132
1915,2617
1915,2190
1915,2023
1915,2718
1915,2480
1915,2288
1915,2079
1915,2443
1915,2333
1915,1980
1916,2345
1916,2339
1916,2307
1916,2017
1916,2311
1916,2481
1916,2179
1916,2554
1916,2131
1916,2346
1916,2260
1916,2122
1916,2593
1917,2714
1917,2558
1917,2485
1917,2683
1917,2507
1917,2226
1917,2654
1917,2154
1917,2498
1917,2146
1917,2573
1917,2152
1917,2234
1917,2444
1917,2464
1917,2658
1917,2284
1917,2588
1917,2650
1917,2047
1917,2361
1918,2054
1918,2694
1918,2683
1918,2511
1918,2591
1918,2646
1918,2599
1918,2659
1918,2677
1918,2444
1918,2328
1918,2139
1918,2644
1918,2256
1918,2222
1918,2028
1918,2197
1918,2253
1918,2650
1918,2600
1919,2491
1919,2306
1919,2529
1919,2308
1919,2012
1919,2099
1919,2276
1919,2631
1919,2589
1919,2596
1919,2625
1919,2259
1919,2444
1919,2658
1919,2646
1919,2452
1919,2096
1919,2683
1919,2598
1919,1986
1919,2409
1919,2641
1919,2350
1920,2264
1920,2069
1920,1944
1920,2440
1920,2283
1920,2417
1920,1932
1920,1952
1920,2209
1920,2527
1920,2383
1920,2212
1920,2697
1920,1937
1920,2326
1920,2592
1920,1940
1920,2249
1920,2443
1920,1948
1920,2033
1920,2288
1920,2435
1920,1950
1920,2337
1920,2434
1920,2232
1920,2466
1920,2467
1920,2436
1920,1923
1920,2090
1920,2431
1920,2276
1920,2160
1920,2072
1920,1959
1920,1939
1920,2215
1920,1933
1920,2442
1921,2237
1921,1936
1921,2550
1921,2716
1921,2522
1921,2375
1921,1947
1921,1937
1921,2172
1921,1994
1921,1929
1921,2297
1921,2161
1921,2687
1921,1926
1921,2023
1921,2207
1921,2662
1921,2607
1921,2218
1921,2247
1921,2653
1921,2168
1921,2404
1921,2210
1921,1954
1921,1948
1921,2627
1921,2442
1921,2068
1921,2077
1921,2174
1922,1985
1922,2012
1922,2198
1922,2156
1922,2389
1922,2096
1922,2262
1922,2483
1922,2182
1922,2351
1922,2169
1922,2543
1922,2174
1922,2420
1922,2168
1922,2459
1922,2142
1922,2578
1922,2418
1922,2270
1922,2326
1922,1940
1922,2357
1922,2163
1922,2440
1922,1955
1922,2013
1922,2194
1922,1954
1922,2548
1922,2160
1923,2653
1923,2069
1923,2657
1923,2440
1923,2439
1923,2354
1923,2077
1923,2389
1923,2234
1923,1952
1923,2518
1923,2527
1923,2431
1923,2697
1923,2231
1923,2425
1923,2251
1923,2154
1923,2484
1923,2699
1923,2687
1923,1948
1923,2662
1923,2480
1923,1934
1923,2436
1923,1969
1923,2218
1923,2414
1923,2220
1923,1982
1923,2467
1923,2055
1923,1987
1923,2715
1923,1939
1923,2224
1923,1933
1923,2665
1924,2653
1924,2222
1924,1989
1924,2298
1924,1932
1924,1985
1924,2567
1924,2234
1924,2289
1924,2190
1924,2062
1924,2427
1924,2506
1924,2409
1924,2375
1924,2181
1924,2533
1924,1964
1924,2068
1924,2704
1924,2282
1924,2210
1924,2199
1924,2393
1924,1945
1924,2699
1924,2063
1924,1969
1924,1962
1924,2544
1924,2172
1924,2075
1925,2714
1925,2440
1925,2013
1925,1936
1925,2550
1925,2439
1925,2354
1925,2071
1925,1945
1925,2697
1925,1950
1925,2427
1925,2075
1925,2548
1925,2211
1925,2640
1925,2687
1925,2237
1925,1955
1925,2518
1925,2330
1925,2282
1925,2186
1925,2698
1925,2181
1925,1933
1925,2422
1925,1942
1926,2546
1926,2248
1926,2237
1926,2257
1926,2540
1926,2058
1926,2653
1926,2168
1926,2263
1926,2706
1926,2348
1926,1951
1926,2434
1926,2046
1926,2456
1926,2236
1926,2042
1926,2073
1926,2657
1926,2326
1926,1940
1926,2232
1926,1981
1926,1950
1926,2519
1926,1937
1926,2292
1926,1955
1926,2053
1926,1956
1926,2404
1926,2013
1926,2207
1926,2518
1927,2716
1927,2709
1927,1961
1927,2387
1927,1938
1927,1968
1927,2277
1927,2049
1927,2503
1927,2192
1927,2493
1927,2558
1927,2060
1927,2417
1927,1932
1927,2232
1927,2719
1927,1946
1927,2700
1927,2649
1927,2524
1927,2220
1927,2519
1927,1966
1927,1988
1927,2181
1927,2072
1927,2432
1928,2116
1928,2084
1928,2367
1928,2498
1928,2320
1928,2133
1928,2155
1928,2140
1928,2528
1928,2131
1928,2159
1928,2113
1928,2580
1928,2594
1928,2538
1928,2007
1928,2104
1928,2094
1928,2151
1928,2475
1929,2414
1929,2379
1929,2329
1929,2222
1929,2417
1929,2352
1929,2298
1929,2604
1929,2073
1929,2689
1929,2592
1929,1940
1929,2041
1929,2040
1929,2525
1929,2699
1929,2239
1929,2687
1929,2221
1929,2046
1929,2502
1929,2211
1929,2251
1929,2057
1929,2660
1929,1969
1929,1973
1929,1947
1929,2432
1929,2218
1929,1933
1929,2662
1930,2379
1930,2077
1930,1936
1930,2677
1930,2291
1930,2204
1930,2294
1930,2567
1930,2209
1930,2519
1930,2236
1930,1945
1930,2213
1930,2383
1930,2224
1930,2418
1930,2231
1930,2425
1930,2190
1930,2503
1930,2717
1930,2441
1930,2290
1930,2202
1930,2699
1930,2702
1930,2348
1930,2249
1930,2443
1930,2706
1930,2609
1930,1932
1930,2263
1930,2718
1930,2432
1930,2157
1930,1963
1930,2380
1930,1955
1930,1939
1931,2536
1931,2370
1931,2258
1931,2134
1931,2360
1931,2478
1932,2222
1932,2285
1932,2033
1932,2076
1932,2699
1932,2627
1932,2186
1932,2236
1932,2333
1932,2425
1932,2238
1932,2439
1932,1954
1932,2502
1932,2211
1932,2700
1932,2053
1932,2212
1932,2706
1932,2221
1932,2318
1932,2181
1932,1984
1932,1975
1932,2443
1932,2540
1932,2271
1932,2461
1932,2456
1932,2359
1932,1937
1933,2353
1933,2251
1933,2399
1933,2297
1933,2263
1933,2401
1933,2433
1933,2057
1933,2624
1933,2436
1933,2064
1933,2519
1933,1955
1933,2361
1933,2223
1933,2218
1933,2296
1933,1939
1934,2545
1934,2485
1934,2013
1934,2291
1934,2526
1934,2618
1934,1948
1934,2213
1934,2401
1934,2456
1934,2434
1934,2527
1934,2057
1934,2292
1934,1937
1934,1984
1934,2251
1934,2218
1934,2326
1934,2467
1934,2076
1934,1942
1935,2069
1935,2352
1935,2176
1935,2291
1935,2353
1935,2229
1935,1947
1935,2297
1935,2349
1935,2443
1935,2618
1935,2232
1935,2592
1935,1948
1935,2207
1935,2221
1935,2412
1935,1942
1935,2292
1935,2194
1935,1959
1936,2379
1936,1985
1936,1961
1936,2433
1936,2171
1936,2054
1936,2083
1936,2253
1936,2594
1936,2206
1936,2051
1936,2655
1936,2191
1936,2699
1936,2211
1936,2383
1936,2190
1936,2425
1936,2177
1936,2235
1936,2592
1936,2204
1936,2199
1936,2494
1936,2523
1936,2426
1936,2519
1936,2441
1936,2053
1936,2168
1936,2607
1936,2057
1936,2251
1936,2356
1936,2172
1936,1950
1937,2491
1937,2414
1937,2550
1937,2398
1937,1943
1937,1944
1937,2526
1937,2442
1937,2518
1937,1956
1937,2209
1937,2500
1937,2431
1937,2067
1937,2239
1937,2211
1937,2434
1937,2057
1937,1980
1937,1983
1937,2699
1937,2012
1937,1940
1937,2527
1937,2624
1937,1950
1937,2166
1938,2558
1938,2077
1938,2112
1938,2416
1938,1988
1938,2075
1938,2350
1938,2660
1938,1970
1938,1969
1938,1996
1938,2636
1938,2442
1938,2192
1938,1998
1938,1989
1938,2668
1938,2071
1938,1987
1938,1975
1938,1963
1938,1993
1938,2715
1938,2244
1938,2550
1938,1943
1938,2207
1938,2518
1938,2294
1939,2694
1939,1985
1939,2237
1939,2354
1939,1952
1939,2289
1939,2194
1939,2263
1939,2326
1939,2232
1939,2203
1939,2193
1939,2358
1939,2076
1939,2348
1939,2223
1940,2013
1940,2604
1940,2062
1940,1947
1940,2282
1940,2208
1940,2434
1940,2404
1940,2223
1940,2069
1940,2633
1940,2163
1940,2190
1940,1955
1940,2441
1940,2422
1941,2222
1941,2567
1941,2464
1941,2644
1941,1968
1941,2182
1941,2351
1941,2211
1941,2249
1941,2221
1941,2565
1941,2592
1941,2204
1941,2225
1941,1961
1941,2252
1941,2497
1941,2170
1941,2414
1941,2220
1941,2026
1941,2584
1941,2208
1941,2237
1941,2229
1941,2326
1941,2527
1941,2611
1941,2223
1941,2401
1941,1959
1942,2709
1942,2435
1942,2417
1942,2375
1942,2247
1942,2176
1942,2013
1942,2354
1942,2186
1942,2527
1942,1948
1942,2251
1942,2057
1942,2516
1942,2664
1942,2579
1943,1944
1943,2077
1943,2225
1943,2596
1943,2484
1943,2412
1943,1970
1943,2059
1943,1964
1943,2540
1943,2267
1943,2073
1943,2270
1943,2232
1943,1959
1943,2518
1944,1985
1944,2634
1944,2164
1944,2545
1944,2358
1944,2434
1944,2442
1944,1968
1944,2171
1944,2187
1944,2628
1944,2189
1944,2326
1944,2247
1944,2355
1944,2057
1944,2292
1944,1947
1944,2163
1944,2249
1944,2296
1944,1955
1944,1948
1945,1989
1945,2417
1945,2231
1945,2494
1945,2044
1945,1991
1945,1996
1945,2698
1945,2196
1945,1986
1945,2068
1945,2416
1945,1946
1945,2332
1945,2502
1945,2224
1945,2434
1945,2506
1945,2558
1945,2655
1945,2056
1945,2075
1945,1982
1945,2662
1945,1983
1945,1969
1945,2437
1945,2569
1945,2055
1946,2264
1946,2118
1946,2352
1946,2298
1946,2044
1946,2398
1946,2689
1946,2049
1946,1978
1946,2060
1946,2493
1946,2040
1946,1994
1946,2488
1946,2439
1946,2051
1946,2333
1946,2079
1946,2379
1946,2563
1946,2205
1946,2108
1946,2503
1946,2375
1946,2569
1946,2293
1946,2068
1946,2692
1946,2685
1946,2166
1946,2337
1946,2046
1946,2422
1946,2607
1946,2077
1946,1980
1946,2055
1946,2065
1946,1990
1946,2669
1947,2440
1947,2433
1947,2237
1947,2653
1947,2071
1947,2399
1947,2270
1947,2225
1947,2031
1947,2286
1947,2393
1947,2700
1947,2264
1947,2361
1947,2064
1947,2348
1947,2282
1947,2208
1947,1950
1947,2434
1947,2436
1947,2657
1947,2075
1947,2063
1947,2333
1947,2042
1947,2497
1947,1962
1947,1963
1947,1981
1947,2401
1947,1956
1947,2309
1947,2212
1948,2247
1948,2077
1948,2354
1948,2375
1948,2422
1948,2234
1948,1956
1948,2527
1948,1985
1948,2502
1948,2290
1948,2653
1948,2418
1948,2603
1948,2544
1948,2204
1948,2627
1948,1975
1948,1950
1948,2326
1948,2013
1948,2436
1948,2624
1948,2662
1948,2411
1949,2458
1949,2429
1949,2577
1949,2583
1949,2546
1949,2029
1949,2576
1949,2266
1949,2515
1949,2459
1949,2272
1949,2178
1950,2069
1950,2435
1950,2283
1950,2237
1950,2054
1950,2013
1950,2673
1950,2398
1950,2235
1950,2518
1950,2249
1950,2527
1950,2197
1950,2206
1950,2550
1950,2218
1950,2182
1950,2217
1950,2201
1950,2221
1950,1954
1950,2436
1950,2656
1950,2067
1950,2326
1950,2433
1950,2063
1950,1955
1950,2404
1950,2064
1951,2523
1951,2441
1951,2222
1951,1985
1951,2657
1951,2077
1951,2667
1951,2550
1951,2526
1951,2290
1951,2289
1951,2519
1951,2502
1951,2224
1951,2503
1951,2056
1951,2161
1951,2330
1951,2687
1951,2202
1951,2204
1951,1993
1951,2607
1951,2719
1951,2467
1951,2649
1951,2046
1951,2551
1951,2715
1951,2282
1951,2350
1951,2227
1951,2238
1952,2414
1952,2379
1952,2069
1952,2545
1952,2203
1952,2354
1952,2291
1952,2225
1952,2215
1952,2218
1952,2434
1952,2217
1952,2172
1952,2359
1952,2326
1952,2290
1952,2232
1952,2430
1952,2624
1952,2527
1952,2223
1952,2505
1952,2435
1952,1959
1952,2297
1952,2051
1952,1954
1952,2518
1953,2390
1953,2620
1953,2086
1953,2521
1953,2111
1953,2402
1953,2638
1953,2508
1953,2143
1953,2613
1953,2322
1953,2243
1953,1974
1953,2371
1953,2475
1953,2386
1953,2590
1953,2396
1953,2052
1953,2115
1953,2701
1953,2410
1954,2653
1954,2558
1954,2352
1954,2235
1954,2353
1954,2441
1954,1956
1954,2404
1954,2702
1954,2249
1954,2443
1954,2687
1954,2704
1954,2607
1954,1992
1954,2611
1954,2176
1954,2467
1954,2440
1954,1955
1954,2063
1954,2238
1954,2090
1954,2697
1955,2653
1955,2440
1955,2298
1955,2054
1955,2353
1955,2518
1955,2422
1955,2519
1955,2618
1955,2212
1955,2435
1955,2163
1955,1977
1955,2288
1955,2202
1955,2218
1955,2609
1955,2415
1955,2232
1955,2409
1955,2247
1955,2418
1956,2523
1956,2222
1956,2352
1956,2054
1956,2550
1956,2209
1956,2059
1956,2160
1956,2437
1956,2493
1956,2215
1956,2383
1956,2443
1956,2218
1956,2434
1956,2436
1956,2157
1956,2607
1956,2706
1956,2318
1956,1970
1956,2181
1956,1959
1956,2541
1956,2519
1956,2399
1956,2527
1956,2401
1956,2279
1956,2467
1956,2217
1956,2619
1956,2069
1956,2263
1956,2404
1957,2433
1957,2358
1957,2249
1957,2625
1957,2618
1957,2591
1957,2589
1957,2285
1957,2033
1957,2254
1957,2077
1957,2368
1957,2650
1957,2602
1957,2547
1957,2658
1957,2076
1957,2694
1957,2597
1957,2578
1957,2005
1957,2217
1957,2328
1957,2175
1957,2216
1957,2183
1958,2371
1958,2151
1958,2134
1958,2378
1958,2143
1958,2614
1958,1974
1958,2374
1958,2529
1958,2407
1958,2078
1958,2415
1958,2364
1958,2293
1958,2695
1958,1999
1959,2176
1959,2519
1959,2431
1959,2399
1959,2224
1959,2588
1959,2032
1959,2548
1959,2163
1959,2232
1959,2624
1959,2515
1959,2527
1959,2292
1959,2422
1959,2328
1959,2191
1959,2178
1960,2485
1960,2667
1960,2604
1960,2439
1960,2540
1960,1979
1960,2393
1960,2437
1960,1980
1960,2034
1960,2519
1960,2412
1960,2619
1960,2298
1960,2686
1960,2398
1960,2592
1960,2375
1960,2456
1960,2042
1960,1983
1960,1975
1960,1969
1960,2059
1960,1998
1960,2669
1960,2067
1960,1973
1960,2432
1960,2668
1960,2474
1960,2427
1960,2715
1960,2440
1961,2048
1961,2079
1961,1988
1961,2334
1961,2188
1961,2699
1961,2211
1961,2706
1961,2719
1961,2234
1961,2235
1961,2494
1961,2135
1961,2519
1961,2053
1961,2698
1961,2412
1961,2047
1961,2056
1961,2417
1961,2409
1961,2607
1961,2206
1961,2497
1961,2251
1961,2181
1961,1989
1961,2668
1961,2277
1961,2192
1961,2289
1961,2238
1961,2432
1961,2248
1961,2275
1961,2520
1961,2326
1961,2163
1961,2550
1961,2013
1962,2471
1962,2688
1962,2277
1962,1998
1962,1990
1962,1999
1962,2208
1962,1976
1962,2709
1962,2239
1962,1970
1962,2664
1962,1975
1962,2057
1962,1963
1962,2551
1962,2669
1962,1964
1962,2619
1962,2166
1963,2709
1963,2494
1963,1991
1963,2671
1963,2166
1963,2049
1963,1983
1963,2251
1963,1977
1963,2656
1963,2289
1963,1998
1963,1982
1963,2044
1963,1968
1963,2375
1963,2181
1963,2692
1963,2207
1963,2493
1963,2070
1963,2040
1963,1970
1963,2248
1963,2442
1963,2326
1963,2427
1963,1969
1963,2668
1963,2071
1963,2715
1963,2244
1963,2160
1963,1966
1963,1964
1964,2716
1964,2375
1964,2684
1964,2350
1964,2059
1964,1996
1964,1980
1964,2049
1964,2697
1964,1966
1964,2592
1964,2289
1964,1998
1964,2664
1964,2239
1964,2442
1964,2636
1964,2166
1964,2432
1964,1993
1964,2497
1964,2251
1964,2066
1964,1969
1964,2058
1964,2669
1964,2277
1964,2439
1964,2242
1964,2055
1964,2541
1965,2157
1965,2654
1965,2548
1965,2216
1965,2397
1965,2252
1965,2585
1965,2303
1965,2139
1965,2096
1965,2285
1965,2025
1965,2023
1965,2718
1965,2018
1965,2014
1965,2634
1965,2191
1965,2659
1966,2375
1966,1991
1966,2442
1966,2061
1966,2073
1966,1996
1966,2041
1966,2052
1966,2196
1966,2337
1966,2662
1966,1968
1966,2412
1966,2318
1966,2350
1966,2660
1966,1970
1966,2688
1966,1983
1966,2181
1966,1977
1966,2541
1966,2680
1966,1975
1966,2251
1966,2621
1967,2463
1967,2311
1967,2562
1967,2672
1967,2323
1967,2530
1967,2445
1967,2319
1967,2651
1967,2147
1967,2132
1967,2179
1967,2444
1968,2335
1968,2216
1968,1996
1968,1979
1968,2717
1968,2621
1968,2068
1968,2493
1968,2416
1968,2698
1968,1999
1968,2067
1968,2072
1968,2332
1968,2437
1968,2239
1968,2150
1968,2686
1968,2199
1968,2434
1968,2519
1968,2443
1968,2716
1968,2231
1968,2619
1968,2662
1968,2062
1968,1989
1968,2668
1968,2669
1968,2063
1968,2655
1968,1976
1968,2073
1968,2665
1969,2616
1969,2540
1969,1996
1969,2671
1969,2289
1969,2073
1969,2058
1969,1982
1969,2484
1969,2053
1969,2051
1969,2664
1969,2166
1969,1973
1969,2715
1969,2071
1969,2251
1969,1993
1969,1971
1969,2432
1970,2379
1970,1985
1970,2657
1970,2417
1970,2248
1970,2540
1970,1996
1970,2199
1970,2062
1970,2251
1970,2493
1970,2059
1970,2541
1970,2041
1970,2332
1970,2718
1970,2072
1970,2067
1970,2409
1970,2073
1970,1976
1970,2369
1970,2660
1970,1992
1970,1973
1970,2662
1971,2294
1971,2712
1971,2540
1971,2671
1971,2199
1971,2049
1971,2416
1971,2192
1971,2427
1971,1998
1971,2318
1971,2664
1971,2527
1971,2668
1971,2221
1971,2407
1971,2639
1971,2439
1971,2251
1971,2495
1971,2041
1971,2330
1971,2619
1971,2073
1972,2616
1972,2034
1972,2439
1972,2411
1972,2155
1972,2636
1972,2335
1972,2201
1972,2493
1972,2347
1972,2250
1972,1994
1972,2100
1972,2648
1972,2398
1972,2689
1972,2504
1972,2499
1972,2416
1972,2162
1972,2647
1972,2517
1972,2052
1972,2471
1972,2669
1972,1975
1973,2501
1973,2716
1973,2231
1973,2422
1973,2062
1973,2693
1973,2520
1973,2277
1973,2075
1973,2289
1973,2192
1973,1998
1973,2049
1973,2437
1973,2318
1973,2571
1973,2414
1973,2330
1973,2057
1973,1983
1973,2662
1973,2607
1973,2408
1973,2684
1973,2393
1973,2337
1973,2046
1973,2074
1973,2071
1973,2181
1974,2387
1974,2360
1974,2630
1974,2608
1974,2245
1974,2074
1974,2341
1974,2528
1974,2038
1974,2476
1974,2580
1974,2701
1975,2347
1975,2065
1975,2714
1975,2062
1975,2242
1975,2049
1975,2506
1975,2204
1975,2289
1975,2192
1975,1977
1975,2043
1975,2334
1975,2497
1975,2040
1975,2525
1975,2299
1975,2333
1975,2330
1975,2524
1975,2669
1975,2318
1975,2071
1975,1980
1975,2068
1975,2655
1975,2671
1975,2668
1976,1989
1976,2545
1976,2375
1976,2604
1976,2439
1976,2684
1976,1996
1976,2671
1976,2049
1976,2212
1976,2150
1976,2201
1976,2289
1976,2192
1976,2657
1976,2075
1976,2058
1976,1984
1976,2541
1976,2350
1976,2427
1976,2330
1976,1983
1976,2409
1976,2497
1976,2400
1976,2639
1976,2398
1976,2495
1976,2067
1976,2042
1976,2540
1976,2055
1976,2073
1976,2655
1976,1982
1976,2299
1977,2347
1977,2417
1977,2013
1977,2604
1977,2550
1977,2398
1977,2294
1977,1991
1977,2684
1977,2598
1977,1996
1977,2671
1977,2697
1977,2192
1977,1990
1977,2332
1977,2655
1977,2215
1977,2202
1977,2699
1977,2239
1977,1980
1977,2059
1977,2350
1977,2660
1977,2181
1977,2664
1977,2442
1977,2715
1977,2427
1977,1983
1978,2347
1978,2044
1978,2688
1978,2148
1978,2248
1978,2671
1978,2513
1978,2085
1978,2693
1978,1988
1978,2075
1978,2568
1978,2662
1978,1993
1979,2571
1979,2059
1979,2513
1979,1982
1979,1986
1979,2691
1979,2411
1979,2717
1979,2517
1979,2052
1979,2706
1979,2512
1979,2686
1979,2196
1979,2293
1979,2070
1979,2391
1979,2427
1979,2524
1979,2090
1979,2569
1979,2410
1979,1999
1979,2376
1980,2379
1980,2283
1980,2667
1980,2684
1980,2540
1980,2059
1980,1996
1980,2714
1980,2520
1980,2073
1980,2427
1980,2337
1980,1990
1980,2497
1980,2541
1980,2135
1980,1998
1980,1983
1980,2715
1981,2351
1981,2270
1981,2487
1981,2206
1981,2161
1981,2297
1981,2160
1982,2347
1982,1989
1982,2417
1982,2225
1982,2684
1982,2442
1982,2071
1982,2251
1982,2075
1982,1996
1982,2093
1982,2495
1982,2163
1982,2066
1982,2067
1982,2512
1982,2361
1982,2432
1982,2238
1982,2192
1982,2662
1982,2211
1982,2497
1982,2375
1982,2181
1982,2072
1982,2669
1982,2210
1983,2709
1983,2501
1983,2385
1983,2570
1983,2442
1983,2059
1983,1998
1983,2192
1983,2289
1983,2057
1983,2283
1983,2186
1983,2719
1983,2071
1983,2079
1983,2408
1983,2135
1983,2375
1983,2181
1983,2456
1983,2520
1983,2497
1983,2055
1983,2541
1983,2264
1983,2072
1984,2298
1984,2077
1984,1995
1984,2667
1984,2540
1984,1991
1984,2062
1984,2048
1984,2277
1984,2071
1984,2522
1984,2040
1984,1990
1984,2289
1984,2072
1984,2692
1984,2238
1984,2656
1984,2649
1984,2558
1984,2664
1984,2181
1985,2379
1985,2000
1985,2509
1985,2602
1985,1986
1985,2229
1985,2713
1985,2484
1985,2333
1985,2238
1985,2234
1985,2440
1985,2210
1985,2443
1985,2208
1985,2609
1985,2216
1985,2604
1985,2352
1985,2506
1985,2046
1985,2439
1985,2068
1985,2456
1985,2231
1985,2607
1985,2684
1985,2660
1985,2358
1985,2375
1985,1987
1985,2348
1985,2669
1985,2184
1985,2491
1985,2041
1985,2435
1985,2047
1985,2518
1986,2714
1986,2379
1986,2640
1986,2231
1986,2062
1986,2500
1986,2177
1986,2592
1986,2327
1986,2521
1986,2578
1986,2525
1986,2638
1986,2041
1986,2524
1986,2393
1986,2052
1986,2201
1986,2512
1986,2692
1986,2239
1986,2702
1986,2051
1986,2409
1986,2497
1986,1988
1986,2376
1986,2166
1987,2414
1987,2329
1987,2695
1987,2298
1987,2289
1987,2416
1987,2399
1987,2437
1987,2427
1987,2668
1987,2690
1987,2052
1987,2569
1987,2471
1987,2558
1987,2041
1988,2347
1988,2059
1988,2642
1988,2657
1988,2376
1988,2716
1988,2522
1988,2241
1988,2471
1988,2437
1988,2067
1988,2135
1988,2690
1989,2329
1989,2043
1989,2598
1989,2293
1989,2524
1989,2068
1989,2393
1989,2698
1989,2242
1989,2398
1989,2060
1989,2545
1989,1999
1989,2484
1989,2361
1989,2238
1989,2053
1989,2422
1989,2558
1989,2318
1989,2497
1989,2079
1989,2714
1989,2442
1989,1992
1989,2289
1989,2059
1989,2540
1990,2523
1990,2329
1990,2264
1990,2283
1990,1995
1990,2442
1990,2235
1990,1996
1990,2062
1990,2422
1990,2519
1990,2277
1990,2416
1990,2506
1990,2695
1990,2404
1990,2192
1990,2412
1990,2336
1990,2293
1990,2047
1990,2071
1990,2055
1990,2375
1990,2181
1990,2049
1990,2495
1990,2251
1990,2669
1990,2432
1991,2394
1991,2379
1991,2358
1991,2716
1991,2231
1991,2589
1991,2439
1991,2076
1991,2416
1991,2072
1991,2066
1991,2512
1991,2332
1991,2692
1991,2520
1991,2267
1991,2224
1991,2199
1991,2143
1991,2337
1991,2040
1991,2422
1991,2375
1991,2456
1991,2212
1991,2409
1991,2054
1991,2442
1991,2664
1991,2250
1991,2541
1991,2432
1991,2070
1991,2166
1992,2379
1992,2347
1992,2065
1992,2540
1992,2277
1992,2684
1992,2073
1992,2401
1992,2649
1992,2067
1992,2068
1992,2348
1992,2660
1992,2604
1992,2040
1992,1993
1992,2318
1992,2327
1992,2612
1993,2043
1993,2571
1993,2558
1993,2417
1993,2248
1993,2176
1993,2520
1993,2497
1993,2073
1993,2214
1993,2192
1993,2474
1993,2664
1993,2076
1993,2181
1993,2495
1993,2298
1993,2375
1993,2046
1993,2648
1993,2686
1993,2526
1993,2432
1994,2411
1994,2224
1994,2689
1994,2704
1994,2398
1994,2314
1994,2079
1994,2332
1994,2571
1994,2525
1994,2619
1994,2497
1994,2073
1994,2637
1995,2309
1995,2250
1995,2513
1995,2369
1995,2636
1995,2085
1995,2648
1995,2713
1995,2263
1995,2047
1996,2716
1996,2501
1996,2414
1996,2043
1996,2325
1996,2059
1996,2438
1996,2142
1996,2242
1996,2070
1996,1999
1996,2201
1996,2085
1996,2379
1996,2075
1996,2068
1996,2049
1996,2192
1996,2318
1996,2714
1996,2358
1996,2442
1996,2671
1996,2664
1996,2540
1996,2443
1996,2073
1997,2127
1997,2031
1997,2233
1997,2643
1997,2144
1997,2424
1997,2549
1997,2399
1998,2329
1998,2684
1998,2071
1998,2049
1998,2073
1998,2427
1998,2313
1998,2647
1998,2688
1998,2067
1998,2210
1998,2242
1998,2042
1998,2668
1998,2055
1998,2497
1998,2664
1998,2398
1998,2495
1998,2541
1998,2639
1998,2665
1999,2452
1999,2398
1999,2714
1999,2520
1999,2697
1999,2298
1999,2201
1999,2062
1999,2571
1999,2051
1999,2539
1999,2135
1999,2607
1999,2569
1999,2067
1999,2684
1999,2393
1999,2408
1999,2501
1999,2655
1999,2066
1999,2497
1999,2063
1999,2249
1999,2055
1999,2044
1999,2432
2000,2011
2000,2477
2000,2204
2000,2014
2000,2560
2000,2035
2000,2617
2000,2228
2000,2131
2000,2511
2000,2678
2000,2633
2000,2328
2000,2344
2000,2129
2000,2009
2000,2005
2000,2141
2000,2008
2000,2681
2000,2002
2000,2276
2000,2103
2000,2553
2001,2021
2001,2674
2001,2228
2001,2681
2001,2470
2001,2105
2001,2344
2001,2600
2001,2003
2001,2027
2002,2247
2002,2035
2002,2030
2002,2131
2002,2300
2002,2255
2002,2658
2002,2005
2002,2526
2002,2149
2002,2650
2002,2017
2003,2395
2003,2131
2003,2018
2003,2488
2003,2459
2003,2633
2003,2641
2003,2030
2003,2328
2003,2139
2003,2255
2003,2447
2003,2259
2003,2017
2003,2707
2003,2276
2003,2088
2003,2634
2004,2304
2004,2561
2004,2228
2004,2414
2004,2226
2004,2141
2004,2037
2004,2681
2005,2226
2005,2189
2005,2017
2005,2597
2005,2126
2005,2617
2005,2006
2005,2605
2005,2276
2005,2470
2005,2021
2005,2025
2005,2039
2005,2603
2005,2028
2005,2562
2005,2027
2005,2163
2005,2014
2005,2249
2006,2345
2006,2397
2006,2606
2006,2255
2006,2676
2006,2300
2006,2036
2006,2028
2006,2025
2007,2538
2007,2104
2007,2537
2007,2081
2007,2566
2007,2400
2007,2113
2007,2038
2007,2336
2007,2314
2007,2281
2007,2102
2007,2134
2007,2086
2007,2573
2007,2574
2007,2101
2007,2392
2007,2257
2007,2146
2007,2437
2008,2014
2008,2644
2008,2033
2008,2328
2008,2120
2008,2276
2008,2255
2008,2036
2008,2035
2008,2227
2008,2039
2008,2284
2008,2015
2008,2676
2008,2300
2008,2666
2009,2421
2009,2011
2009,2556
2009,2683
2009,2136
2009,2606
2009,2224
2009,2681
2009,2139
2009,2028
2009,2276
2009,2154
2009,2678
2009,2126
2010,2274
2010,2189
2010,2703
2010,2269
2010,2026
2010,2487
2010,2064
2010,2428
2010,2459
2010,2582
2010,2235
2010,2188
2010,2169
2010,2546
2010,2170
2010,2270
2010,2461
2010,2249
2011,2083
2011,2260
2011,2276
2011,2464
2011,2705
2011,2226
2011,2021
2011,2679
2011,2632
2011,2397
2012,2491
2012,2631
2012,2231
2012,2308
2012,2017
2012,2472
2012,2140
2012,2498
2012,2081
2012,2529
2012,2553
2012,2281
2012,2105
2012,2218
2013,2441
2013,2526
2013,2202
2013,2348
2013,2208
2013,2653
2013,2362
2013,2431
2013,2425
2013,2433
2013,2399
2013,2624
2013,2527
2013,2223
2013,2217
2013,2401
2013,2207
2013,2518
2014,2124
2014,2025
2014,2017
2014,2276
2014,2681
2014,2300
2014,2198
2014,2261
2014,2255
2014,2658
2014,2155
2014,2141
2014,2632
2014,2511
2014,2562
2014,2659
2014,2153
2014,2228
2014,2328
2014,2699
2015,2676
2015,2080
2015,2113
2015,2255
2015,2017
2015,2228
2015,2035
2015,2300
2015,2591
2015,2145
2015,2164
2015,2049
2015,2548
2016,2295
2016,2593
2016,2419
2016,2623
2016,2403
2016,2555
2016,2559
2016,2450
2016,2109
2016,2319
2016,2097
2017,2339
2017,2606
2017,2331
2017,2039
2017,2036
2017,2028
2017,2031
2018,2676
2018,2556
2018,2342
2018,2155
2018,2035
2018,2634
2018,2126
2018,2027
2018,2039
2018,2139
2018,2036
2018,2596
2018,2285
2018,2276
2018,2303
2018,2280
2018,2443
2019,2458
2019,2457
2019,2548
2019,2144
2019,2287
2019,2193
2019,2586
2019,2515
2020,2116
2020,2121
2020,2099
2020,2689
2020,2598
2020,2113
2020,2084
2020,2092
2020,2100
2020,2710
2020,2104
2020,2101
2020,2093
2020,2468
2020,2089
2020,2405
2020,2110
2020,2259
2020,2363
2021,2670
2021,2149
2021,2595
2021,2255
2021,2025
2021,2030
2021,2452
2021,2028
2021,2096
2021,2680
2021,2486
2021,2611
2021,2226
2021,2252
2021,2397
2021,2280
2022,2257
2022,2167
2022,2625
2022,2023
2022,2139
2022,2126
2022,2303
2022,2547
2022,2185
2022,2182
2022,2191
2022,2033
2023,2287
2023,2203
2023,2351
2023,2641
2023,2235
2023,2131
2023,2262
2023,2252
2023,2276
2023,2602
2023,2050
2023,2632
2023,2535
2023,2286
2023,2303
2023,2280
2023,2605
2023,2096
2023,2174
2024,2631
2024,2045
2024,2035
2024,2632
2024,2629
2024,2144
2024,2646
2024,2228
2024,2131
2024,2139
2024,2037
2024,2276
2024,2028
2024,2088
2025,2154
2025,2629
2025,2535
2025,2096
2025,2031
2025,2146
2025,2039
2025,2705
2026,2032
2026,2195
2026,2460
2026,2172
2026,2269
2026,2267
2026,2140
2026,2423
2026,2178
2026,2582
2027,2553
2027,2344
2027,2039
2027,2253
2027,2488
2027,2328
2027,2453
2028,2029
2028,2675
2028,2643
2028,2705
2028,2255
2028,2461
2028,2254
2028,2694
2029,2587
2029,2546
2029,2707
2029,2182
2029,2188
2029,2581
2029,2577
2029,2273
2029,2168
2029,2265
2029,2582
2029,2356
2029,2187
2029,2142
2030,2489
2030,2216
2030,2035
2030,2164
2030,2681
2030,2037
2030,2563
2030,2255
2030,2276
2030,2036
2030,2444
2030,2344
2030,2676
2030,2535
2030,2594
2030,2430
2031,2606
2031,2470
2031,2033
2031,2563
2031,2037
2031,2560
2031,2676
2031,2629
2032,2351
2032,2142
2032,2254
2032,2145
2032,2271
2032,2581
2032,2634
2032,2273
2032,2462
2032,2551
2032,2543
2033,2231
2033,2641
2033,2629
2033,2048
2033,2368
2033,2276
2033,2256
2033,2464
2033,2189
2033,2468
2033,2280
2033,2650
2033,2359
2034,2571
2034,2568
2034,2479
2034,2396
2034,2214
2034,2525
2034,2196
2034,2711
2034,2637
2034,2332
2034,2513
2034,2636
2034,2612
2035,2563
2035,2595
2035,2682
2035,2553
2035,2036
2035,2228
2035,2470
2035,2362
2035,2634
2035,2351
2035,2718
2035,2603
2035,2139
2035,2145
2035,2300
2036,2666
2036,2352
2036,2632
2036,2577
2036,2675
2036,2300
2036,2559
2036,2039
2036,2259
2036,2096
2036,2681
2037,2631
2037,2428
2037,2158
2037,2481
2037,2448
2037,2091
2037,2666
2037,2149
2037,2124
2037,2682
2037,2679
2038,2116
2038,2306
2038,2121
2038,2672
2038,2154
2038,2345
2038,2101
2038,2367
2038,2102
2038,2314
2038,2108
2038,2679
2038,2281
2039,2591
2039,2228
2039,2498
2039,2681
2039,2255
2039,2470
2039,2547
2040,2435
2040,2398
2040,2205
2040,2248
2040,2636
2040,2591
2040,2493
2040,2378
2040,2288
2040,2604
2040,2076
2040,2330
2040,2263
2040,2699
2040,2211
2040,2238
2040,2332
2040,2527
2040,2412
2040,2055
2040,2181
2040,2110
2040,2504
2040,2318
2041,2162
2041,2065
2041,2571
2041,2439
2041,2389
2041,2714
2041,2520
2041,2502
2041,2588
2041,2309
2041,2503
2041,2337
2041,2264
2041,2716
2041,2076
2041,2524
2041,2517
2041,2686
2041,2719
2041,2558
2041,2655
2041,2135
2041,2493
2041,2299
2041,2042
2041,2060
2041,2409
2041,2662
2041,2636
2042,2229
2042,2065
2042,2231
2042,2522
2042,2422
2042,2169
2042,2199
2042,2049
2042,2506
2042,2194
2042,2526
2042,2207
2042,2503
2042,2218
2042,2098
2042,2709
2042,2667
2042,2279
2042,2627
2042,2210
2042,2461
2042,2402
2043,2441
2043,2521
2043,2695
2043,2683
2043,2330
2043,2524
2043,2048
2043,2060
2043,2416
2043,2264
2043,2070
2043,2066
2043,2067
2043,2474
2043,2686
2043,2558
2043,2655
2043,2699
2043,2211
2043,2309
2043,2503
2043,2500
2043,2393
2043,2199
2043,2047
2043,2337
2043,2046
2043,2051
2043,2439
2043,2619
2043,2063
2043,2409
2043,2049
2043,2497
2043,2671
2043,2495
2043,2251
2044,2558
2044,2571
2044,2667
2044,2294
2044,2225
2044,2293
2044,2471
2044,2330
2044,2048
2044,2052
2044,2201
2044,2686
2044,2148
2044,2685
2044,2162
2044,2065
2044,2409
2044,2662
2044,2437
2044,2049
2044,2477
2044,2671
2044,2442
2044,2289
2044,2059
2044,2715
2044,2207
2045,2118
2045,2261
2045,2096
2045,2618
2045,2670
2045,2088
2045,2185
2045,2361
2045,2605
2045,2461
2045,2696
2045,2418
2045,2515
2045,2677
2045,2090
2045,2175
2045,2269
2045,2197
2045,2585
2045,2291
2045,2356
2045,2359
2045,2223
2045,2292
2046,2523
2046,2441
2046,2229
2046,2550
2046,2290
2046,2236
2046,2502
2046,2383
2046,2212
2046,2592
2046,2401
2046,2057
2046,2518
2046,2227
2046,2090
2046,2442
2046,2256
2046,2237
2046,2238
2046,2242
2046,2579
2047,2414
2047,2379
2047,2435
2047,2231
2047,2054
2047,2604
2047,2225
2047,2204
2047,2235
2047,2199
2047,2656
2047,2422
2047,2519
2047,2277
2047,2506
2047,2337
2047,2211
2047,2452
2047,2064
2047,2056
2047,2541
2047,2545
2047,2687
2047,2299
2047,2141
2047,2330
2047,2229
2047,2052
2047,2704
2047,2412
2047,2218
2047,2426
2047,2348
2047,2436
2047,2649
2047,2076
2048,2716
2048,2709
2048,2264
2048,2327
2048,2062
2048,2139
2048,2410
2048,2065
2048,2647
2048,2704
2048,2068
2048,2393
2048,2066
2048,2201
2048,2309
2048,2520
2048,2412
2048,2347
2048,2056
2048,2662
2048,2055
2048,2318
2048,2350
2048,2404
2049,2714
2049,2441
2049,2248
2049,2231
2049,2604
2049,2494
2049,2439
2049,2526
2049,2071
2049,2199
2049,2393
2049,2503
2049,2079
2049,2056
2049,2379
2049,2066
2049,2607
2049,2497
2049,2181
2049,2550
2049,2350
2049,2664
2049,2192
2049,2057
2049,2251
2049,2292
2050,2424
2050,2271
2050,2586
2050,2462
2050,2184
2050,2356
2050,2459
2050,2187
2051,2714
2051,2379
2051,2571
2051,2645
2051,2671
2051,2199
2051,2289
2051,2416
2051,2513
2051,2053
2051,2691
2051,2541
2051,2398
2051,2076
2051,2524
2051,2655
2051,2221
2051,2066
2051,2662
2052,2571
2052,2327
2052,2656
2052,2060
2052,2309
2052,2697
2052,2503
2052,2180
2052,2201
2052,2525
2052,2332
2052,2299
2052,2135
2052,2684
2052,2102
2052,2149
2052,2698
2052,2504
2052,2714
2052,2693
2052,2524
2052,2410
2052,2502
2053,2491
2053,2523
2053,2329
2053,2657
2053,2545
2053,2604
2053,2684
2053,2224
2053,2438
2053,2628
2053,2337
2053,2056
2053,2597
2053,2068
2053,2079
2053,2655
2053,2699
2053,2502
2053,2211
2053,2687
2053,2299
2053,2584
2053,2160
2053,2063
2053,2247
2053,2439
2054,2222
2054,2352
2054,2231
2054,2171
2054,2320
2054,2480
2054,2198
2054,2683
2054,2487
2054,2206
2054,2233
2054,2524
2054,2493
2054,2700
2054,2279
2054,2702
2054,2217
2054,2210
2054,2443
2054,2208
2054,2398
2054,2592
2054,2436
2054,2269
2054,2190
2054,2578
2054,2461
2054,2290
2055,2714
2055,2414
2055,2329
2055,2065
2055,2452
2055,2713
2055,2427
2055,2250
2055,2299
2055,2434
2055,2181
2055,2686
2055,2379
2055,2282
2055,2467
2055,2558
2055,2289
2056,2714
2056,2545
2056,2417
2056,2352
2056,2604
2056,2152
2056,2065
2056,2550
2056,2422
2056,2199
2056,2527
2056,2177
2056,2427
2056,2657
2056,2075
2056,2412
2056,2225
2056,2191
2056,2700
2056,2699
2056,2706
2056,2221
2056,2329
2056,2493
2056,2299
2056,2242
2056,2090
2056,2231
2056,2619
2056,2251
2056,2057
2056,2655
2056,2416
2056,2362
2056,2361
2056,2585
2057,2417
2057,2352
2057,2171
2057,2439
2057,2289
2057,2157
2057,2060
2057,2326
2057,2198
2057,2075
2057,2700
2057,2199
2057,2393
2057,2238
2057,2210
2057,2550
2057,2647
2057,2264
2057,2327
2057,2715
2057,2225
2057,2247
2057,2201
2057,2084
2057,2181
2058,2558
2058,2640
2058,2471
2058,2283
2058,2612
2058,2335
2058,2711
2058,2130
2058,2520
2058,2180
2058,2415
2058,2525
2058,2390
2058,2068
2058,2200
2058,2616
2058,2334
2058,2181
2058,2293
2058,2636
2058,2495
2058,2166
2059,2374
2059,2442
2059,2076
2059,2072
2059,2692
2059,2544
2059,2263
2059,2603
2059,2506
2059,2063
2059,2607
2059,2671
2059,2062
2059,2495
2059,2071
2059,2181
2059,2244
2060,2394
2060,2379
2060,2567
2060,2327
2060,2309
2060,2520
2060,2099
2060,2293
2060,2704
2060,2219
2060,2524
2060,2201
2060,2070
2060,2079
2060,2689
2060,2332
2060,2210
2060,2078
2060,2716
2060,2231
2060,2619
2060,2063
2060,2068
2060,2456
2060,2318
2060,2244
2061,2077
2061,2452
2061,2078
2061,2714
2061,2590
2061,2532
2061,2394
2061,2391
2061,2324
2061,2416
2062,2329
2062,2545
2062,2248
2062,2684
2062,2540
2062,2524
2062,2242
2062,2079
2062,2332
2062,2702
2062,2220
2062,2434
2062,2544
2062,2607
2062,2474
2062,2192
2062,2067
2062,2181
2062,2541
2062,2070
2062,2432
2062,2244
2062,2716
2063,2714
2063,2523
2063,2414
2063,2375
2063,2352
2063,2234
2063,2416
2063,2298
2063,2201
2063,2289
2063,2192
2063,2075
2063,2687
2063,2299
2063,2474
2063,2668
2063,2242
2063,2664
2063,2662
2063,2607
2063,2506
2063,2239
2063,2068
2063,2706
2063,2318
2063,2261
2063,2649
2063,2635
2063,2225
2063,2072
2063,2210
2063,2550
2063,2066
2063,2669
2064,2352
2064,2644
2064,2518
2064,2190
2064,2519
2064,2131
2064,2370
2064,2259
2064,2206
2064,2118
2064,2215
2064,2627
2064,2238
2064,2706
2064,2348
2064,2282
2064,2208
2064,2291
2064,2233
2064,2223
2064,2292
2065,2410
2065,2293
2065,2076
2065,2719
2065,2242
2065,2069
2065,2332
2065,2398
2065,2520
2065,2558
2065,2250
2065,2662
2065,2497
2065,2350
2065,2427
2065,2442
2065,2289
2065,2247
2065,2518
2066,2714
2066,2225
2066,2204
2066,2537
2066,2242
2066,2197
2066,2589
2066,2201
2066,2690
2066,2244
2066,2474
2066,2545
2066,2350
2066,2649
2066,2067
2066,2076
2066,2073
2066,2655
2066,2422
2066,2196
2067,2716
2067,2471
2067,2298
2067,2439
2067,2294
2067,2704
2067,2698
2067,2309
2067,2500
2067,2493
2067,2205
2067,2569
2067,2655
2067,2290
2067,2473
2067,2571
2067,2442
2067,2437
2068,2379
2068,2417
2068,2494
2068,2398
2068,2078
2068,2711
2068,2289
2068,2416
2068,2558
2068,2427
2068,2437
2068,2484
2068,2699
2068,2079
2068,2242
2068,2118
2068,2221
2068,2231
2068,2294
2068,2279
2068,2299
2068,2076
2068,2089
2068,2662
2068,2669
2069,2694
2069,2653
2069,2414
2069,2186
2069,2218
2069,2177
2069,2204
2069,2436
2069,2649
2069,2299
2069,2232
2069,2435
2069,2624
2069,2297
2070,2494
2070,2327
2070,2502
2070,2404
2070,2298
2070,2516
2070,2350
2070,2330
2070,2517
2070,2408
2070,2248
2070,2293
2070,2568
2070,2525
2070,2685
2070,2558
2070,2655
2070,2495
2070,2181
2070,2432
2071,2716
2071,2558
2071,2329
2071,2417
2071,2667
2071,2294
2071,2612
2071,2248
2071,2442
2071,2393
2071,2719
2071,2692
2071,2117
2071,2699
2071,2076
2071,2181
2071,2495
2071,2541
2071,2669
2071,2432
2071,2639
2071,2277
2071,2665
2072,2709
2072,2414
2072,2398
2072,2677
2072,2289
2072,2416
2072,2075
2072,2497
2072,2332
2072,2409
2072,2288
2072,2227
2072,2649
2072,2669
2072,2655
2072,2715
2072,2248
2072,2636
2072,2379
2072,2571
2072,2668
2073,2329
2073,2264
2073,2417
2073,2494
2073,2294
2073,2684
2073,2540
2073,2309
2073,2442
2073,2408
2073,2076
2073,2330
2073,2686
2073,2218
2073,2434
2073,2436
2073,2656
2073,2282
2073,2075
2073,2409
2073,2497
2073,2289
2073,2186
2073,2181
2073,2669
2074,2395
2074,2243
2074,2580
2074,2376
2074,2532
2074,2645
2074,2465
2074,2396
2074,2652
2075,2545
2075,2494
2075,2225
2075,2422
2075,2199
2075,2520
2075,2657
2075,2222
2075,2416
2075,2503
2075,2686
2075,2484
2075,2279
2075,2412
2075,2687
2075,2299
2075,2231
2075,2619
2075,2264
2075,2361
2075,2558
2075,2461
2076,2714
2076,2394
2076,2571
2076,2671
2076,2416
2076,2493
2076,2337
2076,2211
2076,2332
2076,2664
2076,2624
2076,2221
2076,2192
2076,2532
2076,2497
2076,2633
2076,2669
2076,2327
2076,2662
2077,2558
2077,2329
2077,2264
2077,2222
2077,2231
2077,2370
2077,2680
2077,2216
2077,2330
2077,2524
2077,2547
2077,2692
2077,2700
2077,2383
2077,2352
2077,2164
2077,2219
2077,2704
2077,2607
2077,2204
2077,2495
2077,2244
2077,2657
2077,2172
2077,2239
2077,2355
2077,2699
2077,2404
2077,2503
2078,2119
2078,2471
2078,2635
2078,2499
2078,2390
2078,2293
2078,2325
2078,2331
2078,2569
2078,2717
2078,2637
2078,2493
2078,2201
2079,2571
2079,2698
2079,2325
2079,2540
2079,2443
2079,2332
2079,2493
2079,2299
2079,2604
2079,2410
2079,2352
2079,2085
2079,2282
2079,2348
2079,2607
2079,2495
2079,2218
2080,2463
2080,2623
2080,2559
2080,2672
2080,2403
2080,2120
2081,2390
2081,2113
2081,2100
2081,2590
2081,2308
2081,2112
2081,2331
2081,2381
2081,2159
2081,2097
2081,2312
2081,2089
2082,2623
2082,2490
2082,2109
2082,2575
2082,2124
2082,2451
2082,2147
2082,2445
2082,2120
2082,2149
2082,2681
2083,2601
2083,2561
2083,2556
2083,2136
2083,2447
2083,2553
2083,2295
2083,2682
2083,2123
2083,2121
2083,2606
2083,2597
2083,2588
2083,2131
2083,2343
2083,2125
2084,2615
2084,2100
2084,2122
2084,2336
2084,2106
2084,2101
2084,2565
2084,2097
2084,2134
2084,2112
2084,2094
2084,2087
2084,2159
2084,2089
2084,2574
2084,2105
2084,2240
2084,2480
2085,2716
2085,2616
2085,2162
2085,2712
2085,2711
2085,2693
2085,2148
2085,2248
2085,2636
2085,2637
2085,2196
2085,2715
2086,2134
2086,2615
2086,2395
2086,2713
2086,2621
2086,2509
2086,2146
2086,2363
2086,2405
2086,2564
2086,2708
2086,2473
2086,2536
2086,2364
2086,2391
2086,2241
2087,2613
2087,2534
2087,2538
2087,2528
2087,2590
2087,2317
2087,2614
2088,2421
2088,2644
2088,2511
2088,2632
2088,2629
2088,2314
2088,2466
2088,2182
2088,2096
2088,2491
2088,2285
2088,2420
2088,2212
2088,2718
2088,2585
2088,2348
2088,2262
2088,2286
2089,2119
2089,2213
2089,2155
2089,2625
2089,2373
2089,2606
2089,2412
2089,2133
2089,2370
2089,2112
2089,2475
2089,2529
2089,2554
2089,2097
2089,2400
2089,2303
2089,2106
2090,2394
2090,2545
2090,2291
2090,2209
2090,2167
2090,2224
2090,2697
2090,2438
2090,2425
2090,2592
2090,2484
2090,2488
2090,2330
2090,2202
2090,2279
2090,2605
2090,2217
2090,2211
2090,2261
2090,2178
2091,2116
2091,2422
2091,2113
2091,2212
2091,2132
2091,2129
2091,2482
2091,2666
2091,2451
2091,2146
2091,2281
2091,2710
2091,2396
2091,2633
2091,2565
2091,2122
2091,2641
2091,2253
2091,2092
2091,2480
2092,2151
2092,2140
2092,2507
2092,2124
2092,2125
2092,2314
2092,2158
2092,2331
2092,2679
2092,2146
2092,2565
2092,2363
2092,2597
2092,2288
2093,2151
2093,2342
2093,2121
2093,2490
2093,2331
2093,2617
2093,2112
2093,2363
2093,2529
2093,2392
2093,2097
2093,2700
2093,2336
2093,2146
2093,2308
2093,2599
2094,2673
2094,2320
2094,2157
2094,2177
2094,2133
2094,2115
2094,2114
2094,2529
2094,2138
2094,2146
2094,2363
2094,2113
2094,2373
2094,2396
2095,2608
2095,2508
2095,2374
2095,2710
2095,2708
2095,2392
2095,2614
2095,2396
2095,2312
2095,2117
2095,2505
2095,2214
2095,2525
2095,2192
2096,2587
2096,2632
2096,2200
2096,2362
2096,2154
2096,2679
2096,2155
2096,2303
2096,2262
2096,2544
2096,2480
2096,2611
2096,2220
2096,2261
2096,2610
2096,2551
2097,2314
2097,2613
2097,2125
2097,2454
2097,2464
2097,2370
2097,2159
2097,2112
2097,2122
2097,2140
2097,2158
2097,2468
2097,2115
2097,2444
2097,2594
2098,2372
2098,2151
2098,2455
2098,2452
2098,2390
2098,2125
2098,2113
2098,2373
2098,2367
2098,2130
2098,2100
2098,2524
2098,2114
2098,2468
2098,2565
2098,2110
2098,2146
2098,2101
2098,2574
2098,2370
2099,2116
2099,2485
2099,2119
2099,2452
2099,2555
2099,2343
2099,2132
2099,2414
2099,2123
2099,2122
2099,2115
2099,2363
2099,2572
2099,2417
2099,2400
2099,2594
2099,2588
2099,2480
2099,2314
2100,2116
2100,2151
2100,2257
2100,2314
2100,2521
2100,2104
2100,2102
2100,2381
2100,2566
2100,2475
2100,2363
2100,2507
2100,2108
2100,2376
2100,2705
2101,2151
2101,2374
2101,2507
2101,2159
2101,2114
2101,2476
2101,2699
2101,2505
2101,2123
2101,2565
2101,2260
2101,2574
2101,2108
2101,2106
2101,2674
2101,2480
2101,2128
2101,2710
2101,2444
2101,2510
2102,2366
2102,2119
2102,2701
2102,2236
2102,2438
2102,2317
2102,2505
2102,2320
2102,2473
2102,2573
2102,2336
2102,2110
2102,2565
2102,2719
2102,2330
2102,2108
2102,2559
2102,2380
2102,2478
2102,2389
2102,2396
2102,2572
2102,2475
2103,2657
2103,2390
2103,2342
2103,2599
2103,2198
2103,2508
2103,2511
2103,2123
2103,2595
2103,2276
2103,2631
2103,2261
2103,2596
2103,2444
2103,2565
2103,2491
2103,2464
2103,2658
2103,2718
2103,2328
2103,2288
2103,2113
2103,2202
2103,2456
2103,2275
2104,2452
2104,2119
2104,2507
2104,2314
2104,2367
2104,2213
2104,2370
2104,2539
2104,2159
2104,2570
2104,2376
2104,2112
2104,2444
2104,2381
2104,2529
2104,2652
2104,2428
2104,2692
2104,2105
2104,2115
2105,2485
2105,2570
2105,2507
2105,2314
2105,2482
2105,2370
2105,2367
2105,2293
2105,2690
2105,2347
2105,2308
2105,2106
2105,2381
2105,2574
2105,2409
2106,2365
2106,2155
2106,2572
2106,2261
2106,2133
2106,2140
2106,2528
2106,2115
2106,2159
2106,2531
2106,2314
2106,2573
2106,2371
2106,2565
2106,2392
2106,2396
2106,2615
2107,2140
2107,2403
2107,2530
2107,2450
2108,2389
2108,2317
2108,2370
2108,2128
2108,2112
2108,2505
2108,2117
2108,2367
2108,2615
2108,2508
2108,2159
2108,2313
2108,2444
2108,2359
2109,2463
2109,2406
2109,2450
2109,2672
2109,2555
2109,2147
2109,2445
2109,2120
2109,2651
2110,2564
2110,2570
2110,2509
2110,2130
2110,2478
2110,2381
2110,2574
2110,2719
2110,2405
2110,2117
2110,2533
2110,2510
2110,2396
2110,2469
2110,2647
2111,2564
2111,2385
2111,2622
2111,2317
2111,2476
2111,2580
2111,2465
2112,2314
2112,2119
2112,2476
2112,2146
2112,2691
2112,2259
2112,2293
2113,2463
2113,2641
2113,2594
2113,2126
2113,2521
2113,2257
2113,2122
2113,2138
2113,2565
2113,2564
2113,2405
2113,2480
2114,2492
2114,2452
2114,2540
2114,2672
2114,2367
2114,2263
2114,2115
2114,2376
2114,2538
2114,2389
2114,2198
2114,2560
2114,2465
2115,2447
2115,2560
2115,2128
2115,2331
2115,2123
2115,2313
2115,2614
2115,2510
2115,2146
2115,2138
2115,2573
2115,2565
2115,2468
2115,2139
2116,2331
2116,2133
2116,2529
2116,2498
2116,2260
2116,2151
2116,2475
2116,2710
2116,2390
2116,2374
2117,2140
2117,2616
2117,2570
2117,2390
2117,2121
2117,2503
2117,2492
2117,2572
2117,2638
2117,2133
2117,2482
2117,2159
2117,2260
2117,2566
2117,2510
2117,2122
2117,2573
2117,2381
2117,2405
2117,2539
2117,2710
2117,2574
2118,2255
2118,2332
2118,2168
2118,2268
2118,2462
2118,2549
2118,2184
2118,2175
2118,2174
2118,2172
2118,2197
2118,2548
2118,2418
2118,2270
2118,2413
2118,2185
2118,2703
2119,2695
2119,2492
2119,2608
2119,2378
2119,2143
2119,2314
2120,2463
2120,2140
2120,2124
2120,2125
2120,2343
2120,2552
2120,2153
2120,2553
2120,2344
2120,2446
2120,2561
2120,2705
2121,2345
2121,2507
2121,2529
2121,2682
2121,2149
2121,2123
2121,2405
2121,2295
2121,2588
2122,2511
2122,2224
2122,2572
2122,2408
2122,2372
2122,2565
2123,2485
2123,2428
2123,2245
2123,2125
2123,2654
2123,2681
2123,2659
2123,2595
2123,2444
2123,2475
2123,2406
2123,2138
2123,2259
2124,2557
2124,2136
2124,2555
2124,2559
2124,2463
2124,2323
2124,2451
2124,2448
2124,2552
2124,2307
2124,2563
2124,2314
2124,2208
2125,2132
2125,2152
2125,2559
2125,2153
2125,2129
2125,2260
2125,2498
2125,2595
2125,2146
2125,2381
2125,2389
2125,2680
2126,2561
2126,2305
2126,2451
2126,2307
2126,2137
2126,2344
2126,2563
2126,2623
2126,2675
2127,2458
2127,2272
2127,2145
2127,2707
2127,2191
2127,2583
2127,2137
2127,2586
2127,2576
2127,2462
2127,2429
2128,2615
2128,2438
2128,2386
2128,2159
2128,2538
2128,2331
2128,2141
2128,2367
2128,2573
2128,2710
2128,2533
2128,2306
2128,2701
2128,2313
2128,2572
2128,2482
2128,2564
2128,2336
2128,2492
2128,2652
2128,2478
2129,2311
2129,2140
2129,2507
2129,2155
2129,2156
2129,2331
2129,2634
2129,2149
2129,2400
2129,2146
2129,2363
2129,2342
2129,2573
2129,2276
2129,2597
2129,2152
2129,2450
2129,2256
2130,2394
2130,2385
2130,2701
2130,2320
2130,2514
2130,2568
2130,2378
2130,2652
2130,2638
2130,2247
2130,2214
2130,2711
2130,2474
2130,2211
2130,2662
2131,2644
2131,2470
2131,2605
2131,2635
2131,2186
2131,2198
2131,2262
2131,2426
2131,2443
2131,2239
2132,2151
2132,2152
2132,2257
2132,2149
2132,2400
2132,2594
2132,2599
2132,2555
2132,2625
2132,2617
2132,2654
2132,2595
2132,2407
2132,2253
2132,2675
2132,2252
2132,2397
2132,2260
2133,2492
2133,2556
2133,2387
2133,2389
2133,2150
2133,2373
2133,2317
2133,2341
2133,2386
2133,2565
2133,2342
2133,2281
2133,2475
2133,2521
2133,2710
2134,2477
2134,2373
2134,2620
2134,2143
2134,2402
2134,2529
2134,2652
2134,2638
2134,2524
2134,2607
2135,2471
2135,2366
2135,2452
2135,2411
2135,2335
2135,2684
2135,2407
2135,2690
2135,2513
2135,2512
2135,2474
2135,2409
2135,2303
2135,2635
2135,2569
2135,2647
2135,2391
2136,2556
2136,2562
2136,2593
2136,2553
2136,2641
2136,2566
2137,2421
2137,2216
2137,2145
2137,2280
2137,2267
2137,2707
2137,2188
2137,2185
2137,2462
2138,2601
2138,2140
2138,2566
2138,2154
2138,2166
2138,2595
2138,2405
2138,2146
2138,2468
2138,2215
2139,2185
2139,2675
2139,2589
2139,2567
2139,2276
2139,2470
2139,2413
2139,2606
2139,2678
2139,2511
2140,2678
2140,2468
2140,2574
2140,2380
2140,2281
2140,2654
2140,2282
2141,2562
2141,2682
2141,2481
2141,2447
2141,2147
2141,2345
2141,2566
2141,2344
2141,2575
2141,2555
2141,2260
2141,2363
2141,2313
2141,2676
2141,2323
2142,2567
2142,2611
2142,2168
2142,2183
2142,2618
2142,2351
2142,2436
2142,2173
2142,2174
2142,2546
2142,2170
2142,2178
2142,2578
2142,2461
2142,2543
2142,2496
2142,2185
2142,2326
2142,2290
2142,2169
2142,2357
2143,2162
2143,2689
2143,2364
2143,2214
2143,2482
2143,2243
2143,2536
2143,2614
2144,2280
2144,2193
2145,2694
2145,2164
2145,2284
2146,2485
2146,2171
2146,2566
2146,2200
2146,2599
2146,2524
2146,2578
2146,2617
2146,2694
2146,2597
2147,2463
2147,2345
2147,2557
2147,2179
2147,2304
2147,2301
2147,2552
2147,2149
2148,2663
2148,2335
2148,2712
2148,2693
2148,2250
2148,2242
2148,2391
2148,2642
2148,2244
2148,2467
2149,2601
2149,2561
2149,2674
2149,2557
2149,2308
2149,2454
2149,2446
2149,2651
2149,2339
2149,2406
2149,2542
2149,2678
2149,2505
2150,2485
2150,2673
2150,2452
2150,2257
2150,2158
2150,2468
2150,2710
2150,2675
2150,2597
2150,2379
2150,2588
2150,2342
2150,2654
2150,2635
2150,2402
2150,2596
2150,2155
2150,2252
2151,2623
2151,2382
2151,2521
2151,2572
2151,2475
2151,2574
2152,2213
2152,2203
2152,2468
2152,2381
2152,2237
2152,2256
2152,2308
2152,2599
2152,2673
2152,2679
2152,2682
2152,2589
2152,2646
2152,2259
2152,2158
2152,2156
2152,2155
2152,2509
2152,2526
2153,2561
2153,2556
2153,2566
2153,2278
2153,2311
2153,2651
2153,2406
2153,2400
2153,2565
2154,2222
2154,2464
2154,2213
2154,2157
2154,2644
2154,2654
2154,2589
2154,2171
2154,2591
2154,2683
2154,2200
2154,2444
2154,2488
2154,2303
2154,2288
2155,2222
2155,2572
2155,2405
2155,2240
2155,2485
2155,2679
2155,2566
2155,2596
2155,2259
2155,2417
2155,2611
2155,2650
2155,2398
2156,2673
2156,2213
2156,2389
2156,2157
2156,2594
2156,2400
2156,2336
2156,2654
2156,2614
2156,2300
2156,2646
2156,2588
2156,2650
2156,2328
2157,2631
2157,2237
2157,2226
2157,2363
2157,2158
2157,2588
2157,2591
2157,2600
2157,2221
2157,2414
2157,2220
2157,2299
2158,2257
2158,2566
2158,2599
2158,2281
2158,2475
2158,2443
2158,2485
2158,2337
2159,2558
2159,2386
2159,2332
2159,2599
2159,2371
2159,2565
2159,2370
2159,2381
2159,2313
2159,2373
2159,2574
2159,2572
2159,2281
2159,2400
2160,2229
2160,2352
2160,2354
2160,2220
2160,2456
2160,2661
2160,2467
2161,2546
2161,2433
2161,2435
2161,2247
2161,2237
2161,2176
2161,2353
2161,2581
2161,2496
2161,2290
2161,2431
2161,2583
2161,2584
2161,2357
2161,2163
2161,2467
2161,2297
2162,2558
2162,2411
2162,2569
2162,2695
2162,2241
2162,2330
2162,2201
2162,2693
2162,2513
2162,2325
2162,2369
2162,2473
2162,2495
2162,2669
2163,2439
2163,2357
2163,2527
2163,2697
2163,2418
2163,2550
2163,2268
2163,2203
2163,2269
2163,2628
2163,2170
2163,2515
2163,2191
2163,2496
2163,2355
2163,2664
2164,2176
2164,2171
2164,2351
2164,2291
2164,2581
2164,2227
2164,2426
2164,2547
2164,2466
2164,2170
2164,2267
2164,2215
2164,2543
2164,2551
2164,2173
2164,2270
2164,2172
2164,2275
2164,2174
2165,2287
2165,2458
2165,2718
2165,2174
2165,2551
2166,2225
2166,2540
2166,2522
2166,2309
2166,2277
2166,2427
2166,2714
2166,2337
2166,2332
2166,2523
2166,2664
2166,2416
2166,2181
2166,2669
2166,2541
2167,2421
2167,2680
2167,2581
2167,2267
2167,2168
2167,2610
2167,2707
2167,2183
2167,2187
2167,2576
2167,2515
2167,2582
2167,2579
2167,2460
2167,2178
2167,2585
2167,2453
2167,2359
2168,2351
2168,2634
2168,2189
2168,2263
2168,2230
2168,2408
2168,2220
2168,2567
2168,2426
2168,2185
2168,2544
2168,2483
2169,2349
2169,2675
2169,2208
2169,2649
2169,2170
2169,2551
2169,2696
2169,2187
2169,2466
2169,2628
2169,2185
2170,2587
2170,2351
2170,2173
2170,2183
2170,2172
2170,2551
2170,2284
2170,2275
2170,2178
2170,2218
2170,2703
2170,2515
2170,2628
2170,2238
2170,2184
2170,2279
2170,2174
2171,2644
2171,2535
2171,2602
2171,2226
2171,2480
2171,2659
2171,2230
2171,2543
2171,2227
2171,2184
2171,2187
2171,2466
2171,2359
2171,2698
2172,2351
2172,2173
2172,2628
2172,2290
2172,2280
2172,2413
2172,2191
2172,2430
2172,2420
2172,2543
2172,2459
2172,2466
2173,2677
2173,2351
2173,2204
2173,2383
2173,2548
2173,2188
2173,2348
2173,2174
2173,2461
2173,2230
2173,2618
2173,2262
2173,2215
2173,2356
2173,2290
2173,2269
2173,2418
2173,2191
2174,2309
2174,2586
2174,2515
2174,2175
2174,2184
2175,2670
2175,2526
2175,2578
2175,2703
2175,2628
2175,2516
2175,2269
2175,2267
2175,2702
2175,2223
2175,2687
2175,2579
2175,2191
2175,2551
2175,2178
2175,2184
2175,2430
2175,2188
2176,2433
2176,2351
2176,2215
2176,2186
2176,2279
2176,2291
2176,2197
2176,2496
2176,2431
2176,2290
2176,2353
2176,2349
2176,2296
2176,2687
2176,2194
2176,2354
2176,2177
2177,2222
2177,2545
2177,2440
2177,2204
2177,2526
2177,2242
2177,2527
2177,2370
2177,2681
2177,2256
2177,2408
2177,2253
2177,2718
2177,2233
2177,2230
2177,2627
2177,2218
2177,2361
2177,2217
2177,2210
2177,2221
2177,2407
2177,2456
2177,2548
2177,2193
2178,2195
2178,2434
2178,2287
2178,2543
2178,2356
2178,2551
2179,2463
2179,2626
2179,2554
2179,2490
2179,2454
2179,2559
2179,2346
2179,2323
2179,2343
2179,2367
2180,2565
2180,2523
2180,2570
2180,2708
2180,2614
2180,2342
2180,2364
2180,2415
2180,2645
2180,2692
2180,2234
2181,2709
2181,2329
2181,2673
2181,2192
2181,2427
2181,2337
2181,2692
2181,2655
2181,2540
2181,2541
2181,2571
2181,2668
2182,2433
2182,2216
2182,2197
2182,2228
2182,2267
2182,2420
2182,2707
2182,2185
2182,2650
2182,2579
2182,2183
2182,2577
2182,2551
2182,2187
2183,2670
2183,2561
2183,2285
2183,2425
2183,2707
2183,2602
2183,2461
2183,2359
2183,2543
2183,2282
2183,2296
2183,2267
2183,2466
2183,2546
2184,2433
2184,2351
2184,2204
2184,2578
2184,2618
2184,2420
2184,2459
2184,2584
2184,2193
2184,2609
2184,2515
2184,2643
2184,2191
2184,2348
2184,2206
2184,2269
2184,2516
2185,2670
2185,2587
2185,2222
2185,2632
2185,2399
2185,2516
2185,2200
2185,2609
2185,2226
2185,2420
2185,2368
2185,2232
2185,2291
2185,2582
2185,2188
2185,2361
2185,2430
2185,2220
2185,2359
2185,2605
2186,2523
2186,2440
2186,2486
2186,2439
2186,2526
2186,2519
2186,2591
2186,2215
2186,2609
2186,2337
2186,2218
2186,2292
2186,2326
2186,2232
2186,2467
2186,2348
2186,2223
2186,2404
2186,2318
2186,2541
2186,2687
2187,2670
2187,2435
2187,2466
2187,2188
2187,2543
2187,2579
2187,2677
2187,2269
2188,2653
2188,2496
2188,2628
2188,2401
2188,2670
2188,2193
2188,2191
2188,2215
2188,2543
2188,2466
2188,2266
2188,2275
2188,2359
2189,2670
2189,2191
2189,2543
2189,2430
2189,2383
2189,2466
2189,2459
2189,2275
2189,2197
2189,2270
2190,2435
2190,2417
2190,2358
2190,2204
2190,2671
2190,2578
2190,2249
2190,2236
2190,2219
2190,2303
2190,2206
2190,2263
2190,2617
2190,2211
2190,2238
2190,2500
2190,2282
2190,2434
2190,2603
2190,2436
2190,2519
2190,2212
2190,2579
2190,2269
2190,2418
2190,2467
2190,2217
2191,2670
2191,2358
2191,2584
2191,2628
2191,2434
2191,2644
2191,2292
2191,2543
2191,2236
2191,2527
2191,2430
2191,2210
2191,2285
2191,2461
2191,2466
2191,2359
2192,2523
2192,2329
2192,2222
2192,2417
2192,2714
2192,2439
2192,2502
2192,2206
2192,2517
2192,2437
2192,2493
2192,2330
2192,2427
2192,2318
2192,2716
2192,2522
2192,2619
2192,2715
2192,2244
2192,2516
2192,2639
2193,2460
2193,2269
2193,2694
2193,2459
2193,2273
2193,2696
2193,2577
2193,2430
2193,2515
2193,2359
2194,2203
2194,2550
2194,2354
2194,2579
2194,2297
2194,2404
2195,2458
2195,2457
2195,2216
2195,2426
2195,2493
2195,2267
2195,2424
2195,2582
2195,2266
2195,2579
2195,2515
2195,2584
2195,2466
2195,2628
2196,2414
2196,2568
2196,2564
2196,2335
2196,2688
2196,2369
2196,2558
2196,2364
2196,2201
2196,2505
2196,2251
2196,2573
2196,2241
2196,2706
2196,2512
2196,2525
2196,2719
2196,2474
2196,2648
2196,2612
2196,2607
2196,2715
2197,2349
2197,2673
2197,2348
2197,2210
2197,2696
2197,2269
2197,2516
2197,2650
2197,2619
2197,2355
2198,2205
2198,2566
2198,2632
2198,2246
2198,2573
2198,2625
2198,2300
2198,2597
2198,2680
2198,2261
2198,2428
2198,2617
2198,2658
2198,2293
2198,2303
2198,2425
2198,2328
2198,2547
2198,2256
2198,2643
2198,2707
2198,2361
2199,2264
2199,2571
2199,2417
2199,2612
2199,2422
2199,2289
2199,2569
2199,2330
2199,2393
2199,2699
2199,2337
2199,2700
2199,2412
2199,2435
2199,2333
2199,2649
2199,2251
2199,2442
2199,2650
2199,2604
2199,2355
2199,2662
2200,2644
2200,2236
2200,2596
2200,2498
2200,2661
2200,2658
2200,2301
2200,2611
2200,2603
2200,2659
2200,2219
2200,2252
2200,2238
2200,2426
2200,2216
2201,2347
2201,2352
2201,2298
2201,2324
2201,2335
2201,2242
2201,2416
2201,2396
2201,2637
2201,2471
2201,2571
2201,2474
2201,2648
2201,2607
2201,2558
2201,2512
2201,2318
2202,2523
2202,2526
2202,2234
2202,2711
2202,2632
2202,2502
2202,2503
2202,2588
2202,2484
2202,2333
2202,2263
2202,2456
2202,2330
2202,2705
2202,2206
2202,2230
2202,2425
2202,2328
2202,2217
2202,2210
2202,2221
2202,2649
2202,2248
2202,2433
2202,2239
2202,2627
2203,2603
2203,2409
2203,2459
2203,2418
2203,2431
2203,2353
2203,2297
2203,2404
2203,2518
2204,2222
2204,2248
2204,2237
2204,2611
2204,2219
2204,2206
2204,2543
2204,2699
2204,2484
2204,2361
2204,2687
2204,2702
2204,2500
2204,2220
2204,2208
2204,2228
2204,2422
2204,2627
2204,2279
2204,2404
2205,2366
2205,2257
2205,2419
2205,2314
2205,2617
2205,2352
2205,2535
2205,2252
2205,2288
2205,2625
2205,2693
2205,2629
2205,2220
2205,2436
2205,2428
2205,2619
2206,2673
2206,2500
2206,2417
2206,2486
2206,2298
2206,2439
2206,2211
2206,2502
2206,2545
2206,2216
2206,2214
2206,2702
2206,2504
2206,2718
2206,2494
2206,2491
2206,2282
2206,2661
2206,2238
2206,2516
2206,2259
2206,2239
2207,2657
2207,2571
2207,2352
2207,2237
2207,2714
2207,2494
2207,2418
2207,2425
2207,2232
2207,2238
2207,2210
2207,2624
2207,2495
2207,2639
2207,2348
2207,2355
2207,2467
2208,2358
2208,2235
2208,2224
2208,2337
2208,2425
2208,2609
2208,2291
2208,2526
2208,2644
2208,2456
2208,2221
2208,2650
2208,2523
2208,2351
2208,2210
2209,2694
2209,2683
2209,2262
2209,2600
2209,2487
2209,2702
2209,2610
2209,2582
2209,2516
2209,2585
2209,2401
2210,2414
2210,2571
2210,2486
2210,2389
2210,2234
2210,2704
2210,2438
2210,2412
2210,2298
2210,2679
2210,2352
2210,2493
2210,2239
2210,2544
2210,2669
2210,2624
2210,2230
2210,2456
2210,2697
2210,2503
2210,2221
2210,2592
2210,2692
2211,2653
2211,2229
2211,2358
2211,2298
2211,2231
2211,2225
2211,2500
2211,2416
2211,2592
2211,2235
2211,2269
2211,2704
2211,2524
2211,2422
2211,2540
2211,2456
2211,2234
2211,2502
2211,2599
2211,2696
2211,2467
2211,2216
2212,2571
2212,2435
2212,2298
2212,2439
2212,2417
2212,2325
2212,2422
2212,2256
2212,2263
2212,2333
2212,2699
2212,2687
2212,2242
2212,2506
2212,2412
2212,2407
2212,2443
2212,2715
2212,2696
2212,2292
2212,2238
2213,2683
2213,2339
2213,2344
2213,2260
2213,2314
2213,2363
2213,2597
2213,2486
2213,2588
2213,2641
2213,2589
2213,2288
2213,2322
2214,2564
2214,2365
2214,2616
2214,2340
2214,2391
2214,2396
2214,2621
2214,2233
2214,2474
2214,2517
2214,2647
2215,2216
2215,2632
2215,2436
2215,2627
2215,2359
2215,2579
2215,2233
2215,2249
2215,2291
2215,2605
2216,2545
2216,2633
2216,2679
2216,2611
2216,2426
2216,2483
2216,2480
2216,2487
2216,2659
2216,2594
2216,2242
2216,2570
2216,2425
2216,2220
2216,2680
2216,2353
2217,2441
2217,2458
2217,2464
2217,2671
2217,2618
2217,2702
2217,2425
2217,2401
2217,2697
2217,2227
2217,2249
2217,2434
2217,2443
2217,2627
2217,2379
2218,2653
2218,2352
2218,2526
2218,2704
2218,2289
2218,2422
2218,2519
2218,2414
2218,2686
2218,2662
2218,2399
2218,2229
2218,2699
2218,2230
2218,2238
2218,2221
2218,2282
2218,2523
2218,2426
2218,2649
2218,2619
2218,2333
2218,2456
2218,2359
2218,2702
2219,2571
2219,2435
2219,2641
2219,2487
2219,2659
2219,2263
2219,2221
2219,2238
2219,2596
2219,2284
2219,2279
2220,2352
2220,2567
2220,2234
2220,2545
2220,2431
2220,2416
2220,2592
2220,2443
2220,2457
2220,2263
2220,2252
2220,2703
2220,2710
2220,2467
2220,2436
2220,2602
2220,2527
2220,2624
2220,2705
2220,2627
2220,2233
2220,2238
2220,2702
2221,2229
2221,2644
2221,2634
2221,2518
2221,2500
2221,2337
2221,2484
2221,2511
2221,2342
2221,2709
2221,2224
2221,2687
2221,2292
2221,2239
2221,2706
2221,2609
2221,2361
2221,2436
2221,2456
2222,2714
2222,2653
2222,2471
2222,2487
2222,2325
2222,2415
2222,2545
2222,2699
2222,2239
2222,2236
2222,2503
2222,2282
2222,2225
2222,2494
2222,2700
2222,2506
2222,2231
2222,2456
2222,2414
2222,2704
2222,2684
2222,2540
2222,2417
2222,2223
2223,2441
2223,2247
2223,2526
2223,2704
2223,2519
2223,2618
2223,2270
2223,2578
2223,2249
2223,2440
2223,2326
2223,2420
2223,2263
2223,2699
2223,2401
2223,2348
2223,2624
2224,2545
2224,2435
2224,2422
2224,2657
2224,2518
2224,2383
2224,2371
2224,2233
2224,2393
2224,2692
2224,2263
2224,2333
2224,2697
2224,2503
2224,2702
2224,2348
2224,2592
2224,2609
2224,2649
2224,2456
2224,2444
2225,2501
2225,2298
2225,2536
2225,2386
2225,2330
2225,2393
2225,2327
2225,2526
2225,2502
2225,2279
2225,2312
2225,2506
2225,2412
2225,2443
2225,2250
2225,2649
2225,2257
2225,2350
2225,2610
2225,2352
2226,2358
2226,2683
2226,2307
2226,2486
2226,2680
2226,2591
2226,2535
2226,2303
2226,2426
2226,2483
2226,2547
2226,2659
2226,2707
2226,2249
2226,2425
2226,2495
2226,2487
2226,2584
2227,2663
2227,2421
2227,2674
2227,2606
2227,2659
2227,2368
2227,2252
2227,2330
2227,2600
2227,2629
2227,2500
2227,2654
2227,2339
2228,2674
2228,2563
2228,2357
2228,2368
2228,2261
2228,2444
2228,2421
2228,2480
2228,2624
2229,2709
2229,2394
2229,2535
2229,2383
2229,2361
2229,2234
2229,2702
2229,2443
2229,2235
2229,2435
2229,2434
2229,2333
2229,2277
2229,2650
2229,2456
2229,2359
2229,2431
2229,2247
2229,2518
2230,2441
2230,2366
2230,2358
2230,2567
2230,2487
2230,2418
2230,2544
2230,2670
2230,2282
2230,2279
2230,2238
2230,2484
2231,2523
2231,2283
2231,2298
2231,2598
2231,2691
2231,2719
2231,2517
2231,2239
2231,2502
2231,2249
2231,2503
2231,2238
2231,2687
2231,2494
2231,2439
2231,2393
2231,2684
2231,2264
2232,2523
2232,2264
2232,2433
2232,2290
2232,2356
2232,2237
2232,2431
2232,2399
2232,2404
2232,2299
2232,2267
2232,2649
2232,2699
2232,2459
2232,2359
2232,2624
2232,2467
2233,2358
2233,2526
2233,2236
2233,2602
2233,2367
2233,2702
2233,2488
2233,2263
2233,2303
2233,2706
2233,2659
2233,2257
2233,2565
2233,2650
2233,2511
2233,2544
2233,2249
2233,2443
2233,2296
2234,2435
2234,2644
2234,2383
2234,2236
2234,2425
2234,2687
2234,2702
2234,2291
2234,2511
2234,2412
2234,2456
2234,2253
2234,2432
2234,2460
2234,2515
2234,2413
2234,2520
2234,2326
2234,2355
2235,2486
2235,2353
2235,2286
2235,2705
2235,2488
2235,2524
2235,2430
2235,2333
2235,2500
2235,2697
2235,2348
2235,2436
2235,2619
2235,2704
2235,2592
2235,2548
2236,2414
2236,2556
2236,2625
2236,2540
2236,2249
2236,2379
2236,2618
2236,2288
2236,2263
2236,2627
2236,2238
2236,2694
2236,2500
2236,2506
2236,2456
2236,2585
2236,2609
2237,2653
2237,2283
2237,2673
2237,2291
2237,2502
2237,2279
2237,2687
2237,2348
2237,2409
2237,2607
2237,2684
2237,2270
2237,2467
2237,2247
2237,2354
2237,2518
2237,2665
2238,2714
2238,2545
2238,2283
2238,2494
2238,2291
2238,2526
2238,2422
2238,2578
2238,2500
2238,2425
2238,2687
2238,2527
2238,2333
2238,2517
2238,2456
2238,2644
2238,2700
2238,2409
2238,2487
2238,2412
2238,2596
2238,2361
2238,2621
2238,2427
2238,2282
2238,2484
2239,2540
2239,2621
2239,2412
2239,2484
2239,2368
2239,2263
2239,2456
2239,2687
2239,2700
2239,2603
2239,2422
2239,2547
2239,2627
2239,2436
2239,2527
2239,2333
2240,2374
2240,2324
2240,2640
2240,2536
2240,2317
2240,2638
2240,2243
2240,2532
2240,2708
2240,2510
2240,2465
2240,2695
2240,2370
2241,2712
2241,2245
2241,2711
2241,2689
2241,2250
2241,2636
2241,2513
2241,2691
2241,2415
2241,2668
2242,2414
2242,2379
2242,2329
2242,2325
2242,2667
2242,2509
2242,2398
2242,2284
2242,2520
2242,2298
2242,2393
2242,2699
2242,2436
2242,2655
2242,2337
2242,2309
2242,2607
2242,2442
2242,2669
2242,2639
2243,2245
2243,2374
2243,2621
2243,2472
2243,2710
2243,2376
2243,2532
2243,2340
2243,2402
2243,2652
2243,2525
2243,2391
2243,2717
2243,2699
2244,2656
2244,2474
2244,2662
2244,2664
2244,2668
2245,2531
2245,2246
2245,2377
2245,2329
2245,2367
2245,2376
2245,2536
2245,2478
2245,2385
2245,2499
2245,2689
2245,2532
2245,2340
2245,2437
2246,2365
2246,2507
2246,2701
2246,2708
2246,2385
2246,2482
2246,2608
2246,2531
2246,2377
2246,2386
2246,2574
2246,2378
2246,2376
2246,2473
2246,2590
2246,2396
2246,2312
2247,2329
2247,2617
2247,2673
2247,2252
2247,2687
2247,2431
2247,2624
2247,2292
2247,2609
2247,2467
2247,2550
2247,2503
2247,2522
2248,2714
2248,2329
2248,2571
2248,2416
2248,2712
2248,2618
2248,2398
2248,2494
2248,2299
2248,2422
2248,2348
2248,2409
2248,2662
2248,2437
2248,2684
2248,2277
2248,2671
2248,2656
2249,2414
2249,2683
2249,2615
2249,2595
2249,2276
2249,2691
2249,2488
2249,2480
2249,2547
2249,2263
2249,2503
2249,2279
2249,2589
2249,2439
2249,2342
2249,2434
2249,2436
2249,2358
2249,2649
2249,2592
2249,2579
2249,2359
2249,2417
2249,2609
2250,2716
2250,2325
2250,2298
2250,2324
2250,2471
2250,2330
2250,2712
2250,2334
2250,2713
2250,2660
2251,2435
2251,2604
2251,2294
2251,2289
2251,2324
2251,2277
2251,2649
2251,2347
2251,2494
2251,2619
2251,2540
2251,2409
2251,2350
2251,2664
2251,2495
2251,2668
2251,2299
2251,2412
2251,2639
2252,2670
2252,2629
2252,2591
2252,2602
2252,2600
2252,2425
2252,2487
2252,2605
2252,2659
2252,2284
2252,2718
2252,2596
2252,2288
2252,2511
2252,2275
2252,2359
2253,2683
2253,2342
2253,2625
2253,2634
2253,2654
2253,2484
2253,2397
2253,2600
2253,2426
2253,2254
2253,2480
2253,2650
2253,2303
2253,2705
2253,2328
2253,2486
2253,2694
2254,2352
2254,2634
2254,2547
2254,2548
2254,2267
2254,2659
2254,2344
2254,2266
2254,2705
2254,2629
2254,2280
2255,2528
2255,2303
2255,2488
2256,2634
2256,2566
2256,2511
2256,2629
2256,2261
2256,2397
2256,2328
2256,2470
2256,2276
2256,2259
2257,2485
2257,2673
2257,2374
2257,2373
2257,2606
2257,2597
2257,2594
2257,2588
2257,2300
2257,2591
2257,2320
2257,2611
2257,2511
2257,2288
2258,2384
2258,2371
2259,2428
2259,2631
2259,2625
2259,2589
2259,2261
2259,2646
2259,2659
2259,2661
2259,2650
2259,2658
2259,2680
2259,2599
2260,2631
2260,2556
2260,2604
2260,2620
2260,2566
2260,2679
2260,2446
2260,2451
2260,2529
2260,2625
2260,2475
2260,2281
2261,2631
2261,2464
2261,2428
2261,2342
2261,2602
2261,2422
2261,2599
2261,2498
2261,2400
2261,2547
2261,2566
2261,2596
2261,2486
2261,2680
2261,2535
2261,2611
2261,2381
2262,2632
2262,2606
2262,2600
2262,2276
2262,2480
2262,2602
2262,2683
2263,2414
2263,2358
2263,2526
2263,2670
2263,2688
2263,2500
2263,2416
2263,2412
2263,2350
2263,2425
2263,2707
2263,2348
2263,2655
2263,2690
2263,2503
2264,2696
2264,2502
2264,2383
2264,2337
2264,2299
2264,2592
2264,2375
2264,2409
2264,2540
2264,2704
2264,2541
2264,2527
2264,2326
2264,2467
2265,2458
2265,2577
2265,2618
2265,2274
2265,2462
2265,2516
2265,2460
2265,2583
2265,2423
2265,2551
2265,2268
2265,2461
2266,2287
2266,2272
2266,2548
2266,2268
2266,2583
2266,2576
2266,2275
2267,2587
2267,2356
2267,2547
2267,2628
2267,2284
2267,2677
2267,2659
2267,2383
2267,2286
2267,2543
2267,2551
2267,2515
2267,2585
2268,2272
2268,2696
2268,2351
2269,2458
2269,2418
2269,2413
2269,2426
2269,2548
2269,2272
2269,2420
2269,2578
2270,2677
2270,2349
2270,2421
2270,2703
2270,2487
2270,2399
2270,2610
2270,2462
2270,2433
2270,2275
2270,2359
2270,2592
2270,2404
2271,2457
2271,2577
2271,2583
2271,2423
2271,2462
2272,2458
2272,2577
2272,2424
2272,2576
2272,2429
2272,2420
2272,2457
2273,2421
2273,2291
2273,2583
2273,2643
2273,2274
2273,2582
2273,2696
2274,2285
2274,2643
2274,2424
2274,2458
2274,2576
2275,2670
2275,2578
2275,2629
2275,2548
2275,2413
2275,2609
2275,2605
2275,2459
2275,2359
2275,2543
2275,2430
2275,2579
2276,2483
2276,2675
2276,2681
2276,2333
2276,2718
2277,2545
2277,2375
2277,2518
2277,2504
2277,2685
2277,2506
2277,2329
2277,2493
2277,2501
2277,2716
2277,2434
2277,2669
2277,2349
2278,2676
2278,2311
2278,2464
2278,2481
2278,2530
2278,2406
2278,2301
2278,2345
2278,2641
2278,2338
2278,2419
2278,2680
2278,2391
2278,2596
2279,2694
2279,2545
2279,2440
2279,2383
2279,2437
2279,2609
2279,2605
2279,2326
2279,2518
2279,2358
2279,2649
2279,2282
2279,2355
2279,2543
2280,2670
2280,2629
2281,2631
2281,2364
2281,2367
2281,2392
2281,2507
2281,2554
2281,2381
2281,2373
2282,2545
2282,2375
2282,2366
2282,2677
2282,2500
2282,2697
2282,2404
2282,2425
2282,2699
2282,2397
2282,2649
2282,2635
2282,2333
2282,2627
2282,2361
2282,2550
2283,2375
2283,2497
2283,2664
2283,2326
2283,2656
2283,2665
2284,2694
2284,2546
2284,2304
2284,2483
2284,2314
2284,2362
2284,2286
2284,2488
2284,2368
2284,2633
2284,2591
2284,2300
2284,2491
2284,2705
2285,2545
2285,2286
2285,2596
2285,2705
2285,2710
2285,2707
2286,2676
2286,2383
2286,2680
2286,2705
2286,2661
2286,2611
2286,2659
2286,2632
2286,2543
2286,2617
2286,2696
2287,2610
2287,2577
2287,2576
2287,2429
2287,2515
2288,2452
2288,2309
2288,2422
2288,2560
2288,2425
2288,2428
2288,2466
2288,2589
2288,2535
2288,2300
2288,2658
2288,2544
2289,2709
2289,2486
2289,2298
2289,2713
2289,2439
2289,2437
2289,2417
2289,2412
2289,2436
2289,2409
2289,2662
2289,2442
2289,2636
2289,2684
2289,2558
2289,2656
2289,2665
2290,2550
2290,2518
2290,2466
2290,2431
2290,2326
2290,2355
2290,2353
2290,2357
2290,2639
2291,2523
2291,2433
2291,2417
2291,2705
2291,2702
2291,2434
2291,2503
2291,2456
2291,2409
2291,2704
2291,2401
2292,2441
2292,2518
2292,2519
2292,2687
2292,2653
2292,2639
2292,2434
2292,2527
2292,2624
2292,2355
2293,2374
2293,2711
2293,2527
2293,2717
2293,2474
2293,2309
2293,2444
2293,2330
2293,2493
2293,2432
2294,2667
2294,2324
2294,2416
2294,2361
2294,2664
2294,2671
2294,2639
2294,2665
2295,2304
2295,2559
2295,2419
2295,2557
2295,2403
2295,2302
2295,2678
2295,2594
2295,2367
2296,2353
2296,2618
2296,2496
2296,2624
2296,2401
2296,2399
2297,2397
2297,2435
2297,2431
2297,2619
2297,2349
2297,2355
2297,2401
2297,2326
2297,2353
2298,2657
2298,2417
2298,2352
2298,2402
2298,2594
2298,2524
2298,2416
2298,2698
2298,2502
2298,2598
2298,2456
2298,2640
2298,2607
2298,2662
2298,2663
2298,2518
2299,2714
2299,2640
2299,2417
2299,2398
2299,2422
2299,2483
2299,2337
2299,2657
2299,2609
2299,2425
2299,2619
2300,2421
2300,2606
2300,2673
2300,2498
2300,2524
2300,2428
2301,2489
2301,2306
2301,2626
2301,2672
2301,2557
2301,2623
2301,2552
2301,2344
2302,2626
2302,2623
2302,2530
2302,2554
2302,2406
2302,2454
2302,2346
2302,2469
2303,2491
2303,2666
2303,2561
2303,2428
2303,2351
2303,2389
2303,2577
2303,2326
2303,2659
2303,2488
2303,2567
2303,2470
2303,2633
2303,2603
2303,2524
2303,2461
2303,2627
2304,2319
2304,2455
2304,2626
2304,2530
2304,2446
2304,2451
2305,2559
2305,2308
2305,2428
2306,2403
2306,2310
2306,2341
2306,2626
2306,2463
2306,2448
2306,2555
2307,2556
2307,2557
2307,2455
2307,2593
2307,2562
2307,2389
2307,2682
2307,2339
2307,2400
2308,2557
2308,2593
2308,2447
2308,2554
2308,2451
2308,2553
2308,2560
2308,2489
2308,2674
2308,2480
2309,2695
2309,2325
2309,2612
2309,2698
2309,2398
2309,2637
2309,2638
2309,2512
2309,2686
2309,2337
2309,2558
2309,2665
2310,2314
2310,2490
2310,2672
2310,2575
2310,2319
2310,2450
2310,2623
2310,2341
2310,2552
2310,2626
2310,2555
2310,2406
2311,2601
2311,2556
2311,2345
2311,2557
2311,2481
2311,2560
2311,2678
2311,2323
2311,2674
2311,2650
2312,2620
2312,2386
2312,2478
2312,2508
2312,2469
2312,2647
2312,2590
2312,2396
2312,2390
2312,2473
2312,2378
2312,2533
2312,2614
2312,2391
2313,2395
2313,2572
2313,2482
2313,2370
2313,2565
2313,2472
2313,2381
2313,2416
2314,2510
2314,2367
2314,2565
2314,2365
2314,2473
2314,2614
2314,2633
2315,2695
2315,2387
2315,2613
2315,2382
2315,2508
2315,2608
2315,2316
2315,2572
2315,2521
2315,2376
2315,2473
2315,2402
2315,2372
2315,2505
2315,2389
2315,2434
2316,2385
2316,2537
2316,2373
2316,2531
2316,2367
2316,2473
2316,2564
2316,2686
2317,2537
2317,2386
2317,2608
2317,2392
2317,2478
2317,2370
2318,2716
2318,2375
2318,2398
2318,2592
2318,2701
2318,2410
2318,2330
2318,2520
2318,2333
2318,2687
2318,2348
2318,2571
2318,2698
2318,2504
2318,2607
2318,2660
2318,2361
2319,2463
2319,2449
2319,2346
2319,2419
2320,2537
2320,2529
2320,2367
2320,2590
2320,2360
2320,2574
2320,2478
2320,2465
2320,2646
2320,2691
2321,2384
2321,2360
2321,2469
2321,2415
2322,2507
2322,2537
2322,2382
2322,2472
2322,2608
2322,2378
2322,2405
2322,2381
2322,2533
2322,2377
2322,2570
2322,2473
2323,2345
2323,2403
2323,2406
2323,2489
2323,2451
2323,2448
2323,2552
2323,2553
2324,2640
2324,2536
2324,2380
2324,2695
2324,2428
2324,2525
2324,2717
2324,2637
2324,2612
2324,2422
2324,2669
2325,2371
2325,2647
2325,2645
2325,2493
2325,2636
2325,2471
2325,2612
2325,2642
2325,2461
2326,2441
2326,2523
2326,2518
2326,2697
2326,2547
2326,2418
2326,2592
2326,2700
2326,2435
2326,2354
2326,2436
2326,2624
2326,2355
2326,2588
2327,2366
2327,2442
2327,2389
2327,2708
2327,2663
2327,2422
2327,2330
2327,2524
2327,2493
2327,2474
2327,2692
2327,2334
2327,2506
2327,2715
2328,2673
2328,2483
2328,2659
2328,2426
2328,2344
2328,2596
2328,2488
2328,2511
2328,2705
2328,2444
2328,2603
2328,2634
2328,2694
2328,2644
2329,2398
2329,2513
2329,2711
2329,2335
2329,2393
2329,2409
2329,2497
2329,2369
2329,2442
2329,2648
2329,2520
2329,2671
2330,2414
2330,2398
2330,2494
2330,2532
2330,2668
2330,2393
2330,2522
2330,2619
2330,2558
2330,2655
2330,2669
2330,2439
2330,2568
2330,2665
2331,2682
2331,2367
2331,2555
2331,2531
2331,2468
2331,2565
2331,2710
2331,2633
2332,2714
2332,2695
2332,2398
2332,2684
2332,2526
2332,2416
2332,2506
2332,2686
2332,2442
2332,2607
2332,2662
2332,2664
2333,2439
2333,2417
2333,2519
2333,2500
2333,2502
2333,2503
2333,2717
2333,2400
2333,2627
2333,2456
2333,2715
2333,2467
2334,2394
2334,2693
2334,2691
2334,2517
2334,2568
2334,2619
2334,2664
2335,2379
2335,2711
2335,2638
2335,2719
2335,2568
2335,2504
2335,2692
2335,2369
2335,2688
2335,2442
2336,2713
2336,2588
2336,2498
2336,2484
2336,2649
2336,2574
2336,2620
2337,2683
2337,2398
2337,2684
2337,2520
2337,2352
2337,2513
2337,2565
2337,2627
2337,2671
2337,2607
2337,2541
2337,2361
2338,2556
2338,2626
2338,2447
2338,2530
2338,2345
2338,2511
2339,2345
2339,2553
2339,2593
2339,2368
2339,2591
2340,2385
2340,2645
2340,2620
2340,2382
2340,2514
2340,2708
2340,2392
2340,2380
2340,2396
2341,2601
2341,2623
2341,2593
2341,2572
2341,2448
2341,2530
2341,2626
2341,2344
2342,2566
2342,2468
2342,2565
2342,2378
2342,2599
2342,2358
2342,2370
2342,2617
2342,2658
2342,2588
2342,2697
2343,2562
2343,2517
2343,2552
2343,2675
2343,2560
2343,2573
2344,2556
2344,2562
2344,2447
2344,2463
2344,2560
2344,2498
2344,2678
2344,2563
2344,2658
2345,2556
2345,2557
2345,2593
2345,2666
2345,2470
2345,2674
2345,2535
2345,2426
2346,2615
2346,2481
2346,2623
2346,2530
2346,2454
2346,2406
2346,2449
2346,2451
2346,2450
2347,2653
2347,2394
2347,2379
2347,2504
2347,2471
2347,2691
2347,2438
2347,2398
2347,2520
2347,2513
2347,2649
2347,2540
2348,2523
2348,2483
2348,2425
2348,2540
2348,2443
2348,2535
2348,2657
2348,2618
2348,2383
2348,2430
2348,2354
2348,2697
2349,2547
2349,2440
2349,2461
2349,2431
2349,2357
2349,2550
2350,2709
2350,2571
2350,2375
2350,2667
2350,2671
2350,2520
2350,2416
2350,2716
2350,2522
2350,2437
2350,2686
2350,2662
2351,2587
2351,2546
2351,2629
2351,2430
2351,2543
2351,2361
2351,2459
2351,2578
2351,2516
2351,2548
2352,2407
2352,2718
2352,2474
2352,2706
2352,2649
2352,2519
2352,2422
2352,2456
2352,2442
2352,2715
2353,2543
2353,2355
2353,2357
2354,2431
2354,2624
2354,2527
2354,2355
2354,2441
2354,2488
2354,2550
2355,2653
2355,2523
2355,2357
2355,2516
2355,2433
2356,2585
2357,2550
2357,2484
2357,2548
2357,2431
2357,2399
2357,2496
2358,2694
2358,2616
2358,2523
2358,2414
2358,2458
2358,2440
2358,2634
2358,2683
2358,2393
2358,2655
2358,2627
2358,2700
2358,2383
2358,2484
2358,2401
2359,2677
2359,2670
2359,2383
2359,2588
2359,2707
2359,2488
2359,2440
2359,2628
2359,2466
2359,2434
2359,2546
2359,2543
2360,2386
2360,2377
2360,2514
2361,2673
2361,2494
2361,2502
2361,2369
2361,2412
2361,2699
2361,2368
2361,2596
2361,2669
2361,2413
2361,2409
2361,2718
2362,2683
2362,2634
2362,2600
2362,2368
2362,2633
2362,2502
2362,2470
2362,2657
2362,2603
2362,2426
2362,2480
2362,2591
2362,2397
2362,2707
2362,2401
2363,2598
2363,2407
2363,2386
2363,2400
2364,2501
2364,2477
2364,2645
2364,2509
2364,2640
2364,2514
2364,2716
2364,2452
2364,2408
2364,2499
2364,2717
2364,2655
2365,2386
2365,2508
2365,2376
2365,2614
2365,2529
2365,2465
2365,2380
2366,2485
2366,2385
2366,2479
2366,2370
2366,2570
2366,2407
2366,2635
2366,2598
2366,2367
2366,2439
2367,2485
2367,2477
2367,2507
2367,2374
2367,2598
2367,2536
2367,2377
2367,2472
2367,2386
2367,2468
2367,2482
2367,2710
2367,2570
2367,2708
2367,2396
2367,2617
2368,2562
2368,2591
2368,2706
2368,2599
2368,2553
2368,2487
2368,2681
2368,2633
2368,2486
2368,2480
2369,2616
2369,2558
2369,2645
2369,2411
2369,2608
2369,2711
2369,2642
2369,2415
2369,2474
2369,2513
2370,2485
2370,2482
2370,2533
2370,2719
2371,2384
2371,2385
2371,2620
2371,2642
2371,2479
2371,2534
2371,2392
2371,2378
2371,2521
2371,2573
2371,2381
2371,2415
2372,2528
2372,2377
2372,2472
2372,2510
2372,2533
2372,2564
2372,2590
2372,2396
2372,2374
2372,2620
2372,2465
2373,2492
2373,2405
2373,2539
2374,2615
2374,2539
2374,2394
2374,2620
2374,2701
2374,2614
2374,2465
2374,2378
2374,2708
2374,2509
2374,2471
2375,2714
2375,2411
2375,2713
2375,2688
2375,2494
2375,2436
2375,2474
2375,2619
2375,2700
2375,2409
2375,2655
2375,2497
2375,2393
2375,2684
2375,2442
2375,2495
2375,2669
2375,2401
2375,2427
2375,2671
2376,2387
2376,2382
2376,2537
2376,2508
2376,2385
2376,2377
2376,2392
2376,2465
2376,2647
2376,2615
2376,2620
2377,2564
2377,2378
2377,2590
2377,2381
2377,2392
2377,2495
2378,2384
2378,2564
2378,2385
2378,2620
2378,2701
2378,2407
2378,2521
2378,2646
2378,2638
2378,2590
2378,2616
2378,2608
2378,2405
2378,2514
2378,2708
2378,2615
2378,2614
2379,2663
2379,2558
2379,2485
2379,2499
2379,2569
2379,2717
2379,2568
2379,2719
2379,2474
2379,2690
2379,2609
2379,2417
2379,2443
2379,2691
2379,2497
2379,2660
2379,2715
2380,2711
2380,2479
2380,2608
2380,2710
2380,2647
2380,2719
2381,2635
2381,2492
2381,2465
2381,2672
2381,2405
2381,2574
2382,2507
2382,2538
2382,2608
2382,2529
2382,2508
2382,2531
2382,2528
2382,2572
2382,2570
2383,2417
2383,2550
2383,2711
2383,2594
2383,2578
2383,2500
2383,2524
2383,2627
2383,2484
2383,2503
2383,2592
2383,2609
2383,2541
2383,2456
2384,2630
2384,2469
2384,2473
2385,2508
2385,2472
2385,2396
2385,2394
2385,2410
2386,2492
2386,2507
2386,2531
2386,2479
2386,2590
2386,2478
2387,2531
2387,2508
2387,2479
2387,2472
2387,2390
2387,2701
2387,2478
2387,2617
2387,2621
2389,2615
2389,2498
2389,2647
2389,2438
2389,2509
2389,2687
2390,2564
2390,2570
2390,2479
2390,2572
2390,2620
2390,2701
2390,2402
2390,2625
2391,2701
2391,2509
2391,2407
2391,2652
2391,2717
2392,2613
2392,2539
2392,2638
2392,2531
2392,2510
2392,2507
2392,2465
2392,2396
2392,2408
2393,2398
2393,2712
2393,2519
2393,2698
2393,2636
2393,2493
2393,2571
2393,2474
2393,2524
2393,2662
2393,2607
2393,2408
2393,2719
2393,2619
2393,2686
2393,2432
2394,2452
2394,2411
2394,2711
2394,2569
2394,2504
2394,2695
2394,2717
2394,2689
2394,2524
2394,2493
2394,2416
2394,2437
2394,2636
2394,2690
2394,2432
2395,2514
2395,2402
2395,2472
2395,2652
2396,2407
2396,2517
2396,2564
2396,2405
2396,2498
2396,2658
2397,2428
2397,2634
2397,2629
2397,2591
2397,2654
2397,2589
2397,2646
2397,2446
2397,2596
2397,2661
2397,2605
2397,2486
2397,2680
2397,2611
2397,2430
2397,2649
2397,2491
2398,2604
2398,2504
2398,2524
2398,2520
2398,2685
2398,2425
2398,2493
2398,2456
2398,2609
2398,2497
2398,2468
2398,2662
2398,2540
2398,2715
2398,2422
2398,2401
2399,2433
2399,2678
2399,2496
2399,2585
2399,2461
2400,2601
2400,2439
2400,2707
2400,2517
2400,2552
2400,2498
2400,2451
2401,2677
2401,2518
2401,2519
2401,2653
2401,2502
2401,2687
2401,2443
2401,2434
2401,2607
2401,2624
2401,2417
2402,2564
2402,2620
2402,2701
2402,2514
2402,2508
2402,2405
2402,2533
2402,2465
2402,2528
2402,2415
2402,2517
2402,2590
2403,2419
2403,2449
2403,2552
2403,2651
2403,2554
2404,2568
2404,2545
2404,2440
2404,2433
2404,2604
2404,2520
2404,2547
2404,2435
2404,2484
2404,2495
2404,2582
2404,2426
2404,2527
2404,2624
2405,2507
2405,2615
2405,2537
2405,2407
2405,2465
2405,2575
2405,2478
2405,2529
2405,2710
2405,2589
2405,2622
2405,2531
2405,2521
2405,2678
2406,2489
2406,2557
2406,2682
2406,2575
2406,2449
2406,2454
2406,2450
2407,2492
2407,2564
2407,2654
2407,2505
2407,2408
2407,2701
2407,2410
2407,2637
2408,2695
2408,2477
2408,2494
2408,2521
2408,2474
2408,2482
2408,2517
2408,2680
2409,2709
2409,2571
2409,2417
2409,2452
2409,2437
2409,2524
2409,2692
2409,2607
2409,2655
2409,2432
2409,2715
2409,2639
2410,2604
2410,2612
2410,2536
2410,2528
2410,2686
2410,2647
2410,2512
2410,2415
2410,2719
2410,2568
2411,2695
2411,2568
2411,2645
2411,2499
2411,2711
2411,2569
2411,2719
2411,2493
2411,2698
2411,2655
2411,2717
2411,2690
2412,2414
2412,2520
2412,2422
2412,2519
2412,2686
2412,2699
2412,2484
2412,2619
2412,2545
2412,2662
2412,2467
2413,2600
2413,2418
2413,2628
2413,2543
2413,2611
2413,2696
2414,2657
2414,2649
2414,2506
2414,2668
2415,2509
2415,2638
2415,2652
2415,2648
2415,2712
2415,2499
2415,2701
2415,2569
2415,2717
2416,2558
2416,2525
2416,2512
2416,2686
2416,2692
2416,2607
2416,2662
2416,2639
2417,2709
2417,2440
2417,2702
2417,2604
2417,2434
2417,2494
2417,2444
2417,2439
2417,2503
2417,2649
2417,2689
2417,2495
2417,2619
2417,2483
2417,2432
2418,2493
2418,2618
2418,2581
2418,2484
2418,2697
2418,2677
2418,2551
2419,2454
2419,2672
2419,2542
2419,2573
2420,2546
2420,2458
2421,2600
2421,2694
2421,2543
2421,2610
2421,2515
2422,2439
2422,2494
2422,2704
2422,2662
2422,2524
2422,2427
2422,2425
2422,2440
2422,2604
2423,2457
2423,2577
2423,2583
2423,2582
2423,2460
2424,2457
2424,2577
2424,2707
2425,2709
2425,2500
2425,2700
2425,2702
2425,2624
2426,2428
2426,2644
2426,2483
2426,2591
2426,2484
2426,2497
2426,2629
2426,2605
2426,2546
2426,2486
2426,2718
2426,2595
2426,2692
2426,2657
2427,2523
2427,2435
2427,2493
2427,2716
2427,2475
2427,2512
2427,2692
2427,2558
2427,2497
2427,2604
2428,2616
2428,2553
2428,2681
2428,2567
2428,2596
2428,2658
2428,2638
2428,2488
2428,2627
2428,2506
2429,2587
2429,2458
2429,2618
2429,2643
2429,2549
2429,2515
2430,2434
2430,2628
2430,2654
2430,2579
2430,2511
2430,2543
2430,2504
2430,2621
2431,2441
2431,2433
2431,2550
2431,2518
2431,2496
2431,2687
2431,2459
2432,2667
2432,2522
2432,2442
2432,2664
2432,2524
2432,2607
2432,2497
2432,2686
2433,2435
2433,2503
2433,2456
2433,2578
2433,2516
2433,2703
2433,2496
2433,2461
2434,2704
2434,2520
2434,2506
2434,2484
2434,2544
2434,2436
2435,2441
2435,2657
2435,2545
2435,2526
2435,2706
2435,2547
2435,2628
2435,2714
2435,2624
2435,2634
2436,2441
2436,2550
2436,2484
2436,2440
2436,2541
2437,2646
2437,2442
2437,2524
2437,2719
2437,2663
2437,2497
2437,2541
2438,2452
2438,2684
2438,2509
2438,2531
2438,2574
2438,2599
2438,2635
2438,2614
2438,2638
2439,2523
2439,2657
2439,2698
2439,2506
2439,2697
2439,2541
2440,2563
2440,2545
2440,2535
2440,2484
2440,2443
2440,2592
2440,2609
2440,2502
2440,2506
2440,2519
2441,2523
2441,2500
2441,2519
2441,2506
2441,2704
2441,2442
2441,2619
2441,2609
2442,2709
2442,2604
2442,2494
2442,2522
2442,2597
2442,2550
2442,2647
2442,2504
2442,2541
2442,2558
2443,2631
2443,2545
2443,2604
2443,2550
2443,2518
2443,2500
2443,2592
2443,2697
2443,2484
2443,2706
2443,2699
2443,2627
2443,2702
2444,2567
2444,2591
2444,2602
2444,2599
2444,2659
2444,2661
2444,2679
2444,2680
2444,2597
2445,2557
2445,2672
2445,2560
2445,2554
2445,2674
2445,2449
2446,2623
2446,2521
2446,2488
2446,2463
2446,2552
2446,2481
2447,2450
2447,2556
2447,2553
2447,2593
2448,2552
2448,2553
2448,2556
2449,2455
2449,2490
2449,2682
2449,2651
2449,2559
2449,2661
2449,2454
2449,2562
2450,2490
2450,2542
2450,2455
2451,2557
2451,2481
2451,2490
2451,2575
2451,2651
2451,2554
2451,2552
2451,2463
2451,2710
2452,2570
2452,2572
2452,2475
2452,2596
2452,2663
2452,2699
2453,2632
2453,2457
2453,2605
2454,2530
2454,2575
2455,2559
2455,2552
2456,2657
2456,2503
2457,2586
2457,2462
2457,2618
2458,2629
2458,2577
2458,2586
2458,2576
2458,2462
2458,2549
2458,2459
2459,2683
2459,2677
2459,2703
2459,2466
2459,2579
2460,2576
2460,2650
2460,2579
2460,2585
2461,2496
2461,2659
2461,2585
2461,2579
2461,2606
2461,2704
2461,2516
2461,2644
2462,2587
2462,2586
2462,2576
2462,2582
2462,2584
2463,2553
2463,2561
2463,2556
2464,2523
2464,2589
2464,2625
2464,2602
2464,2707
2464,2585
2465,2564
2465,2620
2465,2473
2466,2578
2466,2657
2466,2591
2466,2707
2466,2624
2467,2523
2467,2558
2467,2699
2467,2627
2468,2561
2468,2498
2468,2595
2468,2710
2469,2479
2469,2580
2469,2533
2470,2481
2470,2606
2470,2631
2470,2486
2471,2568
2471,2647
2471,2691
2471,2602
2471,2493
2471,2517
2471,2636
2471,2618
2472,2528
2472,2590
2472,2510
2472,2508
2472,2534
2472,2507
2472,2701
2472,2499
2472,2647
2473,2514
2473,2482
2473,2539
2473,2652
2473,2510
2473,2492
2473,2614
2473,2573
2473,2564
2474,2568
2474,2612
2474,2636
2474,2514
2474,2635
2474,2504
2474,2569
2474,2647
2474,2711
2474,2517
2474,2686
2474,2717
2475,2542
2475,2505
2475,2646
2475,2565
2475,2710
2477,2653
2477,2616
2477,2509
2477,2698
2478,2612
2478,2509
2478,2597
2478,2699
2479,2620
2479,2539
2479,2521
2480,2694
2480,2511
2480,2487
2480,2676
2480,2600
2480,2670
2480,2633
2480,2658
2480,2611
2480,2718
2480,2488
2480,2603
2480,2661
2480,2602
2480,2629
2481,2673
2481,2682
2481,2553
2482,2598
2482,2654
2482,2719
2483,2683
2483,2487
2483,2603
2483,2602
2484,2714
2484,2697
2484,2700
2484,2548
2484,2607
2484,2669
2484,2706
2485,2507
2485,2492
2485,2646
2485,2633
2485,2658
2486,2694
2486,2634
2486,2611
2486,2603
2486,2602
2486,2599
2487,2567
2487,2644
2487,2718
2488,2641
2488,2644
2488,2511
2488,2654
2488,2548
2488,2606
2488,2675
2488,2694
2488,2543
2488,2635
2489,2556
2490,2651
2490,2575
2490,2555
2490,2557
2491,2694
2491,2566
2491,2606
2491,2631
2491,2596
2491,2617
2491,2598
2491,2567
2492,2615
2492,2539
2492,2565
2492,2531
2492,2710
2492,2573
2492,2533
2493,2540
2493,2522
2493,2520
2493,2568
2493,2592
2493,2524
2493,2660
2493,2684
2494,2604
2494,2659
2494,2503
2494,2649
2494,2607
2494,2662
2494,2624
2494,2665
2495,2653
2495,2506
2495,2584
2495,2541
2495,2660
2495,2669
2495,2715
2497,2714
2497,2684
2497,2704
2497,2717
2497,2524
2497,2541
2497,2665
2498,2566
2498,2597
2498,2617
2498,2661
2498,2658
2498,2505
2499,2616
2499,2569
2499,2568
2499,2695
2500,2550
2500,2699
2500,2627
2500,2526
2500,2503
2500,2592
2501,2693
2501,2713
2502,2631
2502,2545
2502,2686
2502,2697
2502,2700
2502,2547
2502,2519
2502,2706
2503,2518
2503,2699
2503,2702
2503,2603
2503,2649
2503,2657
2503,2527
2503,2662
2503,2541
2504,2716
2504,2663
2504,2630
2504,2671
2504,2512
2504,2711
2504,2517
2504,2524
2504,2540
2504,2637
2504,2569
2504,2695
2504,2717
2505,2637
2505,2510
2505,2572
2505,2615
2505,2635
2506,2523
2506,2656
2506,2525
2506,2512
2506,2649
2506,2715
2506,2639
2507,2615
2507,2539
2507,2573
2507,2574
2507,2620
2508,2568
2508,2620
2508,2613
2508,2654
2508,2572
2508,2708
2509,2653
2509,2601
2509,2695
2509,2712
2509,2532
2509,2638
2509,2621
2510,2564
2510,2590
2511,2681
2511,2605
2511,2705
2511,2611
2512,2684
2512,2612
2512,2536
2512,2717
2512,2647
2512,2719
2512,2524
2513,2604
2513,2712
2513,2612
2513,2690
2513,2713
2513,2648
2513,2637
2514,2630
2514,2689
2514,2536
2514,2708
2514,2701
2514,2692
2515,2587
2515,2585
2515,2707
2515,2697
2516,2657
2516,2703
2516,2628
2516,2603
2517,2616
2517,2520
2517,2568
2517,2693
2517,2695
2517,2525
2517,2719
2517,2685
2517,2662
2518,2653
2518,2527
2519,2704
2519,2657
2519,2649
2519,2624
2519,2541
2520,2612
2520,2540
2520,2704
2520,2691
2520,2617
2520,2545
2520,2649
2520,2662
2521,2620
2521,2710
2521,2574
2522,2657
2522,2668
2522,2639
2522,2665
2523,2694
2523,2670
2523,2526
2523,2627
2523,2704
2523,2607
2524,2620
2524,2616
2524,2704
2524,2647
2524,2688
2524,2565
2524,2662
2525,2714
2525,2671
2525,2686
2525,2719
2526,2659
2526,2627
2526,2697
2526,2706
2526,2609
2527,2550
2528,2573
2529,2537
2529,2622
2530,2560
2530,2559
2530,2575
2531,2695
2531,2708
2531,2691
2531,2620
2532,2569
2532,2711
2532,2619
2533,2615
2533,2598
2533,2620
2533,2645
2534,2612
2534,2613
2535,2625
2535,2659
2535,2609
2535,2694
2535,2597
2535,2683
2535,2600
2536,2564
2536,2683
2536,2713
2536,2614
2536,2701
2537,2615
2537,2539
2537,2701
2537,2620
2538,2564
2538,2622
2538,2613
2539,2562
2539,2622
2539,2573
2539,2635
2540,2684
2540,2662
2540,2660
2540,2664
2540,2671
2540,2558
2540,2655
2541,2684
2541,2671
2541,2668
2541,2717
2541,2558
2541,2664
2542,2626
2542,2623
2542,2575
2542,2559
2542,2651
2542,2672
2542,2555
2543,2670
2543,2581
2543,2549
2544,2596
2544,2705
2544,2609
2544,2718
2545,2599
2545,2649
2545,2619
2545,2631
2546,2633
2546,2610
2546,2592
2546,2551
2546,2584
2547,2644
2547,2618
2547,2579
2548,2628
2548,2618
2548,2702
2548,2578
2549,2581
2549,2625
2549,2610
2550,2653
2551,2604
2551,2584
2551,2696
2551,2610
2552,2680
2552,2623
2553,2601
2553,2593
2553,2562
2553,2597
2554,2651
2554,2623
2555,2626
2556,2561
2556,2651
2557,2626
2557,2623
2558,2597
2558,2692
2558,2655
2558,2685
2558,2648
2558,2636
2558,2637
2559,2651
2559,2623
2560,2682
2560,2593
2560,2629
2560,2646
2560,2569
2561,2601
2561,2666
2561,2562
2561,2593
2561,2678
2562,2682
2562,2563
2563,2593
2563,2600
2563,2629
2564,2614
2564,2638
2565,2593
2565,2573
2566,2674
2566,2631
2566,2580
2566,2679
2567,2596
2567,2661
2567,2591
2567,2611
2567,2718
2567,2696
2567,2585
2568,2572
2568,2647
2568,2689
2568,2717
2568,2637
2568,2612
2568,2648
2569,2663
2569,2712
2569,2684
2569,2713
2569,2637
2569,2719
2570,2710
2570,2615
2570,2590
2571,2711
2571,2649
2571,2706
2571,2636
2571,2715
2572,2620
2572,2710
2572,2598
2572,2701
2572,2664
2573,2590
2573,2710
2574,2580
2574,2710
2575,2672
2575,2654
2576,2643
2576,2581
2577,2610
2577,2586
2577,2583
2578,2660
2579,2670
2579,2624
2581,2703
2582,2583
2582,2610
2582,2611
2583,2587
2583,2584
2584,2677
2584,2627
2584,2696
2587,2707
2587,2610
2588,2673
2588,2654
2588,2599
2588,2658
2589,2661
2589,2597
2589,2687
2590,2614
2591,2600
2591,2659
2591,2700
2591,2702
2592,2700
2592,2699
2592,2627
2592,2706
2594,2683
2594,2678
2594,2605
2596,2625
2596,2600
2596,2617
2596,2605
2596,2597
2596,2673
2596,2658
2596,2611
2596,2603
2597,2646
2597,2617
2597,2634
2597,2628
2597,2633
2597,2669
2598,2645
2598,2617
2598,2661
2598,2635
2598,2649
2599,2625
2599,2644
2599,2679
2599,2658
2599,2646
2599,2617
2599,2633
2600,2683
2600,2634
2600,2625
2600,2617
2600,2650
2600,2668
2601,2682
2601,2674
2601,2633
2602,2683
2602,2641
2602,2611
2603,2673
2603,2629
2603,2609
2603,2661
2603,2659
2603,2682
2603,2634
2604,2625
2604,2697
2604,2716
2604,2692
2605,2632
2605,2658
2605,2659
2605,2705
2605,2718
2605,2650
2605,2696
2606,2659
2607,2714
2607,2657
2607,2664
2607,2655
2607,2662
2608,2613
2609,2694
2609,2702
2610,2677
2610,2644
2610,2643
2611,2694
2611,2706
2611,2650
2611,2718
2612,2712
2612,2711
2612,2645
2612,2648
2613,2622
2614,2717
2614,2701
2615,2631
2615,2708
2615,2622
2616,2701
2616,2691
2616,2711
2616,2704
2617,2625
2617,2679
2617,2654
2618,2703
2619,2709
2619,2704
2619,2699
2619,2686
2619,2662
2619,2637
2620,2645
2620,2701
2620,2708
2620,2717
2621,2713
2621,2711
2621,2638
2621,2637
2621,2719
2621,2712
2623,2672
2624,2657
2624,2697
2624,2699
2624,2627
2624,2696
2624,2687
2625,2673
2625,2633
2625,2680
2627,2664
2627,2649
2627,2658
2627,2700
2628,2670
2628,2683
2628,2703
2628,2696
2628,2677
2629,2634
2629,2632
2629,2694
2631,2658
2631,2718
2631,2633
2632,2644
2632,2682
2633,2682
2633,2679
2633,2718
2634,2650
2634,2700
2635,2694
2636,2714
2636,2693
2636,2647
2636,2689
2636,2690
2636,2648
2636,2665
2637,2695
2637,2640
2637,2691
2638,2690
2638,2695
2638,2717
2638,2691
2638,2719
2638,2699
2639,2667
2639,2656
2639,2665
2640,2663
2640,2717
2640,2719
2640,2709
2640,2712
2640,2701
2641,2673
2641,2679
2641,2683
2642,2712
2642,2690
2642,2669
2643,2707
2644,2673
2644,2696
2645,2698
2647,2692
2648,2716
2648,2711
2648,2690
2648,2691
2649,2657
2649,2706
2649,2687
2649,2659
2649,2715
2649,2686
2650,2659
2650,2694
2650,2718
2651,2658
2652,2711
2653,2670
2653,2659
2653,2687
2653,2700
2653,2706
2654,2705
2655,2671
2655,2715
2656,2671
2657,2697
2657,2687
2657,2702
2658,2706
2658,2707
2658,2683
2658,2661
2658,2680
2659,2702
2659,2694
2659,2718
2659,2696
2660,2664
2660,2669
2660,2712
2660,2665
2660,2667
2660,2715
2661,2680
2661,2686
2662,2671
2662,2714
2663,2714
2664,2671
2664,2686
2665,2692
2666,2674
2667,2716
2668,2712
2668,2669
2671,2719
2671,2686
2672,2710
2673,2706
2674,2676
2675,2676
2677,2703
2678,2682
2682,2704
2683,2694
2684,2716
2684,2698
2684,2686
2684,2704
2685,2693
2685,2699
2687,2704
2687,2696
2689,2695
2690,2713
2690,2691
2690,2693
2692,2717
2693,2719
2694,2702
2695,2719
2697,2702
2699,2700
2700,2702
2709,2719
2711,2713
2711,2719
2712,2714
