u,v
0,463
0,173
0,182
0,266
0,265
0,459
0,275
0,548
0,595
0,498
0,618
0,318
0,5
0,490
0,60
0,87
0,617
0,132
0,35
0,93
0,46
0,39
0,11
0,507
0,22
0,485
0,97
0,588
0,25
0,7
0,45
0,228
0,519
0,34
0,23
0,314
0,226
0,32
0,590
0,299
0,252
0,2
0,487
0,407
0,19
0,42
0,476
0,161
0,258
0,402
0,305
0,49
0,251
0,15
0,292
0,1
0,28
0,513
0,319
0,480
0,574
0,253
0,262
0,74
0,458
0,264
1,341
1,191
1,193
1,455
1,230
1,600
1,204
1,495
1,601
1,310
1,504
1,589
1,319
1,314
1,623
1,59
1,80
1,507
1,22
1,313
1,78
1,517
1,420
1,323
1,88
1,380
1,477
1,11
1,13
1,9
1,14
1,2
1,137
1,428
1,5
1,422
1,585
1,21
1,335
1,44
1,42
1,320
1,38
1,16
1,63
1,502
1,308
1,17
1,90
1,26
1,509
1,321
1,515
1,255
1,62
1,15
1,485
1,37
1,322
1,510
1,259
1,263
2,346
2,249
2,246
2,279
2,539
2,600
2,561
2,492
2,313
2,493
2,624
2,315
2,230
2,36
2,65
2,75
2,79
2,61
2,58
2,46
2,39
2,86
2,71
2,69
2,421
2,33
2,15
2,41
2,320
2,514
2,30
2,72
2,510
2,25
2,619
2,37
2,106
2,17
2,97
2,585
2,488
2,3
2,567
2,426
2,476
2,251
2,57
2,301
2,10
2,565
2,205
2,593
2,108
2,578
2,505
2,501
2,16
2,433
2,45
2,90
2,513
2,312
2,506
2,21
2,303
2,188
2,479
2,295
2,27
2,456
2,262
2,70
3,533
3,455
3,230
3,449
3,220
3,608
3,538
3,502
3,407
3,310
3,311
3,7
3,492
3,554
3,560
3,35
3,86
3,598
3,16
3,323
3,429
3,41
3,516
3,31
3,42
3,139
3,194
3,485
3,97
3,519
3,34
3,585
3,506
3,21
3,12
3,44
3,418
3,111
3,479
3,246
3,52
3,5
3,622
3,428
3,122
3,306
3,260
3,495
3,10
3,309
3,6
3,76
3,29
3,264
3,478
3,49
3,324
3,518
3,615
3,427
3,385
3,191
3,94
3,47
3,254
4,340
4,179
4,349
4,155
4,159
4,237
4,366
4,267
4,580
4,614
4,613
4,224
4,321
4,612
4,624
4,598
4,16
4,501
4,314
4,79
4,8
4,46
4,19
4,504
4,66
4,551
4,316
4,18
4,503
4,315
4,33
4,320
4,514
4,5
4,296
4,490
4,505
4,20
4,67
4,68
4,21
4,332
4,623
4,497
4,12
4,22
4,507
4,47
4,511
4,317
4,35
4,38
4,392
4,586
4,492
4,257
4,304
4,382
4,308
4,86
4,87
4,234
4,40
5,327
5,351
5,354
5,187
5,171
5,206
5,539
5,368
5,604
5,277
5,366
5,617
5,23
5,314
5,315
5,610
5,337
5,46
5,39
5,84
5,76
5,71
5,300
5,9
5,596
5,305
5,14
5,312
5,612
5,30
5,336
5,45
5,519
5,34
5,318
5,27
5,55
5,320
5,38
5,40
5,49
5,26
5,511
5,317
5,505
5,44
5,251
5,615
5,518
5,295
5,477
5,245
5,148
5,263
5,164
5,261
5,15
5,485
5,66
5,495
5,301
5,253
5,371
6,461
6,330
6,161
6,225
6,244
6,605
6,215
6,276
6,229
6,600
6,366
6,272
6,287
6,538
6,234
6,622
6,618
6,262
6,553
6,8
6,493
6,28
6,610
6,317
6,264
6,555
6,616
6,99
6,79
6,22
6,263
6,69
6,80
6,324
6,33
6,306
6,15
6,494
6,9
6,514
6,7
6,497
6,303
6,12
6,482
6,47
6,502
6,17
6,425
6,143
6,380
6,255
6,20
6,572
6,382
6,499
6,197
6,585
6,379
6,218
6,24
6,259
6,42
6,489
6,295
6,515
6,510
7,334
7,361
7,193
7,434
7,220
7,598
7,619
7,321
7,586
7,495
7,498
7,288
7,111
7,499
7,518
7,33
7,324
7,298
7,589
7,319
7,604
7,313
7,506
7,21
7,312
7,185
7,88
7,477
7,35
7,509
7,315
7,300
7,9
7,45
7,32
7,415
7,27
7,38
7,212
7,18
7,115
7,302
7,11
7,481
7,109
7,12
7,48
7,510
7,372
7,556
7,311
7,20
7,15
7,250
7,73
7,261
7,493
7,23
7,65
7,447
7,253
8,460
8,389
8,167
8,192
8,166
8,157
8,240
8,612
8,368
8,271
8,562
8,222
8,319
8,610
8,624
8,220
8,26
8,317
8,21
8,312
8,477
8,302
8,11
8,316
8,509
8,315
8,518
8,33
8,225
8,613
8,516
8,31
8,102
8,14
8,611
8,514
8,29
8,491
8,297
8,573
8,476
8,56
8,479
8,329
8,426
8,48
8,494
8,300
8,591
8,18
8,309
8,251
8,547
8,62
8,39
8,311
8,20
8,255
8,261
8,376
8,293
8,487
8,354
8,257
8,43
8,372
8,260
8,306
8,253
9,332
9,469
9,369
9,184
9,153
9,156
9,236
9,198
9,590
9,619
9,502
9,504
9,581
9,320
9,611
9,89
9,500
9,77
9,13
9,315
9,33
9,307
9,16
9,31
9,607
9,510
9,316
9,34
9,32
9,311
9,20
9,38
9,148
9,57
9,301
9,10
9,300
9,591
9,309
9,21
9,506
9,86
9,280
9,45
9,515
9,22
9,548
9,257
9,26
9,261
9,23
9,14
9,305
9,70
9,258
9,415
9,578
9,256
10,361
10,151
10,241
10,535
10,275
10,546
10,502
10,204
10,495
10,618
10,310
10,504
10,15
10,500
10,318
10,262
10,553
10,14
10,499
10,496
10,302
10,11
10,593
10,24
10,315
10,87
10,370
10,564
10,385
10,94
10,547
10,62
10,16
10,31
10,84
10,37
10,316
10,519
10,34
10,317
10,26
10,373
10,44
10,309
10,143
10,196
10,428
10,518
10,260
10,505
10,252
10,23
10,258
10,22
10,498
10,304
10,379
10,303
10,259
10,42
10,295
11,526
11,537
11,539
11,465
11,368
11,620
11,490
11,19
11,310
11,592
11,624
11,371
11,80
11,313
11,598
11,501
11,613
11,49
11,517
11,614
11,50
11,97
11,30
11,45
11,34
11,66
11,254
11,512
11,524
11,39
11,136
11,23
11,120
11,18
11,488
11,509
11,118
11,227
11,518
11,572
11,87
11,510
11,372
11,76
11,611
11,29
11,305
11,384
11,618
11,505
11,252
12,174
12,169
12,403
12,209
12,213
12,547
12,311
12,618
12,36
12,32
12,323
12,558
12,39
12,454
12,66
12,84
12,48
12,33
12,205
12,108
12,14
12,598
12,519
12,34
12,549
12,314
12,23
12,104
12,611
12,141
12,47
12,42
12,487
12,17
12,513
12,416
12,40
12,613
12,49
12,495
12,25
12,255
12,110
12,197
12,585
12,21
12,250
12,297
12,481
12,477
12,617
13,185
13,236
13,153
13,444
13,240
13,246
13,265
13,542
13,580
13,310
13,553
13,41
13,623
13,25
13,316
13,189
13,92
13,509
13,315
13,33
13,16
13,97
13,98
13,90
13,14
13,166
13,554
13,425
13,37
13,32
13,508
13,23
13,514
13,611
13,29
13,302
13,505
13,20
13,49
13,570
13,85
13,38
13,479
13,552
13,405
13,17
13,569
13,370
13,47
13,423
13,48
13,280
13,86
13,377
13,424
13,260
13,373
13,26
13,39
13,318
13,415
14,185
14,448
14,361
14,167
14,166
14,241
14,274
14,276
14,549
14,620
14,492
14,322
14,593
14,421
14,615
14,58
14,614
14,420
14,517
14,619
14,37
14,19
14,124
14,27
14,74
14,307
14,16
14,195
14,486
14,63
14,20
14,390
14,196
14,487
14,42
14,493
14,499
14,305
14,622
14,40
14,397
14,479
14,509
14,61
14,296
14,28
14,513
14,297
14,478
14,259
14,65
14,18
14,488
14,253
14,325
14,519
14,498
14,48
14,377
14,511
14,26
14,261
14,592
15,387
15,333
15,369
15,185
15,438
15,171
15,211
15,248
15,239
15,265
15,275
15,271
15,580
15,494
15,322
15,36
15,33
15,615
15,155
15,58
15,46
15,22
15,313
15,416
15,125
15,557
15,72
15,237
15,43
15,619
15,134
15,37
15,316
15,616
15,34
15,517
15,32
15,221
15,27
15,19
15,73
15,414
15,220
15,26
15,223
15,514
15,417
15,509
15,482
15,602
15,505
15,55
15,377
15,49
15,488
15,100
15,297
15,570
15,199
15,304
15,23
15,70
15,335
15,44
15,16
15,251
16,473
16,399
16,457
16,458
16,179
16,276
16,218
16,266
16,275
16,270
16,366
16,267
16,580
16,622
16,589
16,562
16,594
16,36
16,64
16,79
16,585
16,39
16,86
16,18
16,92
16,45
16,616
16,519
16,34
16,614
16,517
16,32
16,314
16,23
16,482
16,611
16,29
16,514
16,235
16,41
16,138
16,47
16,28
16,518
16,413
16,219
16,510
16,25
16,307
16,260
16,608
16,317
16,511
16,384
16,506
16,299
16,42
16,221
16,512
16,259
16,46
16,516
16,262
16,145
16,586
16,53
16,382
16,595
16,498
16,358
16,552
16,67
16,255
17,464
17,361
17,184
17,365
17,236
17,241
17,203
17,179
17,276
17,229
17,603
17,321
17,32
17,517
17,614
17,299
17,493
17,18
17,503
17,600
17,36
17,91
17,186
17,89
17,51
17,620
17,56
17,84
17,81
17,33
17,558
17,623
17,41
17,313
17,501
17,78
17,419
17,31
17,45
17,482
17,589
17,266
17,72
17,26
17,297
17,476
17,43
17,513
17,251
17,510
17,189
17,480
17,263
17,301
17,49
17,519
18,177
18,230
18,268
18,156
18,544
18,604
18,367
18,561
18,547
18,583
18,222
18,513
18,319
18,174
18,562
18,72
18,557
18,593
18,624
18,506
18,312
18,56
18,46
18,71
18,550
18,33
18,34
18,420
18,32
18,591
18,27
18,26
18,117
18,20
18,296
18,587
18,558
18,41
18,417
18,509
18,38
18,567
18,310
18,19
18,254
18,492
18,183
18,571
18,536
18,148
18,122
18,263
18,487
18,502
18,49
18,619
18,425
18,207
18,498
18,304
18,586
19,330
19,343
19,151
19,448
19,437
19,444
19,200
19,234
19,275
19,278
19,547
19,310
19,318
19,495
19,592
19,313
19,610
19,36
19,59
19,80
19,560
19,370
19,79
19,76
19,613
19,322
19,31
19,30
19,45
19,37
19,23
19,57
19,492
19,104
19,505
19,20
19,44
19,42
19,358
19,552
19,61
19,581
19,484
19,490
19,296
19,379
19,426
19,192
19,95
19,615
19,518
19,41
19,26
19,511
19,46
19,616
19,422
19,404
19,307
19,308
19,74
19,262
19,259
19,115
19,585
19,517
19,496
19,487
20,393
20,398
20,183
20,366
20,313
20,169
20,266
20,557
20,581
20,527
20,624
20,506
20,312
20,29
20,611
20,94
20,52
20,58
20,35
20,95
20,48
20,613
20,31
20,588
20,619
20,37
20,519
20,34
20,32
20,41
20,135
20,44
20,70
20,305
20,378
20,87
20,40
20,319
20,28
20,251
20,508
20,89
20,512
20,371
20,262
20,309
20,300
20,61
20,395
20,515
20,317
20,26
20,308
20,303
21,398
21,188
21,176
21,311
21,504
21,616
21,624
21,597
21,503
21,509
21,315
21,266
21,410
21,313
21,501
21,261
21,552
21,35
21,28
21,319
21,84
21,45
21,74
21,75
21,263
21,39
21,133
21,570
21,477
21,571
21,305
21,259
21,531
21,46
21,516
21,523
21,232
21,620
21,611
21,514
21,615
21,490
21,255
21,49
21,47
21,48
22,531
22,345
22,169
22,176
22,221
22,274
22,212
22,233
22,279
22,276
22,275
22,504
22,492
22,491
22,319
22,41
22,623
22,258
22,64
22,501
22,563
22,78
22,477
22,315
22,324
22,615
22,33
22,105
22,320
22,29
22,514
22,517
22,420
22,42
22,519
22,511
22,317
22,505
22,277
22,568
22,546
22,255
22,302
22,508
22,321
22,612
22,515
22,617
22,423
22,305
22,495
22,260
22,500
22,306
22,538
22,53
22,48
22,36
22,506
22,447
22,253
23,533
23,160
23,269
23,240
23,231
23,540
23,546
23,547
23,293
23,311
23,618
23,324
23,320
23,562
23,557
23,624
23,315
23,73
23,511
23,317
23,82
23,49
23,585
23,490
23,102
23,90
23,83
23,312
23,321
23,30
23,45
23,316
23,422
23,34
23,79
23,32
23,529
23,44
23,85
23,38
23,251
23,371
23,319
23,416
23,582
23,253
23,300
23,453
23,259
23,295
23,206
23,377
23,479
23,283
23,477
23,492
23,516
23,596
23,499
23,305
23,258
23,264
23,58
23,593
24,474
24,526
24,357
24,184
24,541
24,539
24,173
24,270
24,302
24,496
24,493
24,547
24,594
24,271
24,318
24,424
24,36
24,60
24,552
24,317
24,622
24,58
24,31
24,43
24,45
24,34
24,517
24,32
24,63
24,487
24,44
24,149
24,371
24,42
24,479
24,484
24,320
24,508
24,490
24,255
24,423
24,115
24,309
24,74
24,304
24,585
24,253
24,307
24,203
24,494
24,588
24,306
24,615
24,380
25,408
25,332
25,396
25,199
25,246
25,549
25,273
25,542
25,586
25,327
25,618
25,612
25,313
25,557
25,468
25,80
25,501
25,215
25,312
25,77
25,56
25,35
25,319
25,28
25,610
25,93
25,46
25,45
25,37
25,519
25,34
25,323
25,517
25,420
25,32
25,518
25,130
25,241
25,144
25,510
25,122
25,333
25,42
25,252
25,111
25,509
25,99
25,428
25,167
25,264
25,298
25,49
25,378
25,27
25,456
25,262
25,48
25,497
25,98
25,380
25,320
25,611
25,514
25,259
25,508
25,301
25,595
25,207
26,364
26,343
26,168
26,165
26,233
26,266
26,538
26,324
26,492
26,616
26,623
26,323
26,121
26,315
26,260
26,551
26,555
26,269
26,75
26,585
26,229
26,35
26,31
26,134
26,37
26,318
26,512
26,415
26,43
26,319
26,513
26,510
26,380
26,302
26,255
26,304
26,257
26,588
26,306
26,308
26,493
26,299
26,42
26,371
26,450
26,62
26,56
26,250
26,65
26,503
26,208
26,479
26,310
26,495
26,258
26,377
26,195
27,527
27,333
27,388
27,545
27,161
27,153
27,239
27,211
27,599
27,343
27,537
27,366
27,273
27,267
27,609
27,495
27,499
27,33
27,324
27,494
27,557
27,581
27,501
27,312
27,69
27,614
27,50
27,277
27,83
27,616
27,519
27,131
27,34
27,102
27,55
27,406
27,115
27,222
27,513
27,28
27,319
27,476
27,119
27,320
27,417
27,556
27,509
27,602
27,505
27,91
27,44
27,251
27,297
27,255
27,61
27,38
27,489
27,498
27,186
27,477
27,65
28,473
28,238
28,335
28,599
28,275
28,503
28,420
28,32
28,614
28,516
28,613
28,498
28,592
28,593
28,521
28,36
28,552
28,501
28,87
28,62
28,58
28,316
28,30
28,364
28,267
28,508
28,38
28,509
28,513
28,319
28,507
28,278
28,380
28,395
28,589
28,298
28,511
28,305
28,258
28,179
28,373
28,490
28,158
28,255
28,72
28,354
28,160
28,257
28,74
28,489
28,564
29,403
29,172
29,222
29,276
29,449
29,363
29,266
29,459
29,277
29,561
29,321
29,563
29,623
29,36
29,80
29,477
29,89
29,77
29,516
29,31
29,98
29,90
29,43
29,422
29,34
29,566
29,484
29,96
29,619
29,425
29,517
29,47
29,476
29,622
29,40
29,596
29,499
29,111
29,52
29,569
29,508
29,227
29,518
29,421
29,48
29,483
29,585
29,303
29,587
29,296
29,300
29,254
29,262
29,593
29,302
29,505
29,63
29,69
29,264
29,39
29,86
29,221
29,318
29,415
29,315
29,509
30,358
30,447
30,363
30,609
30,278
30,289
30,496
30,319
30,209
30,112
30,500
30,594
30,623
30,315
30,64
30,611
30,94
30,85
30,620
30,56
30,352
30,255
30,61
30,53
30,46
30,510
30,316
30,45
30,79
30,32
30,384
30,55
30,518
30,260
30,44
30,394
30,200
30,297
30,322
30,309
30,49
30,99
30,378
30,71
30,259
30,97
30,36
30,603
30,506
30,58
31,436
31,208
31,538
31,547
31,286
31,620
31,107
31,592
31,614
31,517
31,323
31,506
31,312
31,272
31,78
31,200
31,491
31,68
31,608
31,317
31,229
31,35
31,418
31,321
31,39
31,95
31,606
31,315
31,615
31,33
31,497
31,109
31,292
31,98
31,83
31,522
31,425
31,37
31,316
31,34
31,243
31,49
31,236
31,42
31,308
31,223
31,97
31,40
31,161
31,64
31,560
31,90
31,43
31,296
32,179
32,439
32,176
32,544
32,170
32,267
32,278
32,289
32,271
32,495
32,504
32,563
32,424
32,36
32,33
32,615
32,247
32,538
32,53
32,585
32,39
32,510
32,316
32,37
32,425
32,513
32,610
32,46
32,422
32,44
32,38
32,66
32,489
32,557
32,581
32,502
32,349
32,252
32,223
32,611
32,417
32,511
32,255
32,218
32,598
32,428
32,475
32,500
32,296
32,517
32,493
32,305
32,321
32,395
32,492
33,525
33,337
33,443
33,596
33,176
33,456
33,213
33,603
33,270
33,272
33,618
33,616
33,260
33,551
33,168
33,71
33,57
33,50
33,582
33,97
33,43
33,514
33,611
33,94
33,517
33,416
33,610
33,319
33,37
33,44
33,620
33,38
33,613
33,516
33,264
33,211
33,590
33,299
33,220
33,317
33,35
33,214
33,602
33,505
33,623
33,48
33,377
33,261
33,501
33,597
33,212
33,309
33,395
33,589
33,557
34,468
34,188
34,165
34,335
34,275
34,546
34,504
34,499
34,563
34,495
34,592
34,613
34,322
34,260
34,551
34,49
34,427
34,39
34,41
34,90
34,43
34,92
34,45
34,620
34,38
34,324
34,615
34,518
34,501
34,201
34,298
34,507
34,313
34,512
34,484
34,606
34,302
34,311
34,56
34,97
34,616
34,99
34,393
34,483
34,396
34,493
35,353
35,534
35,352
35,178
35,154
35,161
35,457
35,541
35,213
35,598
35,561
35,538
35,590
35,232
35,620
35,203
35,494
35,490
35,273
35,564
35,623
35,75
35,77
35,581
35,96
35,109
35,417
35,514
35,37
35,257
35,63
35,55
35,610
35,140
35,267
35,558
35,40
35,479
35,242
35,48
35,377
35,239
35,45
35,421
35,515
35,264
35,487
35,155
35,252
35,304
35,175
35,78
35,261
35,39
35,315
35,509
35,371
35,50
35,98
35,198
35,309
35,517
35,47
36,334
36,345
36,184
36,169
36,155
36,195
36,269
36,204
36,540
36,535
36,548
36,201
36,589
36,519
36,616
36,617
36,319
36,556
36,218
36,315
36,563
36,46
36,322
36,128
36,48
36,41
36,320
36,514
36,420
36,44
36,487
36,296
36,493
36,505
36,117
36,305
36,304
36,604
36,312
36,42
36,60
36,295
36,66
36,601
36,504
36,568
36,122
36,40
36,64
36,555
36,508
37,386
37,361
37,175
37,150
37,176
37,157
37,537
37,550
37,99
37,562
37,77
37,197
37,488
37,585
37,330
37,39
37,316
37,623
37,41
37,297
37,588
37,319
37,610
37,616
37,131
37,422
37,38
37,479
37,105
37,481
37,421
37,515
37,62
37,250
37,514
37,179
37,373
37,617
37,600
37,309
37,262
37,323
37,322
37,572
37,624
37,498
37,295
37,143
37,296
37,457
37,263
37,57
37,495
37,507
37,494
37,300
38,329
38,344
38,357
38,360
38,171
38,180
38,208
38,353
38,547
38,502
38,553
38,612
38,322
38,493
38,73
38,317
38,64
38,585
38,71
38,614
38,420
38,517
38,482
38,425
38,616
38,131
38,422
38,584
38,487
38,622
38,40
38,509
38,373
38,82
38,214
38,117
38,505
38,555
38,508
38,302
38,624
38,42
38,512
38,324
38,615
38,421
38,91
38,479
38,494
38,514
38,44
38,309
38,90
38,43
38,372
38,312
38,506
38,254
38,48
39,343
39,175
39,186
39,243
39,170
39,195
39,198
39,605
39,599
39,266
39,247
39,538
39,310
39,495
39,500
39,208
39,499
39,615
39,300
39,591
39,436
39,145
39,48
39,302
39,108
39,491
39,588
39,43
39,51
39,514
39,238
39,44
39,312
39,506
39,612
39,515
39,317
39,511
39,250
39,182
39,570
39,275
39,566
39,99
39,378
39,159
39,256
39,507
39,619
39,261
39,102
39,55
39,384
39,125
39,371
39,512
39,76
39,326
39,617
39,482
39,47
39,63
39,428
40,174
40,169
40,204
40,607
40,608
40,538
40,610
40,554
40,581
40,509
40,315
40,80
40,88
40,153
40,56
40,95
40,195
40,98
40,486
40,43
40,488
40,585
40,309
40,115
40,47
40,44
40,305
40,183
40,86
40,82
40,505
40,506
40,515
40,260
40,264
40,67
40,449
40,61
40,255
40,295
40,254
40,42
40,512
40,259
40,296
40,566
40,519
41,464
41,529
41,178
41,399
41,156
41,157
41,359
41,239
41,433
41,229
41,493
41,590
41,303
41,594
41,497
41,311
41,193
41,96
41,290
41,291
41,500
41,560
41,279
41,85
41,564
41,79
41,583
41,98
41,47
41,307
41,251
41,421
41,369
41,563
41,422
41,363
41,72
41,585
41,319
41,316
41,492
41,490
41,476
41,612
41,371
41,565
41,86
41,509
42,178
42,186
42,168
42,365
42,157
42,599
42,547
42,589
42,315
42,312
42,314
42,273
42,79
42,316
42,497
42,303
42,109
42,54
42,187
42,90
42,415
42,264
42,70
42,499
42,305
42,479
42,45
42,515
42,373
42,322
42,426
42,83
42,618
42,300
42,377
42,518
42,392
42,295
42,301
42,154
42,542
42,251
42,147
42,263
42,621
42,532
42,47
43,334
43,439
43,192
43,162
43,247
43,537
43,433
43,459
43,561
43,310
43,498
43,516
43,613
43,233
43,621
43,617
43,332
43,235
43,623
43,283
43,477
43,89
43,312
43,77
43,56
43,58
43,97
43,582
43,108
43,589
43,72
43,511
43,317
43,505
43,48
43,518
43,44
43,306
43,297
43,120
43,323
43,255
43,121
43,563
43,127
43,415
43,487
43,599
44,414
44,385
44,545
44,169
44,192
44,194
44,245
44,279
44,276
44,271
44,496
44,584
44,494
44,313
44,236
44,624
44,477
44,461
44,558
44,222
44,610
44,46
44,372
44,81
44,324
44,615
44,583
44,98
44,617
44,476
44,488
44,616
44,519
44,602
44,255
44,322
44,331
44,622
44,86
44,133
44,506
44,614
44,90
44,334
44,508
44,426
44,500
44,204
44,495
44,491
44,256
44,303
44,503
44,309
44,492
44,498
44,304
45,398
45,530
45,171
45,207
45,182
45,266
45,128
45,322
45,313
45,362
45,168
45,556
45,91
45,536
45,51
45,61
45,93
45,46
45,263
45,554
45,84
45,50
45,121
45,197
45,488
45,90
45,513
45,167
45,264
45,496
45,302
45,189
45,480
45,552
45,505
45,493
45,258
45,217
45,581
45,308
45,397
45,321
45,612
45,492
45,316
45,196
45,486
45,417
45,608
45,511
46,438
46,154
46,169
46,269
46,161
46,536
46,166
46,540
46,539
46,218
46,270
46,538
46,496
46,504
46,559
46,624
46,317
46,78
46,555
46,85
46,436
46,242
46,48
46,305
46,84
46,604
46,507
46,379
46,480
46,300
46,515
46,553
46,49
46,99
46,510
46,514
46,297
46,491
46,312
46,500
46,66
46,222
46,416
46,275
46,372
46,304
46,257
46,616
46,299
47,530
47,172
47,189
47,452
47,202
47,279
47,246
47,537
47,267
47,272
47,547
47,204
47,301
47,495
47,584
47,88
47,282
47,290
47,96
47,581
47,49
47,84
47,57
47,582
47,61
47,108
47,422
47,70
47,305
47,591
47,309
47,139
47,324
47,421
47,283
47,377
47,416
47,478
47,572
47,420
47,373
47,304
47,295
47,297
47,509
47,505
47,497
48,328
48,388
48,151
48,193
48,234
48,239
48,266
48,265
48,366
48,267
48,281
48,503
48,324
48,616
48,423
48,617
48,91
48,316
48,515
48,612
48,483
48,95
48,486
48,160
48,63
48,487
48,323
48,517
48,498
48,295
48,106
48,300
48,555
48,315
48,491
48,585
48,450
48,62
48,109
48,153
48,250
48,613
48,419
48,505
48,370
48,396
48,317
48,259
49,398
49,530
49,190
49,360
49,160
49,545
49,365
49,543
49,192
49,153
49,198
49,244
49,248
49,539
49,549
49,272
49,608
49,619
49,232
49,620
49,562
49,552
49,264
49,555
49,479
49,91
49,314
49,273
49,370
49,79
49,53
49,296
49,102
49,55
49,556
49,415
49,322
49,419
49,427
49,76
49,73
49,502
49,308
49,500
49,306
49,259
49,611
49,517
49,313
49,612
49,260
49,297
49,553
49,68
49,503
49,302
49,428
50,410
50,331
50,174
50,356
50,219
50,536
50,235
50,201
50,268
50,535
50,275
50,224
50,321
50,310
50,466
50,563
50,491
50,592
50,587
50,59
50,551
50,479
50,91
50,611
50,141
50,94
50,68
50,123
50,569
50,84
50,72
50,54
50,180
50,374
50,83
50,425
50,134
50,426
50,135
50,615
50,145
50,56
50,519
50,184
50,475
50,419
50,291
50,97
50,485
50,60
50,95
50,483
50,80
50,283
50,424
50,478
50,570
50,308
50,114
50,505
50,221
50,609
50,124
50,73
51,473
51,523
51,338
51,175
51,595
51,221
51,274
51,458
51,604
51,450
51,277
51,542
51,538
51,504
51,324
51,203
51,494
51,592
51,223
51,320
51,593
51,587
51,121
51,315
51,558
51,73
51,60
51,259
51,65
51,75
51,141
51,288
51,94
51,52
51,323
51,282
51,379
51,88
51,316
51,554
51,375
51,84
51,67
51,105
51,586
51,101
51,54
51,588
51,66
51,113
51,138
51,377
51,86
51,133
51,485
51,508
51,89
51,283
51,289
51,95
51,484
51,96
51,378
51,516
51,576
51,61
51,418
51,292
51,98
51,145
51,161
51,64
52,532
52,348
52,167
52,227
52,242
52,336
52,433
52,583
52,499
52,613
52,564
52,204
52,592
52,315
52,560
52,78
52,82
52,566
52,238
52,141
52,77
52,68
52,344
52,53
52,472
52,278
52,84
52,90
52,576
52,479
52,91
52,514
52,422
52,56
52,62
52,206
52,109
52,485
52,342
52,427
52,482
52,484
52,494
52,591
52,309
52,95
52,424
52,552
52,67
52,302
52,505
52,55
52,572
52,376
52,72
52,119
52,307
52,226
52,129
52,492
52,298
52,390
52,584
52,99
52,487
52,299
52,489
52,209
52,597
52,306
52,453
52,259
52,367
52,76
52,558
52,426
52,135
52,317
52,511
52,371
52,294
53,397
53,347
53,392
53,369
53,342
53,439
53,202
53,220
53,249
53,209
53,334
53,237
53,539
53,352
53,449
53,273
53,609
53,287
53,385
53,288
53,589
53,592
53,550
53,613
53,322
53,280
53,365
53,268
53,559
53,557
53,593
53,587
53,556
53,371
53,80
53,552
53,87
53,75
53,477
53,476
53,88
53,558
53,62
53,58
53,278
53,569
53,84
53,95
53,57
53,588
53,381
53,596
53,305
53,117
53,508
53,603
53,506
53,570
53,303
53,360
53,69
53,548
53,63
53,257
53,421
53,615
53,233
53,427
53,420
53,517
53,326
53,423
53,389
53,195
53,486
53,178
53,566
53,240
53,143
53,425
53,340
53,91
53,121
53,92
53,271
53,77
53,612
53,137
54,472
54,235
54,359
54,598
54,272
54,622
54,589
54,564
54,592
54,119
54,313
54,558
54,73
54,317
54,66
54,551
54,65
54,555
54,85
54,77
54,422
54,61
54,578
54,86
54,509
54,74
54,212
54,309
54,147
54,282
54,476
54,574
54,380
54,277
54,374
54,568
54,286
54,480
54,254
54,60
54,489
54,295
54,192
54,289
54,483
54,420
54,288
54,482
54,479
54,576
54,322
54,72
54,557
54,281
54,87
54,134
54,416
54,372
54,56
55,407
55,176
55,216
55,240
55,458
55,248
55,276
55,603
55,497
55,583
55,580
55,586
55,562
55,593
55,236
55,624
55,357
55,551
55,87
55,75
55,574
55,380
55,477
55,123
55,76
55,166
55,69
55,491
55,588
55,503
55,115
55,258
55,64
55,584
55,487
55,582
55,488
55,423
55,132
55,411
55,508
55,58
55,481
55,301
55,61
55,484
55,568
55,233
55,427
55,622
55,428
55,490
55,587
55,381
55,379
55,480
55,307
55,548
55,63
55,298
55,80
55,371
55,425
55,74
55,609
55,614
55,323
55,129
55,421
55,513
56,361
56,188
56,150
56,446
56,245
56,227
56,239
56,213
56,598
56,275
56,561
56,209
56,500
56,318
56,613
56,562
56,594
56,217
56,314
56,59
56,565
56,80
56,563
56,78
56,85
56,553
56,68
56,488
56,585
56,123
56,108
56,103
56,517
56,171
56,74
56,106
56,482
56,289
56,483
56,95
56,377
56,427
56,506
56,480
56,383
56,69
56,498
56,304
56,560
56,551
56,485
56,449
56,255
56,88
56,370
56,557
56,72
56,64
56,390
56,487
56,87
56,93
56,375
56,224
57,404
57,349
57,385
57,164
57,445
57,220
57,605
57,274
57,279
57,607
57,539
57,265
57,544
57,561
57,502
57,262
57,553
57,310
57,107
57,592
57,313
57,559
57,174
57,77
57,562
57,587
57,64
57,61
57,62
57,551
57,81
57,266
57,72
57,575
57,90
57,63
57,236
57,624
57,295
57,84
57,131
57,476
57,388
57,582
57,112
57,488
57,558
57,417
57,86
57,509
57,311
57,264
57,480
57,254
57,423
57,550
57,591
57,129
57,613
57,196
58,532
58,326
58,465
58,244
58,533
58,242
58,165
58,359
58,580
58,310
58,592
58,313
58,594
58,624
58,80
58,64
58,78
58,106
58,591
58,385
58,482
58,94
58,551
58,66
58,76
58,554
58,69
58,576
58,479
58,91
58,614
58,323
58,129
58,420
58,426
58,251
58,428
58,380
58,374
58,568
58,427
58,510
58,571
58,421
58,72
58,598
58,307
58,158
58,61
58,296
58,602
58,90
58,419
58,362
58,71
58,306
58,282
58,88
58,558
58,317
58,511
58,75
58,70
58,411
58,314
59,463
59,346
59,348
59,533
59,545
59,197
59,220
59,212
59,239
59,219
59,607
59,268
59,278
59,617
59,564
59,592
59,550
59,78
59,572
59,87
59,373
59,82
59,94
59,579
59,591
59,93
59,68
59,379
59,88
59,558
59,551
59,128
59,69
59,194
59,582
59,299
59,105
59,72
59,389
59,583
59,292
59,98
59,486
59,374
59,83
59,358
59,67
59,302
59,114
59,137
59,144
59,426
59,615
59,305
59,213
59,295
59,489
59,92
59,381
59,425
59,306
59,418
59,581
59,580
59,95
60,470
60,343
60,189
60,543
60,207
60,210
60,200
60,212
60,203
60,249
60,540
60,237
60,604
60,221
60,609
60,538
60,619
60,580
60,310
60,390
60,584
60,594
60,360
60,166
60,554
60,283
60,371
60,80
60,317
60,355
60,64
60,85
60,77
60,581
60,96
60,282
60,88
60,558
60,450
60,547
60,62
60,585
60,66
60,551
60,219
60,316
60,67
60,291
60,97
60,582
60,105
60,133
60,278
60,84
60,131
60,420
60,204
60,107
60,479
60,83
60,428
60,389
60,486
60,61
60,578
60,560
60,372
60,141
60,94
60,423
60,225
60,516
60,345
60,74
60,421
60,615
60,361
60,70
60,71
60,218
61,192
61,170
61,195
61,153
61,219
61,202
61,232
61,210
61,233
61,272
61,614
61,294
61,313
61,280
61,268
61,559
61,593
61,497
61,594
61,393
61,587
61,64
61,550
61,65
61,555
61,75
61,417
61,126
61,68
61,419
61,128
61,76
61,71
61,131
61,487
61,305
61,479
61,304
61,110
61,570
61,85
61,508
61,312
61,506
61,609
61,318
61,124
61,512
61,371
61,88
61,476
61,186
61,574
61,542
61,539
61,139
61,421
61,235
61,138
61,373
61,554
61,69
61,145
61,67
61,214
61,504
61,94
61,532
61,545
61,591
61,581
61,96
62,173
62,434
62,198
62,226
62,201
62,455
62,535
62,603
62,604
62,453
62,271
62,553
62,491
62,616
62,621
62,559
62,587
62,581
62,477
62,555
62,279
62,85
62,558
62,284
62,66
62,86
62,81
62,362
62,71
62,554
62,69
62,582
62,92
62,139
62,83
62,475
62,87
62,134
62,482
62,429
62,138
62,585
62,115
62,476
62,479
62,390
62,99
62,428
62,347
62,250
62,423
62,375
62,84
62,157
62,93
62,424
62,75
62,610
62,596
62,305
62,371
62,399
62,302
63,352
63,388
63,361
63,365
63,544
63,277
63,397
63,494
63,315
63,312
63,476
63,88
63,585
63,67
63,92
63,132
63,342
63,148
63,487
63,111
63,309
63,575
63,90
63,516
63,419
63,426
63,373
63,567
63,583
63,486
63,98
63,380
63,427
63,69
63,310
63,504
63,116
63,257
63,93
63,425
63,378
63,298
63,587
63,258
63,436
63,474
63,377
63,170
63,73
63,308
63,247
63,76
63,320
63,356
63,259
63,445
64,408
64,528
64,409
64,394
64,447
64,440
64,221
64,182
64,457
64,247
64,455
64,229
64,218
64,266
64,277
64,273
64,600
64,503
64,310
64,592
64,562
64,508
64,314
64,581
64,88
64,99
64,585
64,100
64,89
64,66
64,551
64,316
64,546
64,123
64,608
64,332
64,138
64,144
64,542
64,480
64,65
64,300
64,303
64,378
64,98
64,342
64,560
64,513
64,500
64,540
64,586
64,349
64,565
64,563
64,422
64,307
65,406
65,430
65,360
65,447
65,156
65,241
65,225
65,443
65,249
65,209
65,229
65,366
65,386
65,580
65,498
65,272
65,563
65,621
65,86
65,280
65,102
65,587
65,565
65,80
65,186
65,89
65,319
65,416
65,610
65,93
65,79
65,556
65,181
65,569
65,84
65,81
65,302
65,593
65,76
65,90
65,277
65,83
65,104
65,106
65,164
65,67
65,308
65,114
65,99
65,254
65,101
65,489
65,193
65,290
65,484
65,74
65,456
65,68
65,303
65,118
65,488
65,389
65,98
65,291
65,485
65,87
66,430
66,175
66,165
66,164
66,170
66,437
66,207
66,440
66,232
66,231
66,540
66,237
66,607
66,535
66,275
66,396
66,202
66,590
66,293
66,77
66,562
66,560
66,75
66,74
66,559
66,477
66,89
66,123
66,95
66,71
66,588
66,223
66,126
66,514
66,127
66,609
66,415
66,124
66,144
66,569
66,133
66,382
66,576
66,489
66,578
66,256
66,100
66,282
66,476
66,98
66,539
66,94
66,229
66,423
66,120
66,308
66,107
67,329
67,530
67,399
67,176
67,388
67,194
67,236
67,216
67,223
67,601
67,248
67,619
67,498
67,294
67,592
67,562
67,468
67,80
67,551
67,276
67,82
67,458
67,555
67,560
67,75
67,188
67,285
67,91
67,93
67,85
67,484
67,96
67,73
67,558
67,92
67,372
67,81
67,270
67,76
67,557
67,72
67,612
67,127
67,427
67,136
67,68
67,115
67,149
67,602
67,505
67,83
67,506
67,109
67,250
67,476
67,379
67,308
67,140
67,375
67,112
67,306
67,196
67,487
67,305
67,111
67,299
67,429
67,525
67,428
67,475
67,510
67,258
67,583
67,98
67,579
67,94
67,482
68,346
68,185
68,193
68,210
68,435
68,241
68,209
68,606
68,359
68,456
68,224
68,150
68,247
68,248
68,528
68,237
68,450
68,318
68,313
68,280
68,562
68,323
68,222
68,319
68,416
68,610
68,556
68,69
68,554
68,75
68,482
68,94
68,123
68,483
68,95
68,590
68,105
68,557
68,72
68,588
68,486
68,104
68,83
68,615
68,130
68,487
68,505
68,286
68,577
68,384
68,388
68,485
68,87
68,558
68,417
68,370
68,605
68,120
68,304
68,305
68,429
68,399
68,108
68,546
68,427
68,198
68,586
68,613
68,322
68,284
68,143
68,425
69,469
69,399
69,167
69,245
69,244
69,605
69,240
69,537
69,460
69,266
69,269
69,366
69,310
69,498
69,589
69,564
69,322
69,587
69,554
69,552
69,369
69,78
69,380
69,574
69,89
69,118
69,312
69,77
69,92
69,141
69,94
69,517
69,87
69,134
69,279
69,85
69,132
69,609
69,415
69,373
69,82
69,505
69,428
69,193
69,290
69,96
69,484
69,384
69,478
69,592
69,107
69,489
69,295
69,600
69,115
69,98
69,486
69,429
69,441
69,259
69,76
69,591
70,362
70,444
70,217
70,274
70,275
70,172
70,366
70,310
70,504
70,613
70,492
70,495
70,592
70,562
70,557
70,78
70,91
70,84
70,511
70,123
70,173
70,76
70,582
70,486
70,127
70,555
70,132
70,203
70,591
70,74
70,121
70,493
70,305
70,573
70,506
70,624
70,386
70,483
70,575
70,146
70,475
70,234
70,428
70,100
70,585
70,256
70,567
70,426
70,108
70,96
70,484
70,279
70,376
70,306
70,114
70,429
70,584
71,355
71,189
71,154
71,440
71,153
71,444
71,211
71,215
71,228
71,266
71,265
71,156
71,544
71,277
71,150
71,538
71,311
71,290
71,614
71,563
71,411
71,605
71,314
71,263
71,554
71,164
71,552
71,82
71,283
71,477
71,370
71,564
71,238
71,141
71,123
71,76
71,333
71,139
71,485
71,97
71,486
71,136
71,618
71,424
71,133
71,140
71,592
71,301
71,260
71,489
71,252
71,190
71,481
71,353
71,256
71,429
71,620
71,108
71,158
71,449
71,600
71,309
71,75
71,579
71,488
71,119
71,77
71,609
71,124
72,534
72,545
72,210
72,605
72,227
72,451
72,453
72,271
72,504
72,589
72,490
72,313
72,557
72,554
72,315
72,560
72,78
72,88
72,477
72,91
72,93
72,85
72,580
72,95
72,92
72,173
72,76
72,588
72,568
72,83
72,149
72,117
72,559
72,74
72,309
72,486
72,110
72,429
72,371
72,422
72,140
72,225
72,419
72,516
72,569
72,375
72,594
72,303
72,553
72,544
72,101
72,372
72,112
72,620
72,426
72,135
72,511
72,97
72,373
72,581
72,96
73,522
73,528
73,325
73,361
73,170
73,343
73,440
73,540
73,239
73,218
73,464
73,270
73,546
73,247
73,538
73,590
73,583
73,385
73,288
73,553
73,562
73,556
73,563
73,78
73,88
73,75
73,300
73,591
73,527
73,139
73,83
73,415
73,124
73,204
73,107
73,377
73,86
73,129
73,479
73,427
73,428
73,187
73,90
73,381
73,229
73,132
73,423
73,572
73,480
73,582
73,253
73,305
73,117
73,160
73,539
73,147
73,89
73,80
73,371
73,566
73,429
73,306
73,85
73,599
73,114
73,358
73,552
73,225
73,419
73,373
73,588
74,343
74,154
74,439
74,166
74,231
74,544
74,287
74,271
74,202
74,590
74,195
74,583
74,311
74,500
74,553
74,621
74,216
74,313
74,559
74,593
74,594
74,587
74,378
74,87
74,92
74,76
74,78
74,125
74,83
74,429
74,623
74,94
74,482
74,283
74,142
74,84
74,131
74,291
74,582
74,485
74,97
74,426
74,86
74,415
74,397
74,591
74,600
74,309
74,573
74,476
74,419
74,372
74,224
74,418
74,371
74,210
74,307
74,460
74,208
74,248
74,585
74,588
74,249
74,517
75,351
75,435
75,160
75,205
75,234
75,266
75,154
75,542
75,561
75,586
75,618
75,227
75,324
75,201
75,589
75,491
75,621
75,592
75,623
75,323
75,611
75,560
75,88
75,99
75,271
75,562
75,77
75,79
75,364
75,558
75,83
75,87
75,134
75,482
75,112
75,426
75,111
75,507
75,119
75,479
75,218
75,509
75,503
75,115
75,309
75,84
75,570
75,608
75,229
75,617
75,505
75,189
75,480
75,574
75,294
75,585
75,546
75,551
75,102
75,384
75,605
75,508
75,96
75,109
75,419
75,98
75,242
75,145
75,114
76,466
76,341
76,193
76,210
76,241
76,344
76,150
76,247
76,604
76,561
76,547
76,498
76,600
76,503
76,609
76,318
76,456
76,553
76,562
76,560
76,281
76,87
76,99
76,85
76,558
76,316
76,123
76,92
76,97
76,300
76,106
76,94
76,482
76,129
76,420
76,101
76,536
76,148
76,421
76,409
76,603
76,312
76,506
76,104
76,380
76,574
76,371
76,278
76,375
76,516
76,107
76,483
76,424
76,297
76,263
76,370
76,356
76,590
76,299
76,455
76,93
76,481
76,578
76,251
76,428
76,152
76,260
76,567
76,243
76,559
76,486
76,98
77,532
77,437
77,161
77,232
77,235
77,606
77,368
77,598
77,604
77,396
77,590
77,622
77,292
77,293
77,584
77,359
77,553
77,612
77,550
77,593
77,594
77,387
77,290
77,581
77,555
77,89
77,551
77,607
77,122
77,316
77,582
77,421
77,130
77,609
77,124
77,114
77,519
77,422
77,149
77,320
77,417
77,587
77,208
77,305
77,591
77,309
77,143
77,248
77,286
77,92
77,383
77,372
77,373
77,201
77,298
77,360
77,554
77,317
77,229
77,423
77,319
77,416
77,538
77,95
77,239
77,142
77,377
78,342
78,448
78,223
78,215
78,606
78,237
78,230
78,438
78,535
78,600
78,247
78,538
78,590
78,310
78,495
78,500
78,553
78,201
78,589
78,319
78,562
78,88
78,475
78,87
78,79
78,260
78,551
78,419
78,128
78,290
78,96
78,425
78,246
78,149
78,577
78,480
78,92
78,421
78,554
78,507
78,264
78,295
78,257
78,207
78,304
78,559
78,598
78,307
78,557
78,544
78,93
78,552
78,608
78,317
78,617
78,588
78,453
78,550
78,259
78,293
78,99
78,203
78,300
78,587
78,305
78,377
79,464
79,596
79,245
79,222
79,212
79,234
79,231
79,237
79,451
79,168
79,459
79,542
79,278
79,608
79,547
79,502
79,498
79,621
79,564
79,562
79,587
79,611
79,357
79,163
79,551
79,186
79,380
79,477
79,481
79,578
79,93
79,85
79,482
79,568
79,83
79,421
79,130
79,166
79,457
79,554
79,131
79,426
79,119
79,505
79,377
79,618
79,424
79,145
79,295
79,489
79,592
79,301
79,213
79,254
79,563
79,582
79,112
79,488
79,96
79,143
79,463
79,269
79,323
79,558
79,510
79,594
79,303
80,534
80,595
80,447
80,596
80,274
80,228
80,224
80,229
80,272
80,608
80,580
80,587
80,564
80,611
80,82
80,290
80,96
80,128
80,83
80,136
80,294
80,482
80,88
80,523
80,135
80,115
80,556
80,86
80,133
80,481
80,384
80,578
80,577
80,383
80,540
80,298
80,308
80,114
80,382
80,448
80,157
80,105
80,593
80,155
80,375
80,622
80,356
80,601
80,267
80,97
80,535
80,507
80,239
80,433
80,142
81,468
81,350
81,199
81,216
81,200
81,246
81,228
81,230
81,210
81,598
81,542
81,486
81,583
81,503
81,492
81,603
81,556
81,283
81,450
81,591
81,93
81,581
81,96
81,476
81,88
81,370
81,558
81,554
81,569
81,84
81,562
81,92
81,580
81,553
81,83
81,101
81,124
81,385
81,94
81,579
81,555
81,132
81,97
81,493
81,258
81,90
82,352
82,344
82,367
82,442
82,238
82,207
82,269
82,240
82,235
82,237
82,433
82,277
82,281
82,310
82,553
82,301
82,592
82,222
82,319
82,285
82,91
82,585
82,97
82,421
82,130
82,148
82,415
82,505
82,372
82,613
82,322
82,419
82,418
82,371
82,199
82,296
82,562
82,260
82,563
82,93
82,422
82,375
82,473
82,279
82,85
82,376
82,580
82,483
82,581
82,99
82,487
82,299
82,191
82,482
82,156
82,537
82,282
82,88
82,417
82,370
82,363
82,557
82,328
82,231
82,134
82,555
82,164
83,168
83,222
83,223
83,540
83,211
83,599
83,537
83,368
83,270
83,546
83,202
83,590
83,494
83,563
83,589
83,587
83,88
83,535
83,147
83,486
83,132
83,425
83,487
83,285
83,479
83,318
83,415
83,509
83,489
83,95
83,280
83,377
83,422
83,128
83,419
83,516
83,581
83,484
83,372
83,480
83,316
83,366
83,623
83,138
83,373
83,559
83,552
83,302
83,557
83,553
83,624
83,97
83,582
83,112
83,550
83,87
83,475
83,187
83,381
83,257
83,558
83,117
84,468
84,367
84,595
84,446
84,540
84,601
84,442
84,539
84,266
84,600
84,277
84,620
84,586
84,313
84,562
84,593
84,554
84,87
84,584
84,99
84,91
84,477
84,89
84,93
84,211
84,114
84,558
84,417
84,509
84,187
84,381
84,575
84,478
84,90
84,419
84,239
84,142
84,377
84,607
84,510
84,420
84,276
84,373
84,303
84,256
84,209
84,112
84,545
84,592
84,542
84,535
84,147
84,429
84,146
84,569
84,393
84,171
84,555
84,326
84,423
84,431
84,140
84,97
84,195
84,486
84,298
84,275
84,94
84,482
85,326
85,348
85,533
85,341
85,150
85,269
85,194
85,200
85,239
85,453
85,614
85,553
85,563
85,589
85,271
85,562
85,587
85,556
85,317
85,591
85,89
85,396
85,105
85,486
85,113
85,94
85,482
85,196
85,487
85,426
85,92
85,139
85,421
85,429
85,513
85,416
85,149
85,87
85,378
85,572
85,372
85,302
85,260
85,557
85,109
85,483
85,351
85,376
85,488
85,253
85,310
85,116
85,93
85,140
85,417
85,96
85,564
85,541
86,414
86,351
86,436
86,360
86,243
86,161
86,221
86,438
86,244
86,541
86,279
86,286
86,580
86,310
86,553
86,563
86,490
86,564
86,96
86,581
86,551
86,264
86,555
86,385
86,482
86,142
86,586
86,489
86,99
86,475
86,612
86,127
86,515
86,384
86,93
86,375
86,478
86,90
86,372
86,488
86,300
86,550
86,479
86,91
86,285
86,97
86,426
86,88
86,379
86,274
86,332
86,268
86,557
86,450
86,423
86,498
87,412
87,243
87,335
87,217
87,216
87,235
87,276
87,229
87,267
87,542
87,281
87,546
87,618
87,493
87,562
87,587
87,556
87,88
87,92
87,124
87,382
87,285
87,144
87,622
87,428
87,137
87,96
87,519
87,377
87,89
87,136
87,224
87,418
87,118
87,306
87,582
87,294
87,488
87,162
87,550
87,591
87,300
87,212
87,309
87,563
87,443
87,223
87,611
87,323
87,517
87,482
88,334
88,345
88,186
88,396
88,244
88,206
88,224
88,542
88,561
88,620
88,504
88,562
88,556
88,554
88,315
88,608
88,317
88,551
88,320
88,611
88,126
88,494
88,591
88,581
88,96
88,485
88,97
88,114
88,309
88,115
88,134
88,425
88,149
88,488
88,90
88,322
88,128
88,419
88,507
88,480
88,92
88,421
88,374
88,370
88,177
88,293
88,99
88,487
88,108
88,576
88,536
88,486
88,481
88,617
88,423
89,532
89,340
89,152
89,169
89,155
89,207
89,210
89,395
89,201
89,239
89,455
89,277
89,366
89,466
89,272
89,542
89,619
89,289
89,580
89,310
89,273
89,564
89,356
89,550
89,417
89,126
89,591
89,578
89,93
89,125
89,479
89,382
89,91
89,526
89,138
89,538
89,115
89,135
89,426
89,129
89,108
89,509
89,519
89,92
89,333
89,139
89,421
89,499
89,264
89,100
89,472
89,237
89,281
89,487
89,549
89,119
89,418
90,412
90,189
90,536
90,153
90,444
90,240
90,248
90,600
90,546
90,450
90,547
90,622
90,563
90,564
90,592
90,562
90,168
90,556
90,554
90,283
90,477
90,579
90,103
90,582
90,485
90,97
90,489
90,101
90,242
90,145
90,216
90,119
90,419
90,109
90,576
90,429
90,278
90,375
90,416
90,376
90,520
90,423
90,267
90,558
90,308
90,304
90,377
90,616
90,275
90,508
90,418
90,430
90,624
90,440
90,264
90,611
90,95
90,518
90,305
90,425
91,362
91,204
91,618
91,550
91,493
91,559
91,174
91,562
91,587
91,560
91,163
91,551
91,432
91,141
91,558
91,523
91,135
91,140
91,108
91,481
91,578
91,482
91,576
91,574
91,477
91,377
91,571
91,121
91,415
91,262
91,286
91,92
91,480
91,129
91,567
91,361
91,555
91,518
91,209
91,306
91,476
91,475
91,246
91,530
91,460
91,581
91,96
91,284
91,228
91,519
91,372
91,97
92,521
92,347
92,343
92,158
92,439
92,176
92,241
92,203
92,213
92,459
92,587
92,560
92,551
92,491
92,103
92,588
92,316
92,122
92,134
92,425
92,508
92,120
92,318
92,415
92,488
92,481
92,421
92,377
92,427
92,113
92,489
92,301
92,125
92,513
92,594
92,303
92,285
92,576
92,104
92,283
92,477
92,574
92,286
92,577
92,480
92,476
92,281
92,376
92,174
92,562
92,557
92,171
92,159
92,350
93,352
93,407
93,396
93,166
93,457
93,605
93,240
93,205
93,203
93,249
93,402
93,208
93,168
93,459
93,604
93,277
93,445
93,542
93,497
93,583
93,618
93,500
93,465
93,271
93,562
93,587
93,483
93,95
93,223
93,417
93,514
93,425
93,134
93,122
93,422
93,291
93,97
93,426
93,574
93,99
93,428
93,475
93,301
93,478
93,341
93,147
93,382
93,423
93,376
93,258
93,557
93,488
93,453
93,550
93,415
93,548
93,555
93,482
93,579
93,450
93,552
93,421
94,404
94,466
94,395
94,152
94,180
94,539
94,548
94,366
94,583
94,498
94,291
94,176
94,564
94,550
94,593
94,484
94,581
94,96
94,394
94,103
94,514
94,134
94,122
94,293
94,99
94,487
94,100
94,476
94,129
94,507
94,119
94,117
94,146
94,569
94,475
94,478
94,182
94,279
94,353
94,256
94,545
94,623
94,544
94,591
94,148
94,477
94,383
94,221
94,124
94,495
94,592
94,301
95,183
95,192
95,236
95,222
95,235
95,248
95,279
95,433
95,583
95,586
95,212
95,503
95,556
95,555
95,97
95,582
95,213
95,310
95,116
95,422
95,131
95,204
95,107
95,591
95,121
95,305
95,578
95,481
95,286
95,383
95,308
95,563
95,528
95,140
95,560
95,374
95,602
95,546
95,255
95,302
95,418
95,426
95,424
95,476
95,271
95,562
95,134
95,99
95,569
96,398
96,155
96,217
96,246
96,276
96,607
96,561
96,286
96,586
96,584
96,318
96,324
96,294
96,492
96,581
96,477
96,105
96,562
96,139
96,146
96,425
96,194
96,291
96,582
96,97
96,135
96,426
96,576
96,375
96,372
96,127
96,418
96,102
96,478
96,385
96,420
96,556
96,133
96,182
96,467
96,313
96,557
96,578
96,449
96,253
97,520
97,172
97,152
97,167
97,434
97,219
97,451
97,546
97,503
97,504
97,564
97,592
97,562
97,579
97,125
97,105
97,486
97,149
97,148
97,576
97,479
97,498
97,110
97,494
97,106
97,378
97,475
97,371
97,574
97,480
97,113
97,254
97,516
97,481
97,514
97,185
97,415
97,507
97,365
97,506
97,585
97,147
97,556
97,293
98,467
98,470
98,523
98,387
98,396
98,599
98,433
98,275
98,267
98,272
98,542
98,271
98,608
98,621
98,593
98,513
98,610
98,555
98,100
98,316
98,102
98,200
98,588
98,518
98,130
98,230
98,133
98,120
98,479
98,569
98,371
98,571
98,377
98,366
98,560
98,477
98,121
98,456
98,262
98,304
98,480
98,107
98,301
98,112
98,138
98,584
98,487
98,161
98,549
98,376
98,307
98,322
98,229
99,358
99,345
99,596
99,221
99,249
99,601
99,247
99,368
99,535
99,548
99,277
99,586
99,490
99,550
99,493
99,623
99,566
99,381
99,284
99,144
99,226
99,420
99,107
99,600
99,309
99,419
99,298
99,274
99,565
99,300
99,563
99,131
99,422
99,554
99,569
99,598
99,501
99,267
99,558
99,581
99,584
99,487
99,475
99,224
99,182
99,376
99,385
99,288
100,386
100,388
100,434
100,177
100,274
100,227
100,228
100,453
100,367
100,561
100,116
100,108
100,588
100,127
100,287
100,146
100,300
100,106
100,135
100,423
100,132
100,122
100,114
100,374
100,568
100,222
100,610
100,375
100,133
100,618
100,101
100,571
100,258
100,282
100,432
100,141
100,288
100,299
100,590
100,605
100,120
100,285
100,144
100,121
100,572
100,113
100,559
100,110
100,570
100,429
100,109
101,404
101,346
101,238
101,434
101,214
101,455
101,293
101,290
101,493
101,320
101,559
101,125
101,116
101,588
101,103
101,106
101,494
101,127
101,488
101,294
101,134
101,124
101,577
101,592
101,107
101,129
101,285
101,144
101,489
101,271
101,130
101,506
101,122
101,140
101,375
101,288
101,296
101,578
101,112
101,239
101,608
101,138
101,373
101,370
102,348
102,210
102,157
102,444
102,456
102,459
102,561
102,282
102,118
102,312
102,126
102,551
102,419
102,128
102,103
102,146
102,427
102,136
102,134
102,558
102,135
102,130
102,439
102,245
102,148
102,422
102,140
102,129
102,411
102,117
102,110
102,107
102,144
102,567
102,142
102,565
102,286
102,515
102,264
102,306
102,122
102,111
102,566
102,284
102,303
102,450
102,149
103,457
103,363
103,539
103,453
103,273
103,542
103,116
103,310
103,593
103,552
103,551
103,126
103,313
103,125
103,134
103,574
103,283
103,142
103,132
103,124
103,144
103,422
103,131
103,487
103,120
103,578
103,384
103,149
103,569
103,106
103,576
103,568
103,374
103,421
103,104
103,429
103,403
103,597
103,112
103,488
103,586
103,304
103,573
103,140
103,117
103,109
103,485
103,376
103,234
103,137
104,343
104,151
104,346
104,152
104,439
104,111
104,596
104,433
104,230
104,116
104,504
104,141
104,109
104,127
104,146
104,130
104,143
104,132
104,144
104,112
104,415
104,119
104,384
104,578
104,118
104,288
104,429
104,383
104,121
104,562
104,139
104,374
104,234
104,375
104,140
104,135
104,370
104,299
104,583
104,113
104,295
104,123
104,247
105,454
105,361
105,356
105,446
105,206
105,541
105,116
105,504
105,111
105,499
105,562
105,126
105,141
105,136
105,124
105,464
105,561
105,129
105,420
105,172
105,560
105,137
105,121
105,479
105,146
105,569
105,518
105,140
105,408
105,117
105,566
105,275
105,416
105,114
105,255
105,284
105,575
105,122
105,263
105,145
105,132
105,149
105,539
105,272
105,131
105,106
106,395
106,452
106,205
106,208
106,547
106,294
106,563
106,288
106,579
106,126
106,550
106,127
106,115
106,600
106,130
106,138
106,122
106,145
106,149
106,107
106,578
106,146
106,381
106,569
106,292
106,283
106,574
106,617
106,570
106,300
106,260
106,119
106,588
106,491
106,303
106,349
106,144
106,306
106,620
106,347
106,541
106,434
106,143
106,377
107,414
107,361
107,543
107,269
107,159
107,459
107,538
107,407
107,504
107,592
107,501
107,432
107,141
107,494
107,591
107,128
107,588
107,134
107,130
107,124
107,133
107,138
107,420
107,135
107,126
107,417
107,112
107,294
107,488
107,110
107,109
107,485
107,573
107,283
107,477
107,574
107,567
107,428
107,584
107,572
107,475
107,382
107,576
107,199
107,296
107,484
107,149
107,489
107,145
107,568
107,565
107,483
107,147
107,148
108,349
108,218
108,265
108,366
108,497
108,589
108,557
108,555
108,598
108,128
108,452
108,217
108,123
108,113
108,144
108,159
108,441
108,488
108,578
108,118
108,375
108,424
108,565
108,287
108,381
108,288
108,479
108,230
108,136
108,466
108,133
108,477
108,148
108,574
109,152
109,243
109,437
109,219
109,265
109,464
109,561
109,450
109,547
109,580
109,589
109,280
109,128
109,123
109,486
109,315
109,127
109,113
109,135
109,381
109,284
109,143
109,112
109,145
109,491
109,115
109,133
109,131
109,120
109,490
109,296
109,129
109,288
109,382
109,283
109,239
109,142
109,565
109,537
109,144
109,567
109,577
109,622
109,287
109,481
109,117
110,465
110,269
110,221
110,457
110,234
110,359
110,455
110,535
110,450
110,290
110,584
110,419
110,128
110,613
110,280
110,380
110,283
110,555
110,579
110,504
110,551
110,608
110,123
110,125
110,146
110,136
110,113
110,114
110,115
110,120
110,140
110,267
110,558
110,417
110,111
110,291
110,573
110,382
110,576
110,117
110,383
110,577
110,423
110,617
110,488
110,376
110,570
110,478
110,141
110,148
110,578
110,145
110,118
111,214
111,564
111,273
111,307
111,598
111,501
111,126
111,141
111,419
111,128
111,288
111,482
111,284
111,143
111,424
111,133
111,120
111,121
111,129
111,118
111,379
111,573
111,489
111,567
111,480
111,574
111,418
111,571
111,343
111,149
111,490
111,572
111,119
111,122
111,570
111,562
111,374
111,472
111,375
112,469
112,406
112,344
112,335
112,236
112,459
112,294
112,557
112,587
112,285
112,552
112,591
112,128
112,123
112,125
112,116
112,127
112,138
112,137
112,120
112,149
112,140
112,201
112,589
112,604
112,119
112,570
112,293
112,381
112,575
112,148
112,571
112,287
112,146
112,475
112,292
112,366
112,145
112,118
112,371
112,114
112,126
113,345
113,442
113,226
113,600
113,281
113,486
113,583
113,504
113,291
113,592
113,557
113,275
113,566
113,120
113,314
113,126
113,611
113,141
113,125
113,149
113,307
113,507
113,119
113,577
113,144
113,567
113,429
113,287
113,578
113,371
113,421
113,140
113,375
113,283
113,424
113,289
113,148
113,571
113,132
113,137
113,419
113,145
113,146
113,381
114,445
114,212
114,541
114,231
114,464
114,270
114,267
114,281
114,289
114,586
114,581
114,624
114,579
114,621
114,427
114,136
114,149
114,131
114,519
114,476
114,573
114,145
114,568
114,421
114,574
114,293
114,575
114,147
114,382
114,567
114,373
114,582
114,209
114,207
114,141
114,376
114,450
114,547
114,594
114,127
114,426
114,135
114,458
115,411
115,410
115,361
115,399
115,596
115,202
115,541
115,211
115,599
115,602
115,549
115,135
115,620
115,291
115,562
115,459
115,556
115,566
115,141
115,123
115,130
115,218
115,512
115,124
115,144
115,131
115,477
115,574
115,570
115,429
115,475
115,373
115,486
115,122
115,116
115,579
115,375
115,148
115,395
115,588
116,527
116,181
116,219
116,220
116,210
116,441
116,242
116,456
116,294
116,399
116,593
116,579
116,611
116,141
116,125
116,418
116,127
116,425
116,134
116,130
116,284
116,143
116,449
116,493
116,590
116,120
116,560
116,419
116,450
116,591
116,309
116,121
116,489
116,481
116,567
116,117
116,577
116,230
116,270
116,129
116,382
116,289
116,148
116,263
116,283
116,142
117,348
117,388
117,232
117,121
117,218
117,294
117,451
117,304
117,498
117,592
117,267
117,126
117,123
117,134
117,237
117,143
117,131
117,289
117,148
117,591
117,480
117,574
117,377
117,299
117,381
117,575
117,146
117,118
117,119
117,147
117,150
117,132
117,214
117,449
117,157
117,486
118,344
118,161
118,444
118,211
118,248
118,366
118,286
118,458
118,555
118,288
118,579
118,128
118,123
118,501
118,125
118,574
118,283
118,142
118,138
118,133
118,479
118,129
118,505
118,144
118,567
118,371
118,140
118,569
118,375
118,139
118,515
118,374
118,478
118,575
118,381
118,141
118,570
118,376
118,121
118,262
118,578
118,483
118,147
119,355
119,269
119,434
119,444
119,359
119,279
119,288
119,554
119,139
119,224
119,459
119,130
119,132
119,133
119,140
119,417
119,578
119,567
119,248
119,483
119,337
119,384
119,129
119,416
119,587
119,588
119,136
119,297
119,395
119,378
119,215
119,121
120,463
120,387
120,343
120,437
120,318
120,221
120,363
120,455
120,590
120,310
120,228
120,425
120,134
120,482
120,365
120,130
120,133
120,383
120,147
120,382
120,431
120,384
120,377
120,564
120,423
120,351
120,445
120,583
120,205
120,566
120,293
120,137
120,298
120,121
120,145
121,470
121,405
121,352
121,173
121,360
121,545
121,543
121,243
121,437
121,221
121,147
121,244
121,234
121,491
121,559
121,557
121,623
121,126
121,141
121,284
121,123
121,503
121,162
121,550
121,127
121,605
121,426
121,135
121,132
121,131
121,589
121,289
121,280
121,571
121,205
121,145
121,380
121,142
121,241
121,288
122,446
122,209
122,455
122,603
122,126
122,123
122,146
122,138
122,423
122,132
122,436
122,145
122,321
122,124
122,415
122,142
122,274
122,565
122,578
122,476
122,282
122,573
122,137
122,513
122,419
122,304
122,536
122,148
122,571
122,564
122,570
122,488
122,589
122,600
122,139
122,478
122,285
122,144
122,390
122,293
122,230
123,469
123,434
123,457
123,227
123,266
123,272
123,281
123,578
123,287
123,590
123,584
123,280
123,558
123,128
123,283
123,433
123,142
123,132
123,560
123,137
123,439
123,148
123,577
123,429
123,376
123,371
123,541
123,575
123,579
123,290
123,149
123,573
124,390
124,347
124,345
124,443
124,161
124,601
124,218
124,589
124,272
124,554
124,135
124,145
124,137
124,488
124,142
124,274
124,565
124,377
124,421
124,518
124,609
124,515
124,422
124,140
124,569
124,375
124,231
124,134
124,619
124,290
124,381
124,478
124,384
124,299
124,423
124,308
124,148
124,147
124,570
124,144
124,459
124,204
125,364
125,357
125,393
125,205
125,209
125,547
125,293
125,379
125,282
125,319
125,417
125,126
125,288
125,147
125,418
125,127
125,134
125,143
125,138
125,149
125,565
125,146
125,472
125,569
125,372
125,508
125,370
125,198
125,480
125,590
125,308
125,430
125,148
125,144
125,133
126,439
126,153
126,211
126,602
126,352
126,449
126,546
126,580
126,289
126,204
126,288
126,165
126,553
126,285
126,556
126,597
126,315
126,551
126,561
126,129
126,420
126,137
126,610
126,140
126,565
126,488
126,145
126,380
126,384
126,261
126,370
126,223
126,581
126,284
126,143
126,519
126,396
127,330
127,183
127,431
127,385
127,545
127,238
127,363
127,280
127,141
127,281
127,140
127,558
127,417
127,405
127,264
127,137
127,580
127,298
127,245
127,292
127,566
127,143
127,484
127,586
127,226
127,132
128,435
128,160
128,443
128,448
128,437
128,235
128,549
128,587
128,564
128,141
128,450
128,591
128,288
128,147
128,381
128,284
128,425
128,137
128,422
128,140
128,283
128,377
128,145
128,136
128,427
128,559
128,418
128,416
128,255
128,486
128,207
128,149
128,384
128,205
128,204
128,417
128,139
128,590
128,308
128,130
128,230
129,532
129,351
129,390
129,331
129,431
129,219
129,221
129,541
129,444
129,580
129,563
129,211
129,493
129,623
129,134
129,566
129,143
129,230
129,133
129,582
129,488
129,145
129,568
129,421
129,567
129,383
129,577
129,148
129,575
129,213
129,304
129,306
129,282
129,371
129,264
130,413
130,437
130,358
130,217
130,246
130,310
130,584
130,579
130,141
130,284
130,605
130,135
130,138
130,132
130,145
130,556
130,133
130,147
130,476
130,351
130,428
130,242
130,283
130,142
130,565
130,140
130,301
131,389
131,177
131,152
131,238
131,588
131,200
131,602
131,214
131,204
131,237
131,604
131,504
131,552
131,136
131,138
131,577
131,286
131,145
131,133
131,280
131,421
131,307
131,215
131,591
131,578
131,481
131,575
131,574
131,302
131,390
131,508
131,620
131,372
131,144
131,379
132,465
132,236
132,199
132,541
132,537
132,544
132,580
132,504
132,280
132,559
132,557
132,560
132,555
132,433
132,142
132,143
132,144
132,556
132,133
132,415
132,145
132,568
132,294
132,482
132,576
132,383
132,577
132,148
132,227
132,558
132,135
132,370
132,602
132,478
132,575
132,396
132,202
132,299
132,429
132,141
133,386
133,447
133,441
133,203
133,249
133,455
133,598
133,287
133,293
133,499
133,379
133,282
133,564
133,559
133,136
133,134
133,148
133,140
133,294
133,488
133,479
133,576
133,518
133,572
133,603
133,200
133,297
133,554
133,205
133,315
133,420
133,464
133,561
133,138
133,373
134,164
134,602
134,224
134,600
134,553
134,137
134,578
134,565
134,371
134,286
134,145
134,568
134,427
134,570
134,308
134,411
134,587
134,536
134,148
134,564
134,135
134,379
134,160
134,451
134,474
134,280
134,562
134,144
135,465
135,192
135,207
135,396
135,152
135,443
135,540
135,572
135,281
135,586
135,504
135,564
135,265
135,556
135,578
135,488
135,573
135,234
135,137
135,513
135,142
135,424
135,570
135,382
135,604
135,318
135,508
135,577
135,380
135,395
135,233
135,136
135,237
135,284
135,144
135,138
136,391
136,347
136,447
136,356
136,219
136,262
136,359
136,552
136,555
136,432
136,141
136,144
136,241
136,438
136,147
136,569
136,194
136,485
136,379
136,573
136,568
136,576
136,233
136,609
136,421
136,567
136,417
136,511
136,302
136,283
136,142
136,468
136,565
136,377
136,591
136,554
136,387
136,290
136,478
136,268
136,577
137,465
137,457
137,212
137,544
137,561
137,480
137,286
137,553
137,610
137,556
137,209
137,585
137,139
137,143
137,580
137,289
137,618
137,342
137,148
137,507
137,257
137,298
137,557
137,572
137,221
137,210
137,217
137,573
137,379
137,244
137,484
137,283
137,142
137,565
137,377
138,408
138,448
138,440
138,200
138,540
138,270
138,453
138,295
138,586
138,503
138,564
138,591
138,613
138,284
138,288
138,438
138,147
138,144
138,422
138,479
138,573
138,562
138,421
138,380
138,283
138,571
138,377
138,416
138,484
138,145
138,148
138,592
138,313
138,603
139,369
139,159
139,246
139,248
139,270
139,455
139,267
139,609
139,281
139,561
139,290
139,312
139,509
139,569
139,264
139,571
139,486
139,298
139,372
139,427
139,418
139,567
139,541
139,214
139,284
139,425
139,579
139,370
139,249
139,141
140,400
140,545
140,606
140,280
140,587
140,581
140,578
140,577
140,516
140,535
140,147
140,382
140,567
140,573
140,379
140,141
140,423
140,293
140,149
140,555
140,508
140,212
140,142
140,518
140,221
140,342
140,245
141,435
141,176
141,200
141,231
141,209
141,456
141,458
141,247
141,539
141,547
141,286
141,291
141,566
141,288
141,579
141,517
141,149
141,574
141,283
141,565
141,419
141,589
141,210
141,307
141,280
141,368
141,562
141,374
141,559
141,265
141,215
141,310
141,382
141,285
141,147
141,591
141,228
141,616
141,570
142,219
142,245
142,248
142,457
142,598
142,286
142,294
142,552
142,204
142,486
142,283
142,565
142,475
142,199
142,575
142,149
142,384
142,547
142,216
142,592
142,210
142,555
142,379
142,566
142,143
142,378
142,452
143,235
143,233
143,237
143,449
143,561
143,289
143,451
143,592
143,149
143,417
143,578
143,340
143,293
143,481
143,145
143,427
143,283
143,254
143,435
143,456
143,433
143,359
143,595
143,147
144,403
144,349
144,187
144,195
144,537
144,433
144,354
144,451
144,268
144,314
144,283
144,560
144,591
144,145
144,383
144,577
144,515
144,375
144,561
144,370
144,510
144,231
144,603
144,489
144,320
144,272
144,554
144,507
144,578
144,294
144,382
144,290
145,402
145,354
145,358
145,399
145,188
145,166
145,446
145,213
145,542
145,547
145,550
145,319
145,280
145,559
145,562
145,557
145,486
145,149
145,565
145,428
145,429
145,570
145,611
145,417
145,564
145,370
145,520
145,423
145,420
145,422
145,405
145,597
145,297
145,594
145,578
145,352
145,577
145,483
145,275
145,372
145,284
145,575
145,567
145,282
145,379
145,591
145,605
146,350
146,354
146,448
146,214
146,359
146,177
146,271
146,230
146,559
146,562
146,238
146,285
146,315
146,578
146,569
146,290
146,384
146,573
146,392
146,345
146,292
146,454
146,322
146,510
146,372
146,293
146,577
146,435
146,576
146,272
147,346
147,545
147,217
147,203
147,456
147,539
147,602
147,483
147,580
147,200
147,382
147,576
147,292
147,574
147,301
147,561
147,230
147,240
147,375
147,569
147,381
147,457
147,598
147,406
147,547
147,577
148,461
148,527
148,606
148,455
148,294
148,551
148,566
148,573
148,476
148,429
148,570
148,382
148,374
148,486
148,292
148,577
148,480
148,415
148,521
148,290
148,246
148,149
148,384
148,296
148,258
148,611
148,229
148,498
149,471
149,386
149,438
149,166
149,227
149,228
149,459
149,495
149,592
149,419
149,433
149,292
149,574
149,281
149,475
149,418
149,474
149,377
149,571
149,566
149,565
149,576
149,290
149,489
149,254
149,551
149,293
149,238
149,589
150,532
150,326
150,530
150,190
150,186
150,160
150,158
150,169
150,167
150,192
150,155
150,581
150,193
150,153
150,547
150,159
150,166
150,434
150,199
150,198
150,228
150,176
150,211
150,599
150,440
150,537
150,172
150,366
150,175
150,272
150,498
150,504
150,310
150,455
150,549
150,618
150,171
150,559
150,529
150,335
150,332
150,429
150,181
150,278
150,362
150,182
150,209
150,331
150,234
150,184
150,281
150,511
150,608
150,197
150,341
150,244
150,219
150,313
151,470
151,524
151,338
151,327
151,346
151,530
151,438
151,464
151,270
151,367
151,187
151,177
151,268
151,171
151,184
151,165
151,169
151,531
151,155
151,585
151,197
151,153
151,335
151,194
151,536
151,495
151,166
151,386
151,198
151,183
151,606
151,544
151,355
151,167
151,590
151,613
151,314
151,510
151,316
151,163
151,551
151,399
151,587
151,211
151,533
151,364
151,157
152,338
152,334
152,394
152,436
152,533
152,333
152,181
152,470
152,276
152,179
152,243
152,448
152,208
152,596
152,193
152,529
152,153
152,158
152,205
152,246
152,174
152,171
152,268
152,456
152,184
152,522
152,231
152,229
152,598
152,450
152,547
152,331
152,613
152,514
152,191
152,595
152,304
152,474
152,183
152,313
152,325
152,224
152,176
152,270
152,170
153,403
153,523
153,334
153,342
153,364
153,337
153,333
153,185
153,464
153,173
153,395
153,178
153,175
153,186
153,181
153,171
153,238
153,167
153,358
153,164
153,161
153,159
153,163
153,166
153,525
153,234
153,182
153,276
153,180
153,368
153,266
153,259
153,162
153,344
153,538
153,498
153,504
153,326
153,617
153,317
153,497
153,262
153,397
153,591
153,581
153,199
153,352
153,611
153,320
153,583
153,301
153,339
153,519
153,251
153,231
153,187
153,235
153,564
153,198
154,467
154,521
154,530
154,336
154,337
154,465
154,174
154,177
154,175
154,360
154,463
154,172
154,189
154,520
154,623
154,332
154,191
154,555
154,167
154,364
154,170
154,452
154,197
154,620
154,341
154,244
154,342
154,492
154,201
154,331
154,425
154,237
154,542
154,168
154,335
154,241
154,155
154,484
154,533
154,580
154,515
154,233
154,584
154,502
155,528
155,352
155,465
155,464
155,173
155,191
155,369
155,175
155,457
155,406
155,600
155,212
155,541
155,167
155,214
155,446
155,540
155,161
155,208
155,537
155,413
155,607
155,451
155,548
155,362
155,265
155,453
155,327
155,230
155,497
155,522
155,619
155,323
155,486
155,232
155,514
155,542
155,495
155,188
155,564
155,244
155,245
155,586
155,387
155,183
155,310
155,194
155,429
155,475
156,532
156,527
156,523
156,330
156,390
156,530
156,190
156,173
156,160
156,189
156,399
156,249
156,443
156,194
156,200
156,543
156,167
156,214
156,235
156,525
156,622
156,234
156,607
156,229
156,539
156,547
156,159
156,441
156,535
156,315
156,509
156,603
156,598
156,172
156,366
156,226
156,176
156,273
156,393
156,199
156,170
156,546
156,499
156,365
156,318
156,385
156,197
156,479
156,266
156,223
156,179
156,165
156,216
156,592
157,411
157,534
157,329
157,325
157,334
157,331
157,190
157,185
157,187
157,177
157,268
157,171
157,184
157,162
157,364
157,170
157,583
157,486
157,195
157,193
157,197
157,163
157,159
157,441
157,276
157,179
157,226
157,537
157,246
157,167
157,458
157,182
157,526
157,229
157,196
157,619
157,315
157,544
157,498
157,324
157,518
157,186
157,609
157,399
157,496
157,160
157,527
157,172
157,313
158,470
158,527
158,331
158,525
158,533
158,339
158,358
158,530
158,185
158,183
158,184
158,192
158,193
158,335
158,194
158,301
158,398
158,163
158,223
158,205
158,544
158,213
158,181
158,604
158,171
158,359
158,547
158,173
158,502
158,318
158,161
158,490
158,316
158,555
158,486
158,526
158,197
158,330
158,518
158,422
158,209
158,368
158,186
159,332
159,336
159,391
159,364
159,389
159,187
159,172
159,183
159,479
159,188
159,162
159,207
159,551
159,163
159,473
159,182
159,295
159,198
159,553
159,165
159,600
159,212
159,541
159,205
159,331
159,234
159,278
159,181
159,228
159,549
159,161
159,537
159,168
159,497
159,233
159,174
159,562
159,247
159,620
159,363
159,420
159,513
159,192
159,483
159,495
159,350
159,499
159,311
159,180
160,466
160,528
160,327
160,525
160,406
160,388
160,185
160,395
160,357
160,188
160,274
160,177
160,171
160,365
160,167
160,361
160,596
160,195
160,335
160,605
160,541
160,205
160,438
160,535
160,186
160,609
160,538
160,191
160,614
160,273
160,514
160,320
160,279
160,321
160,505
160,359
160,353
160,547
160,594
160,278
160,181
160,219
160,501
160,169
160,519
160,189
160,164
161,534
161,355
161,527
161,333
161,336
161,530
161,190
161,178
161,189
161,188
161,402
161,596
161,167
161,193
161,176
161,207
161,163
161,199
161,392
161,198
161,241
161,235
161,234
161,533
161,242
161,500
161,209
161,346
161,249
161,540
161,601
161,279
161,229
161,602
161,210
161,598
161,604
161,606
161,277
161,607
161,181
161,375
161,278
161,196
161,293
161,165
161,553
161,542
161,589
161,550
161,593
161,389
161,195
161,427
161,582
161,317
161,187
161,478
161,447
161,544
161,497
161,221
161,309
161,378
161,174
161,368
161,494
161,543
161,183
162,464
162,337
162,175
162,171
162,447
162,165
162,169
162,167
162,236
162,527
162,198
162,223
162,209
162,333
162,192
162,239
162,537
162,177
162,600
162,201
162,546
162,622
162,164
162,587
162,586
162,331
162,425
162,544
162,420
162,479
162,187
162,375
162,510
162,178
162,225
162,366
162,394
162,206
162,523
162,429
162,549
163,338
163,531
163,397
163,394
163,326
163,465
163,333
163,336
163,530
163,407
163,343
163,178
163,177
163,186
163,183
163,181
163,171
163,189
163,188
163,184
163,356
163,169
163,180
163,387
163,193
163,273
163,176
163,172
163,366
163,269
163,202
163,164
163,211
163,543
163,167
163,311
163,214
163,242
163,248
163,199
163,487
163,293
163,586
163,166
163,495
163,170
163,452
163,485
163,272
163,328
163,619
163,320
163,441
163,206
163,244
163,573
163,205
163,459
163,314
164,464
164,528
164,350
164,333
164,343
164,178
164,175
164,189
164,595
164,191
164,184
164,543
164,196
164,267
164,170
164,197
164,182
164,532
164,241
164,225
164,363
164,180
164,227
164,439
164,204
164,249
164,336
164,239
164,451
164,548
164,273
164,502
164,477
164,574
164,621
164,581
164,529
164,238
164,614
164,315
164,242
164,199
164,481
164,260
164,377
164,262
164,212
164,494
164,535
164,310
165,327
165,531
165,351
165,185
165,173
165,187
165,175
165,183
165,184
165,387
165,193
165,223
165,622
165,234
165,249
165,233
165,279
165,276
165,229
165,169
165,266
165,275
165,245
165,536
165,551
165,583
165,216
165,498
165,355
165,549
165,584
165,490
165,598
165,362
165,168
165,591
165,309
165,480
165,246
165,415
165,538
165,517
165,431
165,619
165,535
165,624
165,214
166,330
166,329
166,390
166,394
166,362
166,388
166,393
166,392
166,430
166,340
166,367
166,177
166,466
166,369
166,175
166,183
166,179
166,399
166,184
166,447
166,192
166,170
166,420
166,226
166,211
166,309
166,503
166,212
166,235
166,209
166,606
166,372
166,275
166,172
166,366
166,609
166,271
166,193
166,240
166,616
166,266
166,501
166,181
166,278
166,343
166,440
166,537
166,255
166,539
166,299
166,443
166,213
166,589
166,239
166,215
166,365
166,549
166,292
167,532
167,520
167,524
167,330
167,327
167,352
167,390
167,393
167,178
167,175
167,186
167,183
167,168
167,188
167,180
167,170
167,205
167,339
167,242
167,418
167,224
167,358
167,455
167,598
167,273
167,176
167,173
167,270
167,604
167,356
167,497
167,431
167,237
167,613
167,445
167,430
167,624
167,203
167,300
167,291
167,582
167,208
167,197
167,238
167,198
167,539
167,422
168,473
168,330
168,328
168,387
168,352
168,326
168,533
168,337
168,345
168,395
168,189
168,195
168,232
168,588
168,200
168,188
168,235
168,540
168,274
168,615
168,227
168,603
168,466
168,175
168,598
168,270
168,181
168,604
168,268
168,171
168,547
168,553
168,494
168,333
168,192
168,519
168,196
168,572
168,276
168,558
168,320
168,277
168,174
168,336
168,579
169,467
169,532
169,405
169,352
169,355
169,190
169,185
169,173
169,174
169,178
169,186
169,196
169,180
169,529
169,335
169,193
169,182
169,204
169,544
169,557
169,266
169,548
169,175
169,222
169,504
169,613
169,510
169,550
169,491
169,184
169,560
169,197
169,188
169,479
169,448
169,348
169,542
169,589
169,260
169,611
169,312
169,198
169,531
169,183
169,443
169,232
170,523
170,339
170,336
170,430
170,187
170,172
170,183
170,179
170,189
170,595
170,576
170,188
170,192
170,194
170,609
170,221
170,457
170,216
170,197
170,535
170,244
170,240
170,596
170,208
170,266
170,265
170,561
170,259
170,494
170,563
170,623
170,543
170,308
170,542
170,204
170,416
170,199
170,452
170,352
170,546
170,180
170,274
170,227
170,538
171,531
171,394
171,331
171,395
171,189
171,184
171,180
171,195
171,463
171,172
171,219
171,202
171,182
171,617
171,229
171,181
171,228
171,275
171,547
171,290
171,581
171,490
171,356
171,497
171,183
171,324
171,175
171,272
171,319
171,194
171,203
171,179
171,226
171,196
171,385
171,233
172,468
172,528
172,520
172,328
172,327
172,387
172,531
172,525
172,331
172,530
172,345
172,389
172,470
172,276
172,179
172,595
172,529
172,335
172,536
172,215
172,616
172,228
172,330
172,233
172,365
172,224
172,607
172,289
172,201
172,624
172,175
172,363
172,551
172,514
172,188
172,532
172,614
172,323
172,517
172,594
172,546
172,550
172,535
172,199
172,182
172,446
172,305
172,360
172,191
172,426
173,462
173,532
173,528
173,520
173,460
173,533
173,331
173,340
173,183
173,192
173,176
173,327
173,186
173,524
173,233
173,248
173,198
173,433
173,265
173,355
173,549
173,604
173,185
173,523
173,620
173,232
173,608
173,206
173,253
173,488
173,485
173,610
173,518
173,491
173,238
173,529
173,541
173,614
173,415
173,214
174,524
174,332
174,334
174,339
174,529
174,390
174,525
174,331
174,527
174,333
174,187
174,285
174,188
174,355
174,549
174,452
174,387
174,193
174,240
174,598
174,548
174,178
174,366
174,538
174,321
174,557
174,498
174,386
174,580
174,181
174,614
174,279
174,182
174,370
174,254
174,583
174,261
174,215
174,353
174,201
174,520
174,326
174,223
174,599
174,317
174,245
175,400
175,523
175,525
175,339
175,529
175,336
175,355
175,337
175,388
175,392
175,464
175,367
175,187
175,181
175,191
175,188
175,195
175,193
175,221
175,334
175,237
175,279
175,604
175,267
175,365
175,265
175,459
175,271
175,451
175,548
175,501
175,301
175,356
175,544
175,212
175,309
175,547
175,422
175,543
175,280
175,541
175,538
175,249
175,177
175,274
175,326
176,525
176,401
176,333
176,392
176,336
176,530
176,185
176,183
176,439
176,192
176,195
176,182
176,269
176,457
176,441
176,497
176,206
176,201
176,181
176,313
176,604
176,542
176,495
176,621
176,325
176,422
176,617
176,526
176,429
176,438
176,444
176,250
176,306
176,549
176,188
176,505
176,221
176,503
176,178
177,522
177,523
177,531
177,334
177,386
177,364
177,331
177,527
177,333
177,398
177,361
177,178
177,181
177,399
177,191
177,335
177,238
177,196
177,199
177,394
177,200
177,309
177,503
177,212
177,202
177,249
177,228
177,279
177,230
177,218
177,265
177,596
177,549
177,273
177,492
177,268
177,272
177,319
177,186
177,477
177,497
177,516
177,612
177,448
177,360
177,223
177,505
177,207
177,185
177,194
177,241
178,413
178,532
178,338
178,330
178,531
178,529
178,364
178,530
178,344
178,186
178,385
178,191
178,188
178,192
178,387
178,193
178,523
178,232
178,490
178,199
178,212
178,460
178,363
178,359
178,324
178,227
178,368
178,361
178,317
178,220
178,549
178,619
178,604
178,313
178,459
178,519
178,597
178,491
178,357
178,211
178,277
178,182
178,605
179,461
179,353
179,464
179,394
179,183
179,189
179,202
179,536
179,180
179,274
179,215
179,363
179,214
179,327
179,233
179,549
179,197
179,620
179,622
179,305
179,595
179,608
179,329
179,188
179,235
179,545
179,392
179,393
179,492
179,499
179,476
179,192
180,521
180,524
180,530
180,185
180,187
180,596
180,335
180,197
180,362
180,221
180,182
180,198
180,183
180,230
180,317
180,270
180,186
180,609
180,494
180,237
180,490
180,547
180,498
180,188
180,544
180,399
180,493
180,238
181,404
181,240
181,531
181,533
181,186
181,325
181,184
181,601
181,182
181,276
181,229
181,602
181,258
181,549
181,524
181,618
181,328
181,563
181,491
181,593
181,581
181,274
181,221
181,415
181,412
181,509
181,597
181,544
181,388
181,622
181,583
181,197
182,327
182,531
182,339
182,529
182,410
182,393
182,185
182,360
182,183
182,189
182,188
182,596
182,198
182,446
182,607
182,601
182,504
182,324
182,563
182,520
182,617
182,248
182,527
182,236
182,624
182,555
182,477
182,558
182,417
182,224
182,553
182,506
182,484
182,254
182,319
182,548
182,269
182,218
182,399
182,302
182,206
182,274
182,599
182,505
182,530
182,616
182,428
183,404
183,338
183,521
183,327
183,336
183,390
183,391
183,195
183,269
183,610
183,222
183,193
183,190
183,287
183,608
183,619
183,614
183,595
183,313
183,187
183,234
183,591
183,556
183,547
183,213
183,398
183,495
183,454
183,276
183,503
183,198
183,596
183,550
183,189
184,524
184,358
184,530
184,326
184,185
184,186
184,188
184,192
184,335
184,536
184,215
184,606
184,456
184,472
184,237
184,535
184,548
184,460
184,272
184,366
184,620
184,189
184,283
184,587
184,198
184,502
184,392
184,210
185,534
185,525
185,237
185,334
185,186
185,333
185,192
185,269
185,532
185,338
185,241
185,279
185,270
185,561
185,312
185,215
185,497
185,337
185,619
185,508
185,605
185,323
185,370
185,274
185,549
185,260
185,357
185,460
185,238
185,202
185,249
185,188
185,611
185,495
186,474
186,327
186,526
186,334
186,533
186,338
186,435
186,362
186,454
186,344
186,189
186,191
186,483
186,192
186,602
186,273
186,547
186,617
186,187
186,516
186,303
186,278
186,545
186,449
186,496
186,398
186,210
186,455
186,267
186,197
186,244
186,262
187,523
187,521
187,327
187,336
187,189
187,191
187,188
187,596
187,207
187,331
187,234
187,540
187,266
187,544
187,608
187,502
187,390
187,293
187,216
187,310
187,276
187,323
187,312
187,269
187,366
187,560
187,619
187,478
187,423
187,356
187,227
187,368
187,541
187,427
187,392
187,198
187,442
187,318
187,193
187,240
187,616
188,413
188,532
188,522
188,528
188,534
188,330
188,329
188,531
188,336
188,189
188,392
188,586
188,198
188,599
188,211
188,267
188,462
188,365
188,553
188,616
188,482
188,487
188,525
188,234
188,274
188,602
188,320
188,470
188,457
188,499
188,543
188,536
188,538
188,346
188,249
188,309
189,521
189,339
189,352
189,337
189,335
189,238
189,196
189,193
189,532
189,241
189,249
189,604
189,548
189,366
189,267
189,495
189,365
189,318
189,612
189,599
189,505
189,359
189,500
189,594
189,537
189,355
189,498
189,474
189,252
189,299
190,463
190,521
190,619
190,522
190,328
190,325
190,409
190,552
190,358
190,367
190,596
190,523
190,335
190,236
190,528
190,334
190,240
190,249
190,537
190,246
190,342
190,530
190,248
190,279
190,582
190,535
190,594
190,497
190,542
190,496
190,198
190,292
190,504
190,225
190,613
190,470
190,276
190,323
190,595
190,548
190,272
190,275
191,332
191,524
191,330
191,428
191,331
191,525
191,391
191,358
191,333
191,398
191,443
191,198
191,497
191,206
191,274
191,209
191,326
191,620
191,232
191,279
191,604
191,550
191,352
191,446
191,493
191,310
191,360
191,548
191,199
191,272
191,238
191,614
191,542
191,458
191,599
191,484
192,472
192,532
192,524
192,522
192,328
192,336
192,346
192,355
192,533
192,393
192,398
192,595
192,529
192,335
192,586
192,198
192,456
192,208
192,321
192,496
192,609
192,318
192,494
192,510
192,316
192,219
192,501
192,215
192,312
192,615
192,457
192,363
192,309
192,362
192,523
192,223
192,345
192,196
192,478
192,536
193,532
193,334
193,525
193,337
193,333
193,359
193,607
193,367
193,226
193,273
193,318
193,335
193,617
193,605
193,314
193,590
193,308
193,460
193,597
193,533
193,542
193,447
193,586
193,277
193,276
193,332
194,470
194,527
194,329
194,526
194,397
194,198
194,489
194,392
194,244
194,535
194,337
194,431
194,619
194,502
194,601
194,310
194,622
194,618
194,388
194,291
194,394
194,200
194,491
194,228
194,275
194,322
194,546
194,581
194,536
194,503
194,600
194,553
194,507
194,493
194,268
194,250
194,349
194,550
194,608
194,358
195,413
195,528
195,334
195,339
195,336
195,386
195,347
195,333
195,344
195,199
195,200
195,240
195,279
195,221
195,597
195,273
195,267
195,523
195,620
195,311
195,612
195,266
195,507
195,313
195,501
195,487
195,204
195,301
195,272
195,497
195,362
195,365
195,262
195,422
195,516
195,402
195,208
195,223
195,249
195,525
195,543
195,330
196,522
196,528
196,346
196,358
196,454
196,395
196,197
196,363
196,458
196,213
196,597
196,604
196,465
196,277
196,208
196,537
196,584
196,496
196,588
196,521
196,545
196,226
196,366
196,527
196,339
196,386
196,245
196,497
196,439
196,204
196,509
197,463
197,520
197,330
197,541
197,347
197,335
197,238
197,437
197,209
197,530
197,239
197,293
197,504
197,507
197,313
197,559
197,516
197,225
197,522
197,328
197,609
197,505
197,311
197,357
197,446
197,540
197,274
197,471
197,392
197,525
197,393
197,581
197,317
198,527
198,523
198,327
198,525
198,350
198,337
198,534
198,340
198,243
198,314
198,217
198,212
198,453
198,367
198,273
198,319
198,540
198,587
198,316
198,515
198,381
198,335
198,388
198,235
198,357
198,528
198,237
198,537
198,347
198,203
199,528
199,523
199,521
199,327
199,332
199,526
199,414
199,386
199,533
199,362
199,331
199,243
199,596
199,590
199,202
199,206
199,240
199,393
199,205
199,276
199,369
199,604
199,286
199,433
199,621
199,315
199,536
199,489
199,304
199,360
199,266
199,262
199,311
199,211
199,485
199,443
199,316
199,367
199,520
200,413
200,328
200,410
200,364
200,393
200,430
200,436
200,395
200,399
200,243
200,207
200,202
200,221
200,210
200,446
200,226
200,241
200,536
200,245
200,206
200,605
200,541
200,249
200,601
200,213
200,211
200,599
200,537
200,449
200,622
200,597
200,503
200,422
200,519
200,616
200,230
200,365
200,559
200,560
200,487
200,528
200,237
200,389
200,391
200,585
200,377
200,321
200,515
200,362
200,556
200,468
200,554
200,286
200,563
200,460
200,363
200,266
200,225
200,248
200,203
200,591
200,453
200,353
200,547
201,404
201,471
201,334
201,346
201,398
201,392
201,454
201,357
201,385
201,432
201,365
201,401
201,207
201,221
201,333
201,236
201,226
201,211
201,240
201,347
201,541
201,214
201,205
201,242
201,601
201,326
201,617
201,229
201,539
201,452
201,549
201,278
201,440
201,537
201,490
201,266
201,557
201,615
201,332
201,235
201,564
201,341
201,438
201,232
201,426
201,386
201,483
201,435
201,241
201,279
201,570
201,270
201,387
201,484
201,353
201,608
201,514
201,216
201,459
201,600
201,548
201,425
202,523
202,387
202,465
202,358
202,333
202,341
202,398
202,389
202,340
202,343
202,545
202,348
202,445
202,413
202,219
202,342
202,536
202,457
202,349
202,446
202,217
202,605
202,240
202,541
202,205
202,540
202,528
202,237
202,239
202,208
202,469
202,275
202,504
202,601
202,269
202,366
202,369
202,563
202,272
202,278
202,289
202,590
202,321
202,456
202,212
202,600
202,503
202,598
202,320
202,385
202,482
202,574
202,606
202,324
202,274
202,371
202,220
202,608
202,317
202,459
202,365
202,454
202,327
202,424
202,453
202,352
202,539
202,300
203,467
203,347
203,388
203,436
203,357
203,543
203,596
203,396
203,219
203,236
203,232
203,222
203,206
203,411
203,605
203,227
203,443
203,540
203,249
203,231
203,279
203,537
203,521
203,230
203,214
203,311
203,602
203,353
203,450
203,212
203,600
203,267
203,293
203,583
203,204
203,580
203,539
203,586
203,382
203,285
203,379
203,567
203,226
203,517
203,344
203,247
203,359
203,449
203,458
203,290
203,478
203,368
203,321
203,266
203,466
203,609
203,439
203,536
204,352
204,394
204,326
204,401
204,347
204,399
204,447
204,543
204,596
204,434
204,236
204,232
204,210
204,536
204,211
204,222
204,227
204,235
204,242
204,540
204,458
204,433
204,239
204,607
204,327
204,230
204,341
204,535
204,367
204,270
204,450
204,273
204,247
204,538
204,542
204,495
204,385
204,288
204,390
204,584
204,563
204,581
204,486
204,228
204,358
204,455
204,569
204,343
204,246
204,414
204,608
204,529
204,238
204,275
204,604
204,524
204,330
204,233
204,621
204,532
204,435
204,504
204,225
204,600
204,271
205,471
205,528
205,351
205,391
205,326
205,595
205,238
205,236
205,232
205,211
205,338
205,241
205,240
205,347
205,541
205,242
205,443
205,540
205,239
205,279
205,246
205,537
205,607
205,230
205,365
205,268
205,602
205,267
205,609
205,369
205,272
205,546
205,388
205,291
205,621
205,322
205,603
205,506
205,619
205,481
205,384
205,248
205,353
205,484
205,581
205,460
205,266
205,217
205,592
205,269
205,404
205,598
205,397
205,454
206,390
206,465
206,348
206,354
206,364
206,340
206,399
206,365
206,527
206,236
206,232
206,439
206,536
206,457
206,446
206,241
206,225
206,244
206,222
206,315
206,218
206,606
206,601
206,239
206,208
206,274
206,227
206,603
206,275
206,459
206,212
206,600
206,472
206,278
206,270
206,561
206,608
206,501
206,602
206,273
206,361
206,555
206,486
206,563
206,517
206,597
206,247
206,588
206,343
206,352
206,449
206,590
206,436
206,242
206,383
206,223
206,211
206,599
206,605
207,400
207,471
207,402
207,390
207,391
207,326
207,342
207,354
207,388
207,533
207,436
207,340
207,367
207,385
207,543
207,220
207,527
207,236
207,600
207,212
207,540
207,279
207,607
207,539
207,221
207,597
207,228
207,275
207,604
207,216
207,595
207,498
207,517
207,323
207,459
207,556
207,526
207,235
207,281
207,378
207,351
207,545
207,525
207,234
207,553
207,552
207,396
207,438
207,535
207,606
207,357
207,463
207,269
207,501
207,369
208,391
208,347
208,340
208,431
208,385
208,399
208,545
208,448
208,236
208,536
208,245
208,244
208,217
208,605
208,274
208,240
208,363
208,214
208,242
208,359
208,247
208,239
208,213
208,230
208,539
208,210
208,598
208,270
208,271
208,589
208,616
208,365
208,268
208,500
208,597
208,356
208,550
208,280
208,326
208,229
208,226
208,323
208,222
208,610
208,319
208,554
208,284
208,588
208,573
208,510
208,295
208,477
208,574
208,349
208,446
208,396
208,220
208,308
208,499
208,461
208,622
208,526
208,623
208,615
208,225
208,606
208,218
208,563
209,466
209,524
209,325
209,394
209,354
209,393
209,392
209,430
209,357
209,361
209,543
209,523
209,232
209,210
209,536
209,240
209,227
209,249
209,540
209,528
209,237
209,239
209,213
209,230
209,268
209,602
209,604
209,406
209,600
209,267
209,399
209,496
209,546
209,499
209,613
209,270
209,552
209,486
209,368
209,321
209,415
209,578
209,485
209,375
209,246
209,381
209,347
209,304
209,395
209,589
209,453
209,599
209,473
209,279
209,608
209,385
209,606
209,218
210,408
210,470
210,387
210,405
210,533
210,447
210,543
210,269
210,221
210,220
210,241
210,216
210,439
210,245
210,244
210,222
210,217
210,605
210,215
210,240
210,526
210,235
210,458
210,239
210,433
210,229
210,218
210,590
210,504
210,310
210,386
210,289
210,618
210,597
210,356
210,550
210,422
210,228
210,275
210,460
210,557
210,305
210,482
210,524
210,233
210,518
210,421
210,234
210,246
210,537
210,452
210,375
210,464
210,345
210,539
210,564
210,238
210,542
210,236
210,624
210,351
210,545
211,397
211,348
211,347
211,354
211,341
211,349
211,385
211,243
211,365
211,434
211,216
211,439
211,245
211,246
211,228
211,346
211,249
211,540
211,214
211,311
211,602
211,277
211,289
211,504
211,225
211,322
211,427
211,233
211,280
211,229
211,558
211,308
211,399
211,344
211,247
211,623
211,394
211,248
211,366
211,272
211,360
211,263
211,600
211,270
211,552
211,317
211,409
211,217
211,314
211,585
211,227
212,524
212,460
212,529
212,354
212,337
212,393
212,399
212,439
212,236
212,605
212,215
212,541
212,540
212,606
212,359
212,433
212,219
212,607
212,521
212,230
212,520
212,229
212,368
212,471
212,277
212,609
212,561
212,538
212,619
212,592
212,594
212,455
212,552
212,273
212,320
212,458
212,555
212,588
212,487
212,595
212,459
212,274
212,565
212,272
212,275
212,387
212,484
212,396
212,446
212,422
212,597
212,227
212,539
212,599
212,213
212,504
212,545
212,386
213,327
213,393
213,395
213,413
213,219
213,236
213,232
213,225
213,222
213,223
213,468
213,274
213,240
213,234
213,233
213,249
213,540
213,359
213,224
213,368
213,311
213,602
213,218
213,556
213,265
213,459
213,598
213,561
213,278
213,293
213,583
213,281
213,272
213,563
213,495
213,592
213,275
213,557
213,593
213,360
213,554
213,541
213,479
213,445
213,251
213,623
213,429
213,597
213,588
213,277
213,520
213,229
213,352
213,449
213,421
213,502
214,463
214,409
214,354
214,364
214,358
214,389
214,385
214,238
214,440
214,441
214,245
214,274
214,541
214,235
214,234
214,443
214,249
214,242
214,522
214,231
214,524
214,233
214,601
214,224
214,237
214,279
214,413
214,607
214,230
214,606
214,218
214,535
214,598
214,566
214,275
214,546
214,608
214,614
214,600
214,609
214,415
214,318
214,291
214,495
214,589
214,313
214,615
214,393
214,490
214,587
214,599
214,258
214,475
214,340
214,272
214,228
214,368
214,430
214,236
214,248
214,539
214,397
214,387
214,581
214,232
214,597
215,472
215,461
215,522
215,524
215,531
215,334
215,351
215,530
215,357
215,340
215,343
215,385
215,447
215,356
215,446
215,217
215,216
215,536
215,245
215,339
215,242
215,540
215,553
215,359
215,218
215,549
215,603
215,598
215,275
215,449
215,546
215,247
215,538
215,583
215,391
215,294
215,600
215,271
215,562
215,367
215,270
215,505
215,287
215,475
215,358
215,261
215,326
215,229
215,370
215,323
215,608
215,466
215,238
215,542
215,413
215,219
215,360
215,470
215,388
215,485
215,394
216,327
216,394
216,342
216,393
216,392
216,533
216,436
216,340
216,448
216,529
216,238
216,543
216,236
216,457
216,225
216,222
216,274
216,240
216,347
216,541
216,227
216,234
216,233
216,218
216,606
216,237
216,365
216,268
216,535
216,460
216,266
216,549
216,224
216,459
216,273
216,504
216,310
216,601
216,269
216,366
216,369
216,272
216,367
216,561
216,451
216,623
216,469
216,275
216,551
216,415
216,356
216,259
216,458
216,552
216,477
216,248
216,395
216,522
216,231
216,619
216,249
216,540
216,399
216,593
216,350
216,343
216,537
216,389
216,486
217,470
217,532
217,334
217,350
217,386
217,342
217,398
217,442
217,243
217,529
217,432
217,365
217,446
217,543
217,452
217,219
217,343
217,246
217,458
217,601
217,279
217,455
217,326
217,229
217,606
217,277
217,320
217,396
217,399
217,393
217,296
217,378
217,284
217,356
217,591
217,433
217,392
217,360
217,457
217,551
217,609
217,278
217,368
217,271
217,228
217,556
217,244
217,285
217,390
217,584
218,525
218,341
218,238
218,220
218,605
218,223
218,227
218,343
218,246
218,242
218,228
218,443
218,540
218,247
218,239
218,607
218,266
218,544
218,362
218,459
218,277
218,366
218,272
218,278
218,613
218,410
218,604
218,313
218,221
218,609
218,280
218,454
218,551
218,361
218,555
218,477
218,226
218,517
218,254
218,397
218,591
218,506
218,487
218,584
218,473
218,600
218,597
218,500
218,587
218,271
218,230
218,274
218,580
218,395
218,589
218,601
218,617
218,452
219,463
219,523
219,526
219,529
219,362
219,331
219,349
219,343
219,367
219,243
219,355
219,452
219,221
219,236
219,444
219,457
219,245
219,565
219,274
219,227
219,436
219,242
219,233
219,553
219,456
219,504
219,601
219,455
219,224
219,346
219,540
219,493
219,557
219,363
219,598
219,551
219,375
219,495
219,589
219,450
219,239
219,568
219,365
219,247
219,223
219,614
219,350
220,334
220,355
220,354
220,388
220,454
220,357
220,361
220,385
220,399
220,243
220,238
220,365
220,356
220,236
220,232
220,241
220,225
220,274
220,541
220,227
220,622
220,234
220,228
220,345
220,539
220,248
220,244
220,535
220,459
220,230
220,277
220,267
220,524
220,233
220,221
220,609
220,542
220,544
220,400
220,497
220,297
220,607
220,278
220,372
220,344
220,247
220,476
220,396
220,478
220,384
220,389
220,583
220,402
220,235
220,517
220,242
220,317
220,456
220,261
221,520
221,348
221,357
221,361
221,343
221,367
221,243
221,269
221,434
221,236
221,225
221,222
221,274
221,346
221,540
221,359
221,247
221,248
221,433
221,451
221,597
221,438
221,535
221,467
221,273
221,290
221,479
221,280
221,224
221,515
221,455
221,362
221,265
221,583
221,394
221,472
221,278
221,368
221,409
221,603
221,471
221,546
221,223
221,390
221,487
221,342
221,245
221,525
221,586
221,466
221,237
221,385
222,408
222,521
222,390
222,364
222,527
222,333
222,341
222,466
222,369
222,357
222,361
222,448
222,447
222,269
222,349
222,446
222,274
222,246
222,242
222,325
222,228
222,346
222,540
222,247
222,603
222,287
222,359
222,353
222,547
222,286
222,310
222,504
222,226
222,420
222,614
222,282
222,474
222,280
222,562
222,574
222,595
222,498
222,586
222,295
222,606
222,315
222,224
222,600
222,471
222,355
222,549
222,375
222,531
222,238
222,223
222,599
222,270
222,526
222,429
222,391
223,532
223,524
223,397
223,340
223,360
223,595
223,365
223,543
223,445
223,463
223,269
223,440
223,444
223,235
223,443
223,249
223,601
223,539
223,248
223,316
223,607
223,405
223,599
223,367
223,270
223,450
223,283
223,555
223,482
223,415
223,473
223,376
223,370
223,598
223,357
223,551
223,225
223,471
223,274
223,465
223,359
223,525
223,234
223,302
223,275
223,352
223,489
223,386
224,474
224,397
224,391
224,355
224,362
224,331
224,389
224,357
224,340
224,385
224,595
224,335
224,543
224,446
224,225
224,240
224,436
224,242
224,344
224,247
224,237
224,599
224,246
224,537
224,239
224,433
224,230
224,367
224,561
224,270
224,406
224,309
224,600
224,511
224,608
224,321
224,580
224,562
224,554
224,291
224,582
224,429
224,299
224,504
224,316
224,266
224,604
224,229
224,495
224,274
224,249
224,540
224,426
224,287
224,275
224,231
224,544
225,404
225,473
225,325
225,392
225,344
225,389
225,343
225,243
225,595
225,365
225,468
225,274
225,227
225,331
225,234
225,249
225,229
225,356
225,544
225,450
225,606
225,277
225,270
225,561
225,359
225,597
225,500
225,348
225,445
225,395
225,492
225,322
225,475
225,600
225,271
225,599
225,238
225,335
225,284
225,341
225,438
225,244
225,391
225,345
225,248
226,472
226,464
226,469
226,392
226,407
226,357
226,269
226,355
226,452
226,232
226,441
226,446
226,241
226,244
226,541
226,227
226,234
226,246
226,540
226,433
226,607
226,345
226,539
226,602
226,455
226,461
226,267
226,609
226,595
226,498
226,398
226,495
226,592
226,285
226,362
226,556
226,613
226,616
226,519
226,230
226,371
226,359
226,268
226,402
226,596
226,360
226,457
226,447
226,544
226,423
226,390
226,581
226,290
226,309
226,386
226,580
226,294
227,467
227,474
227,387
227,390
227,386
227,394
227,392
227,357
227,360
227,367
227,385
227,595
227,351
227,448
227,365
227,244
227,235
227,231
227,540
227,247
227,239
227,470
227,276
227,607
227,368
227,449
227,362
227,459
227,598
227,604
227,550
227,455
227,552
227,283
227,424
227,252
227,452
227,549
227,587
227,599
227,251
227,591
227,563
227,246
227,622
227,444
227,602
228,413
228,473
228,386
228,333
228,341
228,393
228,392
228,448
228,596
228,349
228,446
228,241
228,235
228,231
228,233
228,540
228,458
228,237
228,603
228,599
228,464
228,270
228,366
228,369
228,272
228,278
228,247
228,538
228,618
228,589
228,275
228,604
228,557
228,544
228,591
228,343
228,246
228,537
228,302
228,455
228,314
228,459
228,271
228,274
228,382
228,606
228,365
228,597
228,282
229,532
229,522
229,390
229,596
229,399
229,531
229,240
229,541
229,246
229,231
229,247
229,248
229,333
229,530
229,239
229,476
229,279
229,276
229,455
229,352
229,449
229,266
229,604
229,580
229,508
229,311
229,290
229,597
229,500
229,592
229,362
229,459
229,556
229,624
229,417
229,611
229,585
229,422
229,415
229,421
229,322
229,321
229,504
229,607
229,599
229,608
229,271
229,365
229,245
229,453
229,456
229,259
229,600
229,558
229,510
229,278
229,295
229,292
229,489
229,357
229,545
229,448
229,300
229,389
229,366
229,564
229,370
230,353
230,348
230,545
230,447
230,396
230,269
230,337
230,434
230,329
230,232
230,536
230,245
230,605
230,526
230,235
230,234
230,246
230,443
230,540
230,456
230,248
230,279
230,268
230,609
230,278
230,563
230,322
230,558
230,371
230,273
230,555
230,453
230,594
230,409
230,312
230,455
230,261
230,602
230,403
230,397
230,543
230,598
230,504
230,469
230,402
230,521
230,424
230,459
230,233
230,621
231,528
231,401
231,393
231,392
231,395
231,396
231,269
231,232
231,245
231,249
231,242
231,607
231,266
231,273
231,613
231,491
231,621
231,610
231,268
231,315
231,408
231,261
231,275
231,321
231,541
231,306
231,343
231,246
231,592
231,362
231,265
231,512
231,605
231,323
231,458
231,270
231,549
231,267
231,368
231,357
231,305
231,277
231,532
232,471
232,330
232,387
232,390
232,386
232,391
232,355
232,354
232,392
232,595
232,596
232,529
232,335
232,236
232,435
232,241
232,536
232,245
232,341
232,244
232,240
232,242
232,456
232,473
232,279
232,539
232,465
232,368
232,603
232,275
232,604
232,287
232,490
232,357
232,551
232,476
232,455
232,320
232,599
232,265
232,356
232,453
232,398
232,592
232,396
232,590
232,309
232,466
232,272
232,352
232,349
232,540
232,237
233,526
233,390
233,430
233,340
233,385
233,399
233,545
233,448
233,432
233,238
233,536
233,446
233,241
233,274
233,242
233,279
233,433
233,597
233,341
233,535
233,362
233,459
233,272
233,561
233,546
233,247
233,538
233,622
233,600
233,503
233,620
233,582
233,291
233,553
233,564
233,610
233,480
233,557
233,470
233,560
233,607
233,365
233,268
233,587
233,405
233,445
233,251
233,558
233,613
233,531
233,492
233,598
233,604
233,540
233,590
234,471
234,464
234,390
234,388
234,430
234,343
234,243
234,529
234,432
234,348
234,445
234,396
234,434
234,536
234,605
234,540
234,239
234,539
234,268
234,244
234,535
234,275
234,354
234,548
234,415
234,609
234,622
234,503
234,538
234,394
234,491
234,557
234,425
234,420
234,556
234,273
234,272
234,261
234,307
234,392
234,586
234,450
234,347
234,511
234,366
234,606
234,361
234,436
235,413
235,464
235,532
235,525
235,529
235,346
235,397
235,354
235,364
235,358
235,333
235,357
235,340
235,399
235,245
235,460
235,363
235,242
235,458
235,599
235,343
235,246
235,537
235,290
235,459
235,318
235,550
235,488
235,423
235,538
235,256
235,365
235,559
235,603
235,314
235,492
235,590
235,401
235,595
235,390
235,584
235,598
235,386
235,445
235,542
235,477
235,248
235,604
235,334
235,379
235,541
235,449
236,461
236,353
236,327
236,525
236,345
236,361
236,343
236,545
236,448
236,396
236,244
236,274
236,240
236,363
236,436
236,242
236,237
236,239
236,607
236,544
236,277
236,321
236,294
236,280
236,317
236,357
236,551
236,420
236,517
236,462
236,365
236,268
236,599
236,502
236,310
236,595
236,582
236,624
236,295
236,273
236,398
237,413
237,332
237,355
237,435
237,364
237,530
237,360
237,385
237,432
237,543
237,446
237,439
237,245
237,363
237,249
237,540
237,606
237,537
237,368
237,620
237,584
237,420
237,614
237,352
237,546
237,593
237,450
237,309
237,569
237,481
237,527
237,333
237,398
237,592
237,396
237,603
237,458
237,297
237,351
237,545
237,272
237,371
237,574
237,359
237,247
238,520
238,460
238,346
238,388
238,357
238,545
238,432
238,365
238,543
238,445
238,531
238,434
238,536
238,245
238,601
238,599
238,279
238,549
238,366
238,273
238,538
238,389
238,583
238,282
238,323
238,417
238,421
238,547
238,367
238,561
238,608
238,616
238,541
238,271
238,272
238,554
238,362
238,620
238,408
238,458
238,498
239,328
239,529
239,435
239,530
239,344
239,243
239,545
239,365
239,536
239,240
239,343
239,246
239,248
239,539
239,266
239,270
239,366
239,272
239,401
239,498
239,600
239,503
239,288
239,621
239,593
239,605
239,314
239,514
239,429
239,577
239,386
239,580
239,483
239,510
239,378
239,610
239,391
239,488
239,455
239,500
239,453
239,550
239,477
239,392
239,398
239,553
239,262
239,318
239,267
239,544
240,464
240,522
240,460
240,391
240,392
240,243
240,351
240,545
240,448
240,599
240,602
240,598
240,609
240,547
240,321
240,591
240,525
240,428
240,301
240,527
240,430
240,368
240,271
240,359
240,456
240,553
240,604
240,394
240,491
240,403
240,595
240,610
240,390
240,584
240,276
240,451
240,257
240,457
240,419
241,387
241,334
241,533
241,389
241,545
241,346
241,443
241,543
241,457
241,245
241,605
241,537
241,433
241,354
241,451
241,271
241,368
241,449
241,266
241,270
241,463
241,366
241,272
241,622
241,291
241,520
241,617
241,422
241,489
241,469
241,275
241,604
241,596
241,305
241,455
241,385
241,482
241,274
241,395
241,348
241,606
241,584
241,487
241,621
241,538
241,413
241,602
242,462
242,521
242,529
242,351
242,348
242,533
242,392
242,530
242,340
242,360
242,431
242,356
242,444
242,605
242,468
242,274
242,599
242,597
242,341
242,535
242,265
242,350
242,544
242,366
242,564
242,273
242,546
242,589
242,247
242,538
242,491
242,524
242,621
242,285
242,283
242,471
242,374
242,608
242,603
242,398
242,587
242,552
242,454
242,357
242,601
242,354
242,548
242,607
242,616
242,487
242,399
242,278
243,408
243,470
243,472
243,473
243,527
243,325
243,402
243,352
243,397
243,391
243,398
243,367
243,335
243,245
243,536
243,605
243,389
243,248
243,542
243,451
243,498
243,361
243,549
243,502
243,601
243,407
243,266
243,316
243,287
243,446
243,368
243,500
243,597
243,359
243,453
243,547
243,559
244,470
244,332
244,330
244,334
244,529
244,390
244,391
244,465
244,435
244,369
244,395
244,457
244,245
244,399
244,540
244,604
244,389
244,583
244,580
244,318
244,491
244,268
244,550
244,485
244,471
244,568
244,608
244,474
244,596
244,358
244,455
244,348
244,445
244,357
244,385
244,350
244,544
244,602
244,425
245,471
245,352
245,351
245,355
245,354
245,358
245,357
245,399
245,447
245,356
245,536
245,605
245,346
245,443
245,249
245,606
245,537
245,276
245,275
245,367
245,270
245,538
245,362
245,265
245,353
245,547
245,495
245,581
245,492
245,298
245,526
245,429
245,426
245,529
245,465
245,497
245,392
245,586
245,457
245,402
245,596
245,565
245,422
245,413
245,437
245,393
245,438
245,475
246,400
246,534
246,364
246,395
246,343
246,447
246,269
246,434
246,452
246,457
246,543
246,446
246,363
246,361
246,458
246,539
246,602
246,604
246,449
246,546
246,289
246,503
246,294
246,490
246,319
246,358
246,552
246,428
246,586
246,489
246,300
246,328
246,425
246,508
246,606
246,495
246,613
246,481
246,249
246,540
246,493
246,305
246,469
246,275
246,369
246,403
247,346
247,341
247,388
247,393
247,344
247,447
247,365
247,269
247,444
247,446
247,468
247,274
247,458
247,602
247,598
247,604
247,600
247,277
247,348
247,445
247,542
247,287
247,590
247,583
247,392
247,586
247,592
247,319
247,360
247,554
247,317
247,623
247,576
247,285
247,567
247,377
247,570
247,257
247,322
247,607
247,316
247,609
247,314
247,606
247,499
247,547
247,564
247,272
247,584
247,502
247,585
247,355
248,524
248,469
248,387
248,362
248,360
248,431
248,432
248,448
248,356
248,441
248,543
248,446
248,605
248,541
248,539
248,548
248,450
248,277
248,267
248,542
248,281
248,278
248,287
248,608
248,563
248,601
248,504
248,316
248,486
248,488
248,429
248,477
248,571
248,559
248,455
248,552
248,600
248,503
248,590
248,602
248,454
248,612
248,359
248,368
248,328
248,619
248,346
248,249
249,520
249,523
249,325
249,387
249,401
249,361
249,360
249,385
249,399
249,543
249,596
249,335
249,346
249,540
249,279
249,276
249,275
249,270
249,354
249,548
249,277
249,609
249,542
249,278
249,503
249,266
249,557
249,525
249,622
249,343
249,292
249,536
249,505
249,398
249,495
249,477
249,623
249,297
249,490
249,255
249,544
249,265
249,556
249,268
249,272
249,448
250,329
250,324
250,493
250,501
250,269
250,551
250,316
250,514
250,419
250,574
250,252
250,300
250,257
250,585
250,256
250,303
250,261
250,475
250,505
250,297
250,485
250,415
250,330
250,424
250,490
250,482
250,523
250,260
250,289
251,604
251,281
251,278
251,492
251,602
251,320
251,505
251,489
251,506
251,272
251,507
251,300
251,262
251,302
251,512
251,495
251,493
251,274
251,321
251,464
251,261
251,613
251,438
252,412
252,279
252,548
252,504
252,491
252,616
252,312
252,488
252,613
252,519
252,371
252,485
252,297
252,510
252,383
252,259
252,306
252,319
252,507
252,484
252,254
252,572
252,509
252,255
252,599
252,505
252,263
252,314
252,483
252,614
252,379
253,317
253,509
253,506
253,264
253,381
253,301
253,605
253,370
253,512
253,591
253,262
253,314
253,507
253,306
253,352
253,493
253,382
253,296
253,303
253,513
254,548
254,608
254,286
254,318
254,309
254,573
254,475
254,260
254,513
254,297
254,257
254,306
254,300
254,491
254,585
254,303
254,258
254,519
254,263
254,312
254,384
254,371
254,512
254,264
255,349
255,618
255,563
255,621
255,554
255,550
255,315
255,519
255,427
255,515
255,376
255,493
255,258
255,512
255,510
255,424
255,588
255,259
255,350
255,495
256,409
256,622
256,613
256,594
256,580
256,486
256,518
256,264
256,495
256,307
256,510
256,257
256,303
256,498
256,263
256,297
256,475
256,577
256,419
256,258
256,300
256,514
257,520
257,541
257,621
257,322
257,493
257,320
257,562
257,455
257,314
257,517
257,488
257,377
257,289
257,571
257,507
257,310
257,263
257,620
257,302
257,261
257,307
257,476
258,525
258,270
258,542
258,580
258,320
258,501
258,591
258,588
258,623
258,482
258,420
258,260
258,507
258,513
258,499
258,264
258,484
258,424
258,511
258,303
258,559
258,512
258,496
258,316
258,510
258,570
258,301
258,298
258,374
258,299
258,479
259,563
259,314
259,554
259,504
259,316
259,508
259,513
259,483
259,376
259,300
259,606
259,512
259,544
259,262
259,313
259,284
259,416
259,312
259,301
259,589
259,621
259,616
259,492
260,356
260,497
260,324
260,514
260,611
260,475
260,427
260,515
260,366
260,319
260,507
260,584
260,302
260,301
260,548
260,501
260,316
260,493
260,552
260,261
260,505
260,386
260,483
260,547
261,323
261,514
261,426
261,424
261,480
261,308
261,581
261,299
261,263
261,597
261,298
261,578
261,502
261,314
261,262
261,338
262,525
262,396
262,537
262,548
262,547
262,492
262,315
262,501
262,479
262,600
262,506
262,518
262,416
262,372
262,303
262,263
262,496
262,308
262,587
262,512
262,306
262,561
262,264
262,515
262,613
262,301
263,321
263,495
263,621
263,314
263,517
263,510
263,427
263,559
263,582
263,505
264,606
264,598
264,538
264,500
264,323
264,416
264,610
264,519
264,422
264,487
264,579
264,485
264,320
264,555
264,508
264,612
264,518
264,330
264,427
264,380
264,503
264,309
264,553
264,552
264,313
264,429
264,493
264,426
265,330
265,465
265,355
265,347
265,545
265,350
265,447
265,363
265,279
265,276
265,603
265,275
265,548
265,450
265,619
265,321
265,586
265,385
265,288
265,617
265,604
265,313
265,324
265,559
265,366
265,319
265,554
265,325
265,422
265,428
265,508
265,301
265,349
265,446
265,443
265,406
265,600
265,503
265,568
265,380
265,267
265,523
265,432
265,335
265,521
265,424
265,494
265,588
265,333
265,624
265,342
265,536
266,342
266,331
266,333
266,279
266,276
266,539
266,368
266,597
266,275
266,609
266,561
266,497
266,586
266,600
266,503
266,614
266,499
266,550
266,319
266,268
266,559
266,357
266,551
266,582
266,488
266,301
266,443
266,540
266,338
266,520
266,326
266,606
266,589
266,393
266,588
266,556
266,507
266,366
266,460
266,278
266,496
266,599
266,533
266,598
266,602
267,351
267,394
267,342
267,348
267,393
267,407
267,446
267,268
267,368
267,341
267,535
267,549
267,366
267,546
267,538
267,288
267,391
267,294
267,524
267,621
267,554
267,362
267,459
267,556
267,415
267,375
267,312
267,597
267,397
267,272
267,305
267,599
267,283
267,380
267,433
267,550
267,606
267,315
267,532
267,522
267,612
267,598
267,595
267,510
267,314
268,466
268,336
268,347
268,357
268,356
268,543
268,396
268,269
268,536
268,360
268,457
268,605
268,606
268,359
268,456
268,279
268,276
268,607
268,602
268,275
268,367
268,270
268,542
268,594
268,587
268,364
268,558
268,425
268,489
268,535
268,277
268,462
268,559
268,310
268,491
268,278
268,617
268,600
268,368
268,271
268,318
268,468
268,274
268,555
268,298
268,482
268,539
268,540
268,293
268,362
269,463
269,528
269,325
269,390
269,386
269,393
269,392
269,369
269,527
269,430
269,395
269,361
269,448
269,596
269,446
269,456
269,368
269,535
269,603
269,387
269,581
269,290
269,356
269,453
269,500
269,363
269,557
269,469
269,566
269,397
269,591
269,399
269,302
269,381
269,294
269,315
269,324
269,279
269,600
269,605
270,525
270,348
270,454
270,438
270,344
270,335
270,360
270,457
270,349
270,446
270,605
270,359
270,440
270,537
270,607
270,453
270,609
270,466
270,272
270,399
270,593
270,425
270,381
270,299
270,346
270,416
270,608
270,317
270,303
270,597
270,580
270,298
270,277
270,362
270,459
270,439
270,490
270,588
271,525
271,362
271,361
271,545
271,440
271,599
271,368
271,535
271,355
271,549
271,275
271,609
271,281
271,278
271,546
271,595
271,498
271,618
271,613
271,410
271,313
271,590
271,493
271,552
271,611
271,560
271,573
271,592
271,301
271,421
271,374
271,315
271,325
271,422
271,554
271,272
271,377
271,279
271,597
271,389
271,614
271,588
271,591
272,467
272,466
272,362
272,545
272,359
272,458
272,279
272,537
272,607
272,597
272,366
272,580
272,612
272,552
272,278
272,569
272,586
272,489
272,296
272,480
272,602
272,590
272,299
272,399
272,593
272,435
272,482
272,274
272,357
272,551
272,609
272,340
272,481
272,588
272,433
272,356
272,608
272,317
272,539
273,360
273,385
273,541
273,443
273,540
273,368
273,535
273,348
273,542
273,278
273,608
273,286
273,620
273,386
273,580
273,310
273,557
273,594
273,314
273,609
273,415
273,384
273,563
273,525
273,550
273,604
273,583
273,292
273,574
273,475
273,387
273,548
273,324
273,398
273,493
273,455
273,552
273,566
273,476
273,429
273,357
274,520
274,460
274,529
274,389
274,395
274,357
274,340
274,595
274,543
274,360
274,457
274,599
274,343
274,440
274,537
274,539
274,597
274,535
274,549
274,471
274,277
274,546
274,287
274,619
274,553
274,465
274,368
274,562
274,420
274,297
274,542
274,527
274,430
274,524
274,369
274,563
274,516
274,417
274,414
274,510
274,505
274,362
274,556
274,390
274,361
274,365
275,474
275,521
275,529
275,392
275,530
275,344
275,448
275,356
275,605
275,606
275,544
275,548
275,366
275,445
275,542
275,546
275,502
275,290
275,624
275,585
275,517
275,385
275,482
275,475
275,609
275,512
275,368
275,312
275,485
275,389
275,436
275,343
275,537
275,551
275,328
275,425
275,575
275,361
275,434
275,309
275,535
275,360
275,604
275,513
275,347
276,532
276,522
276,523
276,469
276,355
276,369
276,438
276,357
276,367
276,385
276,539
276,447
276,544
276,609
276,608
276,586
276,504
276,310
276,593
276,496
276,491
276,411
276,314
276,316
276,517
276,600
276,503
276,315
276,558
276,617
276,472
276,363
276,598
276,545
276,294
276,541
276,476
276,337
276,443
276,396
276,299
277,340
277,360
277,399
277,595
277,596
277,541
277,279
277,537
277,607
277,602
277,535
277,598
277,590
277,293
277,310
277,368
277,562
277,461
277,558
277,519
277,506
277,429
277,614
277,379
277,308
277,346
277,539
277,608
277,549
277,563
277,278
277,356
277,394
277,588
277,605
277,367
278,525
278,331
278,388
278,530
278,389
278,385
278,399
278,536
278,458
278,279
278,598
278,604
278,546
278,602
278,311
278,503
278,500
278,494
278,592
278,332
278,623
278,285
278,362
278,459
278,556
278,585
278,316
278,487
278,508
278,563
278,348
278,542
278,612
278,418
278,374
278,558
278,462
278,559
278,609
278,606
278,578
278,540
278,396
278,590
278,539
278,477
278,450
278,601
278,310
278,451
278,548
278,573
278,441
278,561
278,554
278,537
279,531
279,342
279,388
279,392
279,357
279,396
279,606
279,599
279,537
279,607
279,449
279,544
279,453
279,608
279,538
279,318
279,324
279,603
279,312
279,417
279,570
279,563
279,540
279,524
279,568
279,521
279,408
279,543
279,446
279,335
279,366
279,386
279,462
279,567
279,353
279,547
279,617
279,549
280,462
280,348
280,407
280,431
280,455
280,449
280,558
280,482
280,426
280,481
280,421
280,475
280,594
280,554
280,369
280,441
280,535
280,390
280,570
280,499
280,593
280,350
281,468
281,472
281,289
281,386
281,435
281,340
281,353
281,447
281,350
281,444
281,466
281,563
281,285
281,438
281,579
281,419
281,495
281,452
281,593
281,392
281,395
281,417
281,283
281,459
281,416
281,349
281,555
281,508
282,400
282,386
282,347
282,401
282,448
282,362
282,456
282,459
282,576
282,623
282,569
282,502
282,314
282,462
282,618
282,288
282,348
282,411
282,419
283,463
283,349
283,458
283,609
283,563
283,313
283,581
283,357
283,551
283,487
283,574
283,416
283,378
283,284
283,623
283,419
283,577
283,295
283,573
283,418
283,374
283,536
283,385
283,288
283,482
284,451
284,559
284,285
284,552
284,574
284,296
284,416
284,572
284,553
284,506
284,596
284,302
284,575
284,311
285,410
285,346
285,389
285,359
285,339
285,433
285,561
285,291
285,612
285,567
285,601
285,507
285,452
285,414
285,290
285,572
285,582
285,562
285,294
285,600
285,455
285,362
285,425
285,288
286,393
286,440
286,355
286,496
286,573
286,418
286,288
286,382
286,373
286,294
286,482
286,447
286,290
286,595
286,359
287,473
287,393
287,349
287,361
287,385
287,540
287,451
287,289
287,449
287,590
287,319
287,414
287,555
287,471
287,612
287,377
287,457
287,574
287,559
287,536
287,288
287,535
287,341
287,344
288,350
288,438
288,436
288,539
288,408
288,311
288,440
288,537
288,584
288,291
288,600
288,553
288,592
288,562
288,422
288,305
288,510
288,455
288,581
288,433
288,292
288,342
289,405
289,392
289,441
289,600
289,290
289,529
289,294
289,491
289,601
289,554
289,577
289,574
289,308
289,307
289,455
289,432
290,460
290,336
290,436
290,437
290,444
290,600
290,601
290,366
290,556
290,482
290,425
290,291
290,573
290,489
290,604
290,551
290,605
290,462
290,477
290,567
290,435
290,593
290,595
290,421
291,531
291,596
291,540
291,292
291,592
291,550
291,400
291,588
291,514
291,416
291,562
291,440
291,583
291,464
291,566
291,378
291,436
291,295
292,468
292,406
292,364
292,396
292,459
292,561
292,354
292,451
292,310
292,498
292,311
292,557
292,599
292,552
292,317
292,574
292,377
292,563
292,569
292,375
292,297
292,535
292,482
292,570
292,432
292,582
292,423
292,500
292,594
292,475
292,564
292,517
293,408
293,409
293,367
293,390
293,437
293,541
293,557
293,452
293,593
293,581
293,410
293,507
293,380
293,559
293,315
293,385
293,384
293,493
293,415
293,357
293,535
293,449
293,379
294,431
294,458
294,607
294,449
294,542
294,553
294,579
294,485
294,374
294,376
294,493
294,398
294,341
294,488
294,569
294,475
294,451
294,342
294,578
295,399
295,432
295,538
295,504
295,613
295,624
295,312
295,422
295,509
295,552
295,505
295,508
295,384
295,481
295,301
295,513
295,598
295,307
295,306
295,323
295,423
295,488
295,300
295,480
295,313
295,518
295,499
295,305
295,618
296,385
296,598
296,563
296,482
296,514
296,420
296,476
296,419
296,574
296,379
296,300
296,499
296,519
296,378
296,548
296,485
296,559
296,512
296,489
296,301
296,506
296,484
296,333
297,366
297,590
297,490
297,516
297,322
297,562
297,552
297,305
297,483
297,511
297,418
297,298
297,300
297,502
297,543
297,314
297,563
297,485
297,513
297,507
297,611
297,517
297,615
297,427
298,348
298,622
298,514
298,422
298,509
298,490
298,302
298,379
298,304
298,303
298,299
298,485
298,315
298,477
298,598
298,587
298,589
298,505
298,486
298,418
298,512
298,480
298,319
299,333
299,586
299,363
299,316
299,514
299,578
299,479
299,519
299,485
299,489
299,515
299,510
299,300
299,303
299,507
299,612
299,542
299,516
299,315
299,317
299,440
299,623
300,553
300,559
300,557
300,556
300,315
300,312
300,420
300,426
300,488
300,378
300,306
300,303
300,537
300,370
300,617
300,308
300,416
300,521
300,424
300,494
300,512
300,476
300,395
300,492
301,334
301,360
301,399
301,545
301,596
301,396
301,455
301,547
301,310
301,614
301,500
301,589
301,623
301,585
301,417
301,426
301,318
301,415
301,507
301,322
301,419
301,372
301,483
301,501
301,541
301,615
301,427
301,515
301,478
301,333
301,317
301,428
302,385
302,310
302,399
302,496
302,614
302,613
302,490
302,562
302,556
302,585
302,422
302,487
302,489
302,484
302,373
302,376
302,303
302,307
302,486
302,505
302,518
302,483
302,381
302,306
302,304
302,590
302,428
303,471
303,605
303,614
303,324
303,612
303,554
303,506
303,312
303,512
303,415
303,479
303,516
303,428
303,381
303,308
303,306
303,304
303,485
303,582
303,507
303,547
303,307
303,487
303,511
303,623
303,399
303,519
304,533
304,365
304,549
304,366
304,547
304,487
304,309
304,371
304,562
304,421
304,515
304,419
304,613
304,378
304,491
304,568
304,548
304,313
304,501
304,318
304,610
304,422
305,345
305,448
305,540
305,590
305,564
305,611
305,316
305,415
305,585
305,488
305,519
305,505
305,511
305,373
305,508
305,377
305,558
305,546
305,385
305,482
305,423
305,388
305,622
305,618
305,475
305,516
305,494
305,323
305,313
306,403
306,385
306,495
306,618
306,589
306,612
306,415
306,485
306,377
306,371
306,581
306,484
306,615
306,380
306,417
306,370
306,553
306,614
306,420
306,381
306,478
306,322
306,510
306,475
306,476
306,570
307,542
307,620
307,594
307,552
307,482
307,519
307,429
307,615
307,421
307,518
307,516
307,322
307,607
307,510
307,374
307,483
307,492
307,428
307,564
307,611
307,479
307,309
307,487
307,624
307,578
307,481
308,546
308,396
308,590
308,584
308,558
308,420
308,485
308,506
308,507
308,484
308,423
308,477
308,386
308,374
308,593
308,372
308,499
308,510
308,621
308,427
308,426
308,379
308,377
308,421
309,521
309,385
309,597
309,544
309,561
309,546
309,589
309,490
309,319
309,594
309,317
309,582
309,514
309,519
309,508
309,576
309,371
309,484
309,427
309,380
309,321
309,498
309,622
309,509
309,362
309,426
309,311
309,505
309,465
309,501
310,522
310,329
310,339
310,350
310,395
310,444
310,540
310,584
310,553
310,550
310,497
310,594
310,623
310,614
310,323
310,581
310,320
310,417
310,606
310,509
310,419
310,475
310,418
310,513
310,451
310,621
310,377
310,385
310,585
310,503
310,455
310,555
311,470
311,471
311,328
311,361
311,452
311,539
311,368
311,561
311,608
311,515
311,321
311,498
311,615
311,324
311,314
311,513
311,610
311,606
311,315
311,611
311,598
311,501
311,312
311,506
311,618
311,424
311,589
311,621
311,574
311,542
311,614
312,532
312,398
312,335
312,547
312,498
312,500
312,499
312,427
312,621
312,612
312,315
312,585
312,497
312,581
312,615
312,422
312,337
312,501
312,613
312,492
312,494
312,622
312,428
313,528
313,541
313,547
313,497
313,318
313,490
313,613
313,322
313,610
313,624
313,317
313,611
313,615
313,314
313,508
313,475
313,427
313,499
313,498
313,483
313,392
313,315
313,505
313,585
313,491
313,390
313,559
313,492
313,607
313,557
313,603
313,623
313,504
313,542
313,616
314,531
314,440
314,368
314,620
314,498
314,499
314,494
314,553
314,610
314,315
314,317
314,551
314,415
314,419
314,410
314,555
314,467
314,623
314,538
314,621
314,345
314,519
314,377
315,335
315,444
315,538
315,620
315,500
315,499
315,324
315,593
315,517
315,519
315,427
315,510
315,513
315,487
315,618
315,424
315,611
315,476
315,557
315,624
315,492
315,622
315,617
315,437
315,608
315,511
315,322
315,516
315,489
315,498
316,528
316,446
316,497
316,589
316,492
316,324
316,615
316,479
316,519
316,505
316,481
316,381
316,378
316,441
316,611
316,490
316,424
316,511
316,321
316,612
316,507
316,319
316,416
316,499
316,614
316,323
316,419
317,529
317,540
317,459
317,548
317,546
317,497
317,619
317,614
317,320
317,581
317,477
317,485
317,418
317,592
317,511
317,369
317,563
317,507
317,446
317,339
317,491
317,324
317,518
317,621
317,392
318,394
318,348
318,362
318,596
318,335
318,363
318,368
318,549
318,548
318,366
318,547
318,619
318,502
318,500
318,490
318,613
318,322
318,497
318,594
318,623
318,415
318,507
318,501
318,514
318,422
318,519
318,616
318,517
318,323
318,329
318,593
318,341
318,448
318,553
319,346
319,435
319,535
319,352
319,546
319,614
319,617
319,322
319,360
319,554
319,611
319,477
319,391
319,585
319,482
319,422
319,428
319,416
319,513
319,484
319,378
319,492
319,480
319,557
319,563
319,503
319,424
319,421
319,415
319,551
319,553
319,459
319,321
319,515
319,370
319,389
320,525
320,339
320,337
320,530
320,343
320,540
320,321
320,580
320,495
320,499
320,324
320,490
320,322
320,610
320,487
320,488
320,485
320,382
320,480
320,504
320,323
320,420
320,620
320,590
320,482
320,338
320,417
320,618
320,492
320,357
320,378
320,616
320,397
320,503
321,338
321,330
321,436
321,335
321,536
321,363
321,359
321,608
321,622
321,495
321,589
321,510
321,517
321,423
321,366
321,616
321,493
321,550
321,502
321,370
321,548
321,535
321,499
321,498
322,387
322,351
322,446
322,544
322,406
322,600
322,561
322,608
322,497
322,331
322,622
322,393
322,490
322,492
322,564
322,624
322,575
322,597
322,590
322,493
322,427
322,519
322,515
322,614
322,323
322,504
322,559
322,394
322,499
322,328
323,462
323,338
323,329
323,600
323,441
323,538
323,496
323,584
323,500
323,324
323,611
323,558
323,556
323,415
323,612
323,515
323,374
323,603
323,506
323,499
323,366
323,619
323,425
323,519
323,504
323,391
323,424
323,583
323,623
323,482
324,471
324,527
324,446
324,549
324,619
324,502
324,580
324,495
324,524
324,621
324,557
324,610
324,582
324,487
324,515
324,384
324,503
324,499
324,491
324,497
324,500
324,541
324,554
324,335
324,618
324,498
324,605
325,462
325,520
325,329
325,386
325,333
325,448
325,540
325,584
325,545
325,453
325,525
325,548
325,326
326,474
326,528
326,524
326,330
326,533
326,339
326,390
326,364
326,337
326,448
326,604
326,600
326,498
326,613
326,563
326,610
326,618
326,477
326,527
326,333
326,615
326,515
326,405
326,497
326,443
326,389
326,332
326,614
326,523
327,524
327,338
327,529
327,397
327,523
327,335
327,597
327,561
327,533
327,425
327,542
327,355
327,337
327,619
327,522
327,334
328,332
328,334
328,352
328,531
328,390
328,362
328,597
328,530
328,529
328,623
328,523
328,335
328,411
328,563
328,517
328,537
328,472
328,600
329,338
329,534
329,336
329,333
329,614
329,543
329,566
329,424
329,395
329,366
329,619
329,616
329,503
330,474
330,521
330,414
330,525
330,337
330,530
330,361
330,347
330,488
330,368
330,608
330,332
330,355
331,353
331,521
331,531
331,522
331,334
331,339
331,337
331,540
331,537
331,546
331,583
331,462
331,556
331,601
331,610
331,534
331,345
331,361
331,530
332,532
332,523
332,339
332,336
332,533
332,357
332,399
332,595
332,560
332,528
332,530
332,519
332,500
332,534
332,334
332,608
333,472
333,466
333,464
333,527
333,534
333,525
333,533
333,337
333,385
333,335
333,546
333,612
333,515
333,557
333,334
333,523
333,510
333,336
333,530
333,586
333,606
334,474
334,463
334,471
334,527
334,339
334,391
334,393
334,531
334,343
334,545
334,540
334,619
334,442
334,341
334,342
334,336
334,477
334,362
334,503
334,513
335,528
335,525
335,339
335,336
335,398
335,445
335,541
335,614
335,522
335,362
335,409
335,337
335,473
335,600
335,387
335,368
335,510
336,472
336,532
336,528
336,387
336,338
336,526
336,533
336,529
336,388
336,494
336,520
336,524
336,525
336,587
336,539
336,394
336,582
336,342
337,338
337,525
337,533
337,543
337,474
337,612
337,547
337,613
337,397
337,523
337,598
338,522
338,397
338,435
338,369
338,595
338,365
338,483
338,611
338,351
338,622
338,464
338,524
338,534
339,400
339,354
339,369
339,535
339,596
339,549
339,608
339,524
339,564
339,525
339,512
339,534
340,471
340,409
340,342
340,436
340,345
340,344
340,614
340,567
340,462
340,465
340,368
340,509
340,468
340,460
340,366
340,451
340,347
340,618
340,455
340,531
340,386
340,433
340,355
340,543
340,449
341,400
341,346
341,397
341,386
341,451
341,354
341,398
341,441
341,344
341,360
341,543
341,434
341,619
341,462
341,365
341,361
341,455
341,410
341,406
341,399
341,587
341,432
341,529
341,342
341,414
341,430
342,472
342,464
342,520
342,524
342,469
342,351
342,495
342,398
342,344
342,446
342,548
342,354
342,407
342,504
342,582
342,562
342,515
342,572
342,387
342,454
342,595
342,406
342,361
342,409
342,550
342,536
342,425
343,403
343,523
343,529
343,465
343,388
343,438
343,464
343,367
343,385
343,444
343,549
343,362
343,459
343,361
343,458
343,552
343,381
343,530
343,433
343,563
343,441
343,540
343,396
343,360
343,461
343,536
343,407
344,462
344,474
344,472
344,527
344,460
344,402
344,350
344,595
344,385
344,432
344,443
344,351
344,448
344,453
344,356
344,437
344,433
344,367
344,561
344,359
344,456
344,503
344,500
344,486
344,517
344,369
344,469
344,434
344,446
344,421
344,602
344,438
344,347
344,470
344,361
345,524
345,409
345,390
345,354
345,438
345,385
345,606
345,458
345,607
345,588
345,463
345,416
345,530
345,483
345,408
345,361
345,446
345,366
345,445
345,379
345,356
345,474
345,472
345,406
345,600
346,404
346,400
346,474
346,473
346,353
346,469
346,409
346,362
346,364
346,369
346,357
346,385
346,448
346,365
346,440
346,395
346,536
346,464
346,367
346,561
346,386
346,580
346,586
346,397
346,494
346,555
346,471
346,552
346,457
346,456
346,350
346,538
346,405
346,396
346,444
347,544
347,447
347,445
347,411
347,605
347,546
347,449
347,461
347,602
347,387
347,470
347,564
347,463
347,557
347,446
347,397
347,391
347,435
347,433
347,430
347,389
347,404
347,393
348,463
348,529
348,402
348,409
348,386
348,393
348,389
348,407
348,360
348,443
348,452
348,355
348,449
348,547
348,450
348,542
348,456
348,359
348,365
348,533
348,439
348,473
348,361
348,458
348,383
348,465
348,535
348,394
348,472
349,400
349,409
349,430
349,385
349,448
349,465
349,606
349,402
349,355
349,496
349,560
349,437
349,578
349,469
349,443
349,406
349,426
349,476
349,540
349,433
349,455
350,403
350,467
350,472
350,413
350,460
350,351
350,465
350,402
350,355
350,447
350,437
350,405
350,358
350,593
350,487
350,469
350,623
350,537
350,432
350,607
350,454
350,352
350,446
350,540
350,394
351,413
351,468
351,470
351,472
351,469
351,460
351,387
351,402
351,390
351,448
351,434
351,606
351,359
351,609
351,580
351,503
351,563
351,540
351,493
351,393
351,587
351,380
351,572
351,430
351,530
351,368
351,447
351,395
351,463
351,543
351,449
351,361
351,461
351,432
351,367
352,403
352,405
352,390
352,386
352,388
352,395
352,357
352,432
352,363
352,408
352,602
352,368
352,603
352,600
352,421
352,366
352,554
352,437
352,561
352,605
352,543
352,549
352,385
352,453
352,476
352,436
353,355
353,398
353,392
353,459
353,579
353,469
353,554
353,366
353,569
353,389
353,461
353,400
353,541
353,470
353,386
353,433
353,410
353,435
354,467
354,473
354,471
354,522
354,469
354,531
354,390
354,364
354,388
354,385
354,457
354,606
354,456
354,602
354,453
354,607
354,513
354,392
354,439
354,530
354,389
354,535
354,540
354,361
354,502
354,538
354,357
354,447
354,541
354,590
354,449
355,462
355,474
355,531
355,461
355,364
355,530
355,430
355,389
355,385
355,595
355,356
355,396
355,443
355,540
355,606
355,599
355,557
355,556
355,476
355,421
355,605
355,370
355,602
355,439
355,404
355,598
355,386
355,541
355,359
355,561
355,597
356,461
356,387
356,529
356,394
356,358
356,392
356,430
356,389
356,399
356,541
356,606
356,535
356,620
356,617
356,525
356,428
356,564
356,517
356,376
356,604
356,495
356,589
356,454
356,536
356,497
356,596
356,449
356,361
356,608
356,418
356,367
356,359
356,456
356,365
356,468
357,524
357,454
357,361
357,360
357,447
357,396
357,452
357,359
357,537
357,455
357,607
357,602
357,453
357,499
357,368
357,562
357,459
357,556
357,533
357,595
357,508
357,469
357,608
357,535
357,391
357,606
357,558
357,609
358,520
358,524
358,525
358,386
358,364
358,398
358,369
358,530
358,436
358,464
358,367
358,545
358,609
358,596
358,502
358,501
358,477
358,465
358,606
358,418
358,491
358,585
358,385
358,526
358,619
358,372
358,581
359,520
359,527
359,390
359,395
359,360
359,385
359,447
359,614
359,539
359,534
359,437
359,464
359,367
359,538
359,397
359,494
359,566
359,595
359,547
359,491
360,413
360,470
360,387
360,392
360,447
360,434
360,444
360,598
360,450
360,389
360,583
360,563
360,492
360,562
360,376
360,454
360,471
360,469
360,462
360,538
360,605
360,608
360,511
360,539
360,463
360,555
360,614
360,476
360,429
361,467
361,470
361,410
361,362
361,388
361,389
361,447
361,452
361,457
361,407
361,601
361,409
361,603
361,598
361,450
361,561
361,586
361,581
361,615
361,517
361,519
361,515
361,580
361,483
361,451
361,448
361,378
361,525
361,510
361,469
361,600
361,366
361,425
361,405
361,502
361,443
361,540
361,402
361,590
362,403
362,469
362,526
362,398
362,545
362,402
362,596
362,363
362,598
362,405
362,502
362,496
362,582
362,584
362,487
362,540
362,529
362,406
362,466
362,536
362,550
362,456
362,538
362,394
362,537
363,473
363,595
363,597
363,447
363,544
363,549
363,603
363,583
363,586
363,445
363,542
363,495
363,618
363,466
363,563
363,591
363,459
363,556
363,612
363,490
363,596
363,623
363,427
363,380
363,547
363,390
363,546
363,582
363,511
363,474
363,377
364,464
364,521
364,584
364,390
364,398
364,399
364,536
364,444
364,465
364,606
364,500
364,369
364,557
364,556
364,546
364,393
364,535
364,507
364,530
364,433
364,388
364,545
364,598
364,376
365,471
365,454
365,393
365,436
365,543
365,606
365,368
365,603
365,546
365,580
365,584
365,459
365,556
365,558
365,585
365,578
365,475
365,478
365,453
365,399
365,496
365,535
365,366
365,377
365,396
365,589
365,451
366,464
366,522
366,388
366,545
366,448
366,444
366,605
366,548
366,600
366,497
366,618
366,596
366,499
366,377
366,429
366,510
366,450
366,546
366,442
366,563
366,432
366,372
366,422
366,604
366,387
366,484
366,575
366,465
366,588
366,454
366,453
366,609
366,393
366,493
366,399
366,380
367,461
367,522
367,520
367,527
367,525
367,399
367,444
367,446
367,605
367,602
367,393
367,587
367,427
367,416
367,500
367,456
367,499
367,586
367,448
367,540
367,595
367,556
367,398
367,404
367,598
367,369
367,450
367,391
367,535
367,534
368,520
368,525
368,391
368,533
368,530
368,395
368,598
368,561
368,563
368,550
368,582
368,486
368,422
368,603
368,506
368,551
368,539
368,602
368,403
368,549
368,541
368,516
368,393
368,493
368,465
368,562
368,609
368,600
369,473
369,522
369,469
369,390
369,435
369,595
369,540
369,597
369,561
369,580
369,594
369,585
369,377
369,415
369,609
369,620
369,397
369,438
369,393
369,437
369,603
369,581
369,592
369,526
370,545
370,536
370,451
370,453
370,499
370,491
370,616
370,587
370,554
370,482
370,584
370,487
370,488
370,428
370,382
370,576
370,572
370,475
370,372
370,565
370,371
370,418
370,429
370,478
370,384
370,376
370,423
370,494
370,373
370,476
370,421
370,514
370,586
370,398
370,483
370,498
370,456
370,427
371,535
371,580
371,622
371,494
371,589
371,560
371,555
371,476
371,415
371,565
371,488
371,586
371,489
371,421
371,377
371,375
371,376
371,423
371,420
371,416
371,484
371,384
371,443
371,486
371,623
371,429
371,460
371,603
371,582
371,485
371,503
372,541
372,426
372,565
372,419
372,576
372,484
372,510
372,423
372,558
372,546
372,515
372,381
372,422
372,375
372,481
372,483
373,536
373,614
373,488
373,377
373,416
373,516
373,476
373,570
373,374
373,381
373,378
373,417
373,509
373,500
373,392
373,439
373,576
373,553
373,484
373,427
374,461
374,456
374,601
374,502
374,552
374,578
374,556
374,509
374,577
374,572
374,384
374,496
374,377
374,424
374,419
374,576
374,383
374,434
374,432
374,573
374,426
375,446
375,604
375,495
375,553
375,559
375,557
375,554
375,624
375,486
375,481
375,376
375,567
375,500
375,484
375,581
375,476
375,438
375,594
375,383
375,378
375,556
375,603
375,479
375,450
376,538
376,550
376,487
376,488
376,485
376,476
376,429
376,483
376,424
376,378
376,611
376,423
376,606
376,588
376,482
376,428
376,419
376,572
376,384
376,422
377,392
377,432
377,447
377,434
377,456
377,497
377,550
377,593
377,555
377,582
377,482
377,425
377,422
377,426
377,488
377,574
377,612
377,418
377,567
377,419
377,538
377,397
377,591
377,429
377,575
377,562
377,624
378,396
378,535
378,496
378,624
378,598
378,501
378,482
378,616
378,428
378,481
378,574
378,429
378,416
378,418
378,478
378,423
378,473
378,555
378,488
378,489
378,379
378,415
379,605
379,594
379,587
379,508
379,421
379,459
379,506
379,475
379,425
379,612
379,415
379,489
379,480
379,435
379,423
379,382
380,388
380,623
380,482
380,415
380,479
380,427
380,416
380,516
380,513
380,484
380,423
380,601
380,457
380,598
380,504
380,486
380,586
380,589
380,518
380,617
381,602
381,592
381,426
381,415
381,382
381,480
381,554
381,543
382,434
382,540
382,599
382,499
382,553
382,588
382,491
382,504
382,551
382,577
382,383
382,480
382,569
382,508
382,422
382,439
382,476
382,570
382,423
382,563
382,516
382,483
383,603
383,579
383,591
383,425
383,479
383,573
383,568
383,475
383,576
383,484
383,487
383,416
383,564
383,503
383,550
383,555
384,459
384,552
384,566
384,588
384,567
384,516
384,478
384,572
384,611
384,423
384,418
384,440
384,387
384,434
384,498
385,473
385,521
385,397
385,386
385,436
385,545
385,437
385,434
385,457
385,605
385,450
385,547
385,563
385,491
385,550
385,598
385,501
385,555
385,455
385,452
385,449
385,539
385,537
385,472
385,470
385,399
385,402
385,396
385,447
385,602
385,445
385,435
385,529
385,492
386,403
386,466
386,528
386,387
386,397
386,399
386,545
386,447
386,536
386,603
386,398
386,592
386,542
386,443
386,540
386,535
386,610
386,551
386,463
386,589
386,530
386,420
386,521
386,619
386,440
386,537
386,453
386,550
387,466
387,528
387,469
387,536
387,605
387,607
387,609
387,580
387,426
387,436
387,389
387,409
387,608
387,579
388,403
388,467
388,471
388,522
388,465
388,454
388,395
388,452
388,539
388,449
388,547
388,550
388,415
388,438
388,535
388,488
388,515
388,591
388,607
388,419
388,587
388,584
389,404
389,470
389,466
389,464
389,409
389,397
389,533
389,398
389,392
389,596
389,536
389,446
389,443
389,540
389,492
389,564
389,593
389,551
389,542
389,548
389,406
389,600
389,465
389,549
389,396
389,534
390,472
390,471
390,464
390,469
390,414
390,394
390,407
390,445
390,549
390,545
390,602
390,539
390,458
391,467
391,472
391,463
391,527
391,525
391,398
391,536
391,439
391,540
391,456
391,543
391,449
391,546
391,547
391,424
391,464
391,545
391,528
391,504
391,601
391,507
391,549
391,488
391,497
391,409
391,490
391,482
391,559
391,440
391,459
392,532
392,409
392,545
392,443
392,596
392,599
392,544
392,542
392,561
392,401
392,498
392,562
392,604
392,536
392,477
392,523
392,469
392,509
392,605
392,466
392,527
392,530
393,400
393,523
393,402
393,409
393,454
393,438
393,595
393,432
393,446
393,540
393,606
393,433
393,455
393,547
393,477
393,478
393,461
393,545
393,448
393,583
393,616
393,458
393,602
393,394
393,479
393,544
393,473
393,536
393,494
393,605
393,584
394,408
394,474
394,473
394,466
394,464
394,532
394,534
394,397
394,438
394,436
394,399
394,432
394,447
394,457
394,458
394,548
394,562
394,483
394,445
394,510
394,600
394,498
394,540
394,418
394,549
394,444
394,403
394,597
394,517
395,404
395,474
395,471
395,466
395,460
395,525
395,399
395,439
395,605
395,458
395,599
395,433
395,450
395,561
395,590
395,553
395,422
395,519
395,427
395,607
395,510
395,589
395,492
395,537
395,619
395,526
395,429
395,594
395,462
395,606
395,601
395,602
395,600
396,461
396,526
396,437
396,536
396,457
396,604
396,590
396,492
396,491
396,486
396,398
396,592
396,540
396,440
396,537
396,610
396,422
396,600
396,555
397,411
397,472
397,436
397,545
397,595
397,434
397,452
397,456
397,443
397,537
397,607
397,542
397,424
397,466
397,441
397,599
397,449
397,408
397,555
397,530
397,596
398,473
398,545
398,595
398,445
398,601
398,607
398,539
398,603
398,583
398,564
398,557
398,591
398,558
398,530
398,540
398,508
398,464
398,523
398,600
399,413
399,474
399,470
399,528
399,454
399,430
399,595
399,446
399,537
399,609
399,522
399,619
399,581
399,580
399,550
399,586
399,471
399,464
399,535
399,436
399,502
399,554
399,455
399,601
399,617
399,547
399,447
399,565
399,539
400,403
400,404
400,413
400,469
400,402
400,465
400,440
400,608
400,436
400,411
400,505
400,537
400,520
400,441
401,462
401,414
401,435
401,432
401,441
401,440
401,413
401,601
401,566
401,438
401,553
401,607
401,464
401,558
401,410
401,433
401,429
402,473
402,520
402,460
402,410
402,439
402,434
402,466
402,607
402,535
402,459
402,590
402,499
402,501
402,409
402,596
402,445
402,443
402,462
402,509
402,517
402,474
403,412
403,470
403,414
403,454
403,407
403,430
403,457
403,411
403,599
403,455
403,535
403,480
403,435
403,570
403,406
403,500
403,562
403,603
403,591
403,432
404,467
404,472
404,469
404,410
404,454
404,442
404,545
404,444
404,428
404,414
404,554
404,446
404,517
405,412
405,473
405,414
405,435
405,454
405,607
405,609
405,442
405,438
405,599
405,588
405,474
405,443
405,535
406,524
406,410
406,595
406,443
406,440
406,530
406,436
406,568
406,449
406,409
406,456
407,474
407,529
407,435
407,438
407,432
407,603
407,562
407,408
407,457
407,588
407,412
407,553
407,469
407,446
408,412
408,470
408,471
408,532
408,465
408,436
408,545
408,432
408,434
408,466
408,607
408,591
408,454
408,578
408,445
408,537
408,452
408,439
409,412
409,413
409,468
409,466
409,522
409,435
409,430
409,431
409,445
409,541
409,458
409,440
409,575
409,439
409,538
409,490
409,446
409,438
409,465
410,462
410,460
410,414
410,430
410,436
410,431
410,432
410,467
410,608
410,445
410,447
410,506
410,563
410,472
410,425
410,550
411,467
411,474
411,460
411,435
411,442
411,443
411,458
411,597
411,450
411,547
411,566
411,578
411,569
411,480
411,598
411,439
411,434
412,538
412,445
412,583
412,553
412,556
412,463
412,578
412,431
412,517
412,472
412,432
412,458
412,436
413,468
413,467
413,528
413,469
413,440
413,452
413,455
413,465
413,559
413,541
413,446
413,550
413,437
414,469
414,465
414,454
414,431
414,446
414,456
414,539
414,508
414,602
414,535
414,485
414,435
414,576
414,452
414,496
414,471
415,549
415,580
415,504
415,490
415,562
415,555
415,588
415,419
415,421
415,515
415,575
415,610
415,487
415,558
415,485
415,577
415,480
415,595
415,553
415,624
416,540
416,548
416,589
416,617
416,554
416,426
416,509
416,577
416,429
416,568
416,427
416,418
416,512
416,479
416,516
416,558
416,590
416,493
416,517
416,420
416,615
416,482
417,545
417,550
417,560
417,419
417,481
417,429
417,588
417,426
417,568
417,418
417,574
417,610
417,580
417,483
417,585
417,421
417,583
417,486
417,600
418,466
418,437
418,449
418,459
418,598
418,593
418,560
418,588
418,509
418,481
418,475
418,484
418,480
418,601
418,424
418,568
418,421
418,527
418,624
418,487
418,482
418,566
418,550
418,620
418,426
419,452
419,561
419,562
419,425
419,420
419,426
419,578
419,488
419,519
419,428
419,429
419,518
419,483
419,480
419,476
419,504
419,478
419,560
419,546
420,456
420,593
420,560
420,585
420,588
420,485
420,421
420,516
420,452
420,550
420,584
420,476
420,429
420,583
420,517
420,490
420,596
420,509
421,434
421,433
421,450
421,589
421,550
421,559
421,557
421,554
421,624
421,552
421,555
421,615
421,486
421,488
421,509
421,485
421,508
421,516
421,483
421,598
421,429
421,427
421,423
421,476
421,609
421,545
421,513
421,616
421,425
422,502
422,553
422,559
422,554
422,477
422,519
422,480
422,479
422,593
422,439
422,584
422,563
422,426
422,562
422,514
423,602
423,553
423,559
423,594
423,622
423,428
423,478
423,575
423,476
423,429
423,558
423,595
423,488
423,480
423,606
423,509
424,526
424,436
424,446
424,500
424,477
424,615
424,486
424,514
424,479
424,570
424,517
424,459
424,452
424,581
424,484
424,593
424,485
424,488
424,558
424,475
425,432
425,455
425,583
425,587
425,554
425,551
425,487
425,488
425,509
425,582
425,485
425,574
425,428
425,478
425,589
425,581
425,588
425,514
425,600
426,522
426,545
426,602
426,609
426,499
426,593
426,594
426,587
426,623
426,615
426,488
426,428
426,582
426,485
426,515
426,555
426,455
426,552
426,577
426,477
427,586
427,514
427,487
427,505
427,574
427,561
427,458
427,552
427,624
427,516
427,587
427,585
427,488
427,573
427,623
427,429
428,544
428,612
428,587
428,486
428,476
428,578
428,479
428,475
428,483
428,585
428,440
428,607
429,534
429,437
429,583
429,580
429,490
429,593
429,591
429,582
429,578
429,605
429,508
429,573
429,484
429,473
429,514
429,457
429,554
429,568
429,520
429,550
430,438
430,436
430,431
430,439
430,432
430,447
430,564
430,581
430,461
430,508
430,452
430,448
430,444
430,491
430,522
430,504
430,462
431,472
431,466
431,440
431,555
431,468
431,432
431,454
431,501
431,462
431,603
431,452
431,460
432,468
432,555
432,458
432,449
432,604
432,550
432,450
432,448
432,471
432,445
432,444
432,436
432,473
432,460
433,467
433,454
433,448
433,452
433,457
433,601
433,451
433,442
433,539
433,602
433,535
433,459
433,603
433,445
433,542
433,587
433,610
433,509
433,444
433,485
433,441
433,476
433,450
433,566
433,486
434,436
434,537
434,598
434,445
434,435
434,452
434,456
435,437
435,445
435,603
435,594
435,570
435,599
435,614
435,474
435,441
435,436
435,611
435,444
436,466
436,448
436,601
436,537
436,447
436,544
436,550
436,555
436,494
436,443
436,529
436,474
436,459
436,532
437,462
437,595
437,451
437,602
437,445
437,586
437,512
437,460
437,453
437,480
437,444
437,538
437,496
437,442
437,536
438,468
438,463
438,471
438,520
438,443
438,455
438,550
438,453
438,538
438,590
438,506
438,599
438,440
438,597
438,442
438,439
438,470
438,454
438,484
439,471
439,469
439,465
439,533
439,442
439,536
439,457
439,459
439,592
439,604
439,557
439,461
439,558
439,444
439,585
439,599
439,467
439,561
439,535
439,572
439,589
439,470
439,586
440,470
440,469
440,452
440,446
440,539
440,609
440,501
440,443
440,521
440,447
440,588
440,442
441,601
441,537
441,455
441,459
441,475
441,478
441,447
441,444
441,598
441,468
441,462
441,579
442,465
442,606
442,557
442,462
442,556
442,551
442,599
442,543
442,452
442,541
443,474
443,463
443,530
443,595
443,448
443,459
443,540
443,587
443,543
443,468
443,449
443,447
443,550
444,463
444,537
444,450
444,558
444,488
444,451
444,599
444,587
445,464
445,465
445,447
445,446
445,607
445,450
445,498
445,565
445,531
445,600
445,455
445,539
445,601
445,460
446,469
446,595
446,448
446,452
446,457
446,540
446,535
446,450
446,619
446,586
446,564
446,559
446,557
446,454
446,551
446,587
446,447
446,539
446,596
446,590
446,537
446,598
446,482
446,588
447,523
447,465
447,596
447,599
447,535
447,464
447,561
447,546
447,590
447,503
447,564
447,459
447,556
447,451
447,541
448,467
448,465
448,452
448,457
448,541
448,599
448,453
448,586
448,458
448,579
448,472
448,569
448,558
448,575
448,553
448,609
448,466
449,467
449,465
449,543
449,598
449,450
449,561
449,553
449,492
449,592
449,610
449,486
449,577
449,574
449,489
449,603
449,601
449,459
450,524
450,537
450,455
450,603
450,453
450,547
450,620
450,614
450,563
450,562
450,477
450,558
450,588
450,569
450,458
450,589
450,459
450,556
450,622
450,505
450,507
450,608
450,536
451,471
451,545
451,452
451,605
451,606
451,458
451,602
451,603
451,608
451,590
451,618
451,500
451,562
451,593
451,554
451,489
451,459
451,574
451,572
451,604
451,504
451,614
452,472
452,536
452,540
452,456
452,453
452,497
452,619
452,485
452,572
452,475
452,560
452,508
452,499
452,602
452,542
452,598
452,458
453,529
453,601
453,455
453,612
453,564
453,550
453,463
453,553
453,559
453,578
453,563
453,598
453,576
454,473
454,471
454,566
454,469
454,543
454,597
454,542
454,463
454,560
454,514
454,510
454,480
454,585
454,601
454,458
454,472
454,569
455,468
455,461
455,469
455,460
455,456
455,537
455,562
455,554
455,505
455,569
455,481
455,515
455,484
455,482
455,458
455,607
455,489
455,518
455,587
455,547
456,473
456,466
456,532
456,605
456,604
456,609
456,619
456,616
456,592
456,458
456,555
456,588
456,489
456,540
456,538
456,556
456,484
456,601
456,558
456,494
456,591
457,473
457,466
457,596
457,606
457,586
457,593
457,624
457,574
457,531
457,614
457,561
457,461
458,461
458,532
458,527
458,601
458,597
458,459
458,613
458,593
458,560
458,606
458,603
458,538
458,540
458,485
458,599
459,602
459,535
459,549
459,552
459,576
459,538
459,561
459,521
459,551
459,609
459,601
459,564
459,472
460,474
460,463
460,464
460,527
460,469
460,602
460,598
460,606
460,539
460,534
460,467
460,601
460,541
461,466
461,469
461,563
461,550
461,557
461,598
461,571
461,544
461,609
461,533
461,582
462,469
462,465
462,498
462,591
462,569
462,524
462,598
462,472
462,470
462,564
462,605
462,561
463,545
463,607
463,603
463,557
463,538
463,600
463,590
463,486
463,472
463,613
463,596
463,529
464,524
464,597
464,477
464,541
464,623
464,616
464,466
464,521
464,531
465,470
465,473
465,527
465,541
465,561
465,550
465,594
465,543
465,542
465,600
465,468
465,621
465,496
465,622
465,563
466,539
466,592
466,598
466,551
466,585
467,468
467,619
467,495
467,592
467,598
467,504
468,474
468,523
468,531
468,599
468,561
468,601
468,507
468,537
468,544
469,474
469,473
469,529
469,536
469,608
469,621
469,506
469,537
470,471
470,538
470,547
470,593
470,497
470,474
470,517
470,556
471,474
471,473
471,605
471,590
471,553
471,522
471,480
472,561
472,557
472,474
472,563
472,597
472,532
472,488
473,474
473,521
473,602
473,549
473,597
473,595
473,543
473,539
473,589
473,487
473,535
473,523
473,544
473,619
474,524
474,597
474,555
474,591
474,595
474,546
474,598
474,561
474,604
475,546
475,560
475,509
475,519
475,480
475,488
475,551
475,506
475,483
475,487
475,476
475,578
475,559
475,530
476,618
476,553
476,557
476,496
476,593
476,556
476,560
476,588
476,486
476,508
476,614
476,517
476,569
476,546
476,580
476,552
476,502
476,559
476,587
476,542
476,582
476,579
476,584
476,480
477,597
477,542
477,619
477,584
477,491
477,550
477,559
477,624
477,501
477,560
477,558
477,585
477,573
477,568
477,620
477,608
477,589
477,507
477,496
477,581
477,556
477,547
477,479
477,603
477,506
477,605
477,611
477,514
477,609
478,542
478,590
478,624
478,552
478,501
478,569
478,481
478,515
478,485
478,582
478,558
478,615
478,594
478,498
478,554
478,489
479,503
479,589
479,621
479,554
479,552
479,517
479,482
479,484
479,610
479,558
479,585
479,488
479,568
479,543
479,617
480,523
480,601
480,590
480,559
480,585
480,481
480,483
480,511
480,508
480,489
480,505
480,571
480,519
481,553
481,591
481,488
481,509
481,505
481,568
481,489
481,516
481,622
481,539
481,485
481,519
481,518
482,595
482,536
482,607
482,603
482,604
482,546
482,538
482,623
482,555
482,591
482,489
482,516
482,483
482,585
482,488
482,598
482,583
482,577
482,541
482,564
482,537
483,612
483,488
483,602
483,505
483,489
483,512
483,570
483,588
483,506
483,578
483,518
484,590
484,563
484,491
484,564
484,501
484,582
484,578
484,508
484,489
484,623
484,516
484,569
484,512
484,612
484,560
484,600
484,542
484,589
485,564
485,581
485,487
485,509
485,508
485,489
485,507
485,572
485,517
485,608
485,588
485,500
485,536
485,583
485,570
486,599
486,619
486,612
486,623
486,551
486,585
486,588
486,489
486,506
486,512
486,618
486,536
486,574
486,516
486,553
486,538
486,492
486,495
486,568
486,561
486,556
487,538
487,613
487,563
487,587
487,554
487,517
487,556
487,583
487,518
487,514
487,594
487,552
488,606
488,552
488,501
488,508
488,574
488,580
488,596
488,577
488,494
488,588
488,619
488,489
488,542
489,538
489,620
489,562
489,519
489,574
489,490
489,571
489,588
490,545
490,595
490,543
490,535
490,495
490,622
490,500
490,621
490,501
490,518
490,603
490,613
490,496
490,585
490,617
490,575
490,504
491,534
491,530
491,495
491,492
491,554
491,624
491,517
491,581
491,609
491,512
491,518
491,564
491,497
491,595
491,557
491,613
492,527
492,543
492,548
492,497
492,620
492,498
492,616
492,617
492,557
492,588
492,493
492,613
492,501
492,591
492,583
492,569
492,529
492,621
492,610
492,586
493,495
493,611
493,585
493,542
493,504
493,596
493,548
494,622
494,613
494,524
494,621
494,623
494,513
494,610
494,540
494,499
494,618
494,624
494,617
495,520
495,525
495,599
495,598
495,620
495,496
495,613
495,591
495,500
495,601
495,615
495,564
495,573
495,585
495,589
495,512
496,528
496,535
496,598
496,616
496,592
496,623
496,554
496,509
496,584
496,613
496,519
496,610
496,541
496,500
497,539
497,502
497,498
497,499
497,553
497,610
497,581
497,611
497,504
497,536
497,547
497,609
497,615
497,527
497,604
497,505
498,548
498,622
498,618
498,500
498,563
498,621
498,587
498,585
498,519
498,520
498,614
498,612
498,564
499,520
499,501
499,505
499,517
499,506
499,524
499,618
499,615
499,624
499,519
500,533
500,536
500,535
500,542
500,546
500,504
500,593
500,582
500,623
500,597
500,524
500,517
500,613
501,619
501,622
501,504
501,614
501,617
501,623
501,527
501,624
501,558
501,514
501,516
501,528
501,596
501,616
501,502
501,604
502,521
502,528
502,603
502,619
502,586
502,622
502,616
502,552
502,578
502,612
502,515
502,538
502,610
502,613
502,620
503,522
503,527
503,597
503,609
503,546
503,547
503,521
503,618
503,563
503,593
503,552
503,614
503,517
503,508
503,620
503,514
503,537
503,622
503,526
503,555
503,606
503,504
503,580
503,530
503,586
504,533
504,622
504,581
504,624
504,617
504,519
504,620
504,586
504,539
504,599
504,555
505,619
505,557
505,591
505,519
505,569
505,508
505,578
505,621
505,510
505,604
505,512
506,531
506,536
506,508
506,572
506,580
506,512
506,553
506,552
506,586
506,620
506,562
507,580
507,589
507,562
507,587
507,569
507,510
507,515
507,547
507,599
507,585
507,584
507,557
508,541
508,547
508,580
508,584
508,557
508,594
508,515
508,516
508,609
508,512
508,577
508,519
508,623
508,510
509,553
509,587
509,591
509,585
509,519
509,582
509,517
509,518
509,513
509,514
509,512
509,539
509,593
510,526
510,535
510,622
510,611
510,514
510,576
510,513
510,515
510,554
510,599
511,547
511,619
511,624
511,611
511,552
511,512
511,515
511,610
511,516
512,595
512,613
512,610
512,611
512,515
512,552
512,589
512,624
512,540
512,543
513,538
513,594
513,610
513,516
513,619
513,596
513,515
513,519
514,529
514,533
514,602
514,542
514,608
514,550
514,624
514,558
514,577
514,515
514,579
514,607
515,559
515,573
515,605
515,517
515,610
515,615
516,534
516,526
516,604
516,542
516,559
516,565
516,608
516,581
516,562
517,528
517,586
517,589
517,623
517,552
517,610
517,619
517,615
517,614
517,560
518,595
518,544
518,604
518,622
518,553
518,617
518,519
518,577
518,594
518,569
519,563
519,621
519,612
519,591
519,565
519,570
519,589
519,614
519,562
519,623
520,525
520,535
520,529
520,623
520,610
520,530
520,586
520,528
520,523
520,542
521,532
521,528
521,543
521,540
521,595
521,548
521,616
521,617
521,529
521,623
521,550
521,549
521,599
521,614
521,524
521,609
521,563
522,532
522,527
522,534
522,606
522,547
522,563
522,593
522,540
522,609
522,620
522,531
522,525
523,528
523,526
523,537
523,586
523,525
523,527
523,524
523,608
524,528
524,527
524,540
524,561
524,592
524,532
524,609
524,598
524,567
525,528
525,603
525,542
525,554
525,531
525,527
525,553
525,621
525,576
525,589
526,531
526,544
526,556
526,536
526,527
526,599
527,529
527,543
527,540
527,542
527,614
527,613
527,593
527,534
527,619
528,599
528,602
528,532
528,590
528,531
529,541
529,599
529,547
529,588
529,533
529,535
530,595
530,555
530,539
530,537
530,533
531,532
531,602
531,535
531,612
531,619
531,542
531,616
531,562
531,596
531,547
532,534
532,609
532,550
532,616
532,548
533,601
533,599
533,587
533,623
533,534
534,544
534,549
534,554
535,541
535,540
535,537
535,616
535,557
535,554
535,555
535,585
535,588
535,607
535,587
535,597
535,561
535,608
535,542
535,552
535,622
535,547
536,605
536,548
536,540
536,580
536,539
536,553
536,561
536,537
536,567
537,596
537,597
537,603
537,548
537,542
537,562
537,587
537,541
537,556
537,568
537,604
537,538
537,598
537,544
538,607
538,542
538,612
538,557
538,552
538,591
538,548
538,540
538,600
538,553
538,608
538,605
539,541
539,561
539,547
539,583
539,580
539,617
539,615
539,585
539,573
539,608
539,590
539,593
539,588
539,542
539,606
539,622
540,613
540,617
540,564
540,622
540,610
540,557
540,606
540,603
540,597
540,546
540,549
541,597
541,542
541,618
541,613
541,554
541,551
541,569
541,605
541,604
541,549
541,585
542,548
542,600
542,589
542,616
542,582
542,576
542,604
542,598
542,558
542,546
542,607
543,601
543,599
543,602
543,594
543,610
543,555
543,588
544,601
544,592
544,611
544,612
544,557
544,614
544,556
544,606
545,614
545,593
545,596
545,595
545,546
545,609
546,601
546,586
546,584
546,614
546,563
546,555
546,576
546,608
546,602
546,553
546,597
546,549
547,598
547,583
547,580
547,586
547,562
547,558
547,572
547,552
547,593
547,587
547,604
547,553
547,588
547,620
547,601
547,624
547,590
548,605
548,549
548,620
548,580
548,621
548,623
548,624
548,611
548,585
548,612
548,589
548,566
548,622
549,602
549,597
549,598
549,586
549,614
549,617
549,611
549,577
549,589
549,564
549,570
549,596
550,605
550,583
550,586
550,589
550,624
550,604
550,577
550,558
550,600
550,563
550,580
551,598
551,600
551,590
551,584
551,559
551,554
551,555
551,591
551,558
551,585
551,582
551,605
551,553
551,576
551,604
551,562
551,557
551,587
552,619
552,553
552,589
552,587
552,585
552,583
552,555
552,600
552,554
552,603
552,616
553,604
553,590
553,580
553,586
553,564
553,554
553,594
553,567
553,597
553,570
553,622
553,555
554,590
554,586
554,589
554,616
554,598
554,604
554,585
555,557
555,585
555,582
555,591
555,578
555,603
556,610
556,578
556,574
556,606
556,558
556,581
556,601
556,618
556,566
556,591
557,595
557,603
557,619
557,580
557,586
557,559
557,587
557,572
557,558
557,584
557,622
557,564
557,606
557,562
557,614
558,605
558,622
558,581
558,610
558,592
558,618
558,594
559,605
559,608
559,593
559,594
559,610
559,571
559,569
559,585
559,578
559,563
560,604
560,584
560,589
560,579
560,614
560,578
560,581
560,562
560,624
561,596
561,606
561,603
561,598
561,609
561,588
561,589
561,586
561,600
561,602
562,607
562,620
562,594
562,587
562,615
562,574
562,586
562,595
562,565
562,590
562,580
562,623
562,576
562,619
562,567
562,598
563,607
563,581
563,583
563,569
563,565
563,615
563,564
563,588
564,606
564,597
564,609
564,608
564,580
564,594
564,587
564,572
564,588
564,583
564,570
565,593
565,567
565,573
565,579
565,578
566,591
566,568
566,574
566,571
567,597
567,598
567,592
567,585
567,575
567,619
567,586
568,609
568,616
568,569
568,574
568,586
568,573
568,594
568,571
568,577
568,608
569,587
569,578
569,570
569,572
569,592
569,584
569,576
569,609
570,593
570,581
570,573
570,572
570,591
570,588
570,576
570,578
571,588
571,613
572,577
572,575
573,579
573,578
573,580
573,577
574,579
574,583
574,578
574,582
574,577
574,576
575,576
576,590
576,584
576,588
576,578
576,608
576,616
577,591
577,579
577,597
578,594
578,610
578,580
578,585
579,581
579,584
579,607
580,594
580,581
581,598
581,609
582,604
582,586
582,593
582,610
582,611
582,585
582,624
582,612
582,583
583,596
583,599
583,602
583,615
583,606
583,598
583,603
584,596
584,602
584,597
584,594
584,587
584,599
584,623
584,620
585,591
585,610
585,608
585,606
586,602
586,604
586,608
586,592
586,587
586,598
587,607
587,598
587,609
587,594
587,588
587,595
587,602
587,606
588,605
588,593
588,621
589,608
589,623
589,602
589,618
589,593
590,606
590,603
590,604
590,614
590,594
590,623
591,609
591,614
591,611
591,623
591,602
591,592
591,597
591,606
592,595
592,594
592,600
592,602
592,593
592,598
593,607
593,603
593,613
593,617
593,597
593,616
593,601
594,600
595,606
595,609
595,623
595,624
595,600
595,598
596,607
596,597
596,619
596,600
597,599
597,619
597,601
598,605
598,619
598,624
598,623
598,607
598,603
599,605
599,603
599,622
599,614
599,612
599,600
599,602
599,609
600,604
600,608
600,606
600,603
601,602
601,606
602,607
602,604
603,624
603,615
603,609
604,609
604,615
604,612
605,607
605,609
605,608
606,607
606,617
607,614
608,613
609,618
609,621
610,611
610,619
610,615
610,617
611,621
611,624
611,617
612,618
613,622
613,621
613,614
613,615
614,619
614,616
616,617
617,620
617,622
617,618
617,619
618,620
618,621
618,622
620,623
620,621
621,623
